"last_name, first_name",mlbam_id,year,pa,bip,ba,est_ba,est_ba_minus_ba_diff,slg,est_slg,est_slg_minus_slg_diff,woba,est_woba,est_woba_minus_woba_diff,era,xera,era_minus_xera_diff,name,fetched
"Alcantara, Sandy",645261,2026,833,627,0.246,0.253,-0.007,0.384,0.383,0.001,0.303,0.305,-0.002,3.78,3.91,-0.13,Sandy Alcantara,2026-09-13
"Sánchez, Cristopher",650911,2026,778,520,0.255,0.236,0.019,0.365,0.358,0.007,0.295,0.282,0.013,2.79,3.31,-0.524,Cristopher Sánchez,2026-09-13
"Wacha, Michael",608379,2026,736,535,0.227,0.241,-0.0139999999999999,0.4,0.4,0.0,0.298,0.304,-0.006,3.25,3.88,-0.628,Michael Wacha,2026-09-13
"Luzardo, Jesús",666200,2026,727,443,0.215,0.204,0.011,0.33,0.304,0.026,0.275,0.262,0.013,2.87,2.84,0.031,Jesús Luzardo,2026-09-13
"Baz, Shane",669358,2026,721,507,0.26,0.25,0.01,0.397,0.395,0.002,0.315,0.313,0.002,4.05,4.13,-0.083,Shane Baz,2026-09-13
"Valdez, Framber",664285,2026,713,518,0.258,0.261,-0.003,0.376,0.39,-0.014,0.317,0.323,-0.006,4.01,4.43,-0.416,Framber Valdez,2026-09-13
"King, Michael",650633,2026,711,484,0.215,0.24,-0.0249999999999999,0.343,0.406,-0.063,0.291,0.323,-0.032,3.03,4.43,-1.396,Michael King,2026-09-13
"Rodriguez, Eduardo",593958,2026,710,524,0.233,0.255,-0.0219999999999999,0.364,0.416,-0.0519999999999999,0.293,0.32,-0.027,2.55,4.34,-1.791,Eduardo Rodriguez,2026-09-13
"Lugo, Seth",607625,2026,709,523,0.29,0.277,0.0129999999999999,0.464,0.45,0.014,0.352,0.343,0.0089999999999999,4.99,5.07,-0.076,Seth Lugo,2026-09-13
"Gausman, Kevin",592332,2026,706,488,0.259,0.25,0.009,0.42,0.408,0.012,0.317,0.309,0.008,4.6,4.02,0.579,Kevin Gausman,2026-09-13
"Gore, MacKenzie",669022,2026,704,459,0.245,0.241,0.004,0.402,0.379,0.023,0.319,0.309,0.01,4.62,4.02,0.601,MacKenzie Gore,2026-09-13
"Bibee, Tanner",676440,2026,704,513,0.237,0.252,-0.015,0.408,0.419,-0.011,0.31,0.32,-0.01,4.22,4.34,-0.121,Tanner Bibee,2026-09-13
"Schlittler, Cam",693645,2026,701,431,0.189,0.209,-0.0199999999999999,0.309,0.336,-0.027,0.246,0.265,-0.019,2.02,2.91,-0.895,Cam Schlittler,2026-09-13
"Bradley, Taj",671737,2026,697,431,0.217,0.226,-0.009,0.374,0.381,-0.007,0.301,0.308,-0.007,3.81,3.99,-0.18,Taj Bradley,2026-09-13
"McLean, Nolan",690997,2026,695,430,0.214,0.222,-0.008,0.339,0.343,-0.004,0.292,0.298,-0.006,3.24,3.72,-0.48,Nolan McLean,2026-09-13
"Kirby, George",669923,2026,695,515,0.286,0.263,0.0229999999999999,0.447,0.411,0.036,0.338,0.313,0.025,4.25,4.13,0.116,George Kirby,2026-09-13
"Nola, Aaron",605400,2026,690,468,0.265,0.24,0.025,0.482,0.413,0.069,0.347,0.311,0.0359999999999999,4.69,4.08,0.606,Aaron Nola,2026-09-13
"Cavalli, Cade",676917,2026,687,429,0.233,0.232,0.001,0.356,0.363,-0.007,0.295,0.298,-0.003,3.12,3.72,-0.605,Cade Cavalli,2026-09-13
"Gilbert, Logan",669302,2026,686,449,0.218,0.229,-0.011,0.404,0.39,0.014,0.296,0.295,0.001,3.71,3.64,0.075,Logan Gilbert,2026-09-13
"Messick, Parker",800048,2026,685,457,0.208,0.221,-0.013,0.342,0.334,0.008,0.268,0.272,-0.004,2.51,3.07,-0.563,Parker Messick,2026-09-13
"Singer, Brady",663903,2026,683,489,0.283,0.275,0.0079999999999999,0.48,0.461,0.0189999999999999,0.364,0.353,0.011,5.38,5.42,-0.044,Brady Singer,2026-09-13
"Williams, Gavin",668909,2026,681,396,0.213,0.222,-0.009,0.386,0.401,-0.015,0.293,0.301,-0.008,3.78,3.8,-0.019,Gavin Williams,2026-09-13
"Soriano, José",667755,2026,681,449,0.23,0.249,-0.0189999999999999,0.336,0.392,-0.0559999999999999,0.297,0.324,-0.027,3.48,4.46,-0.981,José Soriano,2026-09-13
"Abbott, Andrew",671096,2026,679,487,0.26,0.266,-0.006,0.434,0.441,-0.007,0.336,0.341,-0.005,4.78,5.0,-0.218,Andrew Abbott,2026-09-13
"Griffin, Foster",656492,2026,674,476,0.241,0.26,-0.019,0.404,0.417,-0.0129999999999999,0.309,0.32,-0.011,3.65,4.34,-0.688,Foster Griffin,2026-09-13
"Detmers, Reid",672282,2026,672,430,0.211,0.215,-0.004,0.337,0.354,-0.0169999999999999,0.268,0.277,-0.009,3.32,3.19,0.131,Reid Detmers,2026-09-13
"Cameron, Noah",702070,2026,669,469,0.234,0.243,-0.0089999999999999,0.38,0.397,-0.017,0.297,0.307,-0.01,3.93,3.96,-0.031,Noah Cameron,2026-09-13
"Bradish, Kyle",680694,2026,669,454,0.264,0.245,0.019,0.433,0.403,0.0299999999999999,0.34,0.324,0.016,4.12,4.46,-0.337,Kyle Bradish,2026-09-13
"Peralta, Freddy",642547,2026,667,462,0.255,0.238,0.017,0.432,0.381,0.0509999999999999,0.332,0.306,0.026,4.82,3.93,0.894,Freddy Peralta,2026-09-13
"Ashcraft, Braxton",677952,2026,667,452,0.235,0.232,0.0029999999999999,0.386,0.369,0.017,0.292,0.287,0.005,3.65,3.43,0.217,Braxton Ashcraft,2026-09-13
"Skenes, Paul",694973,2026,665,422,0.229,0.217,0.012,0.374,0.344,0.03,0.295,0.28,0.0149999999999999,3.78,3.26,0.518,Paul Skenes,2026-09-13
"Martinez, Nick",607259,2026,663,538,0.244,0.268,-0.024,0.387,0.417,-0.0299999999999999,0.288,0.311,-0.023,2.92,4.08,-1.158,Nick Martinez,2026-09-13
"Imanaga, Shota",684007,2026,661,462,0.235,0.237,-0.002,0.44,0.411,0.029,0.314,0.303,0.011,3.88,3.85,0.031,Shota Imanaga,2026-09-13
"Ray, Robbie",592662,2026,661,447,0.228,0.246,-0.0179999999999999,0.385,0.422,-0.0369999999999999,0.315,0.336,-0.021,3.57,4.84,-1.271,Robbie Ray,2026-09-13
"Kelly, Merrill",518876,2026,660,486,0.268,0.296,-0.0279999999999999,0.468,0.521,-0.0529999999999999,0.352,0.384,-0.032,4.97,6.61,-1.636,Merrill Kelly,2026-09-13
"Yamamoto, Yoshinobu",808967,2026,658,442,0.185,0.215,-0.03,0.315,0.342,-0.027,0.246,0.27,-0.024,2.62,3.02,-0.404,Yoshinobu Yamamoto,2026-09-13
"Woo, Bryan",693433,2026,657,452,0.221,0.235,-0.0139999999999999,0.36,0.381,-0.021,0.276,0.291,-0.0149999999999999,3.88,3.53,0.351,Bryan Woo,2026-09-13
"Kay, Anthony",641743,2026,652,459,0.26,0.262,-0.002,0.428,0.417,0.011,0.341,0.341,0.0,4.53,5.0,-0.469,Anthony Kay,2026-09-13
"Cantillo, Joey",676282,2026,649,403,0.252,0.23,0.0219999999999999,0.404,0.371,0.033,0.335,0.314,0.021,3.89,4.16,-0.268,Joey Cantillo,2026-09-13
"Burke, Sean",680732,2026,649,415,0.226,0.23,-0.004,0.386,0.376,0.01,0.305,0.302,0.003,3.58,3.82,-0.243,Sean Burke,2026-09-13
"Webb, Logan",657277,2026,644,465,0.236,0.26,-0.024,0.346,0.384,-0.038,0.287,0.311,-0.024,4.11,4.08,0.025,Logan Webb,2026-09-13
"Cease, Dylan",656302,2026,644,347,0.177,0.19,-0.013,0.268,0.288,-0.0199999999999999,0.247,0.259,-0.012,2.4,2.78,-0.381,Dylan Cease,2026-09-13
"Roupp, Landen",694738,2026,637,421,0.218,0.229,-0.011,0.333,0.338,-0.005,0.293,0.298,-0.005,4.0,3.72,0.282,Landen Roupp,2026-09-13
"Gray, Sonny",543243,2026,636,449,0.241,0.25,-0.009,0.381,0.384,-0.003,0.298,0.302,-0.004,2.76,3.82,-1.063,Sonny Gray,2026-09-13
"McGreevy, Michael",700241,2026,635,486,0.257,0.281,-0.024,0.424,0.479,-0.0549999999999999,0.318,0.352,-0.0339999999999999,3.92,5.38,-1.464,Michael McGreevy,2026-09-13
"Elder, Bryce",693821,2026,633,459,0.244,0.252,-0.008,0.407,0.401,0.0059999999999999,0.313,0.313,0.0,4.11,4.13,-0.023,Bryce Elder,2026-09-13
"Rogers, Trevor",669432,2026,629,451,0.252,0.24,0.012,0.403,0.383,0.02,0.305,0.294,0.011,4.15,3.61,0.544,Trevor Rogers,2026-09-13
"Liberatore, Matthew",669461,2026,628,425,0.285,0.267,0.0179999999999999,0.477,0.456,0.0209999999999999,0.358,0.343,0.0149999999999999,5.53,5.07,0.456,Matthew Liberatore,2026-09-13
"Sale, Chris",519242,2026,627,392,0.216,0.22,-0.004,0.302,0.331,-0.029,0.259,0.271,-0.012,2.18,3.05,-0.872,Chris Sale,2026-09-13
"Rasmussen, Drew",656876,2026,625,431,0.204,0.23,-0.026,0.308,0.35,-0.0419999999999999,0.246,0.273,-0.027,2.81,3.09,-0.283,Drew Rasmussen,2026-09-13
"Warren, Will",701542,2026,617,421,0.261,0.259,0.002,0.445,0.418,0.027,0.333,0.325,0.008,4.05,4.49,-0.443,Will Warren,2026-09-13
"Lambert, Peter",663567,2026,617,408,0.225,0.219,0.006,0.339,0.355,-0.0159999999999999,0.294,0.297,-0.003,3.71,3.69,0.017,Peter Lambert,2026-09-13
"Misiorowski, Jacob",694819,2026,616,330,0.156,0.171,-0.015,0.252,0.254,-0.002,0.218,0.225,-0.007,1.95,2.1,-0.148,Jacob Misiorowski,2026-09-13
"Chandler, Bubba",696149,2026,613,406,0.225,0.23,-0.005,0.36,0.367,-0.007,0.306,0.309,-0.003,4.25,4.02,0.226,Bubba Chandler,2026-09-13
"Rocker, Kumar",677958,2026,609,416,0.259,0.255,0.004,0.434,0.419,0.015,0.335,0.329,0.006,4.54,4.61,-0.067,Kumar Rocker,2026-09-13
"Young, Brandon",687064,2026,605,437,0.258,0.257,0.001,0.418,0.408,0.01,0.325,0.322,0.003,3.71,4.4,-0.689,Brandon Young,2026-09-13
"Burns, Chase",695505,2026,602,373,0.216,0.207,0.009,0.353,0.346,0.007,0.283,0.276,0.0069999999999999,2.73,3.16,-0.43,Chase Burns,2026-09-13
"Pallante, Andre",669467,2026,602,449,0.247,0.252,-0.005,0.355,0.372,-0.017,0.297,0.306,-0.009,3.45,3.93,-0.478,Andre Pallante,2026-09-13
"Lorenzen, Michael",547179,2026,602,457,0.336,0.3,0.036,0.542,0.492,0.05,0.402,0.371,0.031,7.02,6.09,0.931,Michael Lorenzen,2026-09-13
"deGrom, Jacob",594798,2026,601,377,0.219,0.228,-0.009,0.362,0.376,-0.014,0.275,0.285,-0.0099999999999999,3.8,3.38,0.417,Jacob deGrom,2026-09-13
"Peterson, David",656849,2026,599,419,0.28,0.275,0.005,0.418,0.413,0.005,0.341,0.341,0.0,5.28,5.0,0.277,David Peterson,2026-09-13
"Springs, Jeffrey",605488,2026,594,432,0.267,0.253,0.014,0.518,0.449,0.069,0.365,0.337,0.0279999999999999,5.93,4.87,1.063,Jeffrey Springs,2026-09-13
"Montero, Keider",672456,2026,593,455,0.214,0.231,-0.017,0.363,0.386,-0.023,0.275,0.292,-0.0169999999999999,3.55,3.56,-0.009,Keider Montero,2026-09-13
"Sugano, Tomoyuki",608372,2026,591,471,0.278,0.309,-0.0309999999999999,0.528,0.549,-0.021,0.361,0.386,-0.025,5.29,6.7,-1.405,Tomoyuki Sugano,2026-09-13
"Buehler, Walker",621111,2026,588,409,0.256,0.243,0.013,0.417,0.398,0.0189999999999999,0.328,0.314,0.014,4.61,4.16,0.448,Walker Buehler,2026-09-13
"May, Dustin",669160,2026,584,394,0.253,0.25,0.003,0.37,0.385,-0.015,0.309,0.317,-0.008,4.49,4.25,0.239,Dustin May,2026-09-13
"Holmes, Grant",656550,2026,583,413,0.233,0.254,-0.0209999999999999,0.386,0.429,-0.0429999999999999,0.308,0.333,-0.025,3.46,4.74,-1.275,Grant Holmes,2026-09-13
"Castillo, Luis",622491,2026,582,420,0.284,0.271,0.0129999999999999,0.49,0.456,0.0339999999999999,0.359,0.341,0.0179999999999999,5.67,5.0,0.666,Luis Castillo,2026-09-13
"Manaea, Sean",640455,2026,582,401,0.267,0.26,0.007,0.474,0.454,0.0199999999999999,0.35,0.34,0.0099999999999999,4.79,4.97,-0.177,Sean Manaea,2026-09-13
"Pérez, Eury",691587,2026,581,361,0.218,0.219,-0.001,0.377,0.39,-0.013,0.308,0.312,-0.004,3.94,4.1,-0.16,Eury Pérez,2026-09-13
"Ureña, Walbert",700712,2026,580,374,0.206,0.208,-0.002,0.301,0.317,-0.016,0.279,0.286,-0.0069999999999999,2.88,3.41,-0.527,Walbert Ureña,2026-09-13
"Ginn, J.T.",669372,2026,580,393,0.225,0.241,-0.0159999999999999,0.368,0.372,-0.004,0.303,0.312,-0.009,3.71,4.1,-0.392,J.T. Ginn,2026-09-13
"Rea, Colin",607067,2026,575,421,0.26,0.275,-0.015,0.428,0.479,-0.0509999999999999,0.333,0.356,-0.0229999999999999,4.47,5.52,-1.054,Colin Rea,2026-09-13
"Wheeler, Zack",554430,2026,574,353,0.208,0.206,0.002,0.367,0.329,0.0379999999999999,0.284,0.27,0.0139999999999999,3.14,3.02,0.12,Zack Wheeler,2026-09-13
"Martin, Davis",663436,2026,572,406,0.263,0.272,-0.009,0.397,0.417,-0.0199999999999999,0.321,0.332,-0.011,4.05,4.71,-0.663,Davis Martin,2026-09-13
"Fedde, Erick",607200,2026,572,428,0.255,0.255,0.0,0.434,0.442,-0.008,0.328,0.331,-0.003,3.97,4.68,-0.707,Erick Fedde,2026-09-13
"Leahy, Kyle",681517,2026,570,398,0.266,0.269,-0.003,0.409,0.443,-0.034,0.322,0.334,-0.012,3.33,4.77,-1.437,Kyle Leahy,2026-09-13
"Mahle, Tyler",641816,2026,570,397,0.25,0.25,0.0,0.401,0.395,0.006,0.312,0.31,0.002,3.91,4.05,-0.137,Tyler Mahle,2026-09-13
"Suarez, Ranger",624133,2026,569,392,0.24,0.247,-0.007,0.342,0.357,-0.0149999999999999,0.288,0.297,-0.009,3.33,3.69,-0.356,Ranger Suarez,2026-09-13
"Weathers, Ryan",677960,2026,568,384,0.249,0.255,-0.006,0.394,0.424,-0.0299999999999999,0.306,0.319,-0.013,3.6,4.31,-0.706,Ryan Weathers,2026-09-13
"Eovaldi, Nathan",543135,2026,568,388,0.252,0.25,0.002,0.438,0.418,0.02,0.323,0.315,0.008,4.19,4.19,0.0,Nathan Eovaldi,2026-09-13
"Hancock, Emerson",676106,2026,566,401,0.24,0.242,-0.002,0.399,0.41,-0.0109999999999999,0.302,0.308,-0.006,3.57,3.99,-0.42,Emerson Hancock,2026-09-13
"Freeland, Kyle",607536,2026,554,417,0.296,0.282,0.014,0.528,0.476,0.052,0.371,0.346,0.025,6.37,5.17,1.2,Kyle Freeland,2026-09-13
"Wrobleski, Justin",680736,2026,552,405,0.24,0.269,-0.029,0.406,0.451,-0.0449999999999999,0.303,0.331,-0.028,3.78,4.68,-0.9,Justin Wrobleski,2026-09-13
"Tolle, Payton",801139,2026,551,351,0.219,0.198,0.0209999999999999,0.373,0.317,0.0559999999999999,0.285,0.255,0.0299999999999999,3.15,2.69,0.463,Payton Tolle,2026-09-13
"Skubal, Tarik",669373,2026,548,355,0.217,0.229,-0.012,0.348,0.342,0.0059999999999999,0.267,0.27,-0.003,2.83,3.02,-0.185,Tarik Skubal,2026-09-13
"Pérez, Martín",527048,2026,547,390,0.224,0.264,-0.04,0.361,0.394,-0.033,0.297,0.328,-0.031,3.08,4.58,-1.504,Martín Pérez,2026-09-13
"Ryan, Joe",657746,2026,542,362,0.237,0.223,0.0139999999999999,0.408,0.39,0.0179999999999999,0.301,0.29,0.011,3.68,3.51,0.169,Joe Ryan,2026-09-13
"Lowder, Rhett",695076,2026,541,392,0.275,0.272,0.003,0.455,0.464,-0.009,0.35,0.351,-0.001,5.81,5.35,0.457,Rhett Lowder,2026-09-13
"Vásquez, Randy",681190,2026,540,419,0.264,0.286,-0.0219999999999999,0.43,0.491,-0.061,0.324,0.357,-0.0329999999999999,3.98,5.56,-1.583,Randy Vásquez,2026-09-13
"Littell, Zack",641793,2026,540,425,0.278,0.299,-0.0209999999999999,0.511,0.539,-0.028,0.36,0.384,-0.024,5.21,6.61,-1.398,Zack Littell,2026-09-13
"Pfaadt, Brandon",694297,2026,513,394,0.245,0.247,-0.002,0.39,0.394,-0.004,0.3,0.303,-0.003,3.77,3.85,-0.076,Brandon Pfaadt,2026-09-13
"Sasaki, Roki",808963,2026,511,341,0.244,0.246,-0.002,0.468,0.41,0.058,0.343,0.323,0.02,4.6,4.43,0.171,Roki Sasaki,2026-09-13
"Cecconi, Slade",677944,2026,510,377,0.289,0.27,0.0189999999999999,0.469,0.454,0.0149999999999999,0.351,0.337,0.0139999999999999,5.06,4.87,0.188,Slade Cecconi,2026-09-13
"Seymour, Ian",693855,2026,509,321,0.228,0.218,0.01,0.443,0.393,0.0499999999999999,0.311,0.289,0.022,4.27,3.48,0.787,Ian Seymour,2026-09-13
"Phillips, Tyler",663969,2026,507,356,0.238,0.256,-0.018,0.396,0.419,-0.0229999999999999,0.317,0.332,-0.015,3.56,4.71,-1.155,Tyler Phillips,2026-09-13
"Keller, Mitch",656605,2026,503,364,0.259,0.288,-0.0289999999999999,0.426,0.455,-0.029,0.334,0.355,-0.0209999999999999,5.29,5.49,-0.199,Mitch Keller,2026-09-13
"Drohan, Shane",675660,2026,501,336,0.258,0.232,0.0259999999999999,0.418,0.381,0.0369999999999999,0.326,0.303,0.023,4.35,3.85,0.497,Shane Drohan,2026-09-13
"Feltner, Ryan",663372,2026,501,368,0.283,0.26,0.0229999999999999,0.511,0.466,0.0449999999999999,0.369,0.344,0.025,5.88,5.1,0.784,Ryan Feltner,2026-09-13
"Matthews, Zebby",805673,2026,500,360,0.253,0.255,-0.002,0.455,0.438,0.017,0.333,0.33,0.003,4.98,4.65,0.328,Zebby Matthews,2026-09-13
"Ober, Bailey",641927,2026,498,376,0.246,0.249,-0.003,0.424,0.452,-0.028,0.317,0.327,-0.01,4.28,4.55,-0.267,Bailey Ober,2026-09-13
"Mikolas, Miles",571945,2026,498,415,0.293,0.288,0.005,0.527,0.506,0.021,0.364,0.354,0.01,5.82,5.45,0.369,Miles Mikolas,2026-09-13
"Mlodzinski, Carmen",669387,2026,496,366,0.263,0.286,-0.0229999999999999,0.38,0.436,-0.0559999999999999,0.311,0.342,-0.031,3.87,5.04,-1.172,Carmen Mlodzinski,2026-09-13
"Lopez, Jacob",682052,2026,492,331,0.252,0.21,0.042,0.425,0.347,0.078,0.336,0.29,0.046,4.78,3.51,1.274,Jacob Lopez,2026-09-13
"Prielipp, Connor",687570,2026,488,323,0.26,0.241,0.019,0.413,0.39,0.0229999999999999,0.326,0.312,0.014,5.24,4.1,1.141,Connor Prielipp,2026-09-13
"McClanahan, Shane",663556,2026,487,337,0.211,0.245,-0.034,0.324,0.413,-0.0889999999999999,0.273,0.318,-0.0449999999999999,3.36,4.28,-0.924,Shane McClanahan,2026-09-13
"Mize, Casey",663554,2026,486,348,0.23,0.229,0.001,0.398,0.378,0.02,0.293,0.289,0.004,3.7,3.48,0.216,Casey Mize,2026-09-13
"Painter, Andrew",691725,2026,483,342,0.271,0.253,0.018,0.447,0.426,0.021,0.343,0.327,0.016,5.71,4.55,1.16,Andrew Painter,2026-09-13
"Harrison, Kyle",690986,2026,475,304,0.256,0.242,0.014,0.444,0.388,0.0559999999999999,0.33,0.303,0.027,3.98,3.85,0.135,Kyle Harrison,2026-09-13
"Cole, Gerrit",543037,2026,475,332,0.241,0.253,-0.012,0.43,0.405,0.0249999999999999,0.307,0.303,0.004,3.67,3.85,-0.182,Gerrit Cole,2026-09-13
"Perkins, Jack",678022,2026,473,297,0.269,0.231,0.038,0.473,0.384,0.0889999999999999,0.361,0.311,0.0499999999999999,6.53,4.08,2.452,Jack Perkins,2026-09-13
"Junk, Janson",676083,2026,472,363,0.27,0.262,0.008,0.42,0.414,0.006,0.325,0.321,0.004,4.54,4.37,0.171,Janson Junk,2026-09-13
"Arrighetti, Spencer",681293,2026,471,294,0.221,0.24,-0.0189999999999999,0.385,0.41,-0.0249999999999999,0.328,0.348,-0.0199999999999999,4.99,5.24,-0.246,Spencer Arrighetti,2026-09-13
"Houser, Adrian",605288,2026,470,357,0.257,0.268,-0.011,0.434,0.453,-0.019,0.326,0.339,-0.013,4.02,4.94,-0.919,Adrian Houser,2026-09-13
"Lauer, Eric",641778,2026,466,353,0.256,0.256,0.0,0.486,0.475,0.011,0.347,0.342,0.0049999999999999,5.23,5.04,0.194,Eric Lauer,2026-09-13
"Meyer, Max",676974,2026,462,293,0.207,0.227,-0.02,0.339,0.375,-0.0359999999999999,0.282,0.304,-0.022,2.68,3.88,-1.204,Max Meyer,2026-09-13
"Civale, Aaron",650644,2026,456,333,0.281,0.257,0.024,0.471,0.425,0.0459999999999999,0.349,0.322,0.0269999999999999,4.28,4.4,-0.118,Aaron Civale,2026-09-13
"Gallen, Zac",668678,2026,455,356,0.304,0.317,-0.013,0.507,0.54,-0.033,0.374,0.39,-0.016,6.22,6.87,-0.653,Zac Gallen,2026-09-13
"Bello, Brayan",678394,2026,454,335,0.282,0.291,-0.009,0.411,0.458,-0.047,0.331,0.351,-0.0199999999999999,4.82,5.35,-0.529,Brayan Bello,2026-09-13
"Boyd, Matthew",571510,2026,450,324,0.244,0.261,-0.017,0.391,0.43,-0.0389999999999999,0.312,0.331,-0.019,4.03,4.68,-0.646,Matthew Boyd,2026-09-13
"Jump, Gage",695611,2026,437,279,0.272,0.262,0.01,0.429,0.402,0.0269999999999999,0.343,0.329,0.014,5.47,4.61,0.863,Gage Jump,2026-09-13
"Melton, Troy",675512,2026,434,311,0.21,0.236,-0.0259999999999999,0.37,0.371,-0.001,0.284,0.297,-0.013,2.42,3.69,-1.273,Troy Melton,2026-09-13
"Sheehan, Emmet",686218,2026,433,276,0.247,0.227,0.0199999999999999,0.476,0.401,0.0749999999999999,0.339,0.305,0.034,5.08,3.91,1.169,Emmet Sheehan,2026-09-13
"Scott, Christian",681035,2026,431,258,0.223,0.226,-0.003,0.347,0.351,-0.004,0.301,0.303,-0.002,3.81,3.85,-0.045,Christian Scott,2026-09-13
"Gordon, Tanner",685299,2026,428,327,0.313,0.264,0.0489999999999999,0.54,0.464,0.076,0.377,0.328,0.0489999999999999,5.55,4.58,0.968,Tanner Gordon,2026-09-13
"Alvarez, Andrew",674841,2026,427,278,0.222,0.244,-0.0219999999999999,0.329,0.369,-0.0399999999999999,0.291,0.314,-0.023,3.35,4.16,-0.807,Andrew Alvarez,2026-09-13
"Burrows, Mike",681347,2026,423,309,0.292,0.263,0.0289999999999999,0.508,0.44,0.068,0.375,0.335,0.0399999999999999,5.99,4.81,1.179,Mike Burrows,2026-09-13
"Sproat, Brandon",687075,2026,422,259,0.246,0.245,0.001,0.436,0.407,0.029,0.352,0.341,0.0109999999999999,5.57,5.0,0.567,Brandon Sproat,2026-09-13
"Patrick, Chad",694477,2026,419,283,0.223,0.238,-0.0149999999999999,0.362,0.382,-0.02,0.298,0.311,-0.013,3.2,4.08,-0.883,Chad Patrick,2026-09-13
"Bennett, Jake",687562,2026,418,313,0.24,0.237,0.003,0.369,0.389,-0.02,0.281,0.29,-0.0089999999999999,3.69,3.51,0.176,Jake Bennett,2026-09-13
"Quantrill, Cal",615698,2026,417,309,0.219,0.242,-0.0229999999999999,0.352,0.407,-0.0549999999999999,0.276,0.305,-0.0289999999999999,2.89,3.91,-1.017,Cal Quantrill,2026-09-13
"Miller, Bryce",682243,2026,415,284,0.23,0.224,0.006,0.42,0.376,0.0439999999999999,0.306,0.288,0.018,4.22,3.46,0.761,Bryce Miller,2026-09-13
"Anderson, Drew",623454,2026,415,263,0.239,0.227,0.0119999999999999,0.407,0.367,0.0399999999999999,0.323,0.305,0.018,3.8,3.91,-0.106,Drew Anderson,2026-09-13
"Jax, Griffin",643377,2026,413,275,0.245,0.257,-0.012,0.405,0.426,-0.0209999999999999,0.31,0.328,-0.018,3.99,4.58,-0.593,Griffin Jax,2026-09-13
"Bassitt, Chris",605135,2026,412,301,0.298,0.284,0.014,0.433,0.415,0.018,0.356,0.344,0.012,4.88,5.1,-0.218,Chris Bassitt,2026-09-13
"Soroka, Michael",647336,2026,411,285,0.239,0.261,-0.022,0.363,0.412,-0.0489999999999999,0.291,0.319,-0.028,3.53,4.31,-0.776,Michael Soroka,2026-09-13
"Lodolo, Nick",666157,2026,406,279,0.288,0.294,-0.006,0.509,0.486,0.023,0.38,0.379,0.001,5.12,6.41,-1.291,Nick Lodolo,2026-09-13
"Irvin, Jake",663623,2026,406,265,0.251,0.253,-0.002,0.425,0.451,-0.026,0.339,0.351,-0.0119999999999999,5.52,5.35,0.168,Jake Irvin,2026-09-13
"Gasser, Robert",688107,2026,396,272,0.247,0.249,-0.002,0.427,0.393,0.0339999999999999,0.327,0.315,0.012,4.43,4.19,0.244,Robert Gasser,2026-09-13
"Early, Connelly",813349,2026,390,254,0.235,0.234,0.0009999999999999,0.401,0.408,-0.0069999999999999,0.319,0.32,-0.001,3.44,4.34,-0.904,Connelly Early,2026-09-13
"Flaherty, Jack",656427,2026,389,238,0.24,0.236,0.004,0.416,0.394,0.0219999999999999,0.33,0.323,0.007,4.59,4.43,0.157,Jack Flaherty,2026-09-13
"Yesavage, Trey",702056,2026,386,247,0.185,0.2,-0.015,0.339,0.33,0.009,0.28,0.285,-0.0049999999999999,3.65,3.38,0.271,Trey Yesavage,2026-09-13
"Brown, Hunter",686613,2026,386,236,0.221,0.2,0.0209999999999999,0.346,0.323,0.0229999999999999,0.303,0.285,0.018,3.52,3.38,0.142,Hunter Brown,2026-09-13
"Fried, Max",608331,2026,382,255,0.195,0.199,-0.004,0.267,0.271,-0.004,0.243,0.249,-0.006,2.73,2.57,0.157,Max Fried,2026-09-13
"Holmes, Clay",605280,2026,376,268,0.211,0.251,-0.04,0.297,0.36,-0.063,0.266,0.307,-0.0409999999999999,2.85,3.96,-1.113,Clay Holmes,2026-09-13
"Blubaugh, AJ",805123,2026,375,244,0.221,0.224,-0.003,0.393,0.391,0.002,0.306,0.313,-0.007,3.3,4.13,-0.83,AJ Blubaugh,2026-09-13
"Rodriguez, Grayson",680570,2026,370,252,0.283,0.273,0.0099999999999999,0.495,0.472,0.023,0.368,0.36,0.008,6.28,5.67,0.612,Grayson Rodriguez,2026-09-13
"Taillon, Jameson",592791,2026,370,260,0.253,0.261,-0.008,0.527,0.532,-0.005,0.364,0.367,-0.003,5.65,5.93,-0.279,Jameson Taillon,2026-09-13
"Agnos, Zach",688642,2026,367,277,0.286,0.285,0.001,0.455,0.461,-0.006,0.35,0.354,-0.004,5.93,5.45,0.477,Zach Agnos,2026-09-13
"Johnson, Ryan",696270,2026,363,257,0.241,0.255,-0.014,0.437,0.453,-0.016,0.336,0.347,-0.0109999999999999,5.12,5.21,-0.087,Ryan Johnson,2026-09-13
"Suter, Brent",608718,2026,362,261,0.256,0.254,0.002,0.413,0.398,0.0149999999999999,0.316,0.309,0.007,3.54,4.02,-0.476,Brent Suter,2026-09-13
"Corbin, Patrick",571578,2026,360,266,0.302,0.289,0.013,0.477,0.463,0.0139999999999999,0.364,0.356,0.008,5.51,5.52,-0.007,Patrick Corbin,2026-09-13
"Miles, Spencer",693686,2026,359,249,0.216,0.227,-0.011,0.294,0.318,-0.024,0.252,0.266,-0.014,2.71,2.93,-0.22,Spencer Miles,2026-09-13
"Jones, Jared",683003,2026,357,225,0.217,0.213,0.004,0.394,0.368,0.026,0.299,0.287,0.012,4.1,3.43,0.667,Jared Jones,2026-09-13
"Assad, Javier",665871,2026,356,269,0.231,0.264,-0.033,0.395,0.426,-0.0309999999999999,0.302,0.328,-0.026,3.54,4.58,-1.041,Javier Assad,2026-09-13
"Canning, Griffin",656288,2026,356,232,0.271,0.245,0.026,0.439,0.404,0.0349999999999999,0.351,0.327,0.0239999999999999,5.8,4.55,1.252,Griffin Canning,2026-09-13
"Leiter, Jack",683004,2026,355,233,0.255,0.257,-0.002,0.439,0.43,0.009,0.34,0.336,0.004,5.29,4.84,0.447,Jack Leiter,2026-09-13
"Nelson, Ryne",669194,2026,355,265,0.249,0.261,-0.012,0.477,0.5,-0.023,0.336,0.349,-0.0129999999999999,4.97,5.28,-0.312,Ryne Nelson,2026-09-13
"Ashby, Aaron",676879,2026,353,203,0.235,0.2,0.0349999999999999,0.332,0.29,0.042,0.297,0.266,0.0309999999999999,3.21,2.93,0.279,Aaron Ashby,2026-09-13
"Gusto, Ryan",687473,2026,347,252,0.27,0.277,-0.007,0.422,0.43,-0.008,0.331,0.336,-0.005,4.14,4.84,-0.704,Ryan Gusto,2026-09-13
"Newcomb, Sean",656794,2026,345,230,0.216,0.247,-0.031,0.298,0.355,-0.0569999999999999,0.27,0.304,-0.0339999999999999,2.77,3.88,-1.105,Sean Newcomb,2026-09-13
"Ohtani, Shohei",660271,2026,340,213,0.18,0.201,-0.021,0.262,0.287,-0.0249999999999999,0.239,0.257,-0.018,1.79,2.73,-0.944,Shohei Ohtani,2026-09-13
"Lord, Brad",695418,2026,337,227,0.228,0.231,-0.003,0.361,0.371,-0.01,0.3,0.307,-0.007,4.06,3.96,0.096,Brad Lord,2026-09-13
"Ramírez, Yohan",670990,2026,336,190,0.196,0.213,-0.0169999999999999,0.295,0.297,-0.002,0.281,0.289,-0.0079999999999999,3.12,3.48,-0.365,Yohan Ramírez,2026-09-13
"Cabrera, Edward",665795,2026,329,228,0.268,0.267,0.001,0.464,0.447,0.017,0.35,0.344,0.006,5.68,5.1,0.584,Edward Cabrera,2026-09-13
"Teng, Kai-Wei",678906,2026,329,210,0.245,0.249,-0.004,0.415,0.404,0.0109999999999999,0.342,0.339,0.003,4.76,4.94,-0.175,Kai-Wei Teng,2026-09-13
"López, Reynaldo",625643,2026,329,224,0.253,0.26,-0.007,0.421,0.43,-0.009,0.329,0.335,-0.006,4.13,4.81,-0.683,Reynaldo López,2026-09-13
"Morejon, Adrian",670970,2026,328,199,0.205,0.197,0.0079999999999999,0.273,0.267,0.006,0.241,0.235,0.006,2.79,2.29,0.499,Adrian Morejon,2026-09-13
"Henderson, Logan",701656,2026,328,213,0.174,0.198,-0.024,0.328,0.337,-0.009,0.237,0.251,-0.014,2.34,2.61,-0.267,Logan Henderson,2026-09-13
"Bachar, Lake",669199,2026,325,203,0.19,0.197,-0.007,0.356,0.353,0.003,0.286,0.29,-0.004,3.52,3.51,0.007,Lake Bachar,2026-09-13
"Imai, Tatsuya",837227,2026,325,180,0.216,0.225,-0.009,0.351,0.388,-0.037,0.319,0.334,-0.015,5.2,4.77,0.432,Tatsuya Imai,2026-09-13
"Bruihl, Justin",677865,2026,324,234,0.256,0.249,0.007,0.365,0.365,0.0,0.313,0.315,-0.002,3.59,4.19,-0.598,Justin Bruihl,2026-09-13
"Matz, Steven",571927,2026,316,236,0.241,0.276,-0.035,0.448,0.463,-0.015,0.324,0.345,-0.0209999999999999,5.72,5.14,0.576,Steven Matz,2026-09-13
"Blackburn, Paul",621112,2026,313,215,0.192,0.235,-0.0429999999999999,0.295,0.356,-0.061,0.259,0.298,-0.0389999999999999,1.7,3.72,-2.025,Paul Blackburn,2026-09-13
"McDonald, Trevor",686790,2026,310,217,0.255,0.246,0.009,0.384,0.359,0.025,0.323,0.311,0.012,5.12,4.08,1.038,Trevor McDonald,2026-09-13
"Avila, Luinder",679883,2026,309,204,0.272,0.251,0.021,0.425,0.396,0.0289999999999999,0.355,0.339,0.0159999999999999,5.53,4.94,0.589,Luinder Avila,2026-09-13
"Taylor, Grant",691799,2026,308,180,0.198,0.195,0.003,0.309,0.319,-0.01,0.261,0.265,-0.004,2.23,2.91,-0.68,Grant Taylor,2026-09-13
"Headrick, Brent",687396,2026,304,189,0.232,0.219,0.013,0.362,0.324,0.0379999999999999,0.289,0.269,0.0199999999999999,1.96,3.0,-1.036,Brent Headrick,2026-09-13
"Woods Richardson, Simeon",680573,2026,303,224,0.304,0.28,0.0239999999999999,0.504,0.467,0.0369999999999999,0.39,0.368,0.022,6.68,5.97,0.712,Simeon Woods Richardson,2026-09-13
"Richards, Trevor",670950,2026,300,209,0.224,0.233,-0.009,0.393,0.395,-0.002,0.291,0.298,-0.007,3.61,3.72,-0.112,Trevor Richards,2026-09-13
"Kremer, Dean",665152,2026,300,206,0.25,0.247,0.003,0.496,0.452,0.0439999999999999,0.345,0.329,0.0159999999999999,5.65,4.61,1.041,Dean Kremer,2026-09-13
"Kochanowicz, Jack",686799,2026,296,208,0.259,0.272,-0.013,0.382,0.439,-0.0569999999999999,0.331,0.358,-0.0269999999999999,6.19,5.6,0.588,Jack Kochanowicz,2026-09-13
"Burke, Brock",656271,2026,296,181,0.199,0.212,-0.0129999999999999,0.319,0.335,-0.016,0.283,0.294,-0.011,2.47,3.61,-1.144,Brock Burke,2026-09-13
"Scherzer, Max",453286,2026,295,214,0.247,0.242,0.005,0.445,0.416,0.029,0.336,0.323,0.013,6.38,4.43,1.954,Max Scherzer,2026-09-13
"Graceffo, Gordon",700669,2026,295,205,0.182,0.242,-0.06,0.292,0.413,-0.121,0.258,0.327,-0.069,2.68,4.55,-1.874,Gordon Graceffo,2026-09-13
"Lynch IV, Daniel",663738,2026,295,221,0.213,0.252,-0.039,0.347,0.4,-0.053,0.279,0.314,-0.0349999999999999,3.52,4.16,-0.644,Daniel Lynch IV,2026-09-13
"Fisher, Braydon",680755,2026,294,182,0.207,0.221,-0.014,0.341,0.36,-0.0189999999999999,0.292,0.31,-0.018,3.23,4.05,-0.815,Braydon Fisher,2026-09-13
"Mejia, Juan",675848,2026,293,193,0.283,0.263,0.0199999999999999,0.402,0.386,0.016,0.35,0.339,0.0109999999999999,5.46,4.94,0.517,Juan Mejia,2026-09-13
"Thornton, Zac",804267,2026,293,220,0.253,0.267,-0.014,0.418,0.448,-0.03,0.313,0.328,-0.015,3.44,4.58,-1.144,Zac Thornton,2026-09-13
"Peralta, Wandy",593974,2026,292,221,0.273,0.266,0.007,0.402,0.375,0.027,0.324,0.31,0.014,3.34,4.05,-0.707,Wandy Peralta,2026-09-13
"Medina, Luis",665622,2026,292,168,0.242,0.221,0.0209999999999999,0.379,0.365,0.014,0.317,0.303,0.014,3.34,3.85,-0.508,Luis Medina,2026-09-13
"Morris, Andrew",702193,2026,292,204,0.256,0.231,0.0249999999999999,0.359,0.328,0.0309999999999999,0.298,0.277,0.0209999999999999,4.01,3.19,0.82,Andrew Morris,2026-09-13
"Schultz, Noah",702273,2026,291,193,0.251,0.273,-0.022,0.425,0.454,-0.029,0.345,0.364,-0.019,6.06,5.82,0.241,Noah Schultz,2026-09-13
"Watson, Ryan",670245,2026,290,207,0.245,0.266,-0.021,0.406,0.442,-0.0359999999999999,0.311,0.336,-0.025,4.12,4.84,-0.717,Ryan Watson,2026-09-13
"Rodón, Carlos",607074,2026,290,175,0.177,0.217,-0.04,0.294,0.34,-0.046,0.263,0.3,-0.0369999999999999,2.94,3.77,-0.827,Carlos Rodón,2026-09-13
"Senzatela, Antonio",622608,2026,290,207,0.258,0.253,0.005,0.369,0.365,0.004,0.307,0.305,0.002,4.06,3.91,0.153,Antonio Senzatela,2026-09-13
"Dobnak, Randy",677976,2026,289,217,0.249,0.282,-0.0329999999999999,0.36,0.388,-0.028,0.3,0.325,-0.025,2.73,4.49,-1.764,Randy Dobnak,2026-09-13
"Harris, Hogan",663687,2026,289,160,0.219,0.203,0.0159999999999999,0.335,0.325,0.01,0.308,0.298,0.01,3.34,3.72,-0.38,Hogan Harris,2026-09-13
"Varland, Louis",686973,2026,288,176,0.198,0.196,0.002,0.251,0.263,-0.012,0.229,0.232,-0.003,1.23,2.23,-1.003,Louis Varland,2026-09-13
"Holton, Tyler",663947,2026,287,209,0.259,0.244,0.015,0.395,0.36,0.035,0.316,0.296,0.02,2.74,3.66,-0.921,Tyler Holton,2026-09-13
"Zeferjahn, Ryan",666171,2026,283,147,0.189,0.182,0.007,0.322,0.284,0.038,0.291,0.277,0.0139999999999999,4.15,3.19,0.964,Ryan Zeferjahn,2026-09-13
"De Los Santos, Enyel",660853,2026,279,198,0.238,0.224,0.0139999999999999,0.398,0.362,0.036,0.299,0.281,0.0179999999999999,4.28,3.28,0.997,Enyel De Los Santos,2026-09-13
"Suarez, José",660761,2026,277,186,0.298,0.267,0.0309999999999999,0.45,0.36,0.09,0.359,0.317,0.0419999999999999,5.87,4.25,1.62,José Suarez,2026-09-13
"Wells, Tyler",669330,2026,277,185,0.187,0.202,-0.015,0.331,0.346,-0.0149999999999999,0.251,0.266,-0.015,2.38,2.93,-0.555,Tyler Wells,2026-09-13
"Legumina, Casey",668984,2026,277,203,0.27,0.265,0.005,0.393,0.388,0.005,0.315,0.311,0.004,3.72,4.08,-0.361,Casey Legumina,2026-09-13
"Soriano, George",666277,2026,277,179,0.236,0.234,0.0019999999999999,0.418,0.408,0.01,0.328,0.329,-0.001,4.43,4.61,-0.181,George Soriano,2026-09-13
"Rogers, Tyler",643511,2026,276,213,0.222,0.223,-0.001,0.266,0.29,-0.0239999999999999,0.248,0.257,-0.009,1.75,2.73,-0.975,Tyler Rogers,2026-09-13
"Bazardo, Eduard",660825,2026,276,188,0.286,0.261,0.0249999999999999,0.482,0.44,0.0419999999999999,0.353,0.333,0.0199999999999999,4.04,4.74,-0.697,Eduard Bazardo,2026-09-13
"Alexander, Tyler",641302,2026,276,197,0.257,0.227,0.03,0.333,0.316,0.017,0.293,0.274,0.0189999999999999,3.2,3.12,0.081,Tyler Alexander,2026-09-13
"Hoffman, Jeff",656546,2026,274,146,0.239,0.205,0.034,0.366,0.316,0.0499999999999999,0.303,0.285,0.018,3.65,3.38,0.269,Jeff Hoffman,2026-09-13
"Rodriguez, Bradgley",699134,2026,273,181,0.214,0.187,0.0269999999999999,0.333,0.28,0.0529999999999999,0.264,0.231,0.033,2.31,2.21,0.097,Bradgley Rodriguez,2026-09-13
"Fuentes, Didier",800311,2026,273,165,0.215,0.215,0.0,0.309,0.334,-0.025,0.26,0.268,-0.008,2.27,2.98,-0.708,Didier Fuentes,2026-09-13
"Festa, Matt",670036,2026,272,180,0.258,0.231,0.0269999999999999,0.398,0.374,0.024,0.318,0.299,0.019,3.73,3.74,-0.006,Matt Festa,2026-09-13
"Gómez, Yoendrys",672782,2026,271,176,0.221,0.253,-0.032,0.368,0.438,-0.07,0.31,0.351,-0.0409999999999999,3.92,5.35,-1.431,Yoendrys Gómez,2026-09-13
"Severino, Luis",622663,2026,271,173,0.258,0.231,0.0269999999999999,0.432,0.388,0.0439999999999999,0.346,0.318,0.0279999999999999,4.17,4.28,-0.115,Luis Severino,2026-09-13
"Smith, Cade",671922,2026,269,148,0.197,0.195,0.002,0.303,0.326,-0.023,0.258,0.27,-0.012,2.18,3.02,-0.838,Cade Smith,2026-09-13
"Ferrer, José A.",678606,2026,268,196,0.281,0.249,0.032,0.401,0.369,0.032,0.33,0.303,0.027,3.75,3.85,-0.1,José A. Ferrer,2026-09-13
"Faucher, Calvin",676534,2026,268,164,0.215,0.224,-0.009,0.276,0.31,-0.0339999999999999,0.279,0.291,-0.0119999999999999,3.61,3.53,0.08,Calvin Faucher,2026-09-13
"Paddack, Chris",663978,2026,267,206,0.314,0.28,0.0339999999999999,0.483,0.45,0.0329999999999999,0.37,0.342,0.0279999999999999,6.79,5.04,1.749,Chris Paddack,2026-09-13
"Webb, Jacob",657097,2026,266,174,0.23,0.251,-0.0209999999999999,0.36,0.402,-0.042,0.292,0.318,-0.026,3.29,4.28,-0.994,Jacob Webb,2026-09-13
"Brown, Ben",676962,2026,265,179,0.186,0.223,-0.037,0.248,0.335,-0.087,0.228,0.279,-0.051,1.85,3.24,-1.387,Ben Brown,2026-09-13
"Senga, Kodai",673540,2026,264,155,0.248,0.236,0.012,0.482,0.422,0.06,0.369,0.344,0.025,7.14,5.1,2.038,Kodai Senga,2026-09-13
"Soto, Gregory",642397,2026,262,155,0.19,0.196,-0.006,0.314,0.292,0.022,0.275,0.27,0.005,3.32,3.02,0.301,Gregory Soto,2026-09-13
"Okert, Steven",595345,2026,261,175,0.19,0.21,-0.0199999999999999,0.325,0.361,-0.0359999999999999,0.251,0.274,-0.023,2.13,3.12,-0.992,Steven Okert,2026-09-13
"Finnegan, Kyle",640448,2026,260,179,0.275,0.263,0.012,0.45,0.435,0.015,0.363,0.351,0.012,3.79,5.35,-1.558,Kyle Finnegan,2026-09-13
"Marinaccio, Ron",676760,2026,260,178,0.27,0.261,0.009,0.482,0.426,0.0559999999999999,0.371,0.347,0.024,6.09,5.21,0.877,Ron Marinaccio,2026-09-13
"O'Brien, Riley",676617,2026,259,162,0.225,0.254,-0.0289999999999999,0.326,0.399,-0.073,0.299,0.337,-0.038,4.2,4.87,-0.67,Riley O'Brien,2026-09-13
"Hudson, Bryan",663542,2026,258,178,0.252,0.219,0.033,0.332,0.304,0.028,0.283,0.261,0.0219999999999999,2.87,2.82,0.052,Bryan Hudson,2026-09-13
"Morán, Jovani",663558,2026,258,156,0.177,0.195,-0.018,0.336,0.333,0.003,0.278,0.284,-0.0059999999999999,3.34,3.36,-0.021,Jovani Morán,2026-09-13
"Kelly, Kevin",687330,2026,257,189,0.207,0.261,-0.054,0.324,0.382,-0.0579999999999999,0.249,0.295,-0.0459999999999999,2.52,3.64,-1.125,Kevin Kelly,2026-09-13
"Moll, Sam",594580,2026,257,164,0.252,0.238,0.014,0.379,0.359,0.02,0.329,0.324,0.005,4.79,4.46,0.333,Sam Moll,2026-09-13
"Ritchie, JR",702275,2026,256,162,0.221,0.24,-0.0189999999999999,0.376,0.408,-0.0319999999999999,0.324,0.344,-0.0199999999999999,4.5,5.1,-0.6,JR Ritchie,2026-09-13
"Bednar, David",670280,2026,256,165,0.202,0.214,-0.0119999999999999,0.3,0.314,-0.014,0.248,0.261,-0.013,2.7,2.82,-0.12,David Bednar,2026-09-13
"Clarke, Taylor",664199,2026,255,200,0.197,0.254,-0.0569999999999999,0.312,0.426,-0.1139999999999999,0.242,0.316,-0.074,2.42,4.22,-1.802,Taylor Clarke,2026-09-13
"Lange, Alex",656638,2026,255,164,0.269,0.252,0.017,0.461,0.421,0.04,0.365,0.343,0.0219999999999999,6.04,5.07,0.965,Alex Lange,2026-09-13
"Mayza, Tim",641835,2026,253,174,0.222,0.227,-0.005,0.355,0.363,-0.008,0.272,0.277,-0.005,3.08,3.19,-0.112,Tim Mayza,2026-09-13
"King, Bryan",687911,2026,253,183,0.278,0.256,0.022,0.43,0.379,0.0509999999999999,0.343,0.316,0.027,5.01,4.22,0.792,Bryan King,2026-09-13
"Sandoval, Patrick",663776,2026,253,168,0.317,0.28,0.0369999999999999,0.457,0.441,0.016,0.372,0.349,0.023,4.58,5.28,-0.698,Patrick Sandoval,2026-09-13
"Stanek, Ryne",592773,2026,252,158,0.232,0.227,0.005,0.395,0.377,0.018,0.321,0.31,0.011,4.27,4.05,0.221,Ryne Stanek,2026-09-13
"Brazobán, Huascar",623211,2026,252,168,0.193,0.221,-0.0279999999999999,0.33,0.332,-0.002,0.277,0.292,-0.0149999999999999,3.16,3.56,-0.4,Huascar Brazobán,2026-09-13
"Kerkering, Orion",689147,2026,252,155,0.203,0.208,-0.0049999999999999,0.335,0.31,0.025,0.299,0.293,0.006,4.02,3.59,0.428,Orion Kerkering,2026-09-13
"Abreu, Bryan",650556,2026,251,130,0.196,0.199,-0.003,0.373,0.343,0.0299999999999999,0.325,0.316,0.009,3.86,4.22,-0.363,Bryan Abreu,2026-09-13
"Doval, Camilo",666808,2026,251,158,0.246,0.216,0.03,0.386,0.324,0.062,0.321,0.297,0.024,4.2,3.69,0.514,Camilo Doval,2026-09-13
"Brubaker, JT",664141,2026,250,183,0.225,0.274,-0.049,0.349,0.427,-0.078,0.294,0.341,-0.047,3.58,5.0,-1.42,JT Brubaker,2026-09-13
"Montgomery, Mason",682254,2026,250,131,0.182,0.193,-0.011,0.284,0.292,-0.008,0.245,0.252,-0.007,2.77,2.63,0.143,Mason Montgomery,2026-09-13
"Hughes, Gabriel",687312,2026,250,178,0.262,0.236,0.026,0.398,0.349,0.049,0.32,0.292,0.028,5.81,3.56,2.248,Gabriel Hughes,2026-09-13
"Hart, Kyle",606996,2026,249,170,0.212,0.217,-0.005,0.347,0.354,-0.007,0.278,0.284,-0.0059999999999999,3.96,3.36,0.602,Kyle Hart,2026-09-13
"Ginkel, Kevin",656464,2026,248,170,0.226,0.23,-0.004,0.376,0.392,-0.016,0.283,0.295,-0.012,3.94,3.64,0.301,Kevin Ginkel,2026-09-13
"Bernardino, Brennan",657514,2026,248,186,0.246,0.247,-0.001,0.379,0.383,-0.004,0.297,0.298,-0.001,2.88,3.72,-0.838,Brennan Bernardino,2026-09-13
"Suárez, Albert",544150,2026,247,186,0.241,0.255,-0.014,0.429,0.413,0.016,0.315,0.32,-0.005,4.12,4.34,-0.221,Albert Suárez,2026-09-13
"Garcia, Rico",670329,2026,247,160,0.179,0.207,-0.0279999999999999,0.336,0.335,0.001,0.259,0.271,-0.012,3.02,3.05,-0.034,Rico Garcia,2026-09-13
"Fluharty, Mason",689254,2026,246,156,0.224,0.19,0.034,0.336,0.311,0.025,0.288,0.262,0.0259999999999999,3.41,2.84,0.574,Mason Fluharty,2026-09-13
"Silseth, Chase",681217,2026,246,145,0.23,0.223,0.007,0.353,0.371,-0.018,0.313,0.315,-0.002,3.44,4.19,-0.754,Chase Silseth,2026-09-13
"Alvarado, José",621237,2026,245,146,0.27,0.23,0.04,0.412,0.344,0.068,0.345,0.303,0.0419999999999999,5.23,3.85,1.381,José Alvarado,2026-09-13
"Lee, Dylan",669276,2026,244,153,0.183,0.191,-0.008,0.295,0.302,-0.007,0.233,0.244,-0.0109999999999999,2.56,2.46,0.098,Dylan Lee,2026-09-13
"Gray, Peyton",682608,2026,244,166,0.251,0.235,0.016,0.434,0.373,0.061,0.317,0.29,0.027,3.93,3.51,0.417,Peyton Gray,2026-09-13
"Javier, Cristian",664299,2026,243,163,0.267,0.253,0.014,0.447,0.424,0.023,0.346,0.332,0.0139999999999999,5.5,4.71,0.787,Cristian Javier,2026-09-13
"Miller, Mason",695243,2026,242,100,0.144,0.129,0.0149999999999999,0.181,0.179,0.002,0.197,0.189,0.008,1.14,1.51,-0.373,Mason Miller,2026-09-13
"Bieber, Shane",669456,2026,242,174,0.253,0.282,-0.0289999999999999,0.438,0.5,-0.062,0.335,0.368,-0.0329999999999999,4.37,5.97,-1.605,Shane Bieber,2026-09-13
"Glasnow, Tyler",607192,2026,241,142,0.181,0.201,-0.02,0.315,0.35,-0.0349999999999999,0.252,0.274,-0.022,3.5,3.12,0.383,Tyler Glasnow,2026-09-13
"Rogers, Taylor",573124,2026,241,164,0.278,0.247,0.031,0.4,0.369,0.031,0.338,0.318,0.02,4.61,4.28,0.334,Taylor Rogers,2026-09-13
"Petersen, Michael",656848,2026,240,142,0.185,0.191,-0.006,0.308,0.353,-0.0449999999999999,0.269,0.286,-0.0169999999999999,3.19,3.41,-0.225,Michael Petersen,2026-09-13
"Latz, Jacob",656641,2026,240,148,0.134,0.183,-0.0489999999999999,0.24,0.31,-0.07,0.195,0.246,-0.0509999999999999,1.81,2.5,-0.691,Jacob Latz,2026-09-13
"Yarbrough, Ryan",642232,2026,238,171,0.214,0.223,-0.009,0.329,0.319,0.01,0.283,0.283,0.0,3.81,3.33,0.482,Ryan Yarbrough,2026-09-13
"Morillo, Juan",666661,2026,238,146,0.196,0.182,0.014,0.292,0.267,0.0249999999999999,0.258,0.246,0.012,2.31,2.5,-0.186,Juan Morillo,2026-09-13
"Nunez, Anthony",689296,2026,237,144,0.207,0.218,-0.011,0.34,0.362,-0.0219999999999999,0.29,0.301,-0.011,4.07,3.8,0.266,Anthony Nunez,2026-09-13
"Márquez, Germán",608566,2026,236,173,0.264,0.266,-0.002,0.519,0.484,0.035,0.371,0.362,0.009,5.26,5.74,-0.476,Germán Márquez,2026-09-13
"Kikuchi, Yusei",579328,2026,236,157,0.272,0.257,0.015,0.461,0.435,0.026,0.348,0.341,0.0069999999999999,4.75,5.0,-0.245,Yusei Kikuchi,2026-09-13
"Domínguez, Seranthony",622554,2026,236,143,0.204,0.216,-0.012,0.368,0.369,-0.001,0.306,0.313,-0.007,4.04,4.13,-0.088,Seranthony Domínguez,2026-09-13
"Henriquez, Edgardo",683618,2026,236,136,0.167,0.168,-0.001,0.23,0.235,-0.0049999999999999,0.24,0.242,-0.002,2.58,2.42,0.159,Edgardo Henriquez,2026-09-13
"Anderson, Grant",681982,2026,235,159,0.205,0.205,0.0,0.4,0.337,0.063,0.297,0.275,0.0219999999999999,3.36,3.14,0.216,Grant Anderson,2026-09-13
"Matsui, Yuki",673513,2026,235,139,0.168,0.171,-0.003,0.316,0.313,0.003,0.268,0.274,-0.006,2.02,3.12,-1.103,Yuki Matsui,2026-09-13
"Dreyer, Jack",676263,2026,235,145,0.2,0.216,-0.0159999999999999,0.333,0.353,-0.0199999999999999,0.268,0.282,-0.0139999999999999,2.93,3.31,-0.379,Jack Dreyer,2026-09-13
"Rolison, Ryan",669020,2026,235,159,0.226,0.24,-0.0139999999999999,0.361,0.382,-0.021,0.297,0.311,-0.014,2.76,4.08,-1.319,Ryan Rolison,2026-09-13
"Cruz, Fernando",518585,2026,234,133,0.207,0.185,0.0219999999999999,0.369,0.324,0.0449999999999999,0.306,0.281,0.0249999999999999,3.13,3.28,-0.152,Fernando Cruz,2026-09-13
"Nance, Tommy",667297,2026,234,152,0.26,0.256,0.004,0.38,0.399,-0.019,0.31,0.318,-0.008,4.0,4.28,-0.28,Tommy Nance,2026-09-13
"Weissert, Greg",669711,2026,233,156,0.252,0.238,0.014,0.41,0.383,0.0269999999999999,0.317,0.304,0.013,3.6,3.88,-0.28,Greg Weissert,2026-09-13
"Vodnik, Victor",680767,2026,233,163,0.272,0.244,0.028,0.39,0.365,0.025,0.336,0.318,0.018,5.47,4.28,1.191,Victor Vodnik,2026-09-13
"Loáisiga, Jonathan",642528,2026,232,176,0.228,0.231,-0.003,0.321,0.337,-0.016,0.255,0.268,-0.013,2.41,2.98,-0.567,Jonathan Loáisiga,2026-09-13
"Cruz, Steven",674444,2026,232,150,0.237,0.24,-0.003,0.44,0.392,0.0479999999999999,0.327,0.309,0.018,4.04,4.02,0.022,Steven Cruz,2026-09-13
"Dobbins, Hunter",690928,2026,231,153,0.24,0.233,0.0069999999999999,0.397,0.366,0.031,0.322,0.306,0.016,3.67,3.93,-0.263,Hunter Dobbins,2026-09-13
"Baker, Bryan",641329,2026,229,144,0.157,0.205,-0.0479999999999999,0.255,0.318,-0.063,0.227,0.273,-0.046,1.54,3.09,-1.547,Bryan Baker,2026-09-13
"Scott, Tanner",656945,2026,228,142,0.204,0.239,-0.035,0.322,0.356,-0.0339999999999999,0.247,0.275,-0.028,2.47,3.14,-0.671,Tanner Scott,2026-09-13
"Muñoz, Andrés",662253,2026,226,117,0.2,0.2,0.0,0.335,0.324,0.011,0.277,0.278,-0.001,3.98,3.21,0.765,Andrés Muñoz,2026-09-13
"Hill, Tim",657612,2026,226,182,0.244,0.263,-0.019,0.424,0.431,-0.007,0.318,0.328,-0.01,4.72,4.58,0.137,Tim Hill,2026-09-13
"Kolek, Stephen",663568,2026,224,176,0.262,0.262,0.0,0.448,0.38,0.068,0.328,0.303,0.025,4.5,3.85,0.65,Stephen Kolek,2026-09-13
"Gaddis, Hunter",683769,2026,224,151,0.216,0.237,-0.0209999999999999,0.312,0.359,-0.0469999999999999,0.275,0.3,-0.0249999999999999,2.72,3.77,-1.053,Hunter Gaddis,2026-09-13
"Santana, Dennis",642701,2026,223,149,0.25,0.247,0.003,0.454,0.42,0.034,0.344,0.329,0.0149999999999999,5.15,4.61,0.541,Dennis Santana,2026-09-13
"Fermin, José",820862,2026,223,135,0.222,0.238,-0.0159999999999999,0.361,0.389,-0.028,0.303,0.318,-0.015,3.18,4.28,-1.104,José Fermin,2026-09-13
"Bowlan, Jonathan",680742,2026,223,136,0.207,0.194,0.0129999999999999,0.34,0.32,0.02,0.271,0.26,0.011,3.27,2.8,0.473,Jonathan Bowlan,2026-09-13
"Iglesias, Raisel",628452,2026,223,148,0.229,0.234,-0.005,0.366,0.38,-0.014,0.29,0.296,-0.006,2.78,3.66,-0.878,Raisel Iglesias,2026-09-13
"Holderman, Colin",670059,2026,222,142,0.185,0.219,-0.034,0.243,0.341,-0.098,0.254,0.303,-0.0489999999999999,2.73,3.85,-1.116,Colin Holderman,2026-09-13
"Schreiber, John",670167,2026,222,158,0.216,0.248,-0.032,0.371,0.4,-0.029,0.295,0.317,-0.022,3.27,4.25,-0.977,John Schreiber,2026-09-13
"Weaver, Luke",596133,2026,219,142,0.191,0.213,-0.0219999999999999,0.296,0.35,-0.0539999999999999,0.248,0.276,-0.028,2.6,3.16,-0.558,Luke Weaver,2026-09-13
"Farris, Mitch",815083,2026,219,139,0.275,0.267,0.008,0.487,0.456,0.0309999999999999,0.368,0.353,0.015,4.11,5.42,-1.307,Mitch Farris,2026-09-13
"Megill, Trevor",656730,2026,219,140,0.175,0.201,-0.026,0.23,0.341,-0.111,0.207,0.259,-0.052,2.59,2.78,-0.193,Trevor Megill,2026-09-13
"Duran, Jhoan",661395,2026,218,130,0.229,0.191,0.038,0.288,0.268,0.0199999999999999,0.253,0.227,0.0259999999999999,1.82,2.14,-0.318,Jhoan Duran,2026-09-13
"Raley, Brooks",548384,2026,216,144,0.226,0.23,-0.004,0.389,0.366,0.023,0.301,0.299,0.002,2.96,3.74,-0.779,Brooks Raley,2026-09-13
"Herrin, Tim",682120,2026,215,137,0.213,0.199,0.0139999999999999,0.36,0.345,0.015,0.297,0.295,0.002,2.96,3.64,-0.679,Tim Herrin,2026-09-13
"Vesia, Alex",681911,2026,215,119,0.158,0.176,-0.0179999999999999,0.268,0.302,-0.0339999999999999,0.25,0.272,-0.022,2.98,3.07,-0.089,Alex Vesia,2026-09-13
"Winn, Cole",668390,2026,215,149,0.277,0.274,0.003,0.456,0.442,0.014,0.342,0.337,0.005,5.63,4.87,0.755,Cole Winn,2026-09-13
"Junis, Jakob",596001,2026,214,162,0.249,0.278,-0.029,0.345,0.401,-0.056,0.288,0.319,-0.031,3.4,4.31,-0.913,Jakob Junis,2026-09-13
"Myers, Tobias",668964,2026,213,162,0.278,0.27,0.008,0.5,0.424,0.076,0.351,0.321,0.0299999999999999,5.8,4.37,1.429,Tobias Myers,2026-09-13
"Antone, Tejay",622088,2026,212,137,0.212,0.223,-0.011,0.375,0.37,0.005,0.292,0.296,-0.004,3.44,3.66,-0.217,Tejay Antone,2026-09-13
"Funderburk, Kody",681892,2026,211,136,0.22,0.226,-0.006,0.299,0.328,-0.029,0.288,0.301,-0.013,3.91,3.8,0.11,Kody Funderburk,2026-09-13
"Kinley, Tyler",641755,2026,210,135,0.212,0.203,0.0089999999999999,0.397,0.347,0.05,0.311,0.288,0.023,3.73,3.46,0.27,Tyler Kinley,2026-09-13
"Uribe, Abner",682842,2026,210,135,0.186,0.217,-0.031,0.25,0.288,-0.0379999999999999,0.235,0.261,-0.026,2.02,2.82,-0.795,Abner Uribe,2026-09-13
"Romero, JoJo",668941,2026,210,142,0.253,0.265,-0.012,0.403,0.429,-0.0259999999999999,0.323,0.336,-0.013,3.72,4.84,-1.116,JoJo Romero,2026-09-13
"Kilian, Caleb",668873,2026,209,129,0.238,0.216,0.0219999999999999,0.359,0.36,-0.001,0.302,0.292,0.01,4.91,3.56,1.349,Caleb Kilian,2026-09-13
"Sulser, Cole",642121,2026,209,145,0.257,0.258,-0.001,0.44,0.476,-0.0359999999999999,0.318,0.332,-0.014,4.74,4.71,0.033,Cole Sulser,2026-09-13
"Beeter, Clayton",690925,2026,209,128,0.212,0.226,-0.014,0.376,0.379,-0.003,0.315,0.334,-0.019,4.5,4.77,-0.27,Clayton Beeter,2026-09-13
"Erceg, Lucas",668674,2026,208,142,0.312,0.263,0.0489999999999999,0.465,0.361,0.104,0.392,0.34,0.0519999999999999,6.23,4.97,1.261,Lucas Erceg,2026-09-13
"Adams, Travis",701519,2026,208,132,0.239,0.225,0.0139999999999999,0.435,0.396,0.0389999999999999,0.329,0.31,0.019,5.21,4.05,1.164,Travis Adams,2026-09-13
"Svanson, Matt",694335,2026,207,143,0.306,0.301,0.005,0.45,0.467,-0.017,0.364,0.369,-0.005,7.27,6.01,1.259,Matt Svanson,2026-09-13
"Bubic, Kris",663460,2026,207,129,0.2,0.24,-0.0399999999999999,0.322,0.395,-0.073,0.286,0.327,-0.041,4.11,4.55,-0.437,Kris Bubic,2026-09-13
"Herget, Jimmy",623474,2026,206,137,0.285,0.24,0.0449999999999999,0.517,0.407,0.11,0.378,0.327,0.0509999999999999,6.26,4.55,1.711,Jimmy Herget,2026-09-13
"Kittredge, Andrew",552640,2026,205,155,0.277,0.266,0.011,0.424,0.408,0.016,0.321,0.308,0.013,3.75,3.99,-0.245,Andrew Kittredge,2026-09-13
"Chapman, Aroldis",547973,2026,205,118,0.193,0.185,0.008,0.304,0.286,0.018,0.266,0.256,0.01,1.99,2.71,-0.717,Aroldis Chapman,2026-09-13
"Wolfram, Grant",664991,2026,205,132,0.255,0.227,0.0279999999999999,0.397,0.351,0.046,0.315,0.286,0.029,4.75,3.41,1.344,Grant Wolfram,2026-09-13
"Sewald, Paul",623149,2026,204,138,0.21,0.224,-0.014,0.468,0.476,-0.0079999999999999,0.313,0.322,-0.009,5.11,4.4,0.708,Paul Sewald,2026-09-13
"Alvarado, Elvis",665660,2026,203,120,0.215,0.214,0.001,0.412,0.425,-0.013,0.317,0.327,-0.01,4.04,4.55,-0.509,Elvis Alvarado,2026-09-13
"Hall, DL",669084,2026,203,116,0.142,0.182,-0.04,0.231,0.264,-0.033,0.245,0.272,-0.027,2.08,3.07,-0.993,DL Hall,2026-09-13
"Shugart, Chase",663767,2026,202,126,0.224,0.212,0.012,0.448,0.391,0.0569999999999999,0.32,0.3,0.02,4.25,3.77,0.483,Chase Shugart,2026-09-13
"Gibson, Cade",806188,2026,201,137,0.256,0.238,0.018,0.369,0.321,0.0479999999999999,0.323,0.299,0.024,5.32,3.74,1.581,Cade Gibson,2026-09-13
"Miller, Erik",669062,2026,201,100,0.192,0.171,0.0209999999999999,0.275,0.253,0.022,0.273,0.257,0.016,2.11,2.73,-0.624,Erik Miller,2026-09-13
"Hicks, Jordan",663855,2026,200,112,0.234,0.2,0.034,0.359,0.258,0.1009999999999999,0.314,0.266,0.0479999999999999,4.26,2.93,1.333,Jordan Hicks,2026-09-13
"Bachman, Sam",696147,2026,198,122,0.202,0.213,-0.0109999999999999,0.351,0.319,0.0319999999999999,0.305,0.299,0.006,4.14,3.74,0.399,Sam Bachman,2026-09-13
"Tidwell, Blade",694918,2026,197,134,0.234,0.243,-0.0089999999999999,0.374,0.388,-0.014,0.317,0.324,-0.007,4.82,4.46,0.361,Blade Tidwell,2026-09-13
"King, John",667463,2026,197,143,0.192,0.229,-0.037,0.372,0.404,-0.032,0.281,0.31,-0.0289999999999999,3.99,4.05,-0.063,John King,2026-09-13
"Thornton, Trent",663423,2026,196,145,0.234,0.254,-0.0199999999999999,0.417,0.457,-0.04,0.318,0.339,-0.021,3.35,4.94,-1.588,Trent Thornton,2026-09-13
"Scholtens, Jesse",669947,2026,196,145,0.26,0.276,-0.016,0.492,0.466,0.0259999999999999,0.348,0.348,0.0,4.03,5.24,-1.21,Jesse Scholtens,2026-09-13
"Thielbar, Caleb",573204,2026,195,120,0.244,0.238,0.006,0.46,0.461,-0.001,0.332,0.327,0.005,4.89,4.55,0.341,Caleb Thielbar,2026-09-13
"McCullers Jr., Lance",621121,2026,195,118,0.247,0.236,0.011,0.458,0.378,0.08,0.359,0.328,0.0309999999999999,6.54,4.58,1.965,Lance McCullers Jr.,2026-09-13
"Waldron, Matt",663362,2026,194,148,0.322,0.235,0.087,0.52,0.374,0.146,0.379,0.292,0.087,6.54,3.56,2.979,Matt Waldron,2026-09-13
"Bratt, Mitch",683352,2026,194,136,0.244,0.227,0.0169999999999999,0.415,0.355,0.06,0.341,0.312,0.029,4.71,4.1,0.605,Mitch Bratt,2026-09-13
"Warren, Austin",681810,2026,193,119,0.256,0.25,0.006,0.44,0.405,0.0349999999999999,0.347,0.331,0.0159999999999999,4.57,4.68,-0.111,Austin Warren,2026-09-13
"Hurt, Kyle",669165,2026,191,111,0.223,0.213,0.01,0.361,0.37,-0.009,0.306,0.302,0.004,4.33,3.82,0.508,Kyle Hurt,2026-09-13
"Johnson, Pierce",572955,2026,190,136,0.249,0.269,-0.02,0.432,0.465,-0.033,0.327,0.347,-0.0199999999999999,4.74,5.21,-0.47,Pierce Johnson,2026-09-13
"Kimbrel, Craig",518886,2026,189,126,0.239,0.243,-0.004,0.38,0.37,0.01,0.313,0.311,0.002,4.43,4.08,0.353,Craig Kimbrel,2026-09-13
"Dollander, Chase",801403,2026,189,121,0.238,0.217,0.0209999999999999,0.409,0.387,0.0219999999999999,0.32,0.307,0.013,3.89,3.96,-0.074,Chase Dollander,2026-09-13
"Orze, Eric",679358,2026,189,130,0.264,0.253,0.011,0.377,0.367,0.01,0.318,0.313,0.005,5.66,4.13,1.531,Eric Orze,2026-09-13
"Klein, Will",694361,2026,189,116,0.267,0.235,0.032,0.345,0.302,0.0429999999999999,0.319,0.288,0.031,3.67,3.46,0.212,Will Klein,2026-09-13
"Cano, Yennier",666974,2026,188,133,0.218,0.225,-0.007,0.287,0.344,-0.0569999999999999,0.253,0.28,-0.027,3.15,3.26,-0.107,Yennier Cano,2026-09-13
"Sisk, Evan",681895,2026,186,106,0.22,0.199,0.0209999999999999,0.32,0.287,0.033,0.313,0.294,0.019,3.16,3.61,-0.446,Evan Sisk,2026-09-13
"Thompson, Ryan",657044,2026,186,141,0.304,0.275,0.0289999999999999,0.435,0.381,0.0539999999999999,0.345,0.311,0.0339999999999999,4.43,4.08,0.346,Ryan Thompson,2026-09-13
"Barnett, Mason",686930,2026,185,121,0.266,0.25,0.016,0.538,0.446,0.092,0.388,0.35,0.038,7.08,5.31,1.772,Mason Barnett,2026-09-13
"Sterner, Justin",686993,2026,184,131,0.274,0.225,0.049,0.524,0.399,0.125,0.359,0.292,0.067,6.12,3.56,2.557,Justin Sterner,2026-09-13
"Whitlock, Garrett",676477,2026,183,119,0.191,0.211,-0.0199999999999999,0.277,0.307,-0.0299999999999999,0.22,0.24,-0.0199999999999999,1.84,2.39,-0.553,Garrett Whitlock,2026-09-13
"Fairbanks, Pete",664126,2026,182,102,0.222,0.212,0.01,0.424,0.421,0.003,0.325,0.32,0.005,6.1,4.34,1.757,Pete Fairbanks,2026-09-13
"Quintana, Jose",500779,2026,181,143,0.288,0.275,0.0129999999999999,0.5,0.441,0.059,0.364,0.343,0.0209999999999999,5.27,5.07,0.198,Jose Quintana,2026-09-13
"Cleavinger, Garrett",664076,2026,181,103,0.243,0.239,0.004,0.414,0.377,0.0369999999999999,0.325,0.317,0.008,4.79,4.25,0.54,Garrett Cleavinger,2026-09-13
"Pérez, Cionel",672335,2026,181,124,0.267,0.265,0.002,0.418,0.47,-0.0519999999999999,0.331,0.346,-0.0149999999999999,4.97,5.17,-0.202,Cionel Pérez,2026-09-13
"Santillan, Tony",663574,2026,181,120,0.267,0.267,0.0,0.513,0.526,-0.013,0.379,0.384,-0.005,6.75,6.61,0.14,Tony Santillan,2026-09-13
"Sabrowski, Erik",681870,2026,181,86,0.167,0.151,0.016,0.287,0.265,0.0219999999999999,0.265,0.256,0.009,2.93,2.71,0.22,Erik Sabrowski,2026-09-13
"Wesneski, Hayden",669713,2026,180,128,0.204,0.24,-0.036,0.321,0.363,-0.0419999999999999,0.267,0.297,-0.0299999999999999,3.35,3.69,-0.34,Hayden Wesneski,2026-09-13
"Williams, Devin",642207,2026,178,106,0.277,0.219,0.058,0.394,0.31,0.084,0.338,0.282,0.056,4.66,3.31,1.345,Devin Williams,2026-09-13
"Ribalta, Orlando",687377,2026,178,118,0.217,0.209,0.008,0.344,0.382,-0.038,0.285,0.296,-0.011,3.77,3.66,0.107,Orlando Ribalta,2026-09-13
"De Jesus, Enmanuel",646241,2026,178,122,0.239,0.253,-0.014,0.358,0.407,-0.0489999999999999,0.3,0.323,-0.023,3.83,4.43,-0.603,Enmanuel De Jesus,2026-09-13
"Parker, Mitchell",680730,2026,178,129,0.289,0.272,0.0169999999999999,0.503,0.462,0.0409999999999999,0.371,0.347,0.024,6.58,5.21,1.37,Mitchell Parker,2026-09-13
"Hoppe, Alex",695380,2026,178,115,0.25,0.255,-0.005,0.372,0.344,0.028,0.314,0.305,0.009,4.54,3.91,0.628,Alex Hoppe,2026-09-13
"Lawrence, Justin",664875,2026,177,100,0.275,0.267,0.008,0.549,0.455,0.094,0.414,0.38,0.0339999999999999,7.34,6.45,0.89,Justin Lawrence,2026-09-13
"Dodd, Dylan",689266,2026,177,114,0.175,0.2,-0.025,0.338,0.363,-0.0249999999999999,0.259,0.278,-0.019,2.38,3.21,-0.828,Dylan Dodd,2026-09-13
"Mattson, Isaac",676755,2026,176,121,0.282,0.292,-0.01,0.436,0.498,-0.062,0.35,0.374,-0.024,5.35,6.21,-0.857,Isaac Mattson,2026-09-13
"Winn, Keaton",676775,2026,176,123,0.222,0.24,-0.0179999999999999,0.34,0.36,-0.0199999999999999,0.29,0.308,-0.018,3.35,3.99,-0.641,Keaton Winn,2026-09-13
"Williamson, Brandon",682227,2026,175,116,0.255,0.268,-0.013,0.44,0.477,-0.0369999999999999,0.362,0.381,-0.019,5.97,6.49,-0.517,Brandon Williamson,2026-09-13
"Kuhnel, Joel",669270,2026,175,134,0.29,0.299,-0.009,0.477,0.458,0.0189999999999999,0.363,0.362,0.001,4.85,5.74,-0.894,Joel Kuhnel,2026-09-13
"Woodruff, Brandon",605540,2026,174,116,0.174,0.2,-0.026,0.304,0.358,-0.0539999999999999,0.231,0.263,-0.032,2.98,2.87,0.108,Brandon Woodruff,2026-09-13
"Bird, Jake",656234,2026,172,113,0.276,0.234,0.042,0.454,0.41,0.044,0.351,0.318,0.0329999999999999,5.35,4.28,1.073,Jake Bird,2026-09-13
"Garcia, Julian",670062,2026,170,112,0.18,0.197,-0.017,0.36,0.309,0.0509999999999999,0.276,0.266,0.01,3.07,2.93,0.138,Julian Garcia,2026-09-13
"Speier, Gabe",642100,2026,170,113,0.204,0.217,-0.013,0.354,0.385,-0.031,0.284,0.3,-0.016,2.61,3.77,-1.157,Gabe Speier,2026-09-13
"Yates, Kirby",489446,2026,169,101,0.214,0.21,0.004,0.331,0.321,0.01,0.291,0.287,0.004,3.4,3.43,-0.027,Kirby Yates,2026-09-13
"Jansen, Kenley",445276,2026,168,98,0.168,0.199,-0.031,0.329,0.368,-0.0389999999999999,0.273,0.298,-0.0249999999999999,3.51,3.72,-0.208,Kenley Jansen,2026-09-13
"Pearson, Nate",663878,2026,166,107,0.189,0.215,-0.0259999999999999,0.252,0.342,-0.09,0.263,0.304,-0.0409999999999999,1.98,3.88,-1.904,Nate Pearson,2026-09-13
"Milner, Hoby",571948,2026,165,131,0.264,0.295,-0.0309999999999999,0.426,0.459,-0.033,0.323,0.353,-0.0299999999999999,3.92,5.42,-1.497,Hoby Milner,2026-09-13
"Strider, Spencer",675911,2026,165,98,0.232,0.188,0.044,0.5,0.359,0.141,0.355,0.29,0.065,5.31,3.51,1.798,Spencer Strider,2026-09-13
"Garcia, Brandyn",805299,2026,164,96,0.162,0.162,0.0,0.223,0.249,-0.0259999999999999,0.214,0.222,-0.008,2.08,2.05,0.027,Brandyn Garcia,2026-09-13
"Dion, Will",702021,2026,164,104,0.235,0.217,0.0179999999999999,0.423,0.353,0.07,0.315,0.282,0.033,4.17,3.31,0.861,Will Dion,2026-09-13
"Hill, Jaden",677955,2026,164,102,0.255,0.232,0.0229999999999999,0.401,0.351,0.05,0.34,0.313,0.027,5.97,4.13,1.841,Jaden Hill,2026-09-13
"Whisenhunt, Carson",687931,2026,164,116,0.293,0.272,0.0209999999999999,0.464,0.467,-0.003,0.372,0.368,0.004,6.49,5.97,0.52,Carson Whisenhunt,2026-09-13
"Rucker, Michael",621074,2026,164,105,0.257,0.246,0.011,0.412,0.39,0.0219999999999999,0.326,0.312,0.014,6.51,4.1,2.409,Michael Rucker,2026-09-13
"Eisert, Brandon",685126,2026,164,106,0.255,0.224,0.031,0.45,0.356,0.094,0.331,0.282,0.049,5.63,3.31,2.325,Brandon Eisert,2026-09-13
"Basso, Brady",669620,2026,162,127,0.296,0.272,0.0239999999999999,0.461,0.371,0.09,0.335,0.298,0.037,3.86,3.72,0.137,Brady Basso,2026-09-13
"Gibson, Trey",694346,2026,161,105,0.284,0.291,-0.007,0.478,0.487,-0.009,0.385,0.391,-0.006,7.36,6.91,0.454,Trey Gibson,2026-09-13
"Strahm, Matt",621381,2026,161,115,0.269,0.225,0.044,0.572,0.428,0.1439999999999999,0.388,0.316,0.072,7.32,4.22,3.098,Matt Strahm,2026-09-13
"Minter, A.J.",621345,2026,160,116,0.212,0.231,-0.019,0.384,0.395,-0.011,0.274,0.286,-0.0119999999999999,2.01,3.41,-1.402,A.J. Minter,2026-09-13
"Madden, Ty",680744,2026,160,105,0.2,0.209,-0.0089999999999999,0.324,0.313,0.011,0.27,0.269,0.001,3.46,3.0,0.462,Ty Madden,2026-09-13
"Roycroft, Chris",688297,2026,160,121,0.326,0.3,0.026,0.525,0.488,0.037,0.399,0.372,0.027,6.54,6.13,0.415,Chris Roycroft,2026-09-13
"Ahlstrom, Robby",695239,2026,160,109,0.268,0.251,0.017,0.472,0.39,0.0819999999999999,0.348,0.311,0.0369999999999999,5.95,4.08,1.865,Robby Ahlstrom,2026-09-13
"Guerrero, Tyron",594027,2026,159,114,0.248,0.227,0.0209999999999999,0.315,0.319,-0.004,0.27,0.26,0.01,3.26,2.8,0.459,Tyron Guerrero,2026-09-13
"Englert, Mason",669438,2026,157,116,0.297,0.28,0.0169999999999999,0.552,0.542,0.01,0.37,0.362,0.008,4.54,5.74,-1.198,Mason Englert,2026-09-13
"Banda, Anthony",607455,2026,156,100,0.235,0.234,0.0009999999999999,0.402,0.375,0.027,0.334,0.325,0.009,4.46,4.49,-0.034,Anthony Banda,2026-09-13
"Zuber, Tyler",676604,2026,156,105,0.282,0.232,0.0499999999999999,0.5,0.365,0.135,0.358,0.29,0.068,4.79,3.51,1.284,Tyler Zuber,2026-09-13
"Walker, Ryan",676254,2026,155,112,0.31,0.254,0.0559999999999999,0.473,0.393,0.0799999999999999,0.375,0.323,0.0519999999999999,7.16,4.43,2.733,Ryan Walker,2026-09-13
"Pagán, Emilio",641941,2026,155,103,0.21,0.197,0.0129999999999999,0.413,0.398,0.0149999999999999,0.297,0.287,0.01,3.82,3.43,0.393,Emilio Pagán,2026-09-13
"Hentges, Sam",656529,2026,154,92,0.24,0.215,0.0249999999999999,0.28,0.301,-0.0209999999999999,0.304,0.3,0.004,3.27,3.77,-0.497,Sam Hentges,2026-09-13
"Paredes, Mike",702474,2026,154,118,0.269,0.279,-0.01,0.47,0.446,0.0239999999999999,0.352,0.349,0.003,4.72,5.28,-0.562,Mike Paredes,2026-09-13
"Yoho, Craig",684974,2026,154,96,0.187,0.214,-0.0269999999999999,0.373,0.376,-0.003,0.293,0.305,-0.012,3.86,3.91,-0.053,Craig Yoho,2026-09-13
"Schweitzer, Tyler",805326,2026,154,124,0.262,0.29,-0.0279999999999999,0.404,0.484,-0.0799999999999999,0.319,0.359,-0.0399999999999999,3.13,5.63,-2.496,Tyler Schweitzer,2026-09-13
"Snell, Blake",605483,2026,154,86,0.185,0.173,0.012,0.222,0.21,0.012,0.235,0.225,0.0099999999999999,1.91,2.1,-0.188,Blake Snell,2026-09-13
"Poulin, PJ",676571,2026,153,106,0.206,0.256,-0.05,0.351,0.441,-0.09,0.302,0.353,-0.0509999999999999,2.7,5.42,-2.72,PJ Poulin,2026-09-13
"Barlow, Scott",605130,2026,153,97,0.21,0.236,-0.0259999999999999,0.435,0.448,-0.013,0.341,0.358,-0.0169999999999999,6.48,5.6,0.88,Scott Barlow,2026-09-13
"Schultz, Paxton",687606,2026,153,107,0.314,0.276,0.0379999999999999,0.489,0.453,0.0359999999999999,0.372,0.342,0.0299999999999999,6.4,5.04,1.362,Paxton Schultz,2026-09-13
"Smith, Dylan",681916,2026,152,92,0.242,0.227,0.0149999999999999,0.352,0.374,-0.022,0.3,0.303,-0.003,3.15,3.85,-0.704,Dylan Smith,2026-09-13
"Waguespack, Jacob",621097,2026,152,110,0.153,0.214,-0.061,0.29,0.325,-0.035,0.246,0.284,-0.0379999999999999,2.79,3.36,-0.567,Jacob Waguespack,2026-09-13
"Bradford, Cody",674003,2026,152,125,0.321,0.286,0.035,0.493,0.496,-0.003,0.372,0.356,0.016,4.72,5.52,-0.802,Cody Bradford,2026-09-13
"Aldegheri, Sam",691951,2026,151,111,0.238,0.271,-0.033,0.4,0.45,-0.0499999999999999,0.319,0.355,-0.0359999999999999,5.08,5.49,-0.411,Sam Aldegheri,2026-09-13
"Varland, Gus",681402,2026,151,106,0.326,0.303,0.023,0.591,0.579,0.012,0.412,0.4,0.0119999999999999,6.82,7.32,-0.499,Gus Varland,2026-09-13
"Ragans, Cole",666142,2026,151,83,0.213,0.218,-0.005,0.488,0.452,0.0359999999999999,0.355,0.344,0.011,4.84,5.1,-0.26,Cole Ragans,2026-09-13
"Hader, Josh",623352,2026,151,86,0.114,0.144,-0.0299999999999999,0.164,0.243,-0.0789999999999999,0.163,0.203,-0.04,0.87,1.73,-0.859,Josh Hader,2026-09-13
"Ferguson, Caleb",657571,2026,150,99,0.287,0.253,0.0339999999999999,0.473,0.421,0.0519999999999999,0.367,0.334,0.0329999999999999,5.18,4.77,0.412,Caleb Ferguson,2026-09-13
"Sommers, Drew",805427,2026,148,79,0.246,0.177,0.069,0.331,0.245,0.086,0.296,0.234,0.0619999999999999,3.6,2.27,1.33,Drew Sommers,2026-09-13
"Dotel, Wilber",696062,2026,148,99,0.252,0.249,0.003,0.344,0.357,-0.013,0.295,0.3,-0.005,4.93,3.77,1.163,Wilber Dotel,2026-09-13
"Stock, Robert",476594,2026,147,99,0.297,0.266,0.0309999999999999,0.398,0.409,-0.0109999999999999,0.355,0.343,0.0119999999999999,5.93,5.07,0.864,Robert Stock,2026-09-13
"Banks, Tanner",621383,2026,146,101,0.344,0.262,0.0819999999999999,0.595,0.419,0.176,0.423,0.323,0.0999999999999999,7.14,4.43,2.708,Tanner Banks,2026-09-13
"Lovelady, Richard",663992,2026,146,95,0.286,0.285,0.001,0.445,0.426,0.019,0.371,0.363,0.008,3.86,5.78,-1.923,Richard Lovelady,2026-09-13
"Armstrong, Shawn",542888,2026,146,92,0.236,0.209,0.0269999999999999,0.382,0.362,0.02,0.324,0.308,0.016,4.91,3.99,0.919,Shawn Armstrong,2026-09-13
"Wilson, Bryse",669060,2026,145,110,0.293,0.277,0.0159999999999999,0.4,0.393,0.007,0.315,0.303,0.012,3.67,3.85,-0.18,Bryse Wilson,2026-09-13
"Leiter Jr., Mark",643410,2026,144,91,0.258,0.269,-0.011,0.344,0.365,-0.021,0.304,0.316,-0.012,4.28,4.22,0.057,Mark Leiter Jr.,2026-09-13
"Sears, JP",676664,2026,143,104,0.258,0.263,-0.005,0.422,0.441,-0.019,0.328,0.345,-0.0169999999999999,4.68,5.14,-0.456,JP Sears,2026-09-13
"Povich, Cade",700249,2026,142,103,0.273,0.257,0.016,0.438,0.423,0.015,0.345,0.331,0.0139999999999999,4.05,4.68,-0.63,Cade Povich,2026-09-13
"Criswell, Cooper",681867,2026,142,104,0.268,0.249,0.019,0.378,0.36,0.018,0.301,0.287,0.014,3.34,3.43,-0.087,Cooper Criswell,2026-09-13
"Black, Mason",696131,2026,142,101,0.252,0.284,-0.0319999999999999,0.429,0.482,-0.0529999999999999,0.354,0.387,-0.033,4.31,6.74,-2.431,Mason Black,2026-09-13
"Bender, Anthony",669622,2026,140,84,0.169,0.194,-0.0249999999999999,0.226,0.284,-0.0579999999999999,0.225,0.254,-0.0289999999999999,2.62,2.67,-0.049,Anthony Bender,2026-09-13
"Petty, Chase",695534,2026,139,112,0.248,0.278,-0.03,0.448,0.47,-0.0219999999999999,0.328,0.361,-0.0329999999999999,4.83,5.71,-0.878,Chase Petty,2026-09-13
"Crochet, Garrett",676979,2026,138,86,0.27,0.262,0.008,0.467,0.442,0.025,0.358,0.344,0.014,6.3,5.1,1.2,Garrett Crochet,2026-09-13
"Mey, Luis",682825,2026,138,72,0.274,0.237,0.037,0.407,0.418,-0.011,0.356,0.345,0.011,6.59,5.14,1.453,Luis Mey,2026-09-13
"Giolito, Lucas",608337,2026,138,96,0.281,0.262,0.019,0.412,0.406,0.0059999999999999,0.37,0.358,0.012,5.16,5.6,-0.443,Lucas Giolito,2026-09-13
"Mathews, Quinn",687273,2026,137,94,0.267,0.235,0.032,0.383,0.325,0.0579999999999999,0.324,0.291,0.033,4.11,3.53,0.579,Quinn Mathews,2026-09-13
"Slaten, Justin",686580,2026,137,90,0.276,0.223,0.053,0.417,0.331,0.0859999999999999,0.323,0.266,0.0569999999999999,4.6,2.93,1.666,Justin Slaten,2026-09-13
"Maton, Phil",664208,2026,136,84,0.306,0.294,0.012,0.514,0.487,0.027,0.398,0.389,0.009,6.18,6.83,-0.649,Phil Maton,2026-09-13
"Macko, Adam",671936,2026,135,88,0.31,0.264,0.0459999999999999,0.466,0.437,0.029,0.37,0.341,0.0289999999999999,5.65,5.0,0.651,Adam Macko,2026-09-13
"Keller, Brad",641745,2026,135,88,0.246,0.226,0.0199999999999999,0.364,0.313,0.0509999999999999,0.309,0.284,0.025,4.02,3.36,0.661,Brad Keller,2026-09-13
"Pomeranz, Drew",519141,2026,135,100,0.278,0.267,0.011,0.496,0.463,0.0329999999999999,0.369,0.351,0.018,5.59,5.35,0.236,Drew Pomeranz,2026-09-13
"Booser, Cam",592155,2026,135,89,0.189,0.211,-0.0219999999999999,0.339,0.37,-0.0309999999999999,0.243,0.266,-0.023,2.27,2.93,-0.659,Cam Booser,2026-09-13
"Murphy, Chris",669684,2026,134,85,0.23,0.21,0.02,0.354,0.318,0.0359999999999999,0.312,0.292,0.02,4.11,3.56,0.549,Chris Murphy,2026-09-13
"Adam, Jason",592094,2026,134,102,0.242,0.224,0.0179999999999999,0.403,0.371,0.032,0.309,0.288,0.021,2.5,3.46,-0.955,Jason Adam,2026-09-13
"Phillips, Connor",683175,2026,133,74,0.208,0.24,-0.032,0.356,0.407,-0.0509999999999999,0.347,0.377,-0.03,5.53,6.33,-0.8,Connor Phillips,2026-09-13
"Natera Jr., Samy",696519,2026,131,68,0.193,0.178,0.015,0.272,0.261,0.011,0.256,0.246,0.01,3.13,2.5,0.626,Samy Natera Jr.,2026-09-13
"Urquidy, José",664353,2026,131,101,0.306,0.236,0.07,0.479,0.347,0.132,0.361,0.286,0.075,5.28,3.41,1.866,José Urquidy,2026-09-13
"Romano, Jordan",605447,2026,131,82,0.225,0.227,-0.002,0.333,0.323,0.01,0.297,0.298,-0.001,5.34,3.72,1.617,Jordan Romano,2026-09-13
"Gastelum, Luis",703725,2026,131,81,0.246,0.252,-0.006,0.475,0.478,-0.003,0.34,0.343,-0.003,4.5,5.07,-0.57,Luis Gastelum,2026-09-13
"Weiss, Ryan",680802,2026,131,81,0.315,0.269,0.0459999999999999,0.568,0.488,0.0799999999999999,0.426,0.379,0.0469999999999999,7.62,6.41,1.205,Ryan Weiss,2026-09-13
"Rojas, Kendry",696070,2026,130,73,0.221,0.179,0.042,0.327,0.282,0.045,0.321,0.288,0.033,3.34,3.46,-0.123,Kendry Rojas,2026-09-13
"Kent, Jackson",800600,2026,129,86,0.275,0.265,0.01,0.385,0.419,-0.0339999999999999,0.35,0.355,-0.005,6.58,5.49,1.095,Jackson Kent,2026-09-13
"Mederos, Victor",682989,2026,128,85,0.205,0.232,-0.027,0.313,0.325,-0.012,0.274,0.291,-0.0169999999999999,2.97,3.53,-0.563,Victor Mederos,2026-09-13
"Morgan, David",688158,2026,128,76,0.301,0.224,0.0769999999999999,0.417,0.277,0.1399999999999999,0.37,0.288,0.082,4.56,3.46,1.098,David Morgan,2026-09-13
"Ashcraft, Graham",668933,2026,127,73,0.231,0.215,0.016,0.352,0.316,0.0359999999999999,0.312,0.296,0.016,4.91,3.66,1.249,Graham Ashcraft,2026-09-13
"Halvorsen, Seth",678020,2026,127,89,0.266,0.293,-0.0269999999999999,0.468,0.467,0.001,0.363,0.374,-0.011,5.54,6.21,-0.672,Seth Halvorsen,2026-09-13
"Estrada, Jeremiah",669093,2026,126,72,0.183,0.21,-0.0269999999999999,0.266,0.315,-0.0489999999999999,0.259,0.286,-0.0269999999999999,3.48,3.41,0.074,Jeremiah Estrada,2026-09-13
"Gage, Matt",657424,2026,126,86,0.267,0.257,0.01,0.505,0.43,0.075,0.376,0.352,0.024,5.6,5.38,0.218,Matt Gage,2026-09-13
"Woodford, Jake",663765,2026,126,96,0.348,0.333,0.0149999999999999,0.522,0.484,0.038,0.384,0.369,0.015,7.18,6.01,1.167,Jake Woodford,2026-09-13
"Klassen, George",691946,2026,125,79,0.225,0.26,-0.035,0.324,0.388,-0.064,0.317,0.358,-0.0409999999999999,3.67,5.6,-1.933,George Klassen,2026-09-13
"Rodríguez, Elmer",695684,2026,125,82,0.255,0.257,-0.002,0.353,0.387,-0.034,0.337,0.357,-0.0199999999999999,5.4,5.56,-0.16,Elmer Rodríguez,2026-09-13
"Jobe, Jackson",695549,2026,125,84,0.257,0.257,0.0,0.477,0.43,0.0469999999999999,0.357,0.342,0.0149999999999999,4.45,5.04,-0.593,Jackson Jobe,2026-09-13
"Davis, Tyler",699823,2026,123,81,0.19,0.22,-0.03,0.276,0.332,-0.0559999999999999,0.256,0.287,-0.0309999999999999,3.52,3.43,0.092,Tyler Davis,2026-09-13
"Wilcox, Cole",677961,2026,123,76,0.262,0.284,-0.0219999999999999,0.34,0.404,-0.064,0.326,0.355,-0.0289999999999999,4.0,5.49,-1.49,Cole Wilcox,2026-09-13
"Rangel, Alan",660604,2026,123,79,0.29,0.249,0.0409999999999999,0.495,0.37,0.125,0.378,0.318,0.06,5.88,4.28,1.605,Alan Rangel,2026-09-13
"Johnson, Seth",686751,2026,122,73,0.279,0.243,0.036,0.462,0.396,0.066,0.374,0.336,0.0379999999999999,6.84,4.84,2.0,Seth Johnson,2026-09-13
"Blewett, Scott",656240,2026,122,87,0.257,0.246,0.011,0.339,0.326,0.013,0.282,0.288,-0.006,2.46,3.46,-1.005,Scott Blewett,2026-09-13
"Sanders, Cam",676742,2026,122,65,0.214,0.212,0.002,0.276,0.303,-0.0269999999999999,0.304,0.311,-0.007,5.0,4.08,0.92,Cam Sanders,2026-09-13
"Greene, Hunter",668881,2026,121,79,0.261,0.268,-0.007,0.423,0.429,-0.006,0.322,0.325,-0.003,6.83,4.49,2.341,Hunter Greene,2026-09-13
"Suarez, Robert",663158,2026,121,88,0.184,0.252,-0.068,0.219,0.351,-0.1319999999999999,0.203,0.282,-0.0789999999999999,0.56,3.31,-2.747,Robert Suarez,2026-09-13
"Davila, Nick",689546,2026,119,89,0.24,0.274,-0.034,0.35,0.386,-0.036,0.315,0.341,-0.026,4.94,5.0,-0.061,Nick Davila,2026-09-13
"Cabrera, Jose",703615,2026,119,88,0.257,0.251,0.006,0.41,0.437,-0.027,0.333,0.339,-0.006,4.33,4.94,-0.607,Jose Cabrera,2026-09-13
"Blanco, Ronel",669854,2026,118,79,0.248,0.249,-0.001,0.505,0.455,0.0499999999999999,0.371,0.354,0.017,6.58,5.45,1.135,Ronel Blanco,2026-09-13
"Seymour, Carson",693313,2026,116,82,0.283,0.305,-0.022,0.495,0.507,-0.012,0.376,0.387,-0.011,5.4,6.74,-1.34,Carson Seymour,2026-09-13
"Cornelio, Riley",683000,2026,116,68,0.222,0.2,0.0219999999999999,0.333,0.304,0.029,0.312,0.307,0.005,5.26,3.96,1.3,Riley Cornelio,2026-09-13
"Vest, Will",676684,2026,116,77,0.275,0.244,0.031,0.382,0.365,0.017,0.326,0.307,0.019,6.08,3.96,2.115,Will Vest,2026-09-13
"Walker, Taijuan",592836,2026,115,86,0.353,0.312,0.0409999999999999,0.657,0.582,0.075,0.455,0.411,0.044,9.13,7.83,1.302,Taijuan Walker,2026-09-13
"Sousa, Bennett",656986,2026,115,73,0.278,0.213,0.065,0.412,0.35,0.062,0.352,0.306,0.0459999999999999,5.4,3.93,1.47,Bennett Sousa,2026-09-13
"Pintaro, Jonathan",702752,2026,115,73,0.216,0.222,-0.006,0.361,0.358,0.003,0.313,0.313,0.0,4.18,4.13,0.049,Jonathan Pintaro,2026-09-13
"Sullivan, Sean",807743,2026,114,84,0.343,0.241,0.102,0.677,0.431,0.246,0.461,0.335,0.126,8.87,4.81,4.056,Sean Sullivan,2026-09-13
"Little, Brendon",663893,2026,114,53,0.283,0.194,0.0889999999999999,0.511,0.329,0.182,0.392,0.293,0.099,6.93,3.59,3.342,Brendon Little,2026-09-13
"Akin, Keegan",669211,2026,114,88,0.284,0.246,0.0379999999999999,0.441,0.371,0.07,0.337,0.298,0.039,5.68,3.72,1.964,Keegan Akin,2026-09-13
"Beeks, Jalen",656222,2026,113,84,0.272,0.282,-0.0099999999999999,0.495,0.522,-0.027,0.351,0.363,-0.012,3.81,5.78,-1.972,Jalen Beeks,2026-09-13
"Treinen, Blake",595014,2026,113,73,0.242,0.263,-0.021,0.404,0.46,-0.0559999999999999,0.312,0.34,-0.028,3.46,4.97,-1.508,Blake Treinen,2026-09-13
"Seabold, Connor",657756,2026,113,81,0.306,0.253,0.0529999999999999,0.429,0.364,0.065,0.352,0.308,0.0439999999999999,5.25,3.99,1.26,Connor Seabold,2026-09-13
"Roberts, Ethan",681799,2026,110,76,0.237,0.255,-0.018,0.376,0.391,-0.015,0.332,0.342,-0.01,4.21,5.04,-0.832,Ethan Roberts,2026-09-13
"Hurter, Brant",676428,2026,110,78,0.189,0.229,-0.04,0.274,0.319,-0.0449999999999999,0.254,0.292,-0.0379999999999999,2.96,3.56,-0.597,Brant Hurter,2026-09-13
"Gamboa, Alec",687941,2026,109,80,0.206,0.185,0.0209999999999999,0.32,0.271,0.0489999999999999,0.261,0.248,0.013,1.29,2.55,-1.264,Alec Gamboa,2026-09-13
"Hernández, Jonathan",642546,2026,109,74,0.219,0.255,-0.036,0.385,0.389,-0.004,0.304,0.321,-0.017,5.68,4.37,1.314,Jonathan Hernández,2026-09-13
"Topa, Justin",623437,2026,108,79,0.337,0.288,0.049,0.511,0.464,0.0469999999999999,0.403,0.367,0.036,6.96,5.93,1.025,Justin Topa,2026-09-13
"Duarte, Daniel",650960,2026,108,72,0.16,0.202,-0.042,0.27,0.332,-0.062,0.223,0.263,-0.04,2.2,2.87,-0.672,Daniel Duarte,2026-09-13
"Castaño, Blas",680604,2026,106,77,0.284,0.295,-0.011,0.484,0.507,-0.023,0.361,0.373,-0.012,3.81,6.17,-2.362,Blas Castaño,2026-09-13
"Gil, Luis",661563,2026,106,75,0.225,0.256,-0.031,0.461,0.455,0.006,0.357,0.367,-0.01,5.4,5.93,-0.53,Luis Gil,2026-09-13
"Sandlin, David",689818,2026,106,69,0.237,0.23,0.0069999999999999,0.462,0.39,0.072,0.346,0.318,0.0279999999999999,6.93,4.28,2.652,David Sandlin,2026-09-13
"Collyer, Gavin",686560,2026,105,58,0.188,0.192,-0.004,0.275,0.278,-0.003,0.317,0.318,-0.001,5.09,4.28,0.807,Gavin Collyer,2026-09-13
"Way, Beck",694360,2026,105,73,0.293,0.257,0.0359999999999999,0.435,0.395,0.0399999999999999,0.35,0.341,0.0089999999999999,3.86,5.0,-1.143,Beck Way,2026-09-13
"Palencia, Daniel",694037,2026,104,69,0.269,0.25,0.019,0.452,0.414,0.038,0.34,0.32,0.02,4.5,4.34,0.16,Daniel Palencia,2026-09-13
"Borucki, Ryan",621366,2026,104,78,0.293,0.253,0.0399999999999999,0.478,0.373,0.1049999999999999,0.364,0.31,0.0539999999999999,4.94,4.05,0.894,Ryan Borucki,2026-09-13
"Ekness, Josh",694795,2026,104,70,0.238,0.24,-0.002,0.333,0.395,-0.062,0.325,0.343,-0.018,4.37,5.07,-0.702,Josh Ekness,2026-09-13
"Aleman, Franco",680916,2026,103,61,0.281,0.233,0.048,0.438,0.384,0.0539999999999999,0.364,0.324,0.0399999999999999,4.43,4.46,-0.027,Franco Aleman,2026-09-13
"Walker, Josh",677020,2026,103,70,0.226,0.208,0.018,0.333,0.297,0.036,0.271,0.249,0.022,1.8,2.57,-0.77,Josh Walker,2026-09-13
"Smith-Shawver, AJ",700363,2026,103,71,0.284,0.244,0.0399999999999999,0.489,0.405,0.0839999999999999,0.378,0.335,0.0429999999999999,7.71,4.81,2.904,AJ Smith-Shawver,2026-09-13
"Fernandez, Ryan",681676,2026,100,61,0.216,0.218,-0.002,0.364,0.347,0.017,0.295,0.291,0.004,3.52,3.53,-0.008,Ryan Fernandez,2026-09-13
"Nardi, Andrew",677053,2026,99,60,0.244,0.241,0.003,0.442,0.465,-0.023,0.343,0.348,-0.0049999999999999,5.16,5.24,-0.078,Andrew Nardi,2026-09-13
"Pallette, Peyton",688883,2026,97,56,0.218,0.25,-0.032,0.346,0.384,-0.038,0.333,0.356,-0.0229999999999999,5.23,5.52,-0.294,Peyton Pallette,2026-09-13
"Pecko, Ethan",814490,2026,96,67,0.207,0.248,-0.041,0.427,0.473,-0.0459999999999999,0.332,0.364,-0.0319999999999999,4.3,5.82,-1.516,Ethan Pecko,2026-09-13
"Williams, Trevor",592866,2026,96,59,0.244,0.237,0.007,0.402,0.341,0.061,0.318,0.308,0.01,3.22,3.99,-0.766,Trevor Williams,2026-09-13
"Mantiply, Joe",573009,2026,96,70,0.23,0.259,-0.0289999999999999,0.333,0.426,-0.0929999999999999,0.271,0.317,-0.0459999999999999,2.19,4.25,-2.061,Joe Mantiply,2026-09-13
"Coulombe, Danny",543056,2026,96,70,0.225,0.251,-0.0259999999999999,0.275,0.311,-0.0359999999999999,0.3,0.321,-0.021,4.5,4.37,0.13,Danny Coulombe,2026-09-13
"Bolton, Cody",675989,2026,95,58,0.269,0.276,-0.007,0.462,0.472,-0.0099999999999999,0.371,0.38,-0.009,5.4,6.45,-1.05,Cody Bolton,2026-09-13
"Drake, Kohl",684442,2026,95,67,0.293,0.298,-0.005,0.585,0.597,-0.012,0.403,0.412,-0.0089999999999999,6.53,7.88,-1.348,Kohl Drake,2026-09-13
"Fulton, Dax",690978,2026,95,60,0.185,0.197,-0.012,0.259,0.267,-0.008,0.259,0.272,-0.013,3.04,3.07,-0.028,Dax Fulton,2026-09-13
"Molina, Anthony",683627,2026,94,70,0.258,0.261,-0.003,0.449,0.441,0.008,0.323,0.32,0.003,5.24,4.34,0.899,Anthony Molina,2026-09-13
"Kranick, Max",668820,2026,94,69,0.342,0.28,0.062,0.608,0.446,0.1619999999999999,0.449,0.369,0.08,9.33,6.01,3.317,Max Kranick,2026-09-13
"Backhus, Kyle",679775,2026,94,66,0.294,0.247,0.0469999999999999,0.447,0.385,0.062,0.349,0.308,0.0409999999999999,4.95,3.99,0.96,Kyle Backhus,2026-09-13
"Anderson, Shaun",641312,2026,93,65,0.309,0.303,0.006,0.469,0.515,-0.046,0.38,0.391,-0.011,7.65,6.91,0.74,Shaun Anderson,2026-09-13
"Hanifee, Brenan",669724,2026,93,75,0.286,0.301,-0.015,0.512,0.5,0.012,0.369,0.37,-0.001,5.06,6.05,-0.987,Brenan Hanifee,2026-09-13
"Abel, Mick",690953,2026,93,57,0.275,0.273,0.002,0.35,0.413,-0.063,0.329,0.349,-0.0199999999999999,3.98,5.28,-1.296,Mick Abel,2026-09-13
"Foley, Jason",671345,2026,93,72,0.277,0.249,0.028,0.386,0.355,0.031,0.316,0.292,0.024,3.98,3.56,0.424,Jason Foley,2026-09-13
"Franco, Jose",683742,2026,92,62,0.25,0.236,0.014,0.461,0.391,0.07,0.363,0.347,0.016,4.43,5.21,-0.784,Jose Franco,2026-09-13
"Morgan, Eli",669212,2026,91,64,0.3,0.324,-0.024,0.525,0.513,0.012,0.396,0.399,-0.003,5.12,7.27,-2.149,Eli Morgan,2026-09-13
"Morales, Luis",806960,2026,90,62,0.365,0.303,0.062,0.73,0.522,0.2079999999999999,0.499,0.407,0.092,13.5,7.64,5.86,Luis Morales,2026-09-13
"Samaniego, Tyler",701719,2026,90,63,0.286,0.271,0.0149999999999999,0.351,0.403,-0.052,0.324,0.335,-0.011,2.66,4.81,-2.154,Tyler Samaniego,2026-09-13
"Sanmartin, Reiver",665665,2026,89,67,0.244,0.256,-0.012,0.427,0.392,0.0349999999999999,0.31,0.302,0.008,4.29,3.82,0.466,Reiver Sanmartin,2026-09-13
"Morris, Kade",695034,2026,89,69,0.39,0.289,0.101,0.649,0.417,0.232,0.465,0.359,0.106,10.9,5.63,5.274,Kade Morris,2026-09-13
"Phillips, Evan",623465,2026,89,57,0.247,0.25,-0.003,0.444,0.503,-0.059,0.311,0.336,-0.025,3.43,4.84,-1.411,Evan Phillips,2026-09-13
"Bummer, Aaron",607481,2026,88,63,0.324,0.271,0.0529999999999999,0.676,0.521,0.155,0.457,0.382,0.075,10.26,6.53,3.73,Aaron Bummer,2026-09-13
"Hartlieb, Geoff",664129,2026,88,65,0.297,0.247,0.0499999999999999,0.432,0.352,0.08,0.352,0.308,0.0439999999999999,4.58,3.99,0.586,Geoff Hartlieb,2026-09-13
"Stewart, Brock",592779,2026,87,58,0.179,0.174,0.005,0.295,0.264,0.0309999999999999,0.245,0.231,0.0139999999999999,2.38,2.21,0.172,Brock Stewart,2026-09-13
"Barco, Hunter",682995,2026,87,58,0.296,0.28,0.0159999999999999,0.535,0.466,0.069,0.411,0.381,0.0299999999999999,7.64,6.49,1.152,Hunter Barco,2026-09-13
"Anderson, Kade",807739,2026,87,63,0.269,0.244,0.025,0.449,0.394,0.0549999999999999,0.341,0.309,0.032,4.29,4.02,0.266,Kade Anderson,2026-09-13
"Jameson, Drey",686753,2026,86,62,0.257,0.275,-0.018,0.378,0.397,-0.019,0.325,0.341,-0.016,5.12,5.0,0.121,Drey Jameson,2026-09-13
"Crow, Coleman",689441,2026,85,68,0.276,0.269,0.007,0.474,0.448,0.0259999999999999,0.34,0.34,0.0,5.3,4.97,0.334,Coleman Crow,2026-09-13
"Bigge, Hunter",685801,2026,85,57,0.2,0.23,-0.03,0.329,0.341,-0.012,0.297,0.311,-0.014,6.98,4.08,2.903,Hunter Bigge,2026-09-13
"Cuas, Jose",621016,2026,85,55,0.315,0.311,0.004,0.384,0.402,-0.018,0.349,0.357,-0.008,2.5,5.56,-3.06,Jose Cuas,2026-09-13
"De los Santos, Yerry",660787,2026,84,61,0.216,0.255,-0.039,0.311,0.375,-0.064,0.269,0.308,-0.0389999999999999,1.35,3.99,-2.64,Yerry De los Santos,2026-09-13
"Alexander, Jason",669920,2026,84,61,0.28,0.257,0.023,0.56,0.415,0.145,0.391,0.332,0.059,9.33,4.71,4.617,Jason Alexander,2026-09-13
"Pivetta, Nick",601713,2026,83,51,0.182,0.182,0.0,0.247,0.303,-0.0559999999999999,0.223,0.242,-0.0189999999999999,3.43,2.42,1.009,Nick Pivetta,2026-09-13
"Mears, Nick",683232,2026,83,57,0.257,0.298,-0.0409999999999999,0.443,0.506,-0.063,0.344,0.382,-0.038,5.12,6.53,-1.409,Nick Mears,2026-09-13
"Thomas, Connor",671162,2026,82,62,0.343,0.279,0.064,0.543,0.462,0.081,0.404,0.355,0.049,9.72,5.49,4.23,Connor Thomas,2026-09-13
"Allen, Logan",671106,2026,81,57,0.319,0.242,0.077,0.5,0.4,0.0999999999999999,0.384,0.316,0.068,5.94,4.22,1.72,Logan Allen,2026-09-13
"Boyle, Joe",671212,2026,81,51,0.186,0.234,-0.048,0.314,0.361,-0.0469999999999999,0.262,0.307,-0.0449999999999999,5.21,3.96,1.251,Joe Boyle,2026-09-13
"Juenger, Hayden",696522,2026,81,65,0.358,0.313,0.0449999999999999,0.478,0.473,0.005,0.388,0.371,0.017,9.0,6.09,2.91,Hayden Juenger,2026-09-13
"Carrillo, Gerardo",672629,2026,81,42,0.222,0.184,0.038,0.302,0.277,0.0249999999999999,0.323,0.299,0.024,4.15,3.74,0.414,Gerardo Carrillo,2026-09-13
"Bido, Osvaldo",674370,2026,81,56,0.224,0.273,-0.049,0.403,0.449,-0.0459999999999999,0.344,0.377,-0.033,6.27,6.33,-0.062,Osvaldo Bido,2026-09-13
"Bidois, Brandan",684049,2026,80,47,0.297,0.253,0.0439999999999999,0.547,0.468,0.079,0.407,0.363,0.0439999999999999,6.32,5.78,0.539,Brandan Bidois,2026-09-13
"Murray, Jayden",681151,2026,79,56,0.362,0.272,0.0899999999999999,0.594,0.494,0.0999999999999999,0.438,0.363,0.075,9.37,5.78,3.587,Jayden Murray,2026-09-13
"Díaz, Edwin",621242,2026,79,47,0.385,0.303,0.082,0.631,0.456,0.175,0.468,0.378,0.09,11.85,6.37,5.484,Edwin Díaz,2026-09-13
"Laweryson, Cody",689520,2026,78,50,0.227,0.245,-0.0179999999999999,0.409,0.389,0.0199999999999999,0.32,0.33,-0.01,4.86,4.65,0.21,Cody Laweryson,2026-09-13
"Ferguson, Tyler",621053,2026,78,50,0.211,0.223,-0.012,0.507,0.456,0.0509999999999999,0.339,0.324,0.015,5.3,4.46,0.844,Tyler Ferguson,2026-09-13
"Leasure, Jordan",673929,2026,78,52,0.217,0.269,-0.052,0.507,0.624,-0.1169999999999999,0.337,0.406,-0.069,6.27,7.59,-1.322,Jordan Leasure,2026-09-13
"Curry, Xzavion",675540,2026,78,57,0.232,0.2,0.032,0.406,0.349,0.057,0.322,0.287,0.035,3.44,3.43,0.006,Xzavion Curry,2026-09-13
"Palmquist, Carson",687223,2026,78,52,0.323,0.271,0.0519999999999999,0.431,0.374,0.0569999999999999,0.378,0.337,0.0409999999999999,7.71,4.87,2.844,Carson Palmquist,2026-09-13
"Adams, Mason",690279,2026,77,46,0.265,0.235,0.03,0.529,0.458,0.071,0.379,0.34,0.0389999999999999,3.38,4.97,-1.595,Mason Adams,2026-09-13
"Kent, Zak",687849,2026,77,57,0.279,0.259,0.02,0.544,0.447,0.097,0.38,0.349,0.031,5.51,5.28,0.23,Zak Kent,2026-09-13
"Smith, Hagen",696146,2026,76,37,0.106,0.179,-0.073,0.167,0.249,-0.0819999999999999,0.194,0.253,-0.059,0.45,2.65,-2.2,Hagen Smith,2026-09-13
"Abner, Philip",691769,2026,74,58,0.234,0.282,-0.0479999999999999,0.375,0.487,-0.1119999999999999,0.312,0.371,-0.059,5.19,6.09,-0.898,Philip Abner,2026-09-13
"García, Luis",472610,2026,74,61,0.348,0.329,0.0189999999999999,0.545,0.522,0.023,0.415,0.397,0.0179999999999999,9.0,7.18,1.82,Luis García,2026-09-13
"Cosgrove, Tom",676680,2026,74,52,0.29,0.249,0.0409999999999999,0.565,0.41,0.1549999999999999,0.379,0.32,0.059,7.71,4.34,3.374,Tom Cosgrove,2026-09-13
"Chivilli, Angel",683409,2026,73,49,0.215,0.22,-0.005,0.431,0.395,0.0359999999999999,0.321,0.309,0.012,3.78,4.02,-0.24,Angel Chivilli,2026-09-13
"Smith, Burch",572143,2026,73,46,0.277,0.217,0.06,0.462,0.347,0.115,0.354,0.287,0.067,3.18,3.43,-0.254,Burch Smith,2026-09-13
"Carrasco, Carlos",471911,2026,73,61,0.318,0.371,-0.0529999999999999,0.485,0.586,-0.1009999999999999,0.373,0.432,-0.059,5.94,8.91,-2.97,Carlos Carrasco,2026-09-13
"Sears, Andrew",808825,2026,73,54,0.284,0.209,0.0749999999999999,0.493,0.338,0.1549999999999999,0.362,0.273,0.0889999999999999,5.4,3.09,2.31,Andrew Sears,2026-09-13
"Montgomery, Jordan",656756,2026,72,53,0.254,0.258,-0.004,0.433,0.412,0.021,0.323,0.316,0.007,5.29,4.22,1.074,Jordan Montgomery,2026-09-13
"Wilkinson, Matt",683363,2026,71,57,0.254,0.276,-0.022,0.493,0.485,0.008,0.338,0.345,-0.0069999999999999,5.4,5.14,0.26,Matt Wilkinson,2026-09-13
"Henry, Cole",669371,2026,71,44,0.288,0.256,0.0319999999999999,0.542,0.478,0.064,0.409,0.374,0.0349999999999999,7.9,6.21,1.692,Cole Henry,2026-09-13
"Kelly, Zack",677161,2026,71,49,0.233,0.29,-0.0569999999999999,0.3,0.432,-0.132,0.28,0.368,-0.0879999999999999,3.31,5.97,-2.664,Zack Kelly,2026-09-13
"Enns, Dietrich",608650,2026,70,46,0.236,0.211,0.0249999999999999,0.327,0.335,-0.008,0.306,0.301,0.005,3.94,3.8,0.138,Dietrich Enns,2026-09-13
"Frasso, Nick",693308,2026,69,47,0.305,0.257,0.0479999999999999,0.441,0.433,0.008,0.363,0.348,0.015,6.43,5.24,1.189,Nick Frasso,2026-09-13
"Helsley, Ryan",664854,2026,68,38,0.22,0.185,0.035,0.407,0.296,0.1109999999999999,0.319,0.265,0.0539999999999999,4.11,2.91,1.199,Ryan Helsley,2026-09-13
"Tong, Jonah",804636,2026,68,45,0.207,0.206,0.001,0.345,0.351,-0.006,0.294,0.297,-0.003,4.8,3.69,1.11,Jonah Tong,2026-09-13
"Peoples, Ben",687239,2026,68,49,0.241,0.221,0.0199999999999999,0.414,0.362,0.0519999999999999,0.333,0.305,0.028,2.75,3.91,-1.155,Ben Peoples,2026-09-13
"Saucedo, Tayler",642048,2026,67,42,0.226,0.192,0.034,0.306,0.318,-0.012,0.267,0.254,0.013,3.24,2.67,0.57,Tayler Saucedo,2026-09-13
"Harris, Trent",805345,2026,67,39,0.217,0.179,0.038,0.317,0.224,0.093,0.278,0.229,0.049,2.81,2.18,0.633,Trent Harris,2026-09-13
"Brogdon, Connor",641401,2026,67,50,0.23,0.258,-0.0279999999999999,0.525,0.514,0.011,0.335,0.345,-0.0099999999999999,5.28,5.14,0.143,Connor Brogdon,2026-09-13
"Maxwell, Zach",687209,2026,67,45,0.321,0.274,0.0469999999999999,0.518,0.452,0.066,0.406,0.366,0.04,8.31,5.9,2.408,Zach Maxwell,2026-09-13
"Martin, Chris",455119,2026,66,54,0.403,0.344,0.059,0.71,0.568,0.142,0.479,0.408,0.071,9.0,7.69,1.31,Chris Martin,2026-09-13
"Brieske, Beau",689225,2026,66,47,0.23,0.228,0.002,0.426,0.397,0.0289999999999999,0.312,0.3,0.012,5.51,3.77,1.74,Beau Brieske,2026-09-13
"Martin, Trevor",694680,2026,66,50,0.31,0.254,0.0559999999999999,0.569,0.478,0.0909999999999999,0.416,0.359,0.0569999999999999,4.39,5.63,-1.235,Trevor Martin,2026-09-13
"Young, Danny",664849,2026,65,34,0.313,0.241,0.072,0.563,0.468,0.0949999999999999,0.449,0.391,0.0579999999999999,8.03,6.91,1.117,Danny Young,2026-09-13
"Brash, Matt",666374,2026,64,40,0.151,0.234,-0.083,0.189,0.347,-0.1579999999999999,0.218,0.316,-0.098,0.54,4.22,-3.68,Matt Brash,2026-09-13
"Beck, Tristan",663941,2026,64,52,0.304,0.249,0.0549999999999999,0.482,0.434,0.0479999999999999,0.367,0.33,0.0369999999999999,7.07,4.65,2.421,Tristan Beck,2026-09-13
"Barnes, Charlie",656212,2026,63,49,0.309,0.321,-0.012,0.527,0.531,-0.004,0.402,0.404,-0.002,6.92,7.5,-0.577,Charlie Barnes,2026-09-13
"Falter, Bailey",663559,2026,63,50,0.421,0.342,0.0789999999999999,0.684,0.516,0.168,0.497,0.399,0.0979999999999999,11.57,7.27,4.301,Bailey Falter,2026-09-13
"Burgos, Raymond",670103,2026,63,50,0.242,0.231,0.0109999999999999,0.419,0.425,-0.006,0.29,0.285,0.005,5.51,3.38,2.13,Raymond Burgos,2026-09-13
"Yan, Jefry",642376,2026,62,33,0.277,0.235,0.042,0.426,0.322,0.1039999999999999,0.372,0.329,0.0429999999999999,5.68,4.61,1.074,Jefry Yan,2026-09-13
"Hollowell, Gavin",668970,2026,62,40,0.208,0.24,-0.032,0.377,0.447,-0.07,0.315,0.351,-0.0359999999999999,2.51,5.35,-2.838,Gavin Hollowell,2026-09-13
"Murphy, Luke",684665,2026,62,37,0.231,0.22,0.011,0.288,0.326,-0.038,0.304,0.31,-0.006,4.2,4.05,0.15,Luke Murphy,2026-09-13
"Strzelecki, Peter",657265,2026,61,45,0.25,0.201,0.0489999999999999,0.385,0.319,0.066,0.326,0.294,0.032,5.79,3.61,2.176,Peter Strzelecki,2026-09-13
"Perdomo, Cesar",702885,2026,61,46,0.286,0.266,0.0199999999999999,0.429,0.418,0.011,0.329,0.321,0.008,3.68,4.37,-0.688,Cesar Perdomo,2026-09-13
"Peralta, Sammy",671111,2026,60,35,0.333,0.284,0.049,0.569,0.481,0.0879999999999999,0.431,0.378,0.0529999999999999,7.5,6.37,1.13,Sammy Peralta,2026-09-13
"Hoffmann, Andrew",694851,2026,59,37,0.333,0.243,0.09,0.583,0.399,0.1839999999999999,0.434,0.336,0.0979999999999999,7.71,4.84,2.874,Andrew Hoffmann,2026-09-13
"Marte, Yunior",805074,2026,59,44,0.189,0.21,-0.0209999999999999,0.377,0.365,0.012,0.286,0.291,-0.005,2.46,3.53,-1.075,Yunior Marte,2026-09-13
"Santa, Alimber",695001,2026,59,44,0.16,0.207,-0.0469999999999999,0.24,0.272,-0.032,0.218,0.267,-0.049,1.17,2.95,-1.776,Alimber Santa,2026-09-13
"Weiman, Blake",676620,2026,58,46,0.291,0.227,0.0639999999999999,0.4,0.348,0.052,0.295,0.254,0.0409999999999999,2.02,2.67,-0.645,Blake Weiman,2026-09-13
"Thompson, Keegan",624522,2026,57,44,0.365,0.343,0.0219999999999999,0.596,0.623,-0.027,0.407,0.407,0.0,8.25,7.64,0.61,Keegan Thompson,2026-09-13
"Curtis, Khristian",694753,2026,57,41,0.191,0.224,-0.033,0.319,0.39,-0.071,0.291,0.327,-0.036,5.14,4.55,0.593,Khristian Curtis,2026-09-13
"Ross, Joe",605452,2026,57,44,0.314,0.307,0.007,0.549,0.524,0.025,0.404,0.391,0.013,9.26,6.91,2.347,Joe Ross,2026-09-13
"Estrada, Lazaro",681751,2026,57,37,0.178,0.217,-0.039,0.311,0.366,-0.0549999999999999,0.294,0.334,-0.04,5.54,4.77,0.768,Lazaro Estrada,2026-09-13
"McFarlane, Alex",686934,2026,56,40,0.2,0.271,-0.071,0.28,0.389,-0.1089999999999999,0.253,0.323,-0.07,2.63,4.43,-1.796,Alex McFarlane,2026-09-13
"Voth, Austin",608723,2026,56,47,0.396,0.338,0.0579999999999999,0.646,0.557,0.0889999999999999,0.459,0.402,0.0569999999999999,9.9,7.41,2.49,Austin Voth,2026-09-13
"Spence, Mitch",687765,2026,56,41,0.413,0.279,0.1339999999999999,0.717,0.409,0.308,0.509,0.361,0.148,21.21,5.71,15.504,Mitch Spence,2026-09-13
"Sands, Cole",663485,2026,56,39,0.313,0.268,0.0449999999999999,0.583,0.507,0.0759999999999999,0.409,0.364,0.0449999999999999,8.25,5.82,2.43,Cole Sands,2026-09-13
"Rom, Drew",680723,2026,56,33,0.319,0.258,0.061,0.532,0.447,0.085,0.394,0.354,0.04,6.35,5.45,0.903,Drew Rom,2026-09-13
"Waldrep, Hurston",694462,2026,56,35,0.295,0.231,0.0639999999999999,0.5,0.389,0.1109999999999999,0.419,0.359,0.06,8.44,5.63,2.808,Hurston Waldrep,2026-09-13
"Tur, Yunior",814305,2026,56,38,0.417,0.321,0.0959999999999999,0.771,0.632,0.139,0.534,0.445,0.089,19.73,9.65,10.081,Yunior Tur,2026-09-13
"Zerpa, Angel",672582,2026,55,41,0.333,0.328,0.005,0.521,0.53,-0.009,0.405,0.405,0.0,6.39,7.55,-1.155,Angel Zerpa,2026-09-13
"Lavender, Nate",681320,2026,55,35,0.212,0.218,-0.006,0.327,0.316,0.011,0.256,0.255,0.001,1.88,2.69,-0.806,Nate Lavender,2026-09-13
"Olds, Wyatt",681544,2026,54,31,0.188,0.204,-0.0159999999999999,0.354,0.37,-0.016,0.283,0.296,-0.013,1.39,3.66,-2.275,Wyatt Olds,2026-09-13
"Kerry, Brett",695049,2026,54,40,0.212,0.231,-0.019,0.385,0.361,0.024,0.269,0.27,-0.001,3.95,3.02,0.931,Brett Kerry,2026-09-13
"Curvelo, Luis",681168,2026,54,42,0.354,0.307,0.0469999999999999,0.708,0.544,0.1639999999999999,0.47,0.387,0.0829999999999999,9.58,6.74,2.841,Luis Curvelo,2026-09-13
"Núñez, Dedniel",673380,2026,54,41,0.278,0.249,0.029,0.5,0.469,0.031,0.332,0.303,0.029,3.95,3.85,0.101,Dedniel Núñez,2026-09-13
"Rock, Joe",697812,2026,53,28,0.275,0.267,0.008,0.3,0.402,-0.102,0.364,0.39,-0.026,3.48,6.87,-3.386,Joe Rock,2026-09-13
"McGee, Easton",668834,2026,52,38,0.362,0.297,0.065,0.681,0.456,0.225,0.468,0.36,0.108,7.15,5.67,1.477,Easton McGee,2026-09-13
"Acton, Garrett",670183,2026,51,29,0.238,0.212,0.0259999999999999,0.405,0.396,0.009,0.33,0.317,0.013,5.73,4.25,1.477,Garrett Acton,2026-09-13
"Wicks, Jordan",696136,2026,50,39,0.383,0.283,0.1,0.553,0.408,0.145,0.423,0.322,0.1009999999999999,10.45,4.4,6.052,Jordan Wicks,2026-09-13
"Espino, Daniel",682982,2026,50,26,0.217,0.192,0.0249999999999999,0.304,0.263,0.0409999999999999,0.265,0.236,0.029,2.25,2.31,-0.06,Daniel Espino,2026-09-13
"Kelly, Antwone",699008,2026,50,40,0.311,0.304,0.007,0.578,0.426,0.1519999999999999,0.395,0.347,0.048,6.35,5.21,1.143,Antwone Kelly,2026-09-13
"Kempner, William",687531,2026,50,30,0.182,0.231,-0.049,0.295,0.355,-0.06,0.266,0.306,-0.0399999999999999,2.92,3.93,-1.011,William Kempner,2026-09-13
"Manfredi, Mark",815081,2026,50,30,0.209,0.226,-0.017,0.302,0.409,-0.1069999999999999,0.286,0.33,-0.044,3.0,4.65,-1.65,Mark Manfredi,2026-09-13
"Hernández, Elieser",622694,2026,50,32,0.233,0.194,0.039,0.442,0.299,0.143,0.339,0.272,0.067,2.46,3.07,-0.615,Elieser Hernández,2026-09-13
"Gordon, Colton",676467,2026,50,35,0.467,0.327,0.14,0.933,0.587,0.3460000000000001,0.589,0.41,0.179,11.57,7.79,3.781,Colton Gordon,2026-09-13
"Granillo, Andre",701552,2026,50,38,0.333,0.295,0.038,0.538,0.44,0.098,0.428,0.394,0.0339999999999999,9.64,7.05,2.593,Andre Granillo,2026-09-13
"Cortes, Carlos",666126,2026,49,40,0.375,0.294,0.081,0.725,0.524,0.2009999999999999,0.496,0.408,0.088,10.61,7.69,2.917,Carlos Cortes,2026-09-13
"Foster, Cameron",671382,2026,49,32,0.415,0.254,0.1609999999999999,0.537,0.358,0.179,0.462,0.336,0.126,9.0,4.84,4.16,Cameron Foster,2026-09-13
"Trevino, Jose",624431,2026,49,44,0.468,0.379,0.089,0.745,0.635,0.1099999999999999,0.53,0.444,0.086,15.0,9.59,5.41,Jose Trevino,2026-09-13
"Smith, Shane",681343,2026,49,27,0.316,0.246,0.07,0.5,0.293,0.207,0.424,0.333,0.0909999999999999,10.8,4.74,6.06,Shane Smith,2026-09-13
"Joyce, Ben",690829,2026,49,26,0.146,0.207,-0.061,0.171,0.32,-0.149,0.221,0.295,-0.0739999999999999,3.65,3.64,0.009,Ben Joyce,2026-09-13
"Anderson, Jack",681252,2026,48,33,0.222,0.23,-0.008,0.333,0.418,-0.0849999999999999,0.269,0.301,-0.0319999999999999,2.19,3.8,-1.611,Jack Anderson,2026-09-13
"Mautz, Brycen",802408,2026,48,28,0.368,0.26,0.1079999999999999,0.579,0.475,0.1039999999999999,0.465,0.387,0.078,9.0,6.74,2.26,Brycen Mautz,2026-09-13
"Bellozo, Valente",678368,2026,48,32,0.256,0.316,-0.06,0.641,0.737,-0.0959999999999999,0.42,0.475,-0.0549999999999999,7.59,11.57,-3.976,Valente Bellozo,2026-09-13
"Peguero, Joel",666711,2026,48,37,0.238,0.192,0.0459999999999999,0.31,0.247,0.063,0.297,0.255,0.0419999999999999,2.38,2.69,-0.308,Joel Peguero,2026-09-13
"Vargas, Carlos",672841,2026,47,34,0.205,0.264,-0.059,0.364,0.401,-0.037,0.272,0.312,-0.0399999999999999,3.09,4.1,-1.014,Carlos Vargas,2026-09-13
"Dallas, Chad",689149,2026,47,31,0.25,0.218,0.032,0.35,0.306,0.0439999999999999,0.311,0.289,0.022,6.1,3.48,2.617,Chad Dallas,2026-09-13
"Cruz, Yovanny",672442,2026,47,28,0.308,0.267,0.0409999999999999,0.436,0.377,0.059,0.387,0.349,0.038,5.23,5.28,-0.054,Yovanny Cruz,2026-09-13
"Krook, Matt",640454,2026,46,25,0.265,0.293,-0.0279999999999999,0.5,0.448,0.0519999999999999,0.423,0.411,0.012,10.8,7.83,2.97,Matt Krook,2026-09-13
"Heuer, Codi",676051,2026,46,34,0.308,0.269,0.0389999999999999,0.41,0.382,0.0279999999999999,0.355,0.335,0.0199999999999999,4.66,4.81,-0.155,Codi Heuer,2026-09-13
"Sims, Lucas",608371,2026,46,28,0.257,0.22,0.037,0.4,0.356,0.044,0.353,0.33,0.0229999999999999,4.5,4.65,-0.15,Lucas Sims,2026-09-13
"Yean, Eddy",678868,2026,45,35,0.19,0.24,-0.0499999999999999,0.333,0.319,0.014,0.256,0.273,-0.017,2.46,3.09,-0.635,Eddy Yean,2026-09-13
"Rodríguez, Yariel",684320,2026,45,31,0.324,0.295,0.029,0.514,0.495,0.019,0.422,0.402,0.0199999999999999,7.71,7.41,0.304,Yariel Rodríguez,2026-09-13
"Allard, Kolby",663465,2026,45,32,0.39,0.317,0.073,0.659,0.533,0.126,0.467,0.385,0.082,10.38,6.66,3.725,Kolby Allard,2026-09-13
"Rivera, Eduardo",700842,2026,44,28,0.211,0.205,0.006,0.342,0.341,0.001,0.3,0.297,0.003,6.3,3.69,2.61,Eduardo Rivera,2026-09-13
"Shuster, Jared",694363,2026,44,34,0.289,0.239,0.0499999999999999,0.447,0.367,0.08,0.362,0.311,0.0509999999999999,9.0,4.08,4.92,Jared Shuster,2026-09-13
"McCambley, Zach",685112,2026,43,27,0.278,0.292,-0.0139999999999999,0.333,0.429,-0.0959999999999999,0.33,0.366,-0.0359999999999999,4.15,5.9,-1.746,Zach McCambley,2026-09-13
"Roa, Christian",685005,2026,43,27,0.313,0.296,0.017,0.5,0.491,0.009,0.424,0.415,0.009,5.19,8.03,-2.838,Christian Roa,2026-09-13
"Kahnle, Tommy",592454,2026,43,32,0.324,0.285,0.039,0.595,0.489,0.1059999999999999,0.434,0.381,0.0529999999999999,8.0,6.49,1.51,Tommy Kahnle,2026-09-13
"Garcia, Robert",676395,2026,43,26,0.139,0.198,-0.059,0.167,0.273,-0.106,0.226,0.284,-0.0579999999999999,2.46,3.36,-0.905,Robert Garcia,2026-09-13
"Hoffman, Nolan",676510,2026,42,31,0.294,0.29,0.004,0.324,0.358,-0.0339999999999999,0.312,0.327,-0.015,4.5,4.55,-0.05,Nolan Hoffman,2026-09-13
"Rodriguez, Carlos",692230,2026,42,30,0.263,0.228,0.035,0.395,0.327,0.068,0.324,0.282,0.042,3.86,3.31,0.547,Carlos Rodriguez,2026-09-13
"Kerr, Ray",678061,2026,42,33,0.135,0.21,-0.0749999999999999,0.216,0.31,-0.094,0.189,0.254,-0.065,1.59,2.67,-1.082,Ray Kerr,2026-09-13
"Nicolas, Kyle",693312,2026,42,22,0.276,0.272,0.004,0.414,0.444,-0.03,0.422,0.434,-0.012,8.59,9.02,-0.429,Kyle Nicolas,2026-09-13
"Fulmer, Michael",605242,2026,42,25,0.194,0.235,-0.0409999999999999,0.389,0.357,0.032,0.302,0.31,-0.008,1.86,4.05,-2.188,Michael Fulmer,2026-09-13
"Koenig, Jared",657649,2026,41,26,0.364,0.246,0.118,0.576,0.416,0.1599999999999999,0.443,0.337,0.1059999999999999,9.0,4.87,4.13,Jared Koenig,2026-09-13
"Waldichuk, Ken",686610,2026,40,26,0.235,0.243,-0.008,0.588,0.577,0.011,0.4,0.397,0.003,6.75,7.18,-0.43,Ken Waldichuk,2026-09-13
"Stallings, Garrett",668831,2026,40,25,0.083,0.118,-0.0349999999999999,0.083,0.132,-0.049,0.137,0.169,-0.032,0.0,1.23,-1.23,Garrett Stallings,2026-09-13
"Sandlin, Nick",680704,2026,40,26,0.29,0.238,0.0519999999999999,0.548,0.463,0.085,0.419,0.377,0.0419999999999999,11.42,6.33,5.093,Nick Sandlin,2026-09-13
"Vanasco, Ricky",676568,2026,40,30,0.412,0.294,0.118,0.706,0.519,0.1869999999999999,0.511,0.399,0.1119999999999999,15.63,7.27,8.362,Ricky Vanasco,2026-09-13
"Rajcic, Max",691008,2026,39,25,0.182,0.168,0.0139999999999999,0.394,0.318,0.076,0.311,0.281,0.0299999999999999,5.0,3.28,1.72,Max Rajcic,2026-09-13
"Paez, Jedixson",699151,2026,39,31,0.438,0.384,0.0539999999999999,0.906,0.812,0.0939999999999999,0.557,0.504,0.053,18.9,13.77,5.13,Jedixson Paez,2026-09-13
"Manoah, Alek",666201,2026,39,26,0.258,0.228,0.03,0.516,0.473,0.043,0.402,0.379,0.023,9.82,6.41,3.408,Alek Manoah,2026-09-13
"Ralston, Jack",667652,2026,39,26,0.176,0.193,-0.017,0.265,0.286,-0.0209999999999999,0.256,0.269,-0.013,3.86,3.0,0.857,Jack Ralston,2026-09-13
"Tolman, Erik",680899,2026,38,25,0.242,0.179,0.063,0.273,0.261,0.012,0.271,0.239,0.032,2.89,2.37,0.523,Erik Tolman,2026-09-13
"Simpson, Josh",681006,2026,38,23,0.333,0.227,0.106,0.727,0.532,0.1949999999999999,0.482,0.369,0.1129999999999999,9.82,6.01,3.808,Josh Simpson,2026-09-13
"Devenski, Chris",606965,2026,38,31,0.389,0.282,0.107,0.667,0.45,0.217,0.467,0.334,0.133,11.74,4.77,6.969,Chris Devenski,2026-09-13
"Lee, Chase",695445,2026,37,27,0.286,0.26,0.0259999999999999,0.607,0.376,0.2309999999999999,0.435,0.35,0.085,7.88,5.31,2.565,Chase Lee,2026-09-13
"Perales, Luis",691384,2026,37,22,0.323,0.256,0.067,0.613,0.53,0.0829999999999999,0.448,0.391,0.0569999999999999,11.57,6.91,4.661,Luis Perales,2026-09-13
"Hiraldo, Yaramil",682274,2026,37,17,0.241,0.169,0.0719999999999999,0.517,0.32,0.197,0.384,0.295,0.089,5.87,3.64,2.23,Yaramil Hiraldo,2026-09-13
"Karinchak, James",675916,2026,37,24,0.129,0.158,-0.0289999999999999,0.258,0.299,-0.0409999999999999,0.232,0.268,-0.036,1.86,2.98,-1.118,James Karinchak,2026-09-13
"Shook, TJ",669298,2026,36,27,0.353,0.261,0.0919999999999999,0.765,0.464,0.301,0.484,0.328,0.1559999999999999,8.22,4.58,3.637,TJ Shook,2026-09-13
"Payamps, Joel",606303,2026,36,23,0.281,0.252,0.029,0.594,0.548,0.0459999999999999,0.405,0.377,0.028,8.22,6.33,1.887,Joel Payamps,2026-09-13
"Gonzalez, Domingo",682445,2026,36,25,0.3,0.355,-0.0549999999999999,0.467,0.618,-0.1509999999999999,0.383,0.453,-0.07,4.7,10.13,-5.434,Domingo Gonzalez,2026-09-13
"Mills, Wyatt",670090,2026,36,20,0.208,0.234,-0.026,0.208,0.293,-0.0849999999999999,0.338,0.368,-0.0299999999999999,5.68,5.97,-0.286,Wyatt Mills,2026-09-13
"Trivino III, Lou",642152,2026,36,21,0.37,0.217,0.153,0.593,0.323,0.2699999999999999,0.465,0.33,0.135,15.0,4.65,10.35,Lou Trivino III,2026-09-13
"McDermott, Chayce",694646,2026,36,26,0.258,0.224,0.034,0.548,0.466,0.082,0.38,0.336,0.0439999999999999,5.87,4.84,1.03,Chayce McDermott,2026-09-13
"Lazar, Max",676661,2026,35,27,0.25,0.241,0.009,0.531,0.453,0.078,0.363,0.331,0.0319999999999999,5.63,4.68,0.945,Max Lazar,2026-09-13
"Van Eyk, CJ",669310,2026,35,31,0.355,0.294,0.061,0.516,0.467,0.0489999999999999,0.395,0.366,0.029,4.05,5.9,-1.85,CJ Van Eyk,2026-09-13
"Brito, Jhony",666745,2026,35,28,0.206,0.225,-0.019,0.412,0.419,-0.007,0.275,0.285,-0.0099999999999999,3.0,3.38,-0.38,Jhony Brito,2026-09-13
"Knack, Landon",689017,2026,35,26,0.258,0.22,0.038,0.677,0.494,0.183,0.407,0.34,0.0669999999999999,5.87,4.97,0.9,Landon Knack,2026-09-13
"Gervase, Paul",801434,2026,34,21,0.241,0.238,0.003,0.241,0.313,-0.072,0.286,0.306,-0.02,2.35,3.93,-1.582,Paul Gervase,2026-09-13
"Gerber, Joey",680702,2026,34,22,0.2,0.23,-0.03,0.4,0.373,0.027,0.306,0.309,-0.003,4.32,4.02,0.3,Joey Gerber,2026-09-13
"Estes, Joey",683155,2026,34,27,0.387,0.337,0.0499999999999999,0.935,0.576,0.3590000000000001,0.545,0.396,0.149,11.04,7.13,3.915,Joey Estes,2026-09-13
"Mushinski, Parker",656786,2026,34,29,0.31,0.325,-0.015,0.379,0.459,-0.08,0.36,0.39,-0.03,2.7,6.87,-4.17,Parker Mushinski,2026-09-13
"Law, Derek",571882,2026,34,26,0.267,0.317,-0.0499999999999999,0.333,0.462,-0.129,0.294,0.364,-0.07,1.0,5.82,-4.82,Derek Law,2026-09-13
"Sullivan, Brett",664954,2026,34,31,0.355,0.364,-0.009,0.613,0.625,-0.012,0.418,0.429,-0.011,4.7,8.75,-4.054,Brett Sullivan,2026-09-13
"Beck, Brendan",694341,2026,34,24,0.241,0.292,-0.0509999999999999,0.724,0.641,0.0829999999999999,0.444,0.435,0.009,8.22,9.08,-0.863,Brendan Beck,2026-09-13
"Tolbert, Tyler",686475,2026,33,29,0.586,0.501,0.0849999999999999,1.034,0.827,0.207,0.696,0.583,0.1129999999999999,25.07,22.22,2.851,Tyler Tolbert,2026-09-13
"Martin, Riley",702303,2026,32,19,0.179,0.169,0.0099999999999999,0.286,0.312,-0.026,0.249,0.25,-0.001,2.16,2.59,-0.43,Riley Martin,2026-09-13
"Gilbert, Tyler",656457,2026,32,24,0.429,0.343,0.0859999999999999,0.821,0.635,0.1859999999999999,0.552,0.45,0.102,12.0,9.95,2.05,Tyler Gilbert,2026-09-13
"Kelly, Michael",547184,2026,32,20,0.462,0.349,0.113,0.769,0.522,0.247,0.557,0.436,0.121,16.2,9.14,7.06,Michael Kelly,2026-09-13
"Pushard, Matt",690155,2026,32,20,0.24,0.278,-0.038,0.28,0.39,-0.1099999999999999,0.298,0.347,-0.0489999999999999,5.14,5.21,-0.067,Matt Pushard,2026-09-13
"Pop, Zach",647315,2026,31,21,0.2,0.248,-0.0479999999999999,0.32,0.358,-0.0379999999999999,0.271,0.317,-0.0459999999999999,3.68,4.25,-0.568,Zach Pop,2026-09-13
"Martinez, Justin",679885,2026,31,14,0.08,0.122,-0.0419999999999999,0.08,0.154,-0.074,0.194,0.233,-0.039,0.0,2.25,-2.25,Justin Martinez,2026-09-13
"Rainey, Tanner",663432,2026,31,16,0.136,0.156,-0.0199999999999999,0.182,0.213,-0.031,0.302,0.317,-0.015,3.86,4.25,-0.393,Tanner Rainey,2026-09-13
"France, J.P.",641585,2026,31,21,0.24,0.293,-0.0529999999999999,0.4,0.534,-0.134,0.358,0.42,-0.062,8.1,8.28,-0.18,J.P. France,2026-09-13
"Irvin, Cole",608344,2026,30,21,0.308,0.288,0.02,0.5,0.512,-0.012,0.395,0.39,0.005,9.0,6.87,2.13,Cole Irvin,2026-09-13
"Bivens, Spencer",702352,2026,30,18,0.44,0.294,0.146,0.6,0.483,0.1169999999999999,0.471,0.374,0.0969999999999999,14.4,6.21,8.19,Spencer Bivens,2026-09-13
"Fitzpatrick, Brian",702153,2026,30,22,0.259,0.212,0.047,0.296,0.265,0.0309999999999999,0.29,0.257,0.0329999999999999,1.35,2.73,-1.38,Brian Fitzpatrick,2026-09-13
"Leibrandt, Brandon",605335,2026,30,24,0.385,0.323,0.062,0.692,0.694,-0.002,0.461,0.437,0.024,7.5,9.19,-1.69,Brandon Leibrandt,2026-09-13
"Weisenburger, Jack",674073,2026,30,22,0.222,0.216,0.006,0.259,0.35,-0.0909999999999999,0.245,0.274,-0.029,2.46,3.12,-0.665,Jack Weisenburger,2026-09-13
"Ullola, Miguel",699044,2026,30,19,0.172,0.206,-0.034,0.414,0.416,-0.002,0.261,0.276,-0.015,3.38,3.16,0.215,Miguel Ullola,2026-09-13
"Gose, Anthony",543238,2026,29,27,0.231,0.23,0.001,0.308,0.439,-0.131,0.242,0.288,-0.0459999999999999,0.0,3.46,-3.46,Anthony Gose,2026-09-13
"Gonzales, Marco",594835,2026,29,22,0.28,0.208,0.072,0.36,0.294,0.066,0.324,0.267,0.0569999999999999,1.35,2.95,-1.6,Marco Gonzales,2026-09-13
"Murphy, Owen",702566,2026,29,20,0.231,0.28,-0.049,0.385,0.451,-0.066,0.31,0.353,-0.0429999999999999,4.05,5.42,-1.37,Owen Murphy,2026-09-13
"Winquest, Cade",685464,2026,29,19,0.208,0.153,0.0549999999999999,0.208,0.178,0.03,0.251,0.217,0.034,6.75,1.96,4.79,Cade Winquest,2026-09-13
"Garrett, Braxton",666129,2026,28,15,0.368,0.24,0.128,0.579,0.389,0.1899999999999999,0.475,0.386,0.0889999999999999,14.54,6.7,7.838,Braxton Garrett,2026-09-13
"Grove, Michael",675627,2026,28,22,0.259,0.289,-0.0299999999999999,0.63,0.708,-0.0779999999999999,0.36,0.423,-0.063,5.14,8.44,-3.297,Michael Grove,2026-09-13
"Corniell, Jose",692030,2026,28,20,0.478,0.273,0.2049999999999999,1.043,0.487,0.5559999999999999,0.645,0.365,0.28,20.77,5.86,14.909,Jose Corniell,2026-09-13
"Cerantola, Eric",672021,2026,28,10,0.235,0.181,0.0539999999999999,0.588,0.315,0.2729999999999999,0.484,0.402,0.0819999999999999,10.13,7.41,2.715,Eric Cerantola,2026-09-13
"Díaz, Yilber",700270,2026,28,19,0.478,0.402,0.0759999999999999,0.913,0.765,0.148,0.609,0.531,0.0779999999999999,22.85,16.19,6.656,Yilber Díaz,2026-09-13
"Baumler, Carter",691945,2026,27,14,0.2,0.206,-0.0059999999999999,0.4,0.353,0.047,0.371,0.359,0.012,3.18,5.63,-2.454,Carter Baumler,2026-09-13
"Vivas, Jorbit",678391,2026,27,23,0.478,0.373,0.1049999999999999,0.739,0.773,-0.034,0.554,0.517,0.037,13.5,14.88,-1.38,Jorbit Vivas,2026-09-13
"Sanoja, Javier",691594,2026,27,24,0.458,0.327,0.131,0.833,0.766,0.0669999999999999,0.543,0.464,0.079,13.5,10.83,2.67,Javier Sanoja,2026-09-13
"Rashi, Taylor",688497,2026,26,18,0.261,0.278,-0.017,0.435,0.462,-0.027,0.345,0.359,-0.014,7.94,5.63,2.311,Taylor Rashi,2026-09-13
"Hanner, Bradley",690440,2026,26,18,0.36,0.301,0.059,0.96,0.577,0.383,0.555,0.384,0.171,11.81,6.61,5.203,Bradley Hanner,2026-09-13
"Horton, Cade",690990,2026,26,20,0.167,0.249,-0.0819999999999999,0.292,0.321,-0.029,0.235,0.283,-0.0479999999999999,2.46,3.33,-0.875,Cade Horton,2026-09-13
"Heineman, Tyler",623168,2026,26,25,0.36,0.351,0.009,0.72,0.57,0.15,0.467,0.405,0.062,10.13,7.55,2.575,Tyler Heineman,2026-09-13
"Vaughn, Andrew",683734,2026,26,19,0.6,0.416,0.184,1.2,0.765,0.4349999999999999,0.752,0.549,0.2029999999999999,30.0,18.05,11.95,Andrew Vaughn,2026-09-13
"Blalock, Bradley",687134,2026,26,18,0.292,0.23,0.0619999999999999,0.458,0.375,0.083,0.352,0.293,0.059,3.0,3.59,-0.59,Bradley Blalock,2026-09-13
"Muñoz, Roddery",682610,2026,25,13,0.368,0.291,0.077,0.947,0.556,0.3909999999999999,0.586,0.44,0.1459999999999999,15.75,9.36,6.39,Roddery Muñoz,2026-09-13
"Tiedemann, Ricky",694357,2026,25,12,0.211,0.248,-0.037,0.211,0.317,-0.106,0.311,0.354,-0.0429999999999999,1.69,5.45,-3.762,Ricky Tiedemann,2026-09-13
"Edwards Jr., Carl",605218,2026,25,10,0.143,0.159,-0.016,0.286,0.25,0.0359999999999999,0.265,0.258,0.007,1.5,2.76,-1.26,Carl Edwards Jr.,2026-09-13
"Martin, Corbin",656686,2026,25,16,0.25,0.248,0.002,0.55,0.509,0.041,0.41,0.396,0.0139999999999999,10.8,7.13,3.67,Corbin Martin,2026-09-13
"Raya, Marco",694397,2026,25,18,0.227,0.274,-0.047,0.364,0.407,-0.0429999999999999,0.308,0.341,-0.033,3.0,5.0,-2.0,Marco Raya,2026-09-13
"Rodríguez, Manuel",655889,2026,24,11,0.278,0.221,0.057,0.556,0.384,0.172,0.417,0.341,0.0759999999999999,3.86,5.0,-1.143,Manuel Rodríguez,2026-09-13
"Lucchesi, Joey",664192,2026,24,13,0.412,0.286,0.126,0.647,0.491,0.156,0.528,0.43,0.098,13.5,8.81,4.69,Joey Lucchesi,2026-09-13
"Stubbs, Garrett",596117,2026,24,22,0.364,0.366,-0.002,0.591,0.713,-0.122,0.435,0.477,-0.0419999999999999,9.64,11.71,-2.067,Garrett Stubbs,2026-09-13
"Castro, Kervin",665645,2026,23,13,0.143,0.195,-0.052,0.19,0.245,-0.0549999999999999,0.193,0.235,-0.0419999999999999,1.42,2.29,-0.869,Kervin Castro,2026-09-13
"Emanuel, Kent",592288,2026,23,15,0.263,0.206,0.057,0.474,0.321,0.1529999999999999,0.379,0.308,0.071,3.6,3.99,-0.39,Kent Emanuel,2026-09-13
"Hjerpe, Cooper",687309,2026,23,8,0.118,0.193,-0.075,0.118,0.231,-0.113,0.262,0.322,-0.06,7.2,4.4,2.8,Cooper Hjerpe,2026-09-13
"Jacob, Alek",689690,2026,23,14,0.25,0.179,0.071,0.45,0.305,0.145,0.353,0.272,0.0809999999999999,5.4,3.07,2.33,Alek Jacob,2026-09-13
"Casparius, Ben",676508,2026,23,15,0.316,0.281,0.0349999999999999,0.474,0.467,0.0069999999999999,0.404,0.385,0.019,9.64,6.66,2.983,Ben Casparius,2026-09-13
"Rojas, Miguel",500743,2026,23,21,0.429,0.373,0.0559999999999999,0.81,0.591,0.219,0.544,0.438,0.106,13.5,9.25,4.25,Miguel Rojas,2026-09-13
"Hamilton, Ian",641656,2026,23,16,0.3,0.307,-0.007,0.4,0.356,0.044,0.356,0.342,0.0139999999999999,7.71,5.04,2.674,Ian Hamilton,2026-09-13
"McCann, James",543510,2026,23,20,0.474,0.467,0.0069999999999999,0.737,1.079,-0.3419999999999999,0.522,0.627,-0.1049999999999999,11.25,29.29,-18.04,James McCann,2026-09-13
"Go, Woo-Suk",808970,2026,22,15,0.4,0.28,0.12,0.85,0.559,0.2909999999999999,0.543,0.386,0.157,9.0,6.7,2.3,Woo-Suk Go,2026-09-13
"Santos, Gregory",666619,2026,22,18,0.263,0.327,-0.064,0.474,0.428,0.0459999999999999,0.363,0.376,-0.013,3.6,6.29,-2.69,Gregory Santos,2026-09-13
"VanWey, Logan",701121,2026,22,17,0.25,0.237,0.013,0.25,0.344,-0.0939999999999999,0.212,0.239,-0.0269999999999999,1.5,2.37,-0.87,Logan VanWey,2026-09-13
"Snelling, Robby",702281,2026,22,16,0.278,0.261,0.017,0.5,0.445,0.0549999999999999,0.399,0.371,0.028,5.4,6.09,-0.69,Robby Snelling,2026-09-13
"Williamson, Ben",810938,2026,21,20,0.25,0.297,-0.0469999999999999,0.45,0.532,-0.082,0.318,0.369,-0.0509999999999999,3.6,6.01,-2.41,Ben Williamson,2026-09-13
"Zimmermann, Bruce",669145,2026,21,18,0.3,0.235,0.065,0.45,0.324,0.126,0.341,0.261,0.08,5.4,2.82,2.58,Bruce Zimmermann,2026-09-13
"De León, Luis",801725,2026,21,15,0.167,0.187,-0.0199999999999999,0.333,0.275,0.0579999999999999,0.249,0.239,0.01,3.38,2.37,1.005,Luis De León,2026-09-13
"Brebbia, John",605154,2026,21,19,0.333,0.317,0.016,0.667,0.673,-0.006,0.425,0.414,0.011,10.38,7.98,2.405,John Brebbia,2026-09-13
"Wilson, Weston",642215,2026,21,21,0.55,0.428,0.122,0.85,0.699,0.151,0.577,0.467,0.1099999999999999,18.9,11.02,7.88,Weston Wilson,2026-09-13
"Hedges, Austin",595978,2026,20,19,0.35,0.25,0.0999999999999999,0.35,0.304,0.0459999999999999,0.312,0.24,0.072,6.23,2.39,3.841,Austin Hedges,2026-09-13
"Straw, Myles",664702,2026,20,19,0.421,0.319,0.1019999999999999,0.579,0.485,0.0939999999999999,0.449,0.365,0.084,4.5,5.86,-1.36,Myles Straw,2026-09-13
"Wantz, Andrew",681806,2026,20,14,0.333,0.326,0.007,0.6,0.582,0.018,0.477,0.463,0.0139999999999999,14.73,10.76,3.967,Andrew Wantz,2026-09-13
"Durán, Rodolfo",660710,2026,19,18,0.5,0.258,0.242,0.944,0.475,0.469,0.62,0.332,0.288,27.0,4.71,22.29,Rodolfo Durán,2026-09-13
"Klein, John",804619,2026,19,13,0.214,0.183,0.031,0.5,0.291,0.209,0.368,0.352,0.016,4.15,5.38,-1.226,John Klein,2026-09-13
"Verlander, Justin",434378,2026,19,16,0.353,0.365,-0.012,0.706,0.69,0.016,0.472,0.474,-0.002,12.27,11.5,0.773,Justin Verlander,2026-09-13
"Heasley, Jonathan",669169,2026,19,17,0.421,0.352,0.069,0.842,0.791,0.0509999999999999,0.536,0.479,0.057,11.25,11.85,-0.6,Jonathan Heasley,2026-09-13
"Cannon, Jonathan",686563,2026,18,9,0.308,0.252,0.0559999999999999,0.462,0.45,0.012,0.433,0.409,0.024,9.0,7.74,1.26,Jonathan Cannon,2026-09-13
"Harvey, Hunter",640451,2026,18,13,0.294,0.216,0.0779999999999999,0.647,0.563,0.084,0.415,0.345,0.07,6.75,5.14,1.61,Hunter Harvey,2026-09-13
"Higashioka, Kyle",543309,2026,18,16,0.571,0.509,0.0619999999999999,1.071,0.95,0.121,0.622,0.57,0.052,21.0,20.51,0.49,Kyle Higashioka,2026-09-13
"Criswell, Jeff",676105,2026,18,12,0.267,0.3,-0.0329999999999999,0.667,0.613,0.054,0.443,0.436,0.007,4.5,9.14,-4.64,Jeff Criswell,2026-09-13
"Sinclair, Jack",695378,2026,18,9,0.077,0.178,-0.1009999999999999,0.154,0.256,-0.102,0.267,0.333,-0.066,0.0,4.74,-4.74,Jack Sinclair,2026-09-13
"Fleming, Josh",676596,2026,18,14,0.429,0.36,0.069,0.643,0.632,0.011,0.479,0.47,0.009,12.0,11.22,0.78,Josh Fleming,2026-09-13
"Oviedo, Johan",670912,2026,18,13,0.4,0.338,0.062,0.933,0.767,0.166,0.546,0.484,0.062,9.82,12.21,-2.392,Johan Oviedo,2026-09-13
"Fernández, Julian",642759,2026,18,13,0.2,0.204,-0.0039999999999999,0.4,0.414,-0.0139999999999999,0.29,0.301,-0.011,2.25,3.8,-1.55,Julian Fernández,2026-09-13
"Monteverde, Patrick",687287,2026,18,15,0.294,0.255,0.0389999999999999,0.647,0.409,0.238,0.41,0.307,0.1029999999999999,9.0,3.96,5.04,Patrick Monteverde,2026-09-13
"Vargas, Ildemaro",545121,2026,17,13,0.25,0.259,-0.009,0.333,0.415,-0.0819999999999999,0.345,0.378,-0.033,4.91,6.37,-1.461,Ildemaro Vargas,2026-09-13
"Solesky, Chase",686678,2026,17,12,0.375,0.291,0.084,0.688,0.488,0.1999999999999999,0.467,0.353,0.114,6.0,5.42,0.58,Chase Solesky,2026-09-13
"Cook, Alex",702047,2026,17,13,0.267,0.201,0.066,0.533,0.373,0.16,0.382,0.293,0.089,7.36,3.59,3.774,Alex Cook,2026-09-13
"Burgos, Juan",686228,2026,17,16,0.214,0.196,0.0179999999999999,0.286,0.375,-0.089,0.251,0.274,-0.023,2.08,3.12,-1.043,Juan Burgos,2026-09-13
"Eflin, Zach",621107,2026,17,8,0.267,0.202,0.065,0.533,0.404,0.129,0.382,0.307,0.075,2.46,3.96,-1.505,Zach Eflin,2026-09-13
"Raquet, Nick",675919,2026,17,13,0.214,0.328,-0.114,0.5,0.498,0.002,0.372,0.416,-0.0439999999999999,7.36,8.08,-0.716,Nick Raquet,2026-09-13
"Richardson, Lyon",680689,2026,16,8,0.167,0.23,-0.063,0.667,0.727,-0.0599999999999999,0.433,0.478,-0.0449999999999999,13.5,11.78,1.72,Lyon Richardson,2026-09-13
"Buttó, José",676130,2026,16,7,0.5,0.319,0.181,1.083,0.689,0.394,0.677,0.494,0.183,22.5,12.96,9.54,José Buttó,2026-09-13
"Wiemer, Joey",686894,2026,16,13,0.583,0.423,0.1599999999999999,0.917,0.632,0.285,0.618,0.473,0.145,22.5,11.43,11.07,Joey Wiemer,2026-09-13
"Hagenman, Justin",663795,2026,16,13,0.2,0.289,-0.0889999999999999,0.4,0.648,-0.248,0.283,0.413,-0.13,4.5,7.93,-3.43,Justin Hagenman,2026-09-13
"McKinstry, Zach",656716,2026,15,9,0.333,0.263,0.07,0.667,0.41,0.257,0.537,0.454,0.083,18.0,10.19,7.81,Zach McKinstry,2026-09-13
"Stratton, Hunter",676702,2026,15,12,0.4,0.403,-0.003,0.467,0.476,-0.0089999999999999,0.381,0.383,-0.002,5.4,6.57,-1.17,Hunter Stratton,2026-09-13
"Ramos, Wilkin",678576,2026,15,10,0.455,0.388,0.067,0.545,0.47,0.075,0.508,0.459,0.0489999999999999,22.5,10.5,12.0,Wilkin Ramos,2026-09-13
"Eder, Jake",671109,2026,15,13,0.231,0.363,-0.1319999999999999,0.308,0.746,-0.438,0.249,0.459,-0.21,2.25,10.5,-8.25,Jake Eder,2026-09-13
"Seelinger, Matt",676910,2026,15,9,0.455,0.226,0.229,1.0,0.495,0.505,0.635,0.409,0.226,31.5,7.74,23.76,Matt Seelinger,2026-09-13
"Callihan, Tyler",682997,2026,15,11,0.25,0.282,-0.0319999999999999,0.25,0.415,-0.1649999999999999,0.318,0.38,-0.062,0.0,6.45,-6.45,Tyler Callihan,2026-09-13
"Murdock, Noah",668716,2026,15,8,0.273,0.153,0.12,0.273,0.222,0.051,0.318,0.259,0.059,0.0,2.78,-2.78,Noah Murdock,2026-09-13
"Frazier, Adam",624428,2026,14,12,0.583,0.419,0.1639999999999999,0.917,0.559,0.358,0.654,0.465,0.189,18.0,10.89,7.11,Adam Frazier,2026-09-13
"Hernández, Carlos",672578,2026,14,9,0.385,0.437,-0.0519999999999999,0.692,0.769,-0.077,0.477,0.525,-0.048,6.0,15.62,-9.62,Carlos Hernández,2026-09-13
"Strowd, Kade",669704,2026,14,8,0.222,0.406,-0.184,0.222,0.479,-0.257,0.377,0.496,-0.119,3.38,13.12,-9.745,Kade Strowd,2026-09-13
"Pannone, Thomas",623381,2026,14,10,0.25,0.316,-0.066,0.5,0.507,-0.007,0.373,0.4,-0.027,6.0,7.32,-1.32,Thomas Pannone,2026-09-13
"Simpson, Jared",688692,2026,14,7,0.0,0.205,-0.205,0.0,0.272,-0.272,0.15,0.312,-0.162,6.75,4.1,2.65,Jared Simpson,2026-09-13
"Walston, Blake",686796,2026,13,8,0.125,0.222,-0.097,0.25,0.517,-0.267,0.178,0.323,-0.145,3.0,4.43,-1.43,Blake Walston,2026-09-13
"Rivas, Leo",660844,2026,13,12,0.818,0.46,0.3579999999999999,1.182,0.889,0.2929999999999999,0.788,0.604,0.184,63.0,25.32,37.68,Leo Rivas,2026-09-13
"Burnes, Corbin",669203,2026,13,9,0.182,0.228,-0.046,0.364,0.364,0.0,0.302,0.322,-0.02,0.0,4.4,-4.4,Corbin Burnes,2026-09-13
"Kelly, Carson",608348,2026,13,13,0.308,0.307,0.001,0.769,0.78,-0.011,0.452,0.449,0.003,6.0,9.89,-3.89,Carson Kelly,2026-09-13
"Miller, Bobby",676272,2026,13,8,0.1,0.225,-0.125,0.3,0.571,-0.2709999999999999,0.252,0.396,-0.144,3.0,7.13,-4.13,Bobby Miller,2026-09-13
"Rutledge, Jackson",671131,2026,12,8,0.6,0.315,0.285,0.9,0.527,0.373,0.651,0.418,0.233,47.25,8.18,39.07,Jackson Rutledge,2026-09-13
"Brzykcy, Zach",694350,2026,12,8,0.3,0.246,0.0539999999999999,0.4,0.279,0.121,0.37,0.306,0.064,3.0,3.93,-0.93,Zach Brzykcy,2026-09-13
"Castellano, Eiberson",682769,2026,12,9,0.364,0.354,0.01,0.455,0.445,0.01,0.388,0.376,0.012,0.0,6.29,-6.29,Eiberson Castellano,2026-09-13
"Mateo, Jorge",622761,2026,12,10,0.455,0.38,0.075,0.455,0.442,0.013,0.429,0.387,0.0419999999999999,3.86,6.74,-2.883,Jorge Mateo,2026-09-13
"Muñoz, Rolddy",691548,2026,12,8,0.455,0.315,0.14,0.727,0.639,0.0879999999999999,0.526,0.428,0.098,13.5,8.7,4.8,Rolddy Muñoz,2026-09-13
"Rogers, Jake",668670,2026,12,7,0.3,0.272,0.0279999999999999,0.4,0.333,0.067,0.372,0.337,0.0349999999999999,0.0,4.87,-4.87,Jake Rogers,2026-09-13
"Roxby, Braxton",694820,2026,11,8,0.4,0.205,0.195,0.4,0.246,0.154,0.39,0.246,0.144,9.0,2.5,6.5,Braxton Roxby,2026-09-13
"Velasquez, Vince",592826,2026,11,10,0.091,0.151,-0.06,0.182,0.199,-0.017,0.115,0.154,-0.0389999999999999,0.0,1.04,-1.04,Vince Velasquez,2026-09-13
"Andrews, Tanner",681084,2026,11,8,0.111,0.135,-0.024,0.111,0.289,-0.178,0.208,0.273,-0.065,0.0,3.09,-3.09,Tanner Andrews,2026-09-13
"Lonsway, Seth",675920,2026,11,9,0.455,0.222,0.233,0.455,0.24,0.215,0.405,0.201,0.204,9.0,1.7,7.3,Seth Lonsway,2026-09-13
"Keller, Brian",662144,2026,11,8,0.182,0.252,-0.07,0.455,0.616,-0.1609999999999999,0.267,0.361,-0.0939999999999999,3.0,5.71,-2.71,Brian Keller,2026-09-13
"Johnson, Ty",694494,2026,11,4,0.167,0.097,0.07,0.333,0.182,0.151,0.336,0.318,0.018,3.86,4.28,-0.423,Ty Johnson,2026-09-13
"Uberstine, Tyler",700413,2026,11,8,0.3,0.274,0.0259999999999999,0.7,0.551,0.1489999999999999,0.445,0.378,0.067,3.38,6.37,-2.995,Tyler Uberstine,2026-09-13
"Torrens, Luis",620443,2026,11,11,0.364,0.315,0.0489999999999999,0.909,0.524,0.385,0.535,0.36,0.175,7.71,5.67,2.044,Luis Torrens,2026-09-13
"Rincon, Hancel",684516,2026,11,8,0.556,0.472,0.084,1.111,0.878,0.2329999999999999,0.704,0.599,0.1049999999999999,47.25,24.54,22.71,Hancel Rincon,2026-09-13
"Del Castillo, Adrian",680728,2026,10,9,0.444,0.496,-0.0519999999999999,0.444,0.749,-0.305,0.429,0.532,-0.103,5.4,16.29,-10.89,Adrian Del Castillo,2026-09-13
"Jackson, Alex",656577,2026,10,9,0.333,0.12,0.213,1.0,0.262,0.738,0.569,0.215,0.354,13.5,1.93,11.57,Alex Jackson,2026-09-13
"Sánchez, Gary",596142,2026,10,10,0.4,0.327,0.073,0.4,0.367,0.033,0.356,0.304,0.0519999999999999,0.0,3.88,-3.88,Gary Sánchez,2026-09-13
"Koss, Christian",683766,2026,10,10,0.5,0.41,0.09,0.7,0.537,0.1629999999999999,0.519,0.408,0.111,13.5,7.69,5.81,Christian Koss,2026-09-13
"Kriske, Brooks",621139,2026,10,8,0.2,0.249,-0.0489999999999999,0.2,0.319,-0.119,0.178,0.244,-0.066,0.0,2.46,-2.46,Brooks Kriske,2026-09-13
"Herrera, Welinton",700327,2026,10,7,0.222,0.288,-0.0659999999999999,0.222,0.387,-0.165,0.248,0.334,-0.086,0.0,4.77,-4.77,Welinton Herrera,2026-09-13
"Teodo, Emiliano",693713,2026,10,7,0.375,0.287,0.088,0.5,0.413,0.087,0.444,0.38,0.064,10.8,6.45,4.35,Emiliano Teodo,2026-09-13
"Ponce, Cody",664074,2026,10,6,0.111,0.177,-0.0659999999999999,0.222,0.277,-0.055,0.196,0.243,-0.0469999999999999,3.86,2.44,1.417,Cody Ponce,2026-09-13
"Acuña, Luisangel",682668,2026,10,9,0.222,0.3,-0.0779999999999999,0.556,0.4,0.156,0.364,0.34,0.0239999999999999,3.86,4.97,-1.113,Luisangel Acuña,2026-09-13
"Blach, Ty",621389,2026,9,7,0.111,0.292,-0.181,0.111,0.338,-0.227,0.099,0.269,-0.17,0.0,3.0,-3.0,Ty Blach,2026-09-13
"Nikhazy, Doug",680951,2026,9,6,0.143,0.19,-0.047,0.143,0.208,-0.065,0.254,0.291,-0.0369999999999999,4.5,3.53,0.97,Doug Nikhazy,2026-09-13
"Kennedy, Buddy",671083,2026,9,7,0.667,0.409,0.258,1.0,0.634,0.366,0.633,0.515,0.118,36.0,14.71,21.29,Buddy Kennedy,2026-09-13
"Adams, Blake",687060,2026,9,7,0.714,0.535,0.1789999999999999,1.286,1.109,0.177,0.82,0.698,0.122,45.0,47.23,-2.23,Blake Adams,2026-09-13
"Robles, Victor",645302,2026,9,8,0.625,0.49,0.135,0.625,0.619,0.006,0.572,0.504,0.0679999999999999,27.0,13.77,13.23,Victor Robles,2026-09-13
"Duran, Carlos",679922,2026,9,5,0.333,0.166,0.167,0.333,0.199,0.134,0.431,0.334,0.0969999999999999,13.5,4.77,8.73,Carlos Duran,2026-09-13
"Santos, Winston",692437,2026,9,7,0.25,0.285,-0.0349999999999999,0.625,0.545,0.0799999999999999,0.404,0.387,0.017,9.0,6.74,2.26,Winston Santos,2026-09-13
"Johnston, Troy",687859,2026,9,7,0.143,0.177,-0.034,0.143,0.207,-0.064,0.258,0.289,-0.0309999999999999,0.0,3.48,-3.48,Troy Johnston,2026-09-13
"Peterson, Austin",804926,2026,8,5,0.125,0.14,-0.015,0.125,0.17,-0.045,0.111,0.135,-0.024,0.0,0.83,-0.83,Austin Peterson,2026-09-13
"Monasterio, Andruw",655316,2026,8,5,0.75,0.426,0.324,2.25,1.081,1.169,0.886,0.601,0.285,67.5,24.85,42.65,Andruw Monasterio,2026-09-13
"Bowden, Ben",641386,2026,8,5,0.4,0.387,0.013,0.6,0.632,-0.032,0.535,0.538,-0.003,36.0,16.89,19.11,Ben Bowden,2026-09-13
"Davitt, Duncan",701474,2026,8,6,0.286,0.357,-0.071,0.857,0.614,0.243,0.501,0.448,0.0529999999999999,4.5,9.83,-5.33,Duncan Davitt,2026-09-13
"Torres, Bryan",663494,2026,8,7,0.143,0.48,-0.3369999999999999,0.143,0.642,-0.499,0.199,0.516,-0.317,0.0,14.79,-14.79,Bryan Torres,2026-09-13
"Moore, Dylan",664238,2026,8,6,0.167,0.235,-0.0679999999999999,0.167,0.324,-0.157,0.29,0.379,-0.089,5.4,6.41,-1.01,Dylan Moore,2026-09-13
"White, Josh",687985,2026,8,2,0.333,0.34,-0.007,1.333,1.342,-0.0090000000000001,0.696,0.693,0.003,67.5,45.58,21.92,Josh White,2026-09-13
"Holman, Grant",680880,2026,7,6,0.667,0.455,0.212,0.833,0.735,0.0979999999999999,0.661,0.534,0.127,0.0,16.49,-16.49,Grant Holman,2026-09-13
"Pagés, Pedro",686780,2026,7,7,0.286,0.407,-0.121,0.714,0.991,-0.277,0.42,0.584,-0.1639999999999999,4.5,22.36,-17.86,Pedro Pagés,2026-09-13
"Lopez, Nicky",670032,2026,7,6,0.571,0.355,0.2159999999999999,0.571,0.417,0.1539999999999999,0.509,0.34,0.1689999999999999,9.0,4.97,4.03,Nicky Lopez,2026-09-13
"Estévez, Carlos",608032,2026,7,5,0.8,0.494,0.306,1.4,0.917,0.4829999999999999,0.874,0.628,0.246,162.0,29.48,132.52,Carlos Estévez,2026-09-13
"Martinez, Seth",661527,2026,6,4,0.4,0.283,0.117,0.6,0.38,0.2199999999999999,0.48,0.36,0.12,9.0,5.67,3.33,Seth Martinez,2026-09-13
"Marte, Yunior",628708,2026,6,3,0.75,0.537,0.2129999999999999,1.0,0.654,0.346,0.754,0.561,0.1929999999999999,108.0,19.42,88.58,Yunior Marte,2026-09-13
"Wade Jr., LaMonte",664774,2026,6,6,0.5,0.517,-0.017,1.167,0.894,0.273,0.7,0.599,0.1009999999999999,18.0,24.54,-6.54,LaMonte Wade Jr.,2026-09-13
"Tromp, Chadwick",644433,2026,6,5,0.6,0.294,0.306,1.4,0.496,0.904,0.817,0.395,0.4219999999999999,18.0,7.09,10.91,Chadwick Tromp,2026-09-13
"Díaz, Jhonathan",646242,2026,6,5,0.333,0.299,0.034,0.833,0.796,0.0369999999999999,0.49,0.457,0.0329999999999999,6.75,10.38,-3.63,Jhonathan Díaz,2026-09-13
"Kingham, Nolan",663884,2026,6,3,0.333,0.152,0.181,0.333,0.175,0.158,0.381,0.333,0.0479999999999999,9.0,4.74,4.26,Nolan Kingham,2026-09-13
"Ríos, Yacksel",605441,2026,5,3,0.0,0.345,-0.345,0.0,0.43,-0.43,0.0,0.335,-0.335,0.0,4.81,-4.81,Yacksel Ríos,2026-09-13
"Schuemann, Max",680474,2026,5,4,0.25,0.387,-0.137,0.25,0.447,-0.197,0.318,0.43,-0.1119999999999999,0.0,8.81,-8.81,Max Schuemann,2026-09-13
"Burkhalter, Blake",686628,2026,5,3,0.333,0.429,-0.0959999999999999,0.333,0.551,-0.218,0.318,0.395,-0.077,9.0,7.09,1.91,Blake Burkhalter,2026-09-13
"McDougal, Tanner",701780,2026,5,1,0.0,0.172,-0.172,0.0,0.177,-0.177,0.565,0.596,-0.031,27.0,24.08,2.92,Tanner McDougal,2026-09-13
"Tena, José",677588,2026,5,4,0.5,0.378,0.122,0.5,0.463,0.0369999999999999,0.496,0.43,0.066,9.0,8.81,0.19,José Tena,2026-09-13
"Little, Luke",681432,2026,5,4,0.4,0.338,0.062,1.0,0.932,0.0679999999999999,0.588,0.527,0.0609999999999999,9.0,15.81,-6.81,Luke Little,2026-09-13
"Flores Jr., Rafael",804668,2026,5,5,0.4,0.356,0.044,0.4,0.482,-0.0819999999999999,0.356,0.362,-0.006,0.0,5.74,-5.74,Rafael Flores Jr.,2026-09-13
"Arcia, Orlando",606115,2026,5,3,0.333,0.234,0.099,0.333,0.286,0.047,0.457,0.411,0.046,9.0,7.83,1.17,Orlando Arcia,2026-09-13
"Zuñiga, Guillo",670871,2026,4,2,0.0,0.019,-0.019,0.0,0.019,-0.019,0.175,0.187,-0.012,0.0,1.48,-1.48,Guillo Zuñiga,2026-09-13
"Hernández, Enrique",571771,2026,4,4,0.25,0.217,0.033,0.25,0.52,-0.27,0.223,0.306,-0.0829999999999999,0.0,3.93,-3.93,Enrique Hernández,2026-09-13
"Kelly, Antoine",681520,2026,4,2,0.0,0.396,-0.396,0.0,0.448,-0.448,0.175,0.454,-0.279,0.0,10.19,-10.19,Antoine Kelly,2026-09-13
"Rojas, Josh",668942,2026,4,4,0.25,0.337,-0.087,0.25,0.399,-0.149,0.223,0.319,-0.096,0.0,4.31,-4.31,Josh Rojas,2026-09-13
"Salazar, César",663967,2026,4,4,0.25,0.084,0.1659999999999999,1.0,0.253,0.747,0.512,0.137,0.375,9.0,0.85,8.15,César Salazar,2026-09-13
"Espada, Jose",664744,2026,4,4,0.5,0.364,0.136,0.5,0.412,0.088,0.445,0.34,0.1049999999999999,0.0,4.97,-4.97,Jose Espada,2026-09-13
"Pereda, Jhonny",640902,2026,4,4,0.75,0.312,0.438,1.5,0.542,0.958,0.958,0.362,0.596,54.0,5.74,48.26,Jhonny Pereda,2026-09-13
"Brooks, Aaron",605156,2026,4,2,0.5,0.189,0.311,2.0,0.556,1.444,0.862,0.502,0.36,81.0,13.6,67.4,Aaron Brooks,2026-09-13
"Higgins, P.J.",664731,2026,3,2,0.0,0.03,-0.03,0.0,0.045,-0.045,0.0,0.034,-0.034,0.0,0.09,-0.09,P.J. Higgins,2026-09-13
"Haggerty, Sam",664059,2026,3,2,0.0,0.057,-0.057,0.0,0.063,-0.063,0.243,0.278,-0.035,0.0,3.21,-3.21,Sam Haggerty,2026-09-13
"Herget, Kevin",643361,2026,3,3,0.0,0.125,-0.125,0.0,0.178,-0.178,0.0,0.128,-0.128,0.0,0.76,-0.76,Kevin Herget,2026-09-13
"McGuire, Reese",624512,2026,3,3,0.0,0.017,-0.017,0.0,0.046,-0.046,0.0,0.027,-0.027,0.0,0.06,-0.06,Reese McGuire,2026-09-13
"Meyers, Jake",676694,2026,3,3,0.0,0.407,-0.407,0.0,0.459,-0.459,0.0,0.382,-0.382,0.0,6.53,-6.53,Jake Meyers,2026-09-13
"Weston, Cameron",687721,2026,3,1,0.0,0.241,-0.241,0.0,0.262,-0.262,0.233,0.381,-0.148,0.0,6.49,-6.49,Cameron Weston,2026-09-13
"Maile, Luke",571912,2026,3,3,0.0,0.039,-0.039,0.0,0.06,-0.06,0.0,0.044,-0.044,0.0,0.13,-0.13,Luke Maile,2026-09-13
"Ross, Dylan",697811,2026,3,3,0.0,0.119,-0.119,0.0,0.141,-0.141,0.0,0.108,-0.108,0.0,0.57,-0.57,Dylan Ross,2026-09-13
"Short, Zack",670097,2026,3,3,0.0,0.209,-0.209,0.0,0.249,-0.249,0.0,0.204,-0.204,0.0,1.74,-1.74,Zack Short,2026-09-13
"La Sorsa, Joe",686747,2026,2,1,0.5,0.4,0.0999999999999999,2.0,1.544,0.4559999999999999,1.025,0.797,0.2279999999999998,27.0,104.55,-77.55,Joe La Sorsa,2026-09-13
