"last_name, first_name",mlbam_id,year,pa,bip,ba,est_ba,est_ba_minus_ba_diff,slg,est_slg,est_slg_minus_slg_diff,woba,est_woba,est_woba_minus_woba_diff,era,xera,era_minus_xera_diff,name,fetched
"Alcantara, Sandy",645261,2026,808,608,0.243,0.249,-0.006,0.37,0.368,0.002,0.295,0.296,-0.001,3.54,3.65,-0.108,Sandy Alcantara,2026-09-07
"Sánchez, Cristopher",650911,2026,752,497,0.25,0.234,0.0159999999999999,0.351,0.35,0.001,0.288,0.279,0.0089999999999999,2.58,3.23,-0.649,Cristopher Sánchez,2026-09-07
"Wacha, Michael",608379,2026,712,519,0.229,0.243,-0.0139999999999999,0.407,0.405,0.0019999999999999,0.301,0.305,-0.004,3.36,3.9,-0.538,Michael Wacha,2026-09-07
"Rodriguez, Eduardo",593958,2026,710,524,0.233,0.255,-0.0219999999999999,0.364,0.416,-0.0519999999999999,0.293,0.32,-0.027,2.55,4.33,-1.781,Eduardo Rodriguez,2026-09-07
"Luzardo, Jesús",666200,2026,697,427,0.221,0.208,0.013,0.342,0.31,0.032,0.282,0.266,0.0159999999999999,3.02,2.92,0.104,Jesús Luzardo,2026-09-07
"Baz, Shane",669358,2026,695,489,0.26,0.249,0.011,0.39,0.39,0.0,0.312,0.31,0.002,3.91,4.04,-0.128,Shane Baz,2026-09-07
"Valdez, Framber",664285,2026,688,497,0.257,0.261,-0.004,0.38,0.392,-0.012,0.319,0.324,-0.005,4.17,4.45,-0.283,Framber Valdez,2026-09-07
"King, Michael",650633,2026,686,463,0.215,0.237,-0.0219999999999999,0.339,0.4,-0.061,0.292,0.321,-0.029,3.0,4.36,-1.36,Michael King,2026-09-07
"Lugo, Seth",607625,2026,685,508,0.289,0.279,0.0099999999999999,0.463,0.452,0.011,0.351,0.344,0.007,5.04,5.09,-0.052,Seth Lugo,2026-09-07
"Gore, MacKenzie",669022,2026,684,444,0.242,0.24,0.002,0.396,0.374,0.022,0.315,0.306,0.009,4.51,3.92,0.59,MacKenzie Gore,2026-09-07
"Bibee, Tanner",676440,2026,684,495,0.235,0.251,-0.016,0.401,0.415,-0.0139999999999999,0.307,0.319,-0.012,4.06,4.3,-0.242,Tanner Bibee,2026-09-07
"Gausman, Kevin",592332,2026,683,473,0.255,0.247,0.008,0.407,0.401,0.0059999999999999,0.31,0.305,0.005,4.38,3.9,0.48,Kevin Gausman,2026-09-07
"Williams, Gavin",668909,2026,681,396,0.213,0.222,-0.009,0.386,0.401,-0.015,0.293,0.301,-0.008,3.78,3.79,-0.009,Gavin Williams,2026-09-07
"Schlittler, Cam",693645,2026,677,417,0.192,0.21,-0.0179999999999999,0.311,0.337,-0.026,0.25,0.268,-0.018,2.04,2.97,-0.925,Cam Schlittler,2026-09-07
"Bradley, Taj",671737,2026,675,419,0.222,0.225,-0.003,0.383,0.379,0.004,0.305,0.306,-0.001,3.95,3.92,0.034,Taj Bradley,2026-09-07
"McLean, Nolan",690997,2026,671,412,0.205,0.218,-0.013,0.325,0.335,-0.01,0.284,0.295,-0.011,3.06,3.63,-0.568,Nolan McLean,2026-09-07
"Ashcraft, Braxton",677952,2026,667,452,0.235,0.232,0.0029999999999999,0.386,0.369,0.017,0.292,0.287,0.005,3.65,3.42,0.227,Braxton Ashcraft,2026-09-07
"Kirby, George",669923,2026,667,494,0.283,0.26,0.0229999999999999,0.445,0.407,0.038,0.336,0.31,0.026,4.18,4.04,0.14,George Kirby,2026-09-07
"Abbott, Andrew",671096,2026,664,472,0.251,0.262,-0.011,0.414,0.432,-0.018,0.327,0.338,-0.011,4.43,4.89,-0.459,Andrew Abbott,2026-09-07
"Cavalli, Cade",676917,2026,663,418,0.236,0.234,0.0019999999999999,0.358,0.365,-0.007,0.296,0.298,-0.002,3.12,3.71,-0.59,Cade Cavalli,2026-09-07
"Messick, Parker",800048,2026,663,443,0.21,0.222,-0.012,0.346,0.335,0.0109999999999999,0.269,0.271,-0.002,2.53,3.04,-0.507,Parker Messick,2026-09-07
"Nola, Aaron",605400,2026,663,448,0.265,0.238,0.027,0.479,0.407,0.072,0.345,0.307,0.0379999999999999,4.76,3.95,0.811,Aaron Nola,2026-09-07
"Gilbert, Logan",669302,2026,661,438,0.221,0.234,-0.013,0.409,0.397,0.0119999999999999,0.297,0.299,-0.002,3.71,3.73,-0.021,Logan Gilbert,2026-09-07
"Singer, Brady",663903,2026,658,474,0.279,0.274,0.005,0.466,0.453,0.013,0.356,0.348,0.008,5.03,5.23,-0.198,Brady Singer,2026-09-07
"Griffin, Foster",656492,2026,657,466,0.235,0.257,-0.022,0.399,0.417,-0.0179999999999999,0.303,0.318,-0.015,3.26,4.27,-1.014,Foster Griffin,2026-09-07
"Soriano, José",667755,2026,654,426,0.23,0.248,-0.0179999999999999,0.33,0.39,-0.06,0.296,0.325,-0.029,3.52,4.48,-0.961,José Soriano,2026-09-07
"Bradish, Kyle",680694,2026,652,441,0.257,0.241,0.016,0.418,0.393,0.0249999999999999,0.332,0.318,0.014,3.91,4.27,-0.362,Kyle Bradish,2026-09-07
"Detmers, Reid",672282,2026,651,420,0.216,0.217,-0.001,0.346,0.36,-0.014,0.273,0.28,-0.007,3.44,3.25,0.194,Reid Detmers,2026-09-07
"Cameron, Noah",702070,2026,647,456,0.237,0.246,-0.009,0.387,0.405,-0.018,0.301,0.311,-0.01,4.08,4.06,0.022,Noah Cameron,2026-09-07
"Peralta, Freddy",642547,2026,643,441,0.257,0.236,0.021,0.441,0.378,0.063,0.336,0.305,0.031,4.96,3.9,1.059,Freddy Peralta,2026-09-07
"Martinez, Nick",607259,2026,643,521,0.249,0.271,-0.022,0.396,0.424,-0.0279999999999999,0.294,0.316,-0.022,3.04,4.21,-1.172,Nick Martinez,2026-09-07
"Kelly, Merrill",518876,2026,641,474,0.271,0.298,-0.0269999999999999,0.474,0.528,-0.054,0.355,0.387,-0.032,5.06,6.72,-1.661,Merrill Kelly,2026-09-07
"Skenes, Paul",694973,2026,640,403,0.231,0.217,0.014,0.372,0.343,0.0289999999999999,0.295,0.28,0.0149999999999999,3.83,3.25,0.582,Paul Skenes,2026-09-07
"Ray, Robbie",592662,2026,638,433,0.229,0.245,-0.0159999999999999,0.384,0.423,-0.0389999999999999,0.314,0.335,-0.021,3.39,4.79,-1.4,Robbie Ray,2026-09-07
"Imanaga, Shota",684007,2026,637,444,0.236,0.235,0.001,0.439,0.41,0.029,0.314,0.302,0.012,3.92,3.81,0.105,Shota Imanaga,2026-09-07
"Burke, Sean",680732,2026,635,405,0.217,0.224,-0.007,0.371,0.366,0.005,0.295,0.296,-0.001,3.2,3.65,-0.45,Sean Burke,2026-09-07
"Yamamoto, Yoshinobu",808967,2026,634,429,0.187,0.216,-0.0289999999999999,0.317,0.34,-0.023,0.248,0.271,-0.023,2.67,3.04,-0.367,Yoshinobu Yamamoto,2026-09-07
"Woo, Bryan",693433,2026,633,435,0.224,0.235,-0.0109999999999999,0.368,0.385,-0.017,0.28,0.292,-0.0119999999999999,4.03,3.55,0.48,Bryan Woo,2026-09-07
"Kay, Anthony",641743,2026,633,444,0.259,0.26,-0.001,0.428,0.416,0.012,0.34,0.34,0.0,4.47,4.95,-0.482,Anthony Kay,2026-09-07
"Elder, Bryce",693821,2026,633,459,0.244,0.252,-0.008,0.407,0.401,0.0059999999999999,0.313,0.313,0.0,4.11,4.12,-0.013,Bryce Elder,2026-09-07
"Cease, Dylan",656302,2026,622,333,0.176,0.189,-0.013,0.264,0.284,-0.0199999999999999,0.245,0.257,-0.012,2.25,2.73,-0.485,Dylan Cease,2026-09-07
"Webb, Logan",657277,2026,621,452,0.239,0.26,-0.021,0.349,0.383,-0.034,0.29,0.311,-0.021,4.21,4.06,0.149,Logan Webb,2026-09-07
"Cantillo, Joey",676282,2026,617,391,0.255,0.231,0.0239999999999999,0.404,0.366,0.038,0.333,0.31,0.023,3.81,4.04,-0.228,Joey Cantillo,2026-09-07
"Roupp, Landen",694738,2026,614,404,0.222,0.23,-0.008,0.341,0.341,0.0,0.296,0.299,-0.003,4.17,3.73,0.438,Landen Roupp,2026-09-07
"Gray, Sonny",543243,2026,611,431,0.24,0.247,-0.007,0.38,0.373,0.007,0.297,0.297,0.0,2.69,3.68,-0.992,Sonny Gray,2026-09-07
"Liberatore, Matthew",669461,2026,608,410,0.283,0.264,0.0189999999999999,0.468,0.448,0.02,0.353,0.337,0.0159999999999999,5.57,4.86,0.708,Matthew Liberatore,2026-09-07
"McGreevy, Michael",700241,2026,608,465,0.258,0.281,-0.023,0.426,0.48,-0.0539999999999999,0.319,0.352,-0.0329999999999999,3.97,5.36,-1.389,Michael McGreevy,2026-09-07
"Rogers, Trevor",669432,2026,603,431,0.253,0.244,0.009,0.409,0.392,0.0169999999999999,0.309,0.3,0.009,4.3,3.76,0.543,Trevor Rogers,2026-09-07
"Sale, Chris",519242,2026,601,375,0.219,0.222,-0.003,0.308,0.332,-0.024,0.262,0.272,-0.01,2.1,3.06,-0.96,Chris Sale,2026-09-07
"Rasmussen, Drew",656876,2026,598,408,0.2,0.229,-0.0289999999999999,0.307,0.349,-0.0419999999999999,0.245,0.274,-0.029,2.88,3.11,-0.234,Drew Rasmussen,2026-09-07
"Lambert, Peter",663567,2026,595,390,0.223,0.215,0.008,0.34,0.354,-0.0139999999999999,0.295,0.296,-0.001,3.67,3.65,0.023,Peter Lambert,2026-09-07
"Warren, Will",701542,2026,594,408,0.264,0.263,0.001,0.448,0.42,0.028,0.335,0.327,0.008,4.16,4.54,-0.381,Will Warren,2026-09-07
"Rocker, Kumar",677958,2026,593,407,0.262,0.256,0.006,0.438,0.419,0.019,0.338,0.329,0.009,4.61,4.6,0.011,Kumar Rocker,2026-09-07
"Chandler, Bubba",696149,2026,592,393,0.226,0.233,-0.007,0.36,0.368,-0.008,0.308,0.313,-0.005,4.3,4.12,0.181,Bubba Chandler,2026-09-07
"Burns, Chase",695505,2026,592,369,0.219,0.209,0.01,0.359,0.35,0.009,0.286,0.279,0.0069999999999999,2.79,3.23,-0.443,Chase Burns,2026-09-07
"Misiorowski, Jacob",694819,2026,592,317,0.155,0.17,-0.015,0.253,0.253,0.0,0.218,0.224,-0.006,1.97,2.08,-0.106,Jacob Misiorowski,2026-09-07
"Lorenzen, Michael",547179,2026,589,447,0.337,0.299,0.038,0.541,0.488,0.053,0.402,0.37,0.032,7.03,6.03,0.997,Michael Lorenzen,2026-09-07
"Pallante, Andre",669467,2026,584,435,0.246,0.249,-0.003,0.355,0.371,-0.016,0.298,0.305,-0.007,3.51,3.9,-0.389,Andre Pallante,2026-09-07
"Young, Brandon",687064,2026,583,420,0.251,0.255,-0.004,0.406,0.406,0.0,0.317,0.32,-0.003,3.42,4.33,-0.914,Brandon Young,2026-09-07
"deGrom, Jacob",594798,2026,582,370,0.225,0.234,-0.009,0.373,0.387,-0.014,0.283,0.292,-0.009,3.96,3.55,0.406,Jacob deGrom,2026-09-07
"Ginn, J.T.",669372,2026,580,393,0.225,0.241,-0.0159999999999999,0.368,0.372,-0.004,0.303,0.312,-0.009,3.71,4.09,-0.382,J.T. Ginn,2026-09-07
"Peterson, David",656849,2026,579,406,0.277,0.273,0.004,0.418,0.413,0.005,0.339,0.34,-0.001,5.39,4.95,0.436,David Peterson,2026-09-07
"Montero, Keider",672456,2026,577,444,0.216,0.23,-0.014,0.356,0.38,-0.024,0.272,0.287,-0.0149999999999999,3.52,3.42,0.104,Keider Montero,2026-09-07
"Buehler, Walker",621111,2026,576,403,0.255,0.244,0.011,0.413,0.397,0.0159999999999999,0.326,0.314,0.012,4.55,4.15,0.405,Walker Buehler,2026-09-07
"Rea, Colin",607067,2026,572,419,0.261,0.276,-0.015,0.431,0.48,-0.0489999999999999,0.335,0.357,-0.0219999999999999,4.5,5.54,-1.04,Colin Rea,2026-09-07
"Springs, Jeffrey",605488,2026,572,413,0.266,0.252,0.014,0.519,0.445,0.074,0.365,0.336,0.0289999999999999,6.02,4.82,1.203,Jeffrey Springs,2026-09-07
"Weathers, Ryan",677960,2026,568,384,0.249,0.255,-0.006,0.394,0.424,-0.0299999999999999,0.306,0.319,-0.013,3.6,4.3,-0.696,Ryan Weathers,2026-09-07
"Castillo, Luis",622491,2026,567,410,0.282,0.269,0.0129999999999999,0.489,0.455,0.0339999999999999,0.358,0.339,0.0189999999999999,5.57,4.92,0.651,Luis Castillo,2026-09-07
"Sugano, Tomoyuki",608372,2026,566,454,0.282,0.312,-0.03,0.53,0.554,-0.024,0.362,0.389,-0.027,5.2,6.81,-1.615,Tomoyuki Sugano,2026-09-07
"Hancock, Emerson",676106,2026,566,401,0.24,0.242,-0.002,0.399,0.41,-0.0109999999999999,0.302,0.308,-0.006,3.57,3.98,-0.41,Emerson Hancock,2026-09-07
"May, Dustin",669160,2026,562,379,0.259,0.251,0.008,0.381,0.386,-0.005,0.317,0.319,-0.002,4.69,4.3,0.393,Dustin May,2026-09-07
"Manaea, Sean",640455,2026,562,385,0.268,0.26,0.008,0.479,0.453,0.0259999999999999,0.353,0.34,0.0129999999999999,4.7,4.95,-0.251,Sean Manaea,2026-09-07
"Holmes, Grant",656550,2026,561,399,0.236,0.254,-0.018,0.393,0.428,-0.0349999999999999,0.312,0.333,-0.021,3.62,4.73,-1.107,Grant Holmes,2026-09-07
"Leahy, Kyle",681517,2026,559,391,0.268,0.271,-0.003,0.414,0.448,-0.034,0.325,0.337,-0.012,3.41,4.86,-1.451,Kyle Leahy,2026-09-07
"Pérez, Eury",691587,2026,556,344,0.207,0.216,-0.009,0.368,0.388,-0.02,0.3,0.31,-0.01,3.72,4.04,-0.316,Eury Pérez,2026-09-07
"Eovaldi, Nathan",543135,2026,555,378,0.25,0.25,0.0,0.439,0.421,0.018,0.323,0.316,0.007,4.21,4.21,-0.004,Nathan Eovaldi,2026-09-07
"Freeland, Kyle",607536,2026,554,417,0.296,0.282,0.014,0.528,0.476,0.052,0.371,0.346,0.025,6.37,5.16,1.21,Kyle Freeland,2026-09-07
"Martin, Davis",663436,2026,553,390,0.264,0.271,-0.007,0.396,0.413,-0.0169999999999999,0.321,0.33,-0.009,4.13,4.63,-0.497,Davis Martin,2026-09-07
"Fedde, Erick",607200,2026,552,410,0.257,0.256,0.001,0.434,0.435,-0.001,0.329,0.33,-0.001,4.0,4.63,-0.633,Erick Fedde,2026-09-07
"Ureña, Walbert",700712,2026,552,355,0.198,0.207,-0.0089999999999999,0.291,0.314,-0.023,0.274,0.286,-0.0119999999999999,2.74,3.4,-0.659,Walbert Ureña,2026-09-07
"Tolle, Payton",801139,2026,551,351,0.219,0.198,0.0209999999999999,0.373,0.317,0.0559999999999999,0.285,0.255,0.0299999999999999,3.15,2.68,0.473,Payton Tolle,2026-09-07
"Wheeler, Zack",554430,2026,547,337,0.209,0.206,0.003,0.373,0.329,0.0439999999999999,0.287,0.271,0.0159999999999999,3.23,3.04,0.195,Zack Wheeler,2026-09-07
"Mahle, Tyler",641816,2026,545,375,0.251,0.251,0.0,0.403,0.397,0.006,0.314,0.313,0.001,4.05,4.12,-0.067,Tyler Mahle,2026-09-07
"Suarez, Ranger",624133,2026,543,374,0.242,0.249,-0.007,0.342,0.354,-0.0119999999999999,0.291,0.298,-0.007,3.44,3.71,-0.266,Ranger Suarez,2026-09-07
"Wrobleski, Justin",680736,2026,543,398,0.24,0.271,-0.031,0.408,0.452,-0.044,0.304,0.333,-0.029,3.84,4.73,-0.892,Justin Wrobleski,2026-09-07
"Littell, Zack",641793,2026,540,425,0.278,0.299,-0.0209999999999999,0.511,0.539,-0.028,0.36,0.384,-0.024,5.21,6.6,-1.388,Zack Littell,2026-09-07
"Vásquez, Randy",681190,2026,535,416,0.264,0.288,-0.0239999999999999,0.43,0.494,-0.064,0.324,0.359,-0.0349999999999999,4.02,5.62,-1.602,Randy Vásquez,2026-09-07
"Ryan, Joe",657746,2026,523,353,0.239,0.224,0.0149999999999999,0.405,0.39,0.015,0.299,0.29,0.009,3.65,3.5,0.153,Joe Ryan,2026-09-07
"Lowder, Rhett",695076,2026,522,379,0.27,0.268,0.002,0.441,0.458,-0.017,0.343,0.347,-0.0039999999999999,5.43,5.19,0.241,Rhett Lowder,2026-09-07
"Skubal, Tarik",669373,2026,521,335,0.22,0.229,-0.009,0.351,0.34,0.0109999999999999,0.269,0.269,0.0,2.86,2.99,-0.134,Tarik Skubal,2026-09-07
"Pérez, Martín",527048,2026,521,370,0.227,0.267,-0.04,0.371,0.402,-0.031,0.302,0.333,-0.031,3.25,4.73,-1.481,Martín Pérez,2026-09-07
"Sasaki, Roki",808963,2026,511,341,0.244,0.246,-0.002,0.468,0.41,0.058,0.343,0.323,0.02,4.6,4.42,0.181,Roki Sasaki,2026-09-07
"Keller, Mitch",656605,2026,503,364,0.259,0.288,-0.0289999999999999,0.426,0.455,-0.029,0.334,0.355,-0.0209999999999999,5.29,5.47,-0.179,Mitch Keller,2026-09-07
"Cecconi, Slade",677944,2026,498,368,0.29,0.272,0.0179999999999999,0.468,0.455,0.013,0.352,0.339,0.0129999999999999,5.03,4.92,0.113,Slade Cecconi,2026-09-07
"Mikolas, Miles",571945,2026,498,415,0.293,0.288,0.005,0.527,0.506,0.021,0.364,0.354,0.01,5.82,5.44,0.379,Miles Mikolas,2026-09-07
"Ober, Bailey",641927,2026,498,376,0.246,0.249,-0.003,0.424,0.452,-0.028,0.317,0.327,-0.01,4.28,4.54,-0.257,Bailey Ober,2026-09-07
"Mlodzinski, Carmen",669387,2026,493,363,0.264,0.287,-0.0229999999999999,0.382,0.436,-0.0539999999999999,0.313,0.342,-0.029,3.9,5.02,-1.117,Carmen Mlodzinski,2026-09-07
"Phillips, Tyler",663969,2026,491,346,0.24,0.256,-0.016,0.389,0.413,-0.0239999999999999,0.315,0.329,-0.014,3.51,4.6,-1.088,Tyler Phillips,2026-09-07
"Matthews, Zebby",805673,2026,487,353,0.253,0.256,-0.003,0.451,0.439,0.012,0.329,0.328,0.001,4.69,4.57,0.122,Zebby Matthews,2026-09-07
"McClanahan, Shane",663556,2026,487,337,0.211,0.245,-0.034,0.324,0.413,-0.0889999999999999,0.273,0.318,-0.0449999999999999,3.36,4.27,-0.914,Shane McClanahan,2026-09-07
"Seymour, Ian",693855,2026,486,309,0.23,0.223,0.007,0.447,0.402,0.0449999999999999,0.313,0.295,0.018,4.33,3.63,0.702,Ian Seymour,2026-09-07
"Drohan, Shane",675660,2026,484,325,0.255,0.229,0.0259999999999999,0.402,0.368,0.034,0.319,0.297,0.022,4.09,3.68,0.413,Shane Drohan,2026-09-07
"Pfaadt, Brandon",694297,2026,482,371,0.238,0.244,-0.006,0.38,0.389,-0.009,0.294,0.3,-0.006,3.53,3.76,-0.232,Brandon Pfaadt,2026-09-07
"Feltner, Ryan",663372,2026,479,349,0.284,0.262,0.0219999999999999,0.514,0.468,0.0459999999999999,0.372,0.348,0.024,5.91,5.23,0.676,Ryan Feltner,2026-09-07
"Harrison, Kyle",690986,2026,471,300,0.249,0.238,0.011,0.436,0.383,0.0529999999999999,0.325,0.299,0.026,3.66,3.73,-0.07,Kyle Harrison,2026-09-07
"Houser, Adrian",605288,2026,470,357,0.257,0.268,-0.011,0.434,0.453,-0.019,0.326,0.339,-0.013,4.02,4.92,-0.899,Adrian Houser,2026-09-07
"Lopez, Jacob",682052,2026,466,307,0.251,0.206,0.045,0.417,0.336,0.0809999999999999,0.334,0.286,0.048,4.71,3.4,1.314,Jacob Lopez,2026-09-07
"Lauer, Eric",641778,2026,466,353,0.256,0.256,0.0,0.486,0.475,0.011,0.347,0.342,0.0049999999999999,5.23,5.02,0.214,Eric Lauer,2026-09-07
"Mize, Casey",663554,2026,464,334,0.232,0.229,0.003,0.394,0.375,0.019,0.293,0.288,0.005,3.64,3.45,0.192,Casey Mize,2026-09-07
"Meyer, Max",676974,2026,462,293,0.207,0.227,-0.02,0.339,0.375,-0.0359999999999999,0.282,0.304,-0.022,2.68,3.87,-1.194,Max Meyer,2026-09-07
"Arrighetti, Spencer",681293,2026,459,286,0.221,0.241,-0.0199999999999999,0.387,0.414,-0.0269999999999999,0.329,0.35,-0.0209999999999999,5.12,5.29,-0.168,Spencer Arrighetti,2026-09-07
"Painter, Andrew",691725,2026,456,323,0.263,0.249,0.014,0.43,0.411,0.019,0.334,0.32,0.014,5.55,4.33,1.224,Andrew Painter,2026-09-07
"Cole, Gerrit",543037,2026,453,314,0.232,0.246,-0.0139999999999999,0.407,0.392,0.0149999999999999,0.296,0.296,0.0,3.4,3.65,-0.245,Gerrit Cole,2026-09-07
"Junk, Janson",676083,2026,453,346,0.262,0.259,0.003,0.409,0.408,0.001,0.316,0.317,-0.001,4.0,4.24,-0.24,Janson Junk,2026-09-07
"Perkins, Jack",678022,2026,452,279,0.266,0.228,0.038,0.465,0.378,0.087,0.359,0.31,0.0489999999999999,6.5,4.04,2.458,Jack Perkins,2026-09-07
"Civale, Aaron",650644,2026,450,331,0.285,0.26,0.0249999999999999,0.478,0.431,0.0469999999999999,0.354,0.325,0.0289999999999999,4.37,4.48,-0.114,Aaron Civale,2026-09-07
"Prielipp, Connor",687570,2026,450,292,0.259,0.238,0.021,0.416,0.389,0.0269999999999999,0.329,0.313,0.016,5.28,4.12,1.159,Connor Prielipp,2026-09-07
"Gallen, Zac",668678,2026,440,344,0.304,0.313,-0.009,0.506,0.53,-0.024,0.373,0.384,-0.011,6.34,6.6,-0.263,Zac Gallen,2026-09-07
"Bello, Brayan",678394,2026,432,323,0.286,0.297,-0.011,0.421,0.467,-0.046,0.335,0.355,-0.0199999999999999,5.07,5.47,-0.402,Brayan Bello,2026-09-07
"Scott, Christian",681035,2026,431,258,0.223,0.226,-0.003,0.347,0.351,-0.004,0.302,0.303,-0.001,3.81,3.84,-0.035,Christian Scott,2026-09-07
"Jump, Gage",695611,2026,425,271,0.266,0.26,0.006,0.411,0.398,0.0129999999999999,0.333,0.326,0.007,5.12,4.51,0.611,Gage Jump,2026-09-07
"Boyd, Matthew",571510,2026,423,306,0.247,0.265,-0.018,0.4,0.44,-0.0399999999999999,0.317,0.337,-0.02,4.05,4.86,-0.814,Matthew Boyd,2026-09-07
"Burrows, Mike",681347,2026,423,309,0.292,0.263,0.0289999999999999,0.508,0.44,0.068,0.375,0.335,0.0399999999999999,5.99,4.79,1.199,Mike Burrows,2026-09-07
"Sproat, Brandon",687075,2026,414,257,0.248,0.246,0.002,0.439,0.41,0.029,0.351,0.339,0.0119999999999999,5.27,4.92,0.348,Brandon Sproat,2026-09-07
"Sheehan, Emmet",686218,2026,412,266,0.252,0.23,0.0219999999999999,0.485,0.403,0.0819999999999999,0.346,0.308,0.0379999999999999,5.29,3.98,1.307,Emmet Sheehan,2026-09-07
"Melton, Troy",675512,2026,407,290,0.205,0.233,-0.028,0.364,0.367,-0.003,0.279,0.293,-0.0139999999999999,2.2,3.58,-1.381,Troy Melton,2026-09-07
"Patrick, Chad",694477,2026,406,279,0.226,0.241,-0.0149999999999999,0.366,0.387,-0.021,0.299,0.313,-0.014,3.29,4.12,-0.825,Chad Patrick,2026-09-07
"Gordon, Tanner",685299,2026,406,311,0.304,0.259,0.0449999999999999,0.528,0.457,0.071,0.368,0.323,0.0449999999999999,5.4,4.42,0.98,Tanner Gordon,2026-09-07
"Alvarez, Andrew",674841,2026,401,264,0.233,0.251,-0.0179999999999999,0.344,0.381,-0.037,0.3,0.321,-0.021,3.6,4.36,-0.76,Andrew Alvarez,2026-09-07
"Miller, Bryce",682243,2026,397,275,0.228,0.22,0.008,0.418,0.371,0.0469999999999999,0.303,0.283,0.02,4.01,3.32,0.694,Bryce Miller,2026-09-07
"Jax, Griffin",643377,2026,396,261,0.25,0.258,-0.008,0.409,0.424,-0.015,0.314,0.328,-0.014,3.82,4.57,-0.754,Griffin Jax,2026-09-07
"Bennett, Jake",687562,2026,395,293,0.229,0.228,0.001,0.335,0.367,-0.0319999999999999,0.264,0.279,-0.015,3.34,3.23,0.111,Jake Bennett,2026-09-07
"Soroka, Michael",647336,2026,395,274,0.24,0.261,-0.021,0.362,0.412,-0.0499999999999999,0.291,0.319,-0.028,3.4,4.3,-0.901,Michael Soroka,2026-09-07
"Anderson, Drew",623454,2026,394,249,0.236,0.227,0.0089999999999999,0.398,0.367,0.031,0.319,0.305,0.014,3.73,3.9,-0.169,Drew Anderson,2026-09-07
"Quantrill, Cal",615698,2026,393,290,0.219,0.239,-0.0199999999999999,0.346,0.397,-0.051,0.275,0.301,-0.0259999999999999,2.79,3.79,-0.997,Cal Quantrill,2026-09-07
"Early, Connelly",813349,2026,390,254,0.235,0.234,0.0009999999999999,0.401,0.408,-0.0069999999999999,0.319,0.32,-0.001,3.44,4.33,-0.894,Connelly Early,2026-09-07
"Flaherty, Jack",656427,2026,389,238,0.24,0.236,0.004,0.416,0.394,0.0219999999999999,0.33,0.323,0.007,4.59,4.42,0.167,Jack Flaherty,2026-09-07
"Bassitt, Chris",605135,2026,388,285,0.298,0.285,0.013,0.43,0.413,0.017,0.355,0.343,0.0119999999999999,4.96,5.05,-0.093,Chris Bassitt,2026-09-07
"Yesavage, Trey",702056,2026,386,247,0.185,0.2,-0.015,0.339,0.33,0.009,0.28,0.285,-0.0049999999999999,3.65,3.37,0.281,Trey Yesavage,2026-09-07
"Lodolo, Nick",666157,2026,383,267,0.288,0.299,-0.011,0.503,0.494,0.009,0.377,0.382,-0.005,5.08,6.51,-1.428,Nick Lodolo,2026-09-07
"Irvin, Jake",663623,2026,380,244,0.245,0.248,-0.003,0.428,0.448,-0.02,0.339,0.35,-0.0109999999999999,5.57,5.29,0.278,Jake Irvin,2026-09-07
"Gasser, Robert",688107,2026,376,260,0.251,0.251,0.0,0.428,0.393,0.0349999999999999,0.328,0.314,0.014,4.57,4.15,0.419,Robert Gasser,2026-09-07
"Taillon, Jameson",592791,2026,370,260,0.253,0.261,-0.008,0.527,0.532,-0.005,0.364,0.367,-0.003,5.65,5.92,-0.269,Jameson Taillon,2026-09-07
"Fried, Max",608331,2026,368,250,0.199,0.202,-0.003,0.265,0.266,-0.001,0.242,0.248,-0.006,2.73,2.54,0.188,Max Fried,2026-09-07
"Brown, Hunter",686613,2026,365,222,0.213,0.202,0.0109999999999999,0.338,0.328,0.01,0.3,0.291,0.009,3.31,3.52,-0.21,Hunter Brown,2026-09-07
"Blubaugh, AJ",805123,2026,362,236,0.215,0.217,-0.002,0.375,0.376,-0.001,0.294,0.301,-0.007,3.07,3.79,-0.722,AJ Blubaugh,2026-09-07
"Corbin, Patrick",571578,2026,360,266,0.302,0.289,0.013,0.477,0.463,0.0139999999999999,0.364,0.356,0.008,5.51,5.51,0.003,Patrick Corbin,2026-09-07
"Leiter, Jack",683004,2026,355,233,0.255,0.257,-0.002,0.439,0.43,0.009,0.34,0.337,0.003,5.29,4.86,0.427,Jack Leiter,2026-09-07
"Agnos, Zach",688642,2026,355,269,0.282,0.283,-0.001,0.453,0.455,-0.002,0.345,0.348,-0.003,5.6,5.23,0.372,Zach Agnos,2026-09-07
"Nelson, Ryne",669194,2026,355,265,0.249,0.261,-0.012,0.477,0.5,-0.023,0.336,0.349,-0.0129999999999999,4.97,5.26,-0.292,Ryne Nelson,2026-09-07
"Canning, Griffin",656288,2026,353,230,0.274,0.246,0.028,0.443,0.407,0.036,0.354,0.328,0.0259999999999999,5.87,4.57,1.304,Griffin Canning,2026-09-07
"Assad, Javier",665871,2026,352,265,0.231,0.266,-0.035,0.397,0.427,-0.0299999999999999,0.303,0.33,-0.027,3.58,4.63,-1.05,Javier Assad,2026-09-07
"Holmes, Clay",605280,2026,349,251,0.21,0.257,-0.047,0.293,0.369,-0.076,0.262,0.311,-0.0489999999999999,2.83,4.06,-1.234,Clay Holmes,2026-09-07
"Rodriguez, Grayson",680570,2026,348,237,0.281,0.27,0.011,0.485,0.46,0.0249999999999999,0.362,0.353,0.009,6.03,5.4,0.626,Grayson Rodriguez,2026-09-07
"Miles, Spencer",693686,2026,344,244,0.222,0.231,-0.009,0.303,0.324,-0.021,0.257,0.269,-0.012,2.84,2.99,-0.153,Spencer Miles,2026-09-07
"Ashby, Aaron",676879,2026,342,193,0.23,0.196,0.034,0.33,0.28,0.0499999999999999,0.294,0.261,0.0329999999999999,3.19,2.81,0.38,Aaron Ashby,2026-09-07
"Suter, Brent",608718,2026,340,243,0.26,0.258,0.002,0.415,0.401,0.0139999999999999,0.32,0.314,0.006,3.68,4.15,-0.468,Brent Suter,2026-09-07
"Ohtani, Shohei",660271,2026,340,213,0.18,0.201,-0.021,0.262,0.287,-0.0249999999999999,0.239,0.257,-0.018,1.79,2.73,-0.944,Shohei Ohtani,2026-09-07
"Johnson, Ryan",696270,2026,339,239,0.242,0.259,-0.017,0.433,0.451,-0.018,0.338,0.35,-0.0119999999999999,5.17,5.29,-0.12,Ryan Johnson,2026-09-07
"Jones, Jared",683003,2026,333,211,0.23,0.221,0.009,0.417,0.38,0.0369999999999999,0.312,0.295,0.017,4.46,3.63,0.832,Jared Jones,2026-09-07
"Ramírez, Yohan",670990,2026,332,187,0.199,0.211,-0.0119999999999999,0.3,0.293,0.007,0.285,0.287,-0.002,3.18,3.42,-0.237,Yohan Ramírez,2026-09-07
"Newcomb, Sean",656794,2026,330,221,0.205,0.246,-0.041,0.291,0.356,-0.065,0.262,0.303,-0.0409999999999999,2.42,3.84,-1.416,Sean Newcomb,2026-09-07
"Cabrera, Edward",665795,2026,329,228,0.268,0.267,0.001,0.464,0.447,0.017,0.35,0.344,0.006,5.68,5.09,0.594,Edward Cabrera,2026-09-07
"Teng, Kai-Wei",678906,2026,329,210,0.245,0.249,-0.004,0.415,0.404,0.0109999999999999,0.342,0.339,0.003,4.76,4.92,-0.155,Kai-Wei Teng,2026-09-07
"Gusto, Ryan",687473,2026,322,233,0.272,0.274,-0.002,0.429,0.424,0.005,0.334,0.332,0.002,4.23,4.7,-0.47,Ryan Gusto,2026-09-07
"Lord, Brad",695418,2026,321,213,0.218,0.233,-0.015,0.325,0.372,-0.0469999999999999,0.284,0.309,-0.025,3.62,4.01,-0.394,Brad Lord,2026-09-07
"Bachar, Lake",669199,2026,317,199,0.188,0.198,-0.01,0.354,0.357,-0.003,0.285,0.292,-0.007,3.59,3.55,0.042,Lake Bachar,2026-09-07
"Morejon, Adrian",670970,2026,316,193,0.214,0.202,0.0119999999999999,0.284,0.274,0.0099999999999999,0.251,0.241,0.01,2.94,2.4,0.535,Adrian Morejon,2026-09-07
"Imai, Tatsuya",837227,2026,315,176,0.218,0.226,-0.008,0.356,0.394,-0.038,0.319,0.335,-0.016,5.35,4.79,0.559,Tatsuya Imai,2026-09-07
"McDonald, Trevor",686790,2026,310,217,0.255,0.246,0.009,0.384,0.359,0.025,0.323,0.311,0.012,5.12,4.06,1.058,Trevor McDonald,2026-09-07
"Henderson, Logan",701656,2026,310,202,0.177,0.198,-0.021,0.34,0.343,-0.003,0.243,0.253,-0.01,2.48,2.64,-0.156,Logan Henderson,2026-09-07
"Matz, Steven",571927,2026,309,231,0.246,0.276,-0.03,0.457,0.465,-0.008,0.329,0.346,-0.0169999999999999,5.88,5.16,0.715,Steven Matz,2026-09-07
"Avila, Luinder",679883,2026,309,204,0.272,0.251,0.021,0.425,0.396,0.0289999999999999,0.356,0.339,0.0169999999999999,5.53,4.92,0.609,Luinder Avila,2026-09-07
"Bruihl, Justin",677865,2026,307,226,0.266,0.252,0.014,0.38,0.366,0.014,0.32,0.315,0.005,3.67,4.18,-0.51,Justin Bruihl,2026-09-07
"López, Reynaldo",625643,2026,306,209,0.245,0.256,-0.011,0.412,0.426,-0.014,0.322,0.33,-0.008,3.64,4.63,-0.988,Reynaldo López,2026-09-07
"Blackburn, Paul",621112,2026,305,211,0.192,0.232,-0.04,0.297,0.354,-0.0569999999999999,0.256,0.292,-0.0359999999999999,1.72,3.55,-1.827,Paul Blackburn,2026-09-07
"Woods Richardson, Simeon",680573,2026,303,224,0.304,0.28,0.0239999999999999,0.504,0.467,0.0369999999999999,0.39,0.368,0.022,6.68,5.95,0.732,Simeon Woods Richardson,2026-09-07
"Taylor, Grant",691799,2026,299,175,0.193,0.191,0.002,0.296,0.308,-0.012,0.254,0.259,-0.005,2.16,2.77,-0.61,Grant Taylor,2026-09-07
"Kochanowicz, Jack",686799,2026,296,208,0.259,0.272,-0.013,0.382,0.439,-0.0569999999999999,0.331,0.359,-0.0279999999999999,6.19,5.62,0.568,Jack Kochanowicz,2026-09-07
"Burke, Brock",656271,2026,293,179,0.202,0.212,-0.0099999999999999,0.323,0.335,-0.012,0.286,0.295,-0.009,2.5,3.63,-1.128,Brock Burke,2026-09-07
"Headrick, Brent",687396,2026,293,183,0.231,0.218,0.013,0.358,0.323,0.0349999999999999,0.284,0.264,0.0199999999999999,1.89,2.88,-0.987,Brent Headrick,2026-09-07
"Schultz, Noah",702273,2026,291,193,0.251,0.273,-0.022,0.425,0.454,-0.029,0.345,0.364,-0.019,6.06,5.8,0.261,Noah Schultz,2026-09-07
"Morris, Andrew",702193,2026,287,200,0.261,0.23,0.031,0.366,0.324,0.0419999999999999,0.303,0.275,0.0279999999999999,4.11,3.13,0.982,Andrew Morris,2026-09-07
"Fisher, Braydon",680755,2026,286,177,0.206,0.217,-0.011,0.332,0.346,-0.0139999999999999,0.29,0.305,-0.015,3.2,3.9,-0.701,Braydon Fisher,2026-09-07
"Peralta, Wandy",593974,2026,285,216,0.276,0.267,0.009,0.409,0.378,0.0309999999999999,0.329,0.312,0.017,3.44,4.09,-0.649,Wandy Peralta,2026-09-07
"Senzatela, Antonio",622608,2026,284,202,0.264,0.254,0.01,0.378,0.363,0.015,0.313,0.305,0.008,4.18,3.9,0.285,Antonio Senzatela,2026-09-07
"Watson, Ryan",670245,2026,283,203,0.248,0.269,-0.021,0.413,0.449,-0.036,0.316,0.341,-0.025,4.25,4.99,-0.741,Ryan Watson,2026-09-07
"Graceffo, Gordon",700669,2026,282,198,0.184,0.245,-0.061,0.299,0.421,-0.122,0.259,0.329,-0.07,2.78,4.6,-1.824,Gordon Graceffo,2026-09-07
"Holton, Tyler",663947,2026,281,205,0.265,0.248,0.017,0.405,0.365,0.04,0.323,0.3,0.023,2.82,3.76,-0.939,Tyler Holton,2026-09-07
"Richards, Trevor",670950,2026,281,197,0.216,0.234,-0.018,0.388,0.398,-0.01,0.284,0.299,-0.015,3.42,3.73,-0.306,Trevor Richards,2026-09-07
"Medina, Luis",665622,2026,280,163,0.248,0.225,0.0229999999999999,0.391,0.374,0.017,0.325,0.309,0.016,3.53,4.01,-0.476,Luis Medina,2026-09-07
"Kremer, Dean",665152,2026,280,190,0.249,0.246,0.003,0.502,0.451,0.0509999999999999,0.347,0.329,0.0179999999999999,5.8,4.6,1.205,Dean Kremer,2026-09-07
"Zeferjahn, Ryan",666171,2026,279,146,0.187,0.182,0.005,0.322,0.286,0.036,0.289,0.277,0.0119999999999999,4.06,3.18,0.877,Ryan Zeferjahn,2026-09-07
"De Los Santos, Enyel",660853,2026,277,197,0.24,0.224,0.0159999999999999,0.402,0.361,0.041,0.301,0.281,0.0199999999999999,4.32,3.27,1.05,Enyel De Los Santos,2026-09-07
"Suarez, José",660761,2026,277,186,0.298,0.267,0.0309999999999999,0.45,0.36,0.09,0.359,0.317,0.0419999999999999,5.87,4.24,1.63,José Suarez,2026-09-07
"Mejia, Juan",675848,2026,277,182,0.281,0.264,0.017,0.385,0.386,-0.001,0.343,0.338,0.005,5.58,4.89,0.691,Juan Mejia,2026-09-07
"Harris, Hogan",663687,2026,276,150,0.225,0.199,0.0259999999999999,0.333,0.303,0.03,0.31,0.289,0.021,3.38,3.47,-0.095,Hogan Harris,2026-09-07
"Legumina, Casey",668984,2026,275,201,0.269,0.263,0.006,0.393,0.387,0.006,0.314,0.31,0.004,3.76,4.04,-0.282,Casey Legumina,2026-09-07
"Varland, Louis",686973,2026,275,169,0.198,0.196,0.002,0.254,0.264,-0.01,0.228,0.23,-0.002,1.15,2.19,-1.044,Louis Varland,2026-09-07
"Lynch IV, Daniel",663738,2026,274,205,0.212,0.249,-0.037,0.34,0.392,-0.0519999999999999,0.275,0.31,-0.0349999999999999,3.51,4.04,-0.53,Daniel Lynch IV,2026-09-07
"Scherzer, Max",453286,2026,272,195,0.241,0.233,0.0079999999999999,0.44,0.403,0.0369999999999999,0.333,0.317,0.016,6.03,4.24,1.792,Max Scherzer,2026-09-07
"Severino, Luis",622663,2026,271,173,0.258,0.231,0.0269999999999999,0.432,0.388,0.0439999999999999,0.346,0.318,0.0279999999999999,4.17,4.27,-0.105,Luis Severino,2026-09-07
"Wells, Tyler",669330,2026,270,182,0.188,0.203,-0.015,0.335,0.35,-0.0149999999999999,0.252,0.267,-0.015,2.44,2.95,-0.507,Tyler Wells,2026-09-07
"Alexander, Tyler",641302,2026,270,192,0.263,0.231,0.032,0.342,0.322,0.02,0.3,0.279,0.0209999999999999,3.3,3.23,0.073,Tyler Alexander,2026-09-07
"Bazardo, Eduard",660825,2026,269,184,0.275,0.258,0.017,0.438,0.421,0.017,0.331,0.323,0.008,3.34,4.42,-1.081,Eduard Bazardo,2026-09-07
"Dobnak, Randy",677976,2026,268,201,0.253,0.291,-0.0379999999999999,0.373,0.403,-0.03,0.308,0.335,-0.027,2.54,4.79,-2.245,Randy Dobnak,2026-09-07
"Rodón, Carlos",607074,2026,267,161,0.181,0.217,-0.036,0.31,0.346,-0.0359999999999999,0.273,0.305,-0.0319999999999999,3.09,3.9,-0.806,Carlos Rodón,2026-09-07
"Thornton, Zac",804267,2026,267,199,0.258,0.268,-0.01,0.423,0.451,-0.028,0.318,0.331,-0.013,3.53,4.66,-1.132,Zac Thornton,2026-09-07
"Paddack, Chris",663978,2026,267,206,0.314,0.28,0.0339999999999999,0.483,0.45,0.0329999999999999,0.37,0.342,0.0279999999999999,6.79,5.02,1.769,Chris Paddack,2026-09-07
"Rogers, Tyler",643511,2026,266,206,0.23,0.228,0.002,0.276,0.298,-0.0219999999999999,0.255,0.262,-0.007,1.84,2.83,-0.992,Tyler Rogers,2026-09-07
"Soriano, George",666277,2026,266,171,0.227,0.233,-0.006,0.406,0.404,0.002,0.318,0.326,-0.008,4.25,4.51,-0.255,George Soriano,2026-09-07
"Hoffman, Jeff",656546,2026,265,143,0.248,0.21,0.038,0.378,0.324,0.0539999999999999,0.311,0.29,0.021,3.81,3.5,0.314,Jeff Hoffman,2026-09-07
"Brown, Ben",676962,2026,265,179,0.186,0.223,-0.037,0.248,0.335,-0.087,0.228,0.279,-0.051,1.85,3.23,-1.377,Ben Brown,2026-09-07
"Rodriguez, Bradgley",699134,2026,263,175,0.207,0.184,0.0229999999999999,0.302,0.268,0.0339999999999999,0.25,0.227,0.0229999999999999,1.96,2.13,-0.171,Bradgley Rodriguez,2026-09-07
"Gómez, Yoendrys",672782,2026,263,171,0.218,0.248,-0.03,0.36,0.437,-0.077,0.305,0.347,-0.0419999999999999,3.56,5.19,-1.63,Yoendrys Gómez,2026-09-07
"Festa, Matt",670036,2026,263,174,0.263,0.234,0.0289999999999999,0.407,0.381,0.0259999999999999,0.323,0.303,0.02,3.88,3.84,0.038,Matt Festa,2026-09-07
"Smith, Cade",671922,2026,261,144,0.198,0.195,0.003,0.306,0.329,-0.023,0.257,0.269,-0.012,2.25,2.99,-0.74,Cade Smith,2026-09-07
"Ferrer, José A.",678606,2026,261,192,0.275,0.245,0.03,0.398,0.366,0.032,0.326,0.299,0.027,3.66,3.73,-0.069,José A. Ferrer,2026-09-07
"Okert, Steven",595345,2026,261,175,0.19,0.21,-0.0199999999999999,0.325,0.361,-0.0359999999999999,0.252,0.274,-0.022,2.13,3.11,-0.982,Steven Okert,2026-09-07
"Marinaccio, Ron",676760,2026,260,178,0.27,0.261,0.009,0.482,0.427,0.0549999999999999,0.371,0.347,0.024,6.09,5.19,0.897,Ron Marinaccio,2026-09-07
"Faucher, Calvin",676534,2026,259,158,0.214,0.228,-0.014,0.273,0.317,-0.0439999999999999,0.277,0.296,-0.0189999999999999,3.73,3.65,0.079,Calvin Faucher,2026-09-07
"Senga, Kodai",673540,2026,259,152,0.244,0.232,0.0119999999999999,0.475,0.411,0.064,0.367,0.341,0.0259999999999999,7.11,4.99,2.115,Kodai Senga,2026-09-07
"Finnegan, Kyle",640448,2026,257,176,0.274,0.261,0.013,0.452,0.435,0.017,0.364,0.351,0.013,3.86,5.33,-1.473,Kyle Finnegan,2026-09-07
"Moll, Sam",594580,2026,257,164,0.252,0.238,0.014,0.379,0.359,0.02,0.329,0.324,0.005,4.79,4.45,0.343,Sam Moll,2026-09-07
"Fuentes, Didier",800311,2026,257,156,0.216,0.215,0.001,0.303,0.329,-0.026,0.259,0.267,-0.008,2.27,2.95,-0.676,Didier Fuentes,2026-09-07
"Ritchie, JR",702275,2026,256,162,0.221,0.24,-0.0189999999999999,0.376,0.408,-0.0319999999999999,0.324,0.344,-0.0199999999999999,4.5,5.09,-0.59,JR Ritchie,2026-09-07
"Hudson, Bryan",663542,2026,253,174,0.253,0.22,0.033,0.335,0.307,0.028,0.285,0.263,0.0219999999999999,2.95,2.86,0.091,Bryan Hudson,2026-09-07
"Webb, Jacob",657097,2026,253,166,0.231,0.248,-0.0169999999999999,0.354,0.39,-0.036,0.29,0.311,-0.021,3.15,4.06,-0.91,Jacob Webb,2026-09-07
"Brazobán, Huascar",623211,2026,252,168,0.193,0.222,-0.0289999999999999,0.33,0.332,-0.002,0.277,0.292,-0.0149999999999999,3.16,3.55,-0.39,Huascar Brazobán,2026-09-07
"Brubaker, JT",664141,2026,250,183,0.225,0.274,-0.049,0.349,0.427,-0.078,0.294,0.341,-0.047,3.58,4.99,-1.41,JT Brubaker,2026-09-07
"Soto, Gregory",642397,2026,249,151,0.188,0.195,-0.007,0.312,0.293,0.019,0.266,0.263,0.003,3.13,2.86,0.273,Gregory Soto,2026-09-07
"Bednar, David",670280,2026,249,160,0.198,0.214,-0.0159999999999999,0.286,0.304,-0.018,0.244,0.258,-0.014,2.64,2.75,-0.109,David Bednar,2026-09-07
"Morán, Jovani",663558,2026,249,152,0.183,0.2,-0.017,0.347,0.343,0.0039999999999999,0.284,0.289,-0.005,3.47,3.47,-0.001,Jovani Morán,2026-09-07
"Kelly, Kevin",687330,2026,249,182,0.197,0.261,-0.064,0.305,0.38,-0.075,0.238,0.295,-0.0569999999999999,2.16,3.63,-1.47,Kevin Kelly,2026-09-07
"Suárez, Albert",544150,2026,247,186,0.241,0.256,-0.015,0.429,0.413,0.016,0.315,0.321,-0.006,4.12,4.36,-0.241,Albert Suárez,2026-09-07
"O'Brien, Riley",676617,2026,246,155,0.225,0.257,-0.032,0.316,0.403,-0.087,0.296,0.341,-0.045,4.11,4.99,-0.885,Riley O'Brien,2026-09-07
"Doval, Camilo",666808,2026,246,156,0.24,0.216,0.0239999999999999,0.382,0.326,0.0559999999999999,0.315,0.295,0.02,4.07,3.63,0.436,Camilo Doval,2026-09-07
"Gray, Peyton",682608,2026,244,166,0.251,0.235,0.016,0.434,0.373,0.061,0.317,0.29,0.027,3.93,3.5,0.427,Peyton Gray,2026-09-07
"Clarke, Taylor",664199,2026,244,191,0.197,0.254,-0.0569999999999999,0.318,0.431,-0.1129999999999999,0.246,0.319,-0.073,2.53,4.3,-1.769,Taylor Clarke,2026-09-07
"Lange, Alex",656638,2026,243,156,0.262,0.252,0.01,0.443,0.417,0.026,0.353,0.339,0.0139999999999999,5.93,4.92,1.007,Alex Lange,2026-09-07
"Kerkering, Orion",689147,2026,243,151,0.204,0.206,-0.002,0.34,0.309,0.031,0.298,0.288,0.01,4.12,3.45,0.666,Orion Kerkering,2026-09-07
"Montgomery, Mason",682254,2026,243,127,0.183,0.189,-0.006,0.289,0.289,0.0,0.248,0.25,-0.002,2.87,2.58,0.286,Mason Montgomery,2026-09-07
"King, Bryan",687911,2026,242,173,0.272,0.255,0.017,0.427,0.383,0.0439999999999999,0.34,0.317,0.023,4.67,4.24,0.427,Bryan King,2026-09-07
"Bieber, Shane",669456,2026,242,174,0.253,0.282,-0.0289999999999999,0.438,0.5,-0.062,0.335,0.368,-0.0329999999999999,4.37,5.95,-1.585,Shane Bieber,2026-09-07
"Mayza, Tim",641835,2026,241,166,0.225,0.23,-0.005,0.365,0.37,-0.005,0.279,0.282,-0.0029999999999999,3.28,3.3,-0.018,Tim Mayza,2026-09-07
"Ginkel, Kevin",656464,2026,241,164,0.227,0.227,0.0,0.382,0.391,-0.009,0.284,0.292,-0.008,4.07,3.55,0.523,Kevin Ginkel,2026-09-07
"Fluharty, Mason",689254,2026,241,152,0.22,0.188,0.032,0.33,0.308,0.022,0.285,0.262,0.0229999999999999,3.32,2.83,0.486,Mason Fluharty,2026-09-07
"Silseth, Chase",681217,2026,241,141,0.225,0.222,0.003,0.345,0.372,-0.027,0.308,0.314,-0.006,2.98,4.15,-1.168,Chase Silseth,2026-09-07
"Abreu, Bryan",650556,2026,240,126,0.191,0.2,-0.009,0.351,0.331,0.0199999999999999,0.318,0.315,0.003,3.7,4.18,-0.484,Bryan Abreu,2026-09-07
"Stanek, Ryne",592773,2026,240,150,0.234,0.232,0.002,0.407,0.387,0.0199999999999999,0.326,0.316,0.01,4.5,4.21,0.29,Ryne Stanek,2026-09-07
"Lee, Dylan",669276,2026,239,149,0.182,0.194,-0.012,0.291,0.306,-0.015,0.23,0.245,-0.0149999999999999,2.61,2.48,0.133,Dylan Lee,2026-09-07
"Rogers, Taylor",573124,2026,238,162,0.277,0.245,0.032,0.401,0.368,0.033,0.339,0.317,0.022,4.7,4.24,0.463,Taylor Rogers,2026-09-07
"Hart, Kyle",606996,2026,237,160,0.214,0.212,0.002,0.343,0.331,0.012,0.28,0.275,0.005,3.88,3.13,0.749,Kyle Hart,2026-09-07
"Garcia, Rico",670329,2026,237,153,0.178,0.208,-0.03,0.343,0.34,0.003,0.263,0.274,-0.011,3.15,3.11,0.04,Rico Garcia,2026-09-07
"Latz, Jacob",656641,2026,236,146,0.136,0.183,-0.0469999999999999,0.244,0.311,-0.067,0.198,0.247,-0.0489999999999999,1.85,2.52,-0.673,Jacob Latz,2026-09-07
"Bernardino, Brennan",657514,2026,236,177,0.235,0.25,-0.015,0.357,0.379,-0.022,0.284,0.298,-0.014,2.51,3.71,-1.198,Brennan Bernardino,2026-09-07
"Márquez, Germán",608566,2026,236,173,0.264,0.266,-0.002,0.519,0.484,0.035,0.371,0.362,0.009,5.26,5.73,-0.466,Germán Márquez,2026-09-07
"Anderson, Grant",681982,2026,235,159,0.205,0.205,0.0,0.4,0.337,0.063,0.297,0.275,0.0219999999999999,3.36,3.13,0.226,Grant Anderson,2026-09-07
"Petersen, Michael",656848,2026,234,138,0.19,0.192,-0.002,0.317,0.349,-0.0319999999999999,0.276,0.286,-0.0099999999999999,3.3,3.4,-0.103,Michael Petersen,2026-09-07
"Alvarado, José",621237,2026,234,141,0.272,0.23,0.042,0.416,0.347,0.069,0.348,0.305,0.0429999999999999,5.51,3.9,1.607,José Alvarado,2026-09-07
"Cruz, Fernando",518585,2026,234,133,0.207,0.185,0.0219999999999999,0.369,0.324,0.0449999999999999,0.307,0.281,0.0259999999999999,3.13,3.27,-0.142,Fernando Cruz,2026-09-07
"Morillo, Juan",666661,2026,232,141,0.192,0.18,0.012,0.271,0.261,0.01,0.25,0.244,0.006,2.05,2.46,-0.407,Juan Morillo,2026-09-07
"Dobbins, Hunter",690928,2026,231,153,0.24,0.233,0.0069999999999999,0.397,0.366,0.031,0.322,0.307,0.015,3.67,3.95,-0.283,Hunter Dobbins,2026-09-07
"Hughes, Gabriel",687312,2026,231,166,0.266,0.237,0.029,0.409,0.357,0.0519999999999999,0.326,0.296,0.03,6.19,3.65,2.541,Gabriel Hughes,2026-09-07
"Miller, Mason",695243,2026,229,95,0.141,0.13,0.0109999999999999,0.18,0.181,-0.001,0.194,0.188,0.006,1.19,1.49,-0.297,Mason Miller,2026-09-07
"Henriquez, Edgardo",683618,2026,228,130,0.158,0.163,-0.005,0.219,0.225,-0.006,0.235,0.239,-0.004,2.65,2.36,0.293,Edgardo Henriquez,2026-09-07
"Loáisiga, Jonathan",642528,2026,228,172,0.232,0.231,0.001,0.327,0.338,-0.011,0.26,0.268,-0.008,2.47,2.97,-0.501,Jonathan Loáisiga,2026-09-07
"Nance, Tommy",667297,2026,227,148,0.257,0.256,0.001,0.381,0.403,-0.022,0.309,0.319,-0.01,3.93,4.3,-0.37,Tommy Nance,2026-09-07
"Sandoval, Patrick",663776,2026,227,151,0.305,0.277,0.0279999999999999,0.452,0.444,0.008,0.366,0.35,0.016,4.41,5.29,-0.882,Patrick Sandoval,2026-09-07
"Yarbrough, Ryan",642232,2026,226,162,0.221,0.228,-0.007,0.337,0.327,0.01,0.29,0.288,0.002,3.91,3.45,0.456,Ryan Yarbrough,2026-09-07
"Dreyer, Jack",676263,2026,226,138,0.198,0.214,-0.0159999999999999,0.337,0.356,-0.0189999999999999,0.268,0.281,-0.013,2.88,3.27,-0.394,Jack Dreyer,2026-09-07
"Domínguez, Seranthony",622554,2026,226,136,0.208,0.219,-0.011,0.38,0.378,0.002,0.312,0.318,-0.006,4.25,4.27,-0.025,Seranthony Domínguez,2026-09-07
"Matsui, Yuki",673513,2026,225,130,0.167,0.165,0.002,0.301,0.306,-0.005,0.265,0.272,-0.007,1.95,3.06,-1.108,Yuki Matsui,2026-09-07
"Nunez, Anthony",689296,2026,225,139,0.212,0.222,-0.01,0.347,0.372,-0.025,0.293,0.305,-0.012,4.13,3.9,0.227,Anthony Nunez,2026-09-07
"Weissert, Greg",669711,2026,225,150,0.243,0.227,0.0159999999999999,0.396,0.375,0.021,0.309,0.298,0.011,3.71,3.71,0.002,Greg Weissert,2026-09-07
"Rolison, Ryan",669020,2026,224,150,0.227,0.243,-0.0159999999999999,0.364,0.389,-0.025,0.301,0.317,-0.016,2.89,4.24,-1.347,Ryan Rolison,2026-09-07
"Scott, Tanner",656945,2026,224,141,0.212,0.242,-0.03,0.332,0.36,-0.0279999999999999,0.252,0.276,-0.024,2.67,3.15,-0.481,Tanner Scott,2026-09-07
"Kolek, Stephen",663568,2026,224,176,0.262,0.262,0.0,0.448,0.38,0.068,0.328,0.303,0.025,4.5,3.84,0.66,Stephen Kolek,2026-09-07
"Javier, Cristian",664299,2026,223,149,0.278,0.258,0.02,0.47,0.437,0.0329999999999999,0.36,0.34,0.0199999999999999,5.98,4.95,1.03,Cristian Javier,2026-09-07
"Holderman, Colin",670059,2026,222,142,0.185,0.219,-0.034,0.243,0.341,-0.098,0.254,0.303,-0.0489999999999999,2.73,3.84,-1.106,Colin Holderman,2026-09-07
"Vodnik, Victor",680767,2026,222,156,0.263,0.241,0.022,0.387,0.363,0.024,0.33,0.315,0.015,4.93,4.18,0.746,Victor Vodnik,2026-09-07
"Cruz, Steven",674444,2026,220,141,0.234,0.242,-0.0079999999999999,0.447,0.401,0.0459999999999999,0.328,0.312,0.016,4.27,4.09,0.182,Steven Cruz,2026-09-07
"Glasnow, Tyler",607192,2026,219,132,0.171,0.191,-0.0199999999999999,0.296,0.323,-0.027,0.234,0.253,-0.0189999999999999,3.12,2.64,0.481,Tyler Glasnow,2026-09-07
"Muñoz, Andrés",662253,2026,217,113,0.206,0.202,0.0039999999999999,0.345,0.33,0.0149999999999999,0.279,0.277,0.002,4.13,3.18,0.947,Andrés Muñoz,2026-09-07
"Baker, Bryan",641329,2026,217,135,0.161,0.206,-0.0449999999999999,0.264,0.314,-0.0499999999999999,0.232,0.272,-0.04,1.64,3.06,-1.424,Bryan Baker,2026-09-07
"Kikuchi, Yusei",579328,2026,216,146,0.279,0.262,0.017,0.479,0.452,0.0269999999999999,0.353,0.346,0.007,4.96,5.16,-0.201,Yusei Kikuchi,2026-09-07
"Hill, Tim",657612,2026,216,175,0.239,0.261,-0.022,0.396,0.418,-0.0219999999999999,0.302,0.32,-0.018,4.03,4.33,-0.305,Tim Hill,2026-09-07
"Winn, Cole",668390,2026,215,149,0.277,0.274,0.003,0.456,0.442,0.014,0.342,0.337,0.005,5.63,4.86,0.765,Cole Winn,2026-09-07
"Gaddis, Hunter",683769,2026,215,145,0.22,0.241,-0.0209999999999999,0.319,0.367,-0.0479999999999999,0.28,0.304,-0.0239999999999999,2.84,3.87,-1.028,Hunter Gaddis,2026-09-07
"Schreiber, John",670167,2026,214,152,0.22,0.249,-0.0289999999999999,0.382,0.406,-0.024,0.302,0.321,-0.019,3.42,4.36,-0.942,John Schreiber,2026-09-07
"Iglesias, Raisel",628452,2026,214,142,0.228,0.232,-0.004,0.355,0.376,-0.021,0.285,0.293,-0.008,2.72,3.58,-0.863,Raisel Iglesias,2026-09-07
"Vesia, Alex",681911,2026,214,119,0.159,0.177,-0.0179999999999999,0.269,0.304,-0.0349999999999999,0.251,0.273,-0.022,3.0,3.08,-0.08,Alex Vesia,2026-09-07
"Bowlan, Jonathan",680742,2026,212,128,0.197,0.192,0.005,0.332,0.321,0.011,0.263,0.259,0.004,3.06,2.77,0.287,Jonathan Bowlan,2026-09-07
"Duran, Jhoan",661395,2026,211,126,0.232,0.193,0.039,0.278,0.259,0.019,0.251,0.226,0.0249999999999999,1.72,2.11,-0.39,Jhoan Duran,2026-09-07
"Fermin, José",820862,2026,211,127,0.223,0.239,-0.0159999999999999,0.364,0.393,-0.029,0.305,0.321,-0.016,3.14,4.36,-1.216,José Fermin,2026-09-07
"Farris, Mitch",815083,2026,210,134,0.276,0.267,0.009,0.486,0.449,0.0369999999999999,0.369,0.35,0.019,4.28,5.29,-1.007,Mitch Farris,2026-09-07
"Megill, Trevor",656730,2026,210,133,0.161,0.193,-0.032,0.198,0.312,-0.1139999999999999,0.188,0.244,-0.0559999999999999,2.15,2.46,-0.307,Trevor Megill,2026-09-07
"Weaver, Luke",596133,2026,210,137,0.183,0.207,-0.0239999999999999,0.272,0.34,-0.068,0.235,0.269,-0.034,2.53,2.99,-0.459,Luke Weaver,2026-09-07
"Kilian, Caleb",668873,2026,209,129,0.238,0.216,0.0219999999999999,0.359,0.36,-0.001,0.302,0.292,0.01,4.91,3.55,1.359,Caleb Kilian,2026-09-07
"Santana, Dennis",642701,2026,209,142,0.251,0.254,-0.003,0.47,0.437,0.0329999999999999,0.351,0.34,0.0109999999999999,5.55,4.95,0.603,Dennis Santana,2026-09-07
"Herrin, Tim",682120,2026,208,133,0.216,0.203,0.0129999999999999,0.368,0.352,0.016,0.303,0.302,0.001,3.08,3.81,-0.729,Tim Herrin,2026-09-07
"Erceg, Lucas",668674,2026,208,142,0.312,0.263,0.0489999999999999,0.465,0.361,0.104,0.392,0.34,0.0519999999999999,6.23,4.95,1.281,Lucas Erceg,2026-09-07
"Bubic, Kris",663460,2026,207,129,0.2,0.24,-0.0399999999999999,0.322,0.395,-0.073,0.286,0.327,-0.041,4.11,4.54,-0.427,Kris Bubic,2026-09-07
"Svanson, Matt",694335,2026,207,143,0.306,0.301,0.005,0.45,0.467,-0.017,0.364,0.369,-0.005,7.27,5.99,1.279,Matt Svanson,2026-09-07
"Antone, Tejay",622088,2026,206,132,0.218,0.226,-0.008,0.385,0.377,0.008,0.301,0.303,-0.002,3.59,3.84,-0.253,Tejay Antone,2026-09-07
"Romero, JoJo",668941,2026,204,137,0.25,0.264,-0.014,0.4,0.431,-0.0309999999999999,0.322,0.337,-0.015,3.5,4.86,-1.364,JoJo Romero,2026-09-07
"Junis, Jakob",596001,2026,204,154,0.233,0.271,-0.038,0.312,0.389,-0.077,0.268,0.311,-0.0429999999999999,2.74,4.06,-1.324,Jakob Junis,2026-09-07
"Sulser, Cole",642121,2026,203,139,0.265,0.255,0.01,0.454,0.474,-0.0199999999999999,0.328,0.33,-0.002,4.94,4.63,0.314,Cole Sulser,2026-09-07
"Raley, Brooks",548384,2026,203,136,0.212,0.228,-0.016,0.346,0.353,-0.007,0.278,0.292,-0.0139999999999999,2.17,3.55,-1.376,Brooks Raley,2026-09-07
"Myers, Tobias",668964,2026,202,154,0.278,0.274,0.004,0.513,0.434,0.079,0.357,0.328,0.0289999999999999,6.13,4.57,1.558,Tobias Myers,2026-09-07
"Chapman, Aroldis",547973,2026,201,115,0.197,0.184,0.013,0.309,0.287,0.022,0.268,0.255,0.013,2.03,2.68,-0.646,Aroldis Chapman,2026-09-07
"Beeter, Clayton",690925,2026,201,122,0.209,0.223,-0.014,0.38,0.377,0.003,0.318,0.331,-0.013,4.5,4.66,-0.16,Clayton Beeter,2026-09-07
"Funderburk, Kody",681892,2026,200,133,0.22,0.231,-0.011,0.304,0.338,-0.034,0.288,0.306,-0.018,3.88,3.92,-0.035,Kody Funderburk,2026-09-07
"Herget, Jimmy",623474,2026,200,134,0.287,0.242,0.0449999999999999,0.509,0.409,0.1,0.376,0.328,0.0479999999999999,6.04,4.57,1.475,Jimmy Herget,2026-09-07
"Bachman, Sam",696147,2026,198,122,0.202,0.213,-0.0109999999999999,0.351,0.319,0.0319999999999999,0.305,0.299,0.006,4.14,3.73,0.409,Sam Bachman,2026-09-07
"Uribe, Abner",682842,2026,198,127,0.181,0.213,-0.032,0.243,0.28,-0.037,0.23,0.257,-0.0269999999999999,1.95,2.73,-0.776,Abner Uribe,2026-09-07
"Kinley, Tyler",641755,2026,198,129,0.209,0.205,0.004,0.401,0.354,0.047,0.304,0.285,0.019,3.51,3.37,0.144,Tyler Kinley,2026-09-07
"Wolfram, Grant",664991,2026,198,128,0.266,0.228,0.038,0.412,0.356,0.0559999999999999,0.326,0.289,0.037,5.0,3.47,1.53,Grant Wolfram,2026-09-07
"King, John",667463,2026,197,143,0.192,0.229,-0.037,0.372,0.404,-0.032,0.281,0.31,-0.0289999999999999,3.99,4.04,-0.053,John King,2026-09-07
"Kittredge, Andrew",552640,2026,197,148,0.273,0.268,0.005,0.41,0.41,0.0,0.315,0.31,0.005,3.27,4.04,-0.767,Andrew Kittredge,2026-09-07
"Adams, Travis",701519,2026,197,126,0.244,0.233,0.0109999999999999,0.443,0.41,0.033,0.334,0.317,0.017,5.52,4.24,1.278,Travis Adams,2026-09-07
"Scholtens, Jesse",669947,2026,196,145,0.26,0.276,-0.016,0.492,0.466,0.0259999999999999,0.348,0.348,0.0,4.03,5.23,-1.2,Jesse Scholtens,2026-09-07
"Miller, Erik",669062,2026,196,97,0.189,0.17,0.0189999999999999,0.274,0.252,0.022,0.272,0.257,0.015,2.15,2.73,-0.578,Erik Miller,2026-09-07
"McCullers Jr., Lance",621121,2026,195,118,0.247,0.236,0.011,0.458,0.378,0.08,0.359,0.328,0.0309999999999999,6.54,4.57,1.975,Lance McCullers Jr.,2026-09-07
"Hicks, Jordan",663855,2026,195,110,0.239,0.202,0.0369999999999999,0.368,0.261,0.1069999999999999,0.319,0.268,0.0509999999999999,4.39,2.97,1.425,Jordan Hicks,2026-09-07
"Alvarado, Elvis",665660,2026,195,115,0.213,0.208,0.005,0.42,0.427,-0.007,0.321,0.327,-0.006,4.21,4.54,-0.327,Elvis Alvarado,2026-09-07
"Waldron, Matt",663362,2026,194,148,0.322,0.235,0.087,0.52,0.374,0.146,0.379,0.292,0.087,6.54,3.55,2.989,Matt Waldron,2026-09-07
"Bratt, Mitch",683352,2026,194,136,0.244,0.227,0.0169999999999999,0.415,0.355,0.06,0.341,0.312,0.029,4.71,4.09,0.615,Mitch Bratt,2026-09-07
"Hall, DL",669084,2026,194,109,0.143,0.186,-0.043,0.236,0.267,-0.031,0.248,0.275,-0.027,2.19,3.13,-0.941,DL Hall,2026-09-07
"Sewald, Paul",623149,2026,191,127,0.214,0.223,-0.009,0.474,0.474,0.0,0.319,0.322,-0.003,5.28,4.39,0.893,Paul Sewald,2026-09-07
"Shugart, Chase",663767,2026,191,116,0.236,0.217,0.0189999999999999,0.473,0.405,0.0679999999999999,0.339,0.312,0.027,4.6,4.09,0.51,Chase Shugart,2026-09-07
"Hurt, Kyle",669165,2026,191,111,0.223,0.213,0.01,0.361,0.37,-0.009,0.306,0.302,0.004,4.33,3.81,0.518,Kyle Hurt,2026-09-07
"Dollander, Chase",801403,2026,189,121,0.238,0.217,0.0209999999999999,0.409,0.387,0.0219999999999999,0.32,0.307,0.013,3.89,3.95,-0.064,Chase Dollander,2026-09-07
"Klein, Will",694361,2026,189,116,0.267,0.235,0.032,0.345,0.302,0.0429999999999999,0.319,0.288,0.031,3.67,3.45,0.222,Will Klein,2026-09-07
"Orze, Eric",679358,2026,189,130,0.264,0.253,0.011,0.377,0.367,0.01,0.318,0.313,0.005,5.66,4.12,1.541,Eric Orze,2026-09-07
"Thielbar, Caleb",573204,2026,188,116,0.241,0.235,0.006,0.465,0.464,0.001,0.333,0.328,0.005,5.04,4.57,0.467,Caleb Thielbar,2026-09-07
"Gibson, Cade",806188,2026,188,127,0.269,0.242,0.027,0.372,0.321,0.0509999999999999,0.33,0.303,0.027,5.57,3.84,1.731,Cade Gibson,2026-09-07
"Thornton, Trent",663423,2026,187,139,0.235,0.257,-0.022,0.428,0.463,-0.035,0.324,0.344,-0.0199999999999999,3.55,5.09,-1.543,Trent Thornton,2026-09-07
"Thompson, Ryan",657044,2026,186,141,0.304,0.275,0.0289999999999999,0.435,0.381,0.0539999999999999,0.346,0.311,0.0349999999999999,4.43,4.06,0.366,Ryan Thompson,2026-09-07
"Warren, Austin",681810,2026,186,115,0.259,0.252,0.007,0.451,0.412,0.039,0.351,0.334,0.0169999999999999,4.79,4.76,0.03,Austin Warren,2026-09-07
"Sisk, Evan",681895,2026,186,106,0.22,0.199,0.0209999999999999,0.32,0.287,0.033,0.313,0.294,0.019,3.16,3.6,-0.436,Evan Sisk,2026-09-07
"Barnett, Mason",686930,2026,185,121,0.266,0.25,0.016,0.538,0.446,0.092,0.388,0.35,0.038,7.08,5.29,1.792,Mason Barnett,2026-09-07
"Sterner, Justin",686993,2026,184,131,0.274,0.225,0.049,0.524,0.399,0.125,0.36,0.292,0.068,6.12,3.55,2.567,Justin Sterner,2026-09-07
"Cano, Yennier",666974,2026,183,130,0.218,0.224,-0.006,0.288,0.343,-0.055,0.251,0.278,-0.027,3.22,3.2,0.024,Yennier Cano,2026-09-07
"Johnson, Pierce",572955,2026,182,129,0.247,0.27,-0.023,0.42,0.465,-0.045,0.321,0.347,-0.0259999999999999,4.5,5.19,-0.69,Pierce Johnson,2026-09-07
"Pérez, Cionel",672335,2026,181,124,0.267,0.265,0.002,0.418,0.47,-0.0519999999999999,0.331,0.346,-0.0149999999999999,4.97,5.16,-0.192,Cionel Pérez,2026-09-07
"Cleavinger, Garrett",664076,2026,181,103,0.243,0.239,0.004,0.414,0.377,0.0369999999999999,0.325,0.317,0.008,4.79,4.24,0.55,Garrett Cleavinger,2026-09-07
"Quintana, Jose",500779,2026,181,143,0.288,0.275,0.0129999999999999,0.5,0.441,0.059,0.364,0.343,0.0209999999999999,5.27,5.05,0.218,Jose Quintana,2026-09-07
"Parker, Mitchell",680730,2026,178,129,0.289,0.273,0.0159999999999999,0.503,0.462,0.0409999999999999,0.371,0.347,0.024,6.58,5.19,1.39,Mitchell Parker,2026-09-07
"De Jesus, Enmanuel",646241,2026,178,122,0.239,0.253,-0.014,0.358,0.407,-0.0489999999999999,0.3,0.323,-0.023,3.83,4.42,-0.593,Enmanuel De Jesus,2026-09-07
"Williams, Devin",642207,2026,178,106,0.277,0.219,0.058,0.394,0.31,0.084,0.338,0.282,0.056,4.66,3.3,1.355,Devin Williams,2026-09-07
"Sabrowski, Erik",681870,2026,178,84,0.168,0.151,0.017,0.289,0.265,0.0239999999999999,0.264,0.254,0.01,2.76,2.66,0.104,Erik Sabrowski,2026-09-07
"Ribalta, Orlando",687377,2026,178,118,0.217,0.209,0.008,0.344,0.382,-0.038,0.285,0.296,-0.011,3.77,3.65,0.117,Orlando Ribalta,2026-09-07
"Lawrence, Justin",664875,2026,177,100,0.275,0.267,0.008,0.549,0.455,0.094,0.414,0.38,0.0339999999999999,7.34,6.43,0.91,Justin Lawrence,2026-09-07
"Dodd, Dylan",689266,2026,177,114,0.175,0.2,-0.025,0.338,0.363,-0.0249999999999999,0.259,0.278,-0.019,2.38,3.2,-0.818,Dylan Dodd,2026-09-07
"Fairbanks, Pete",664126,2026,177,98,0.221,0.209,0.012,0.429,0.423,0.006,0.325,0.319,0.006,6.03,4.3,1.725,Pete Fairbanks,2026-09-07
"Whitlock, Garrett",676477,2026,177,118,0.198,0.219,-0.0209999999999999,0.287,0.318,-0.031,0.227,0.248,-0.0209999999999999,1.92,2.54,-0.625,Garrett Whitlock,2026-09-07
"Tidwell, Blade",694918,2026,176,119,0.227,0.234,-0.007,0.357,0.375,-0.018,0.304,0.312,-0.008,4.43,4.09,0.34,Blade Tidwell,2026-09-07
"Kimbrel, Craig",518886,2026,176,116,0.211,0.228,-0.017,0.362,0.36,0.002,0.298,0.305,-0.007,3.8,3.9,-0.103,Craig Kimbrel,2026-09-07
"Mattson, Isaac",676755,2026,176,121,0.282,0.292,-0.01,0.436,0.498,-0.062,0.35,0.374,-0.024,5.35,6.19,-0.837,Isaac Mattson,2026-09-07
"Winn, Keaton",676775,2026,176,123,0.222,0.24,-0.0179999999999999,0.34,0.36,-0.0199999999999999,0.29,0.308,-0.018,3.35,3.98,-0.631,Keaton Winn,2026-09-07
"Woodruff, Brandon",605540,2026,174,116,0.174,0.2,-0.026,0.304,0.358,-0.0539999999999999,0.231,0.263,-0.032,2.98,2.86,0.118,Brandon Woodruff,2026-09-07
"Bird, Jake",656234,2026,172,113,0.276,0.234,0.042,0.454,0.41,0.044,0.351,0.318,0.0329999999999999,5.35,4.27,1.083,Jake Bird,2026-09-07
"Santillan, Tony",663574,2026,172,114,0.268,0.275,-0.007,0.507,0.536,-0.029,0.377,0.391,-0.014,6.63,6.89,-0.263,Tony Santillan,2026-09-07
"Yates, Kirby",489446,2026,169,101,0.214,0.21,0.004,0.331,0.321,0.01,0.291,0.287,0.004,3.4,3.42,-0.017,Kirby Yates,2026-09-07
"Hoppe, Alex",695380,2026,165,106,0.226,0.239,-0.0129999999999999,0.329,0.323,0.006,0.286,0.289,-0.003,4.23,3.47,0.756,Alex Hoppe,2026-09-07
"Strider, Spencer",675911,2026,165,98,0.232,0.188,0.044,0.5,0.359,0.141,0.355,0.29,0.065,5.31,3.5,1.808,Spencer Strider,2026-09-07
"Whisenhunt, Carson",687931,2026,164,116,0.293,0.272,0.0209999999999999,0.464,0.467,-0.003,0.372,0.368,0.004,6.49,5.95,0.54,Carson Whisenhunt,2026-09-07
"Kuhnel, Joel",669270,2026,164,124,0.29,0.298,-0.008,0.469,0.443,0.0259999999999999,0.36,0.357,0.003,4.66,5.54,-0.876,Joel Kuhnel,2026-09-07
"Speier, Gabe",642100,2026,162,108,0.201,0.22,-0.0189999999999999,0.338,0.389,-0.0509999999999999,0.28,0.304,-0.0239999999999999,2.52,3.87,-1.353,Gabe Speier,2026-09-07
"Strahm, Matt",621381,2026,161,115,0.269,0.225,0.044,0.572,0.428,0.1439999999999999,0.388,0.316,0.072,7.32,4.21,3.108,Matt Strahm,2026-09-07
"Gibson, Trey",694346,2026,161,105,0.284,0.291,-0.007,0.478,0.487,-0.009,0.385,0.391,-0.006,7.36,6.89,0.474,Trey Gibson,2026-09-07
"Garcia, Brandyn",805299,2026,160,94,0.16,0.163,-0.003,0.222,0.252,-0.03,0.214,0.225,-0.011,2.13,2.1,0.026,Brandyn Garcia,2026-09-07
"Jansen, Kenley",445276,2026,160,95,0.175,0.198,-0.023,0.343,0.347,-0.0039999999999999,0.278,0.288,-0.0099999999999999,3.72,3.45,0.274,Kenley Jansen,2026-09-07
"Madden, Ty",680744,2026,160,105,0.2,0.21,-0.0099999999999999,0.324,0.314,0.01,0.27,0.269,0.001,3.46,2.99,0.472,Ty Madden,2026-09-07
"Guerrero, Tyron",594027,2026,159,114,0.248,0.227,0.0209999999999999,0.315,0.319,-0.004,0.27,0.26,0.01,3.26,2.79,0.469,Tyron Guerrero,2026-09-07
"Dion, Will",702021,2026,158,100,0.234,0.213,0.021,0.421,0.351,0.07,0.315,0.279,0.0359999999999999,3.89,3.23,0.66,Will Dion,2026-09-07
"Wesneski, Hayden",669713,2026,158,109,0.2,0.24,-0.0399999999999999,0.307,0.363,-0.0559999999999999,0.266,0.302,-0.0359999999999999,3.18,3.81,-0.634,Hayden Wesneski,2026-09-07
"Eisert, Brandon",685126,2026,157,104,0.268,0.234,0.034,0.472,0.371,0.1009999999999999,0.346,0.293,0.0529999999999999,6.0,3.58,2.42,Brandon Eisert,2026-09-07
"Rucker, Michael",621074,2026,157,101,0.262,0.251,0.011,0.426,0.401,0.0249999999999999,0.335,0.32,0.015,6.88,4.33,2.547,Michael Rucker,2026-09-07
"Englert, Mason",669438,2026,157,116,0.297,0.28,0.0169999999999999,0.552,0.542,0.01,0.37,0.362,0.008,4.54,5.73,-1.188,Mason Englert,2026-09-07
"Milner, Hoby",571948,2026,157,126,0.27,0.301,-0.0309999999999999,0.44,0.472,-0.0319999999999999,0.33,0.359,-0.0289999999999999,4.13,5.62,-1.485,Hoby Milner,2026-09-07
"Banda, Anthony",607455,2026,156,100,0.235,0.234,0.0009999999999999,0.402,0.375,0.027,0.335,0.325,0.01,4.46,4.48,-0.024,Anthony Banda,2026-09-07
"Walker, Ryan",676254,2026,155,112,0.31,0.254,0.0559999999999999,0.473,0.393,0.0799999999999999,0.375,0.323,0.0519999999999999,7.16,4.42,2.743,Ryan Walker,2026-09-07
"Hentges, Sam",656529,2026,154,92,0.24,0.215,0.0249999999999999,0.28,0.301,-0.0209999999999999,0.304,0.3,0.004,3.27,3.76,-0.487,Sam Hentges,2026-09-07
"Paredes, Mike",702474,2026,154,118,0.269,0.279,-0.01,0.47,0.446,0.0239999999999999,0.352,0.349,0.003,4.72,5.26,-0.542,Mike Paredes,2026-09-07
"Hill, Jaden",677955,2026,154,96,0.238,0.231,0.0069999999999999,0.377,0.35,0.027,0.321,0.308,0.013,4.81,3.98,0.832,Jaden Hill,2026-09-07
"Barlow, Scott",605130,2026,153,97,0.21,0.236,-0.0259999999999999,0.435,0.448,-0.013,0.341,0.359,-0.0179999999999999,6.48,5.62,0.86,Scott Barlow,2026-09-07
"Poulin, PJ",676571,2026,153,106,0.206,0.256,-0.05,0.351,0.441,-0.09,0.302,0.353,-0.0509999999999999,2.7,5.4,-2.7,PJ Poulin,2026-09-07
"Schultz, Paxton",687606,2026,153,107,0.314,0.276,0.0379999999999999,0.489,0.453,0.0359999999999999,0.372,0.342,0.0299999999999999,6.4,5.02,1.382,Paxton Schultz,2026-09-07
"Pearson, Nate",663878,2026,152,99,0.192,0.216,-0.0239999999999999,0.254,0.332,-0.078,0.268,0.304,-0.0359999999999999,2.19,3.87,-1.681,Nate Pearson,2026-09-07
"Williamson, Brandon",682227,2026,152,103,0.266,0.27,-0.004,0.444,0.471,-0.0269999999999999,0.364,0.377,-0.013,5.94,6.31,-0.37,Brandon Williamson,2026-09-07
"Pagán, Emilio",641941,2026,152,101,0.215,0.2,0.0149999999999999,0.422,0.405,0.0169999999999999,0.303,0.291,0.012,3.93,3.52,0.407,Emilio Pagán,2026-09-07
"Garcia, Julian",670062,2026,152,98,0.172,0.193,-0.021,0.366,0.309,0.0569999999999999,0.274,0.264,0.01,3.15,2.88,0.27,Julian Garcia,2026-09-07
"Ragans, Cole",666142,2026,151,83,0.213,0.218,-0.005,0.488,0.452,0.0359999999999999,0.355,0.344,0.011,4.84,5.09,-0.25,Cole Ragans,2026-09-07
"Varland, Gus",681402,2026,151,106,0.326,0.303,0.023,0.591,0.579,0.012,0.412,0.4,0.0119999999999999,6.82,7.29,-0.469,Gus Varland,2026-09-07
"Aldegheri, Sam",691951,2026,151,111,0.238,0.271,-0.033,0.4,0.45,-0.0499999999999999,0.319,0.355,-0.0359999999999999,5.08,5.47,-0.391,Sam Aldegheri,2026-09-07
"Ahlstrom, Robby",695239,2026,151,105,0.272,0.257,0.015,0.485,0.399,0.0859999999999999,0.354,0.315,0.0389999999999999,6.29,4.18,2.111,Robby Ahlstrom,2026-09-07
"Ferguson, Caleb",657571,2026,150,99,0.287,0.253,0.0339999999999999,0.473,0.421,0.0519999999999999,0.367,0.334,0.0329999999999999,5.18,4.76,0.422,Caleb Ferguson,2026-09-07
"Roycroft, Chris",688297,2026,147,109,0.32,0.3,0.02,0.539,0.502,0.037,0.404,0.38,0.024,7.2,6.43,0.77,Chris Roycroft,2026-09-07
"Lovelady, Richard",663992,2026,146,95,0.286,0.285,0.001,0.445,0.426,0.019,0.371,0.363,0.008,3.86,5.76,-1.903,Richard Lovelady,2026-09-07
"Armstrong, Shawn",542888,2026,146,92,0.236,0.209,0.0269999999999999,0.382,0.362,0.02,0.324,0.308,0.016,4.91,3.98,0.929,Shawn Armstrong,2026-09-07
"Banks, Tanner",621383,2026,146,101,0.344,0.262,0.0819999999999999,0.595,0.419,0.176,0.423,0.323,0.0999999999999999,7.14,4.42,2.718,Tanner Banks,2026-09-07
"Minter, A.J.",621345,2026,145,106,0.212,0.233,-0.021,0.372,0.388,-0.016,0.268,0.283,-0.0149999999999999,1.72,3.32,-1.602,A.J. Minter,2026-09-07
"Wilson, Bryse",669060,2026,145,110,0.293,0.277,0.0159999999999999,0.4,0.394,0.006,0.315,0.303,0.012,3.67,3.84,-0.17,Bryse Wilson,2026-09-07
"Basso, Brady",669620,2026,145,116,0.307,0.278,0.0289999999999999,0.489,0.385,0.1039999999999999,0.347,0.303,0.0439999999999999,4.32,3.84,0.48,Brady Basso,2026-09-07
"Leiter Jr., Mark",643410,2026,144,91,0.258,0.269,-0.011,0.344,0.365,-0.021,0.304,0.316,-0.012,4.28,4.21,0.067,Mark Leiter Jr.,2026-09-07
"Sears, JP",676664,2026,143,104,0.258,0.263,-0.005,0.422,0.441,-0.019,0.328,0.345,-0.0169999999999999,4.68,5.12,-0.436,JP Sears,2026-09-07
"Hader, Josh",623352,2026,143,79,0.106,0.145,-0.0389999999999999,0.152,0.241,-0.089,0.157,0.205,-0.0479999999999999,0.69,1.75,-1.064,Josh Hader,2026-09-07
"Zuber, Tyler",676604,2026,143,97,0.278,0.237,0.041,0.489,0.375,0.1139999999999999,0.354,0.294,0.06,4.36,3.6,0.764,Tyler Zuber,2026-09-07
"Black, Mason",696131,2026,142,101,0.252,0.284,-0.0319999999999999,0.429,0.482,-0.0529999999999999,0.354,0.387,-0.033,4.31,6.72,-2.411,Mason Black,2026-09-07
"Waguespack, Jacob",621097,2026,142,104,0.156,0.212,-0.0559999999999999,0.303,0.328,-0.025,0.252,0.285,-0.0329999999999999,3.03,3.37,-0.342,Jacob Waguespack,2026-09-07
"Povich, Cade",700249,2026,142,103,0.273,0.257,0.016,0.438,0.424,0.014,0.345,0.331,0.0139999999999999,4.05,4.66,-0.61,Cade Povich,2026-09-07
"Yoho, Craig",684974,2026,141,89,0.197,0.213,-0.0159999999999999,0.402,0.376,0.026,0.309,0.305,0.004,4.28,3.9,0.377,Craig Yoho,2026-09-07
"Bender, Anthony",669622,2026,140,84,0.169,0.194,-0.0249999999999999,0.226,0.284,-0.0579999999999999,0.225,0.254,-0.0289999999999999,2.62,2.66,-0.039,Anthony Bender,2026-09-07
"Petty, Chase",695534,2026,139,112,0.248,0.278,-0.03,0.448,0.47,-0.0219999999999999,0.328,0.361,-0.0329999999999999,4.83,5.69,-0.858,Chase Petty,2026-09-07
"Crochet, Garrett",676979,2026,138,86,0.27,0.262,0.008,0.467,0.442,0.025,0.359,0.344,0.015,6.3,5.09,1.21,Garrett Crochet,2026-09-07
"Smith, Dylan",681916,2026,138,80,0.231,0.22,0.011,0.35,0.363,-0.013,0.295,0.297,-0.002,3.13,3.68,-0.554,Dylan Smith,2026-09-07
"Giolito, Lucas",608337,2026,138,96,0.281,0.262,0.019,0.412,0.406,0.0059999999999999,0.37,0.358,0.012,5.16,5.58,-0.423,Lucas Giolito,2026-09-07
"Slaten, Justin",686580,2026,137,90,0.276,0.223,0.053,0.417,0.331,0.0859999999999999,0.323,0.266,0.0569999999999999,4.6,2.92,1.676,Justin Slaten,2026-09-07
"Maton, Phil",664208,2026,136,84,0.306,0.294,0.012,0.514,0.487,0.027,0.398,0.389,0.009,6.18,6.81,-0.629,Phil Maton,2026-09-07
"Schweitzer, Tyler",805326,2026,136,107,0.252,0.286,-0.0339999999999999,0.407,0.481,-0.074,0.32,0.36,-0.0399999999999999,3.31,5.65,-2.344,Tyler Schweitzer,2026-09-07
"Keller, Brad",641745,2026,135,88,0.246,0.226,0.0199999999999999,0.364,0.313,0.0509999999999999,0.309,0.284,0.025,4.02,3.35,0.671,Brad Keller,2026-09-07
"Pomeranz, Drew",519141,2026,135,100,0.278,0.267,0.011,0.496,0.463,0.0329999999999999,0.369,0.351,0.018,5.59,5.33,0.256,Drew Pomeranz,2026-09-07
"Bradford, Cody",674003,2026,134,110,0.331,0.285,0.046,0.508,0.502,0.006,0.38,0.355,0.025,4.45,5.47,-1.019,Cody Bradford,2026-09-07
"Adam, Jason",592094,2026,134,102,0.242,0.224,0.0179999999999999,0.403,0.371,0.032,0.309,0.288,0.021,2.5,3.45,-0.945,Jason Adam,2026-09-07
"Sommers, Drew",805427,2026,134,70,0.235,0.168,0.0669999999999999,0.328,0.238,0.09,0.287,0.224,0.0629999999999999,3.98,2.08,1.899,Drew Sommers,2026-09-07
"Phillips, Connor",683175,2026,133,74,0.208,0.24,-0.032,0.356,0.407,-0.0509999999999999,0.347,0.377,-0.03,5.53,6.31,-0.78,Connor Phillips,2026-09-07
"Criswell, Cooper",681867,2026,133,98,0.263,0.247,0.016,0.381,0.363,0.018,0.301,0.288,0.013,3.27,3.45,-0.177,Cooper Criswell,2026-09-07
"Murphy, Chris",669684,2026,132,84,0.234,0.211,0.023,0.36,0.321,0.0389999999999999,0.317,0.294,0.023,4.2,3.6,0.6,Chris Murphy,2026-09-07
"Snell, Blake",605483,2026,132,74,0.183,0.172,0.011,0.226,0.208,0.018,0.237,0.226,0.0109999999999999,1.97,2.11,-0.141,Blake Snell,2026-09-07
"Booser, Cam",592155,2026,132,87,0.194,0.212,-0.0179999999999999,0.347,0.371,-0.024,0.249,0.267,-0.018,2.34,2.95,-0.613,Cam Booser,2026-09-07
"Weiss, Ryan",680802,2026,131,81,0.315,0.269,0.0459999999999999,0.568,0.488,0.0799999999999999,0.426,0.379,0.0469999999999999,7.62,6.39,1.225,Ryan Weiss,2026-09-07
"Dotel, Wilber",696062,2026,130,83,0.237,0.238,-0.001,0.325,0.354,-0.0289999999999999,0.288,0.302,-0.014,4.4,3.81,0.592,Wilber Dotel,2026-09-07
"Rojas, Kendry",696070,2026,130,73,0.221,0.179,0.042,0.327,0.282,0.045,0.321,0.288,0.033,3.34,3.45,-0.113,Kendry Rojas,2026-09-07
"Stock, Robert",476594,2026,127,86,0.297,0.253,0.0439999999999999,0.414,0.383,0.0309999999999999,0.359,0.327,0.0319999999999999,5.81,4.54,1.27,Robert Stock,2026-09-07
"Woodford, Jake",663765,2026,126,96,0.348,0.333,0.0149999999999999,0.522,0.484,0.038,0.384,0.369,0.015,7.18,5.99,1.187,Jake Woodford,2026-09-07
"Estrada, Jeremiah",669093,2026,126,72,0.183,0.21,-0.0269999999999999,0.266,0.315,-0.0489999999999999,0.259,0.286,-0.0269999999999999,3.48,3.4,0.084,Jeremiah Estrada,2026-09-07
"Gage, Matt",657424,2026,126,86,0.267,0.257,0.01,0.505,0.43,0.075,0.376,0.352,0.024,5.6,5.36,0.238,Matt Gage,2026-09-07
"Morgan, David",688158,2026,125,74,0.307,0.225,0.0819999999999999,0.426,0.279,0.1469999999999999,0.374,0.287,0.087,4.68,3.42,1.26,David Morgan,2026-09-07
"Romano, Jordan",605447,2026,125,78,0.222,0.224,-0.002,0.315,0.317,-0.002,0.288,0.288,0.0,4.88,3.45,1.43,Jordan Romano,2026-09-07
"Klassen, George",691946,2026,125,79,0.225,0.26,-0.035,0.324,0.388,-0.064,0.317,0.358,-0.0409999999999999,3.67,5.58,-1.913,George Klassen,2026-09-07
"Jobe, Jackson",695549,2026,125,84,0.257,0.257,0.0,0.477,0.43,0.0469999999999999,0.357,0.342,0.0149999999999999,4.45,5.02,-0.573,Jackson Jobe,2026-09-07
"Rodríguez, Elmer",695684,2026,125,82,0.255,0.257,-0.002,0.353,0.387,-0.034,0.337,0.357,-0.0199999999999999,5.4,5.54,-0.14,Elmer Rodríguez,2026-09-07
"Wilcox, Cole",677961,2026,123,76,0.262,0.284,-0.0219999999999999,0.34,0.404,-0.064,0.326,0.355,-0.0289999999999999,4.0,5.47,-1.47,Cole Wilcox,2026-09-07
"Rangel, Alan",660604,2026,123,79,0.29,0.249,0.0409999999999999,0.495,0.371,0.124,0.378,0.318,0.06,5.88,4.27,1.615,Alan Rangel,2026-09-07
"Greene, Hunter",668881,2026,121,79,0.261,0.268,-0.007,0.423,0.429,-0.006,0.322,0.325,-0.003,6.83,4.48,2.351,Hunter Greene,2026-09-07
"Suarez, Robert",663158,2026,121,88,0.184,0.252,-0.068,0.219,0.351,-0.1319999999999999,0.203,0.282,-0.0789999999999999,0.56,3.3,-2.737,Robert Suarez,2026-09-07
"Macko, Adam",671936,2026,120,77,0.291,0.26,0.0309999999999999,0.398,0.418,-0.0199999999999999,0.343,0.334,0.009,5.13,4.76,0.367,Adam Macko,2026-09-07
"Mederos, Victor",682989,2026,120,79,0.2,0.23,-0.03,0.314,0.326,-0.012,0.271,0.29,-0.0189999999999999,2.83,3.5,-0.674,Victor Mederos,2026-09-07
"Gastelum, Luis",703725,2026,119,72,0.243,0.247,-0.004,0.495,0.461,0.0339999999999999,0.346,0.336,0.0099999999999999,5.02,4.82,0.203,Luis Gastelum,2026-09-07
"Davila, Nick",689546,2026,119,89,0.24,0.274,-0.034,0.35,0.386,-0.036,0.315,0.341,-0.026,4.94,4.99,-0.051,Nick Davila,2026-09-07
"Mey, Luis",682825,2026,118,60,0.219,0.206,0.013,0.333,0.36,-0.0269999999999999,0.309,0.315,-0.006,3.81,4.18,-0.372,Luis Mey,2026-09-07
"Davis, Tyler",699823,2026,118,76,0.18,0.204,-0.0239999999999999,0.26,0.302,-0.0419999999999999,0.249,0.273,-0.024,3.64,3.08,0.56,Tyler Davis,2026-09-07
"Blanco, Ronel",669854,2026,118,79,0.248,0.249,-0.001,0.505,0.455,0.0499999999999999,0.371,0.354,0.017,6.58,5.44,1.145,Ronel Blanco,2026-09-07
"Natera Jr., Samy",696519,2026,116,57,0.168,0.165,0.003,0.248,0.249,-0.001,0.241,0.241,0.0,2.51,2.4,0.112,Samy Natera Jr.,2026-09-07
"Vest, Will",676684,2026,116,77,0.275,0.244,0.031,0.382,0.365,0.017,0.327,0.307,0.02,6.08,3.95,2.125,Will Vest,2026-09-07
"Ashcraft, Graham",668933,2026,115,63,0.186,0.196,-0.01,0.309,0.302,0.007,0.284,0.29,-0.006,3.54,3.5,0.036,Graham Ashcraft,2026-09-07
"Halvorsen, Seth",678020,2026,115,79,0.268,0.309,-0.0409999999999999,0.464,0.481,-0.0169999999999999,0.368,0.39,-0.022,5.87,6.85,-0.98,Seth Halvorsen,2026-09-07
"Walker, Taijuan",592836,2026,115,86,0.353,0.312,0.0409999999999999,0.657,0.582,0.075,0.455,0.411,0.044,9.13,7.81,1.322,Taijuan Walker,2026-09-07
"Sullivan, Sean",807743,2026,114,84,0.343,0.241,0.102,0.677,0.431,0.246,0.461,0.335,0.126,8.87,4.79,4.076,Sean Sullivan,2026-09-07
"Urquidy, José",664353,2026,114,86,0.302,0.224,0.0779999999999999,0.472,0.328,0.1439999999999999,0.359,0.27,0.0889999999999999,5.4,3.01,2.39,José Urquidy,2026-09-07
"Akin, Keegan",669211,2026,114,88,0.284,0.246,0.0379999999999999,0.441,0.371,0.07,0.337,0.298,0.039,5.68,3.71,1.974,Keegan Akin,2026-09-07
"Seabold, Connor",657756,2026,113,81,0.306,0.253,0.0529999999999999,0.429,0.364,0.065,0.352,0.308,0.0439999999999999,5.25,3.98,1.27,Connor Seabold,2026-09-07
"Beeks, Jalen",656222,2026,113,84,0.272,0.282,-0.0099999999999999,0.495,0.522,-0.027,0.351,0.363,-0.012,3.81,5.76,-1.952,Jalen Beeks,2026-09-07
"Sanders, Cam",676742,2026,112,59,0.198,0.212,-0.0139999999999999,0.264,0.308,-0.0439999999999999,0.288,0.307,-0.019,4.97,3.95,1.024,Cam Sanders,2026-09-07
"Kent, Jackson",800600,2026,112,72,0.237,0.25,-0.013,0.344,0.392,-0.048,0.327,0.347,-0.0199999999999999,5.55,5.19,0.358,Jackson Kent,2026-09-07
"Mathews, Quinn",687273,2026,112,75,0.278,0.229,0.049,0.351,0.303,0.0479999999999999,0.32,0.283,0.037,4.38,3.32,1.058,Quinn Mathews,2026-09-07
"Johnson, Seth",686751,2026,112,64,0.266,0.243,0.023,0.447,0.4,0.0469999999999999,0.369,0.343,0.0259999999999999,6.65,5.05,1.602,Seth Johnson,2026-09-07
"Blewett, Scott",656240,2026,110,77,0.255,0.241,0.014,0.306,0.298,0.008,0.269,0.275,-0.006,2.39,3.13,-0.738,Scott Blewett,2026-09-07
"Roberts, Ethan",681799,2026,110,76,0.237,0.255,-0.018,0.376,0.391,-0.015,0.332,0.342,-0.01,4.21,5.02,-0.812,Ethan Roberts,2026-09-07
"Hernández, Jonathan",642546,2026,109,74,0.219,0.255,-0.036,0.385,0.389,-0.004,0.304,0.321,-0.017,5.68,4.36,1.324,Jonathan Hernández,2026-09-07
"Little, Brendon",663893,2026,108,52,0.302,0.208,0.094,0.547,0.351,0.196,0.415,0.31,0.1049999999999999,7.54,4.04,3.504,Brendon Little,2026-09-07
"Topa, Justin",623437,2026,108,79,0.337,0.288,0.049,0.511,0.464,0.0469999999999999,0.403,0.367,0.036,6.96,5.92,1.035,Justin Topa,2026-09-07
"Sousa, Bennett",656986,2026,108,68,0.293,0.217,0.0759999999999999,0.435,0.356,0.079,0.369,0.308,0.061,5.87,3.98,1.89,Bennett Sousa,2026-09-07
"Cornelio, Riley",683000,2026,107,63,0.247,0.197,0.0499999999999999,0.37,0.304,0.066,0.339,0.314,0.025,5.96,4.15,1.806,Riley Cornelio,2026-09-07
"Sandlin, David",689818,2026,106,69,0.237,0.23,0.0069999999999999,0.462,0.39,0.072,0.347,0.318,0.0289999999999999,6.93,4.27,2.662,David Sandlin,2026-09-07
"Seymour, Carson",693313,2026,106,77,0.29,0.32,-0.03,0.505,0.535,-0.03,0.379,0.4,-0.021,5.79,7.29,-1.504,Carson Seymour,2026-09-07
"Cabrera, Jose",703615,2026,105,77,0.258,0.25,0.008,0.419,0.436,-0.017,0.336,0.336,0.0,4.88,4.82,0.055,Jose Cabrera,2026-09-07
"Pintaro, Jonathan",702752,2026,105,64,0.193,0.218,-0.0249999999999999,0.352,0.363,-0.011,0.302,0.315,-0.013,3.81,4.18,-0.372,Jonathan Pintaro,2026-09-07
"Collyer, Gavin",686560,2026,105,58,0.188,0.192,-0.004,0.275,0.278,-0.003,0.317,0.318,-0.001,5.09,4.27,0.817,Gavin Collyer,2026-09-07
"Way, Beck",694360,2026,105,73,0.293,0.257,0.0359999999999999,0.435,0.395,0.0399999999999999,0.35,0.341,0.0089999999999999,3.86,4.99,-1.133,Beck Way,2026-09-07
"Borucki, Ryan",621366,2026,104,78,0.293,0.253,0.0399999999999999,0.478,0.373,0.1049999999999999,0.364,0.31,0.0539999999999999,4.94,4.04,0.904,Ryan Borucki,2026-09-07
"Treinen, Blake",595014,2026,104,66,0.231,0.254,-0.0229999999999999,0.385,0.461,-0.076,0.307,0.343,-0.036,3.38,5.05,-1.675,Blake Treinen,2026-09-07
"Hurter, Brant",676428,2026,101,70,0.174,0.235,-0.061,0.267,0.332,-0.065,0.25,0.304,-0.0539999999999999,2.84,3.87,-1.028,Brant Hurter,2026-09-07
"Gamboa, Alec",687941,2026,100,74,0.191,0.185,0.006,0.303,0.278,0.0249999999999999,0.247,0.25,-0.003,1.04,2.58,-1.542,Alec Gamboa,2026-09-07
"Fernandez, Ryan",681676,2026,100,61,0.216,0.218,-0.002,0.364,0.347,0.017,0.295,0.291,0.004,3.52,3.52,0.002,Ryan Fernandez,2026-09-07
"Nardi, Andrew",677053,2026,99,60,0.244,0.241,0.003,0.442,0.466,-0.024,0.343,0.348,-0.0049999999999999,5.16,5.23,-0.068,Andrew Nardi,2026-09-07
"Duarte, Daniel",650960,2026,97,64,0.156,0.195,-0.039,0.244,0.31,-0.066,0.211,0.251,-0.04,2.08,2.6,-0.523,Daniel Duarte,2026-09-07
"Pallette, Peyton",688883,2026,97,56,0.218,0.25,-0.032,0.346,0.384,-0.038,0.333,0.356,-0.0229999999999999,5.23,5.51,-0.284,Peyton Pallette,2026-09-07
"Coulombe, Danny",543056,2026,96,70,0.225,0.251,-0.0259999999999999,0.275,0.311,-0.0359999999999999,0.3,0.321,-0.021,4.5,4.36,0.14,Danny Coulombe,2026-09-07
"Castaño, Blas",680604,2026,95,68,0.294,0.295,-0.001,0.506,0.49,0.016,0.373,0.367,0.006,3.91,5.92,-2.007,Blas Castaño,2026-09-07
"Gil, Luis",661563,2026,95,67,0.203,0.253,-0.0499999999999999,0.468,0.468,0.0,0.354,0.373,-0.019,5.91,6.15,-0.244,Luis Gil,2026-09-07
"Bolton, Cody",675989,2026,95,58,0.269,0.276,-0.007,0.462,0.472,-0.0099999999999999,0.371,0.38,-0.009,5.4,6.43,-1.03,Cody Bolton,2026-09-07
"Drake, Kohl",684442,2026,95,67,0.293,0.298,-0.005,0.585,0.597,-0.012,0.403,0.412,-0.0089999999999999,6.53,7.86,-1.328,Kohl Drake,2026-09-07
"Palencia, Daniel",694037,2026,95,61,0.282,0.243,0.0389999999999999,0.482,0.399,0.0829999999999999,0.356,0.311,0.0449999999999999,4.91,4.06,0.849,Daniel Palencia,2026-09-07
"Kranick, Max",668820,2026,94,69,0.342,0.28,0.062,0.608,0.446,0.1619999999999999,0.449,0.37,0.079,9.33,6.03,3.297,Max Kranick,2026-09-07
"Walker, Josh",677020,2026,94,62,0.25,0.212,0.038,0.369,0.308,0.061,0.298,0.258,0.0399999999999999,2.04,2.75,-0.705,Josh Walker,2026-09-07
"Ekness, Josh",694795,2026,94,65,0.218,0.24,-0.0219999999999999,0.308,0.403,-0.095,0.297,0.334,-0.037,2.49,4.76,-2.268,Josh Ekness,2026-09-07
"Backhus, Kyle",679775,2026,94,66,0.294,0.247,0.0469999999999999,0.447,0.385,0.062,0.349,0.308,0.0409999999999999,4.95,3.98,0.97,Kyle Backhus,2026-09-07
"Anderson, Shaun",641312,2026,93,65,0.309,0.303,0.006,0.469,0.515,-0.046,0.38,0.391,-0.011,7.65,6.89,0.76,Shaun Anderson,2026-09-07
"Hanifee, Brenan",669724,2026,93,75,0.286,0.301,-0.015,0.512,0.5,0.012,0.369,0.37,-0.001,5.06,6.03,-0.967,Brenan Hanifee,2026-09-07
"Abel, Mick",690953,2026,93,57,0.275,0.273,0.002,0.35,0.413,-0.063,0.329,0.349,-0.0199999999999999,3.98,5.26,-1.276,Mick Abel,2026-09-07
"Franco, Jose",683742,2026,92,62,0.25,0.236,0.014,0.461,0.391,0.07,0.363,0.347,0.016,4.43,5.19,-0.764,Jose Franco,2026-09-07
"Morgan, Eli",669212,2026,91,64,0.3,0.324,-0.024,0.525,0.513,0.012,0.396,0.399,-0.003,5.12,7.25,-2.129,Eli Morgan,2026-09-07
"Williams, Trevor",592866,2026,91,56,0.244,0.234,0.0099999999999999,0.397,0.341,0.0559999999999999,0.314,0.306,0.008,3.38,3.92,-0.545,Trevor Williams,2026-09-07
"Morales, Luis",806960,2026,90,62,0.365,0.303,0.062,0.73,0.522,0.2079999999999999,0.499,0.407,0.092,13.5,7.62,5.88,Luis Morales,2026-09-07
"Samaniego, Tyler",701719,2026,90,63,0.286,0.271,0.0149999999999999,0.351,0.403,-0.052,0.324,0.335,-0.011,2.66,4.79,-2.134,Tyler Samaniego,2026-09-07
"Morris, Kade",695034,2026,89,69,0.39,0.289,0.101,0.649,0.418,0.231,0.465,0.36,0.105,10.9,5.65,5.254,Kade Morris,2026-09-07
"Mantiply, Joe",573009,2026,89,63,0.25,0.271,-0.021,0.362,0.451,-0.089,0.293,0.334,-0.041,2.42,4.76,-2.342,Joe Mantiply,2026-09-07
"Bummer, Aaron",607481,2026,88,63,0.324,0.271,0.0529999999999999,0.676,0.521,0.155,0.457,0.382,0.075,10.26,6.51,3.75,Aaron Bummer,2026-09-07
"Barco, Hunter",682995,2026,87,58,0.296,0.28,0.0159999999999999,0.535,0.466,0.069,0.411,0.381,0.0299999999999999,7.64,6.47,1.172,Hunter Barco,2026-09-07
"Jameson, Drey",686753,2026,86,62,0.257,0.275,-0.018,0.378,0.397,-0.019,0.325,0.342,-0.017,5.12,5.02,0.101,Drey Jameson,2026-09-07
"Crow, Coleman",689441,2026,85,68,0.276,0.269,0.007,0.474,0.448,0.0259999999999999,0.34,0.34,0.0,5.3,4.95,0.354,Coleman Crow,2026-09-07
"Bigge, Hunter",685801,2026,85,57,0.2,0.23,-0.03,0.329,0.341,-0.012,0.297,0.311,-0.014,6.98,4.06,2.923,Hunter Bigge,2026-09-07
"Alexander, Jason",669920,2026,84,61,0.28,0.257,0.023,0.56,0.415,0.145,0.391,0.332,0.059,9.33,4.7,4.627,Jason Alexander,2026-09-07
"Smith-Shawver, AJ",700363,2026,84,58,0.278,0.239,0.039,0.431,0.37,0.061,0.353,0.32,0.0329999999999999,7.13,4.33,2.802,AJ Smith-Shawver,2026-09-07
"De los Santos, Yerry",660787,2026,84,61,0.216,0.255,-0.039,0.311,0.375,-0.064,0.269,0.308,-0.0389999999999999,1.35,3.98,-2.63,Yerry De los Santos,2026-09-07
"Sanmartin, Reiver",665665,2026,83,62,0.25,0.26,-0.01,0.447,0.405,0.0419999999999999,0.322,0.31,0.012,4.66,4.04,0.615,Reiver Sanmartin,2026-09-07
"Mears, Nick",683232,2026,83,57,0.257,0.298,-0.0409999999999999,0.443,0.506,-0.063,0.344,0.382,-0.038,5.12,6.51,-1.389,Nick Mears,2026-09-07
"Phillips, Evan",623465,2026,83,55,0.25,0.248,0.002,0.447,0.495,-0.0479999999999999,0.315,0.333,-0.018,3.66,4.73,-1.069,Evan Phillips,2026-09-07
"Stewart, Brock",592779,2026,82,54,0.164,0.177,-0.0129999999999999,0.288,0.272,0.0159999999999999,0.238,0.237,0.001,2.49,2.32,0.172,Brock Stewart,2026-09-07
"Aleman, Franco",680916,2026,82,50,0.264,0.203,0.061,0.375,0.305,0.07,0.33,0.277,0.0529999999999999,3.38,3.18,0.195,Franco Aleman,2026-09-07
"Bido, Osvaldo",674370,2026,81,56,0.224,0.273,-0.049,0.403,0.449,-0.0459999999999999,0.344,0.377,-0.033,6.27,6.31,-0.042,Osvaldo Bido,2026-09-07
"Juenger, Hayden",696522,2026,81,65,0.358,0.313,0.0449999999999999,0.478,0.473,0.005,0.388,0.371,0.017,9.0,6.07,2.93,Hayden Juenger,2026-09-07
"Boyle, Joe",671212,2026,81,51,0.186,0.234,-0.048,0.314,0.361,-0.0469999999999999,0.262,0.307,-0.0449999999999999,5.21,3.95,1.261,Joe Boyle,2026-09-07
"Allen, Logan",671106,2026,81,57,0.319,0.242,0.077,0.5,0.4,0.0999999999999999,0.384,0.316,0.068,5.94,4.21,1.73,Logan Allen,2026-09-07
"Hartlieb, Geoff",664129,2026,81,61,0.309,0.249,0.06,0.456,0.359,0.097,0.363,0.31,0.0529999999999999,5.09,4.04,1.054,Geoff Hartlieb,2026-09-07
"Bidois, Brandan",684049,2026,80,47,0.297,0.253,0.0439999999999999,0.547,0.469,0.078,0.408,0.363,0.0449999999999999,6.32,5.76,0.559,Brandan Bidois,2026-09-07
"Foley, Jason",671345,2026,79,60,0.296,0.254,0.0419999999999999,0.423,0.373,0.0499999999999999,0.332,0.295,0.037,4.67,3.63,1.043,Jason Foley,2026-09-07
"Díaz, Edwin",621242,2026,79,47,0.385,0.303,0.082,0.631,0.456,0.175,0.468,0.378,0.09,11.85,6.35,5.504,Edwin Díaz,2026-09-07
"Murray, Jayden",681151,2026,79,56,0.362,0.273,0.0889999999999999,0.594,0.495,0.0989999999999999,0.438,0.363,0.075,9.37,5.76,3.607,Jayden Murray,2026-09-07
"Palmquist, Carson",687223,2026,78,52,0.323,0.271,0.0519999999999999,0.431,0.374,0.0569999999999999,0.378,0.337,0.0409999999999999,7.71,4.86,2.854,Carson Palmquist,2026-09-07
"Leasure, Jordan",673929,2026,78,52,0.217,0.269,-0.052,0.507,0.624,-0.1169999999999999,0.337,0.406,-0.069,6.27,7.57,-1.302,Jordan Leasure,2026-09-07
"Laweryson, Cody",689520,2026,78,50,0.227,0.245,-0.0179999999999999,0.409,0.389,0.0199999999999999,0.32,0.33,-0.01,4.86,4.63,0.23,Cody Laweryson,2026-09-07
"Curry, Xzavion",675540,2026,78,57,0.232,0.2,0.032,0.406,0.349,0.057,0.323,0.287,0.036,3.44,3.42,0.016,Xzavion Curry,2026-09-07
"Ferguson, Tyler",621053,2026,78,50,0.211,0.223,-0.012,0.507,0.456,0.0509999999999999,0.339,0.324,0.015,5.3,4.45,0.854,Tyler Ferguson,2026-09-07
"Fulton, Dax",690978,2026,78,50,0.215,0.219,-0.004,0.308,0.299,0.009,0.295,0.3,-0.005,3.86,3.76,0.097,Dax Fulton,2026-09-07
"Pecko, Ethan",814490,2026,77,55,0.242,0.27,-0.028,0.47,0.508,-0.038,0.36,0.384,-0.024,5.19,6.6,-1.408,Ethan Pecko,2026-09-07
"Cuas, Jose",621016,2026,77,49,0.318,0.303,0.015,0.394,0.4,-0.006,0.353,0.353,0.0,2.75,5.4,-2.645,Jose Cuas,2026-09-07
"Carrillo, Gerardo",672629,2026,76,40,0.2,0.171,0.0289999999999999,0.25,0.246,0.004,0.292,0.278,0.0139999999999999,2.65,3.2,-0.553,Gerardo Carrillo,2026-09-07
"Molina, Anthony",683627,2026,74,56,0.197,0.248,-0.0509999999999999,0.338,0.42,-0.0819999999999999,0.249,0.302,-0.0529999999999999,2.79,3.81,-1.017,Anthony Molina,2026-09-07
"Cosgrove, Tom",676680,2026,74,52,0.29,0.249,0.0409999999999999,0.565,0.41,0.1549999999999999,0.379,0.32,0.059,7.71,4.33,3.384,Tom Cosgrove,2026-09-07
"Thomas, Connor",671162,2026,74,54,0.349,0.278,0.0709999999999999,0.571,0.462,0.1089999999999999,0.423,0.362,0.061,10.43,5.73,4.702,Connor Thomas,2026-09-07
"García, Luis",472610,2026,74,61,0.348,0.329,0.0189999999999999,0.545,0.522,0.023,0.415,0.397,0.0179999999999999,9.0,7.16,1.84,Luis García,2026-09-07
"Carrasco, Carlos",471911,2026,73,61,0.318,0.371,-0.0529999999999999,0.485,0.586,-0.1009999999999999,0.373,0.432,-0.059,5.94,8.89,-2.95,Carlos Carrasco,2026-09-07
"Smith, Burch",572143,2026,73,46,0.277,0.217,0.06,0.462,0.347,0.115,0.354,0.287,0.067,3.18,3.42,-0.244,Burch Smith,2026-09-07
"Chivilli, Angel",683409,2026,73,49,0.215,0.22,-0.005,0.431,0.395,0.0359999999999999,0.321,0.309,0.012,3.78,4.01,-0.23,Angel Chivilli,2026-09-07
"Kelly, Zack",677161,2026,71,49,0.233,0.29,-0.0569999999999999,0.3,0.432,-0.132,0.28,0.368,-0.0879999999999999,3.31,5.95,-2.644,Zack Kelly,2026-09-07
"Henry, Cole",669371,2026,71,44,0.288,0.256,0.0319999999999999,0.542,0.478,0.064,0.409,0.374,0.0349999999999999,7.9,6.19,1.712,Cole Henry,2026-09-07
"Enns, Dietrich",608650,2026,70,46,0.236,0.211,0.0249999999999999,0.327,0.335,-0.008,0.306,0.301,0.005,3.94,3.79,0.148,Dietrich Enns,2026-09-07
"Kent, Zak",687849,2026,69,51,0.295,0.261,0.0339999999999999,0.59,0.451,0.1389999999999999,0.401,0.351,0.05,6.28,5.33,0.949,Zak Kent,2026-09-07
"Helsley, Ryan",664854,2026,68,38,0.22,0.185,0.035,0.407,0.296,0.1109999999999999,0.319,0.265,0.0539999999999999,4.11,2.9,1.209,Ryan Helsley,2026-09-07
"Peoples, Ben",687239,2026,68,49,0.241,0.221,0.0199999999999999,0.414,0.362,0.0519999999999999,0.333,0.305,0.028,2.75,3.9,-1.145,Ben Peoples,2026-09-07
"Brogdon, Connor",641401,2026,67,50,0.23,0.258,-0.0279999999999999,0.525,0.514,0.011,0.336,0.345,-0.0089999999999999,5.28,5.12,0.163,Connor Brogdon,2026-09-07
"Maxwell, Zach",687209,2026,67,45,0.321,0.274,0.0469999999999999,0.518,0.452,0.066,0.406,0.366,0.04,8.31,5.88,2.428,Zach Maxwell,2026-09-07
"Montgomery, Jordan",656756,2026,66,48,0.279,0.274,0.005,0.475,0.443,0.0319999999999999,0.352,0.337,0.0149999999999999,6.0,4.86,1.14,Jordan Montgomery,2026-09-07
"Martin, Trevor",694680,2026,66,50,0.31,0.254,0.0559999999999999,0.569,0.478,0.0909999999999999,0.416,0.359,0.0569999999999999,4.39,5.62,-1.225,Trevor Martin,2026-09-07
"Martin, Chris",455119,2026,66,54,0.403,0.344,0.059,0.71,0.568,0.142,0.479,0.408,0.071,9.0,7.67,1.33,Chris Martin,2026-09-07
"Pivetta, Nick",601713,2026,66,36,0.2,0.154,0.046,0.267,0.228,0.039,0.248,0.212,0.036,4.5,1.87,2.63,Nick Pivetta,2026-09-07
"Young, Danny",664849,2026,65,34,0.313,0.241,0.072,0.563,0.468,0.0949999999999999,0.449,0.392,0.0569999999999999,8.03,6.94,1.087,Danny Young,2026-09-07
"Frasso, Nick",693308,2026,65,45,0.298,0.249,0.0489999999999999,0.386,0.386,0.0,0.331,0.318,0.013,5.27,4.27,0.998,Nick Frasso,2026-09-07
"Wilkinson, Matt",683363,2026,64,52,0.267,0.286,-0.0189999999999999,0.533,0.514,0.019,0.361,0.362,-0.001,6.14,5.73,0.406,Matt Wilkinson,2026-09-07
"Beck, Tristan",663941,2026,64,52,0.304,0.249,0.0549999999999999,0.482,0.434,0.0479999999999999,0.367,0.33,0.0369999999999999,7.07,4.63,2.441,Tristan Beck,2026-09-07
"Brash, Matt",666374,2026,64,40,0.151,0.234,-0.083,0.189,0.347,-0.1579999999999999,0.218,0.316,-0.098,0.54,4.21,-3.67,Matt Brash,2026-09-07
"Abner, Philip",691769,2026,64,50,0.25,0.305,-0.0549999999999999,0.411,0.539,-0.128,0.336,0.401,-0.065,6.28,7.34,-1.061,Philip Abner,2026-09-07
"Barnes, Charlie",656212,2026,63,49,0.309,0.321,-0.012,0.527,0.531,-0.004,0.402,0.404,-0.002,6.92,7.48,-0.557,Charlie Barnes,2026-09-07
"Anderson, Kade",807739,2026,63,45,0.273,0.197,0.076,0.473,0.336,0.1369999999999999,0.357,0.276,0.0809999999999999,5.4,3.15,2.25,Kade Anderson,2026-09-07
"Saucedo, Tayler",642048,2026,63,41,0.237,0.201,0.0359999999999999,0.322,0.334,-0.012,0.273,0.259,0.014,3.45,2.77,0.677,Tayler Saucedo,2026-09-07
"Smith, Hagen",696146,2026,62,29,0.096,0.171,-0.075,0.173,0.245,-0.072,0.209,0.264,-0.055,0.56,2.88,-2.317,Hagen Smith,2026-09-07
"Yan, Jefry",642376,2026,62,33,0.255,0.235,0.02,0.404,0.322,0.082,0.357,0.329,0.0279999999999999,5.68,4.6,1.084,Jefry Yan,2026-09-07
"Hollowell, Gavin",668970,2026,62,40,0.208,0.24,-0.032,0.377,0.447,-0.07,0.315,0.351,-0.0359999999999999,2.51,5.33,-2.818,Gavin Hollowell,2026-09-07
"Strzelecki, Peter",657265,2026,61,45,0.25,0.201,0.0489999999999999,0.385,0.319,0.066,0.326,0.294,0.032,5.79,3.6,2.186,Peter Strzelecki,2026-09-07
"Peralta, Sammy",671111,2026,60,35,0.333,0.284,0.049,0.569,0.481,0.0879999999999999,0.431,0.378,0.0529999999999999,7.5,6.35,1.15,Sammy Peralta,2026-09-07
"Santa, Alimber",695001,2026,59,44,0.16,0.207,-0.0469999999999999,0.24,0.272,-0.032,0.218,0.267,-0.049,1.17,2.95,-1.776,Alimber Santa,2026-09-07
"Harris, Trent",805345,2026,59,34,0.208,0.179,0.0289999999999999,0.302,0.228,0.0739999999999999,0.268,0.229,0.039,3.21,2.17,1.044,Trent Harris,2026-09-07
"Murphy, Luke",684665,2026,59,34,0.245,0.226,0.0189999999999999,0.306,0.337,-0.031,0.32,0.32,0.0,4.5,4.33,0.17,Luke Murphy,2026-09-07
"Hoffmann, Andrew",694851,2026,59,37,0.333,0.243,0.09,0.583,0.399,0.1839999999999999,0.434,0.336,0.0979999999999999,7.71,4.82,2.894,Andrew Hoffmann,2026-09-07
"Adams, Mason",690279,2026,59,36,0.302,0.258,0.0439999999999999,0.585,0.531,0.0539999999999999,0.41,0.369,0.0409999999999999,3.95,5.99,-2.039,Mason Adams,2026-09-07
"Falter, Bailey",663559,2026,57,45,0.471,0.355,0.1159999999999999,0.765,0.537,0.2279999999999999,0.549,0.415,0.134,13.97,8.01,5.956,Bailey Falter,2026-09-07
"Estrada, Lazaro",681751,2026,57,37,0.178,0.217,-0.039,0.311,0.366,-0.0549999999999999,0.294,0.334,-0.04,5.54,4.76,0.778,Lazaro Estrada,2026-09-07
"Ross, Joe",605452,2026,57,44,0.314,0.307,0.007,0.549,0.524,0.025,0.404,0.391,0.013,9.26,6.89,2.367,Joe Ross,2026-09-07
"Thompson, Keegan",624522,2026,57,44,0.365,0.343,0.0219999999999999,0.596,0.623,-0.027,0.407,0.407,0.0,8.25,7.62,0.63,Keegan Thompson,2026-09-07
"Sands, Cole",663485,2026,56,39,0.313,0.268,0.0449999999999999,0.583,0.507,0.0759999999999999,0.409,0.364,0.0449999999999999,8.25,5.8,2.45,Cole Sands,2026-09-07
"Spence, Mitch",687765,2026,56,41,0.413,0.279,0.1339999999999999,0.717,0.408,0.309,0.509,0.361,0.148,21.21,5.69,15.524,Mitch Spence,2026-09-07
"Voth, Austin",608723,2026,56,47,0.396,0.338,0.0579999999999999,0.646,0.557,0.0889999999999999,0.459,0.403,0.0559999999999999,9.9,7.43,2.47,Austin Voth,2026-09-07
"Rom, Drew",680723,2026,56,33,0.319,0.258,0.061,0.532,0.447,0.085,0.395,0.354,0.041,6.35,5.44,0.913,Drew Rom,2026-09-07
"Waldrep, Hurston",694462,2026,56,35,0.295,0.231,0.0639999999999999,0.5,0.389,0.1109999999999999,0.42,0.359,0.061,8.44,5.62,2.818,Hurston Waldrep,2026-09-07
"Zerpa, Angel",672582,2026,55,41,0.333,0.328,0.005,0.521,0.53,-0.009,0.405,0.405,0.0,6.39,7.53,-1.135,Angel Zerpa,2026-09-07
"Burgos, Raymond",670103,2026,54,43,0.208,0.214,-0.006,0.321,0.378,-0.0569999999999999,0.237,0.261,-0.024,5.02,2.81,2.213,Raymond Burgos,2026-09-07
"Curvelo, Luis",681168,2026,54,42,0.354,0.307,0.0469999999999999,0.708,0.544,0.1639999999999999,0.47,0.387,0.0829999999999999,9.58,6.72,2.861,Luis Curvelo,2026-09-07
"Kerry, Brett",695049,2026,54,40,0.212,0.231,-0.019,0.385,0.361,0.024,0.269,0.27,-0.001,3.95,3.01,0.941,Brett Kerry,2026-09-07
"Brieske, Beau",689225,2026,54,37,0.245,0.236,0.009,0.429,0.383,0.0459999999999999,0.327,0.306,0.021,6.23,3.92,2.311,Beau Brieske,2026-09-07
"Rock, Joe",697812,2026,53,28,0.275,0.267,0.008,0.3,0.402,-0.102,0.364,0.39,-0.026,3.48,6.85,-3.366,Joe Rock,2026-09-07
"Sears, Andrew",808825,2026,51,39,0.255,0.217,0.038,0.426,0.353,0.073,0.324,0.28,0.0439999999999999,4.38,3.25,1.128,Andrew Sears,2026-09-07
"Acton, Garrett",670183,2026,51,29,0.238,0.212,0.0259999999999999,0.405,0.396,0.009,0.33,0.317,0.013,5.73,4.24,1.487,Garrett Acton,2026-09-07
"Gordon, Colton",676467,2026,50,35,0.467,0.327,0.14,0.933,0.587,0.3460000000000001,0.589,0.41,0.179,11.57,7.76,3.811,Colton Gordon,2026-09-07
"Kempner, William",687531,2026,50,30,0.182,0.231,-0.049,0.295,0.355,-0.06,0.266,0.306,-0.0399999999999999,2.92,3.92,-1.001,William Kempner,2026-09-07
"Wicks, Jordan",696136,2026,50,39,0.383,0.283,0.1,0.553,0.408,0.145,0.423,0.322,0.1009999999999999,10.45,4.39,6.062,Jordan Wicks,2026-09-07
"Granillo, Andre",701552,2026,50,38,0.333,0.295,0.038,0.538,0.44,0.098,0.428,0.394,0.0339999999999999,9.64,7.02,2.623,Andre Granillo,2026-09-07
"Foster, Cameron",671382,2026,49,32,0.415,0.254,0.1609999999999999,0.537,0.358,0.179,0.462,0.336,0.126,9.0,4.82,4.18,Cameron Foster,2026-09-07
"Smith, Shane",681343,2026,49,27,0.316,0.246,0.07,0.5,0.293,0.207,0.424,0.333,0.0909999999999999,10.8,4.73,6.07,Shane Smith,2026-09-07
"McFarlane, Alex",686934,2026,48,32,0.214,0.257,-0.043,0.31,0.382,-0.072,0.277,0.32,-0.0429999999999999,3.09,4.33,-1.244,Alex McFarlane,2026-09-07
"Bellozo, Valente",678368,2026,48,32,0.256,0.316,-0.06,0.641,0.737,-0.0959999999999999,0.421,0.475,-0.0539999999999999,7.59,11.53,-3.936,Valente Bellozo,2026-09-07
"Peguero, Joel",666711,2026,48,37,0.238,0.192,0.0459999999999999,0.31,0.247,0.063,0.297,0.255,0.0419999999999999,2.38,2.68,-0.298,Joel Peguero,2026-09-07
"Anderson, Jack",681252,2026,48,33,0.222,0.23,-0.008,0.333,0.418,-0.0849999999999999,0.269,0.301,-0.0319999999999999,2.19,3.79,-1.601,Jack Anderson,2026-09-07
"Weiman, Blake",676620,2026,48,37,0.333,0.257,0.076,0.467,0.4,0.067,0.34,0.29,0.05,2.61,3.5,-0.887,Blake Weiman,2026-09-07
"Mautz, Brycen",802408,2026,48,28,0.368,0.26,0.1079999999999999,0.579,0.474,0.1049999999999999,0.465,0.387,0.078,9.0,6.72,2.28,Brycen Mautz,2026-09-07
"Dallas, Chad",689149,2026,47,31,0.25,0.218,0.032,0.35,0.306,0.0439999999999999,0.311,0.289,0.022,6.1,3.47,2.627,Chad Dallas,2026-09-07
"Tong, Jonah",804636,2026,47,33,0.205,0.206,-0.001,0.282,0.367,-0.085,0.28,0.309,-0.0289999999999999,3.6,4.01,-0.41,Jonah Tong,2026-09-07
"Tur, Yunior",814305,2026,47,30,0.375,0.305,0.07,0.775,0.666,0.1089999999999999,0.518,0.451,0.067,19.13,9.98,9.145,Yunior Tur,2026-09-07
"Núñez, Dedniel",673380,2026,47,36,0.277,0.253,0.024,0.532,0.485,0.047,0.344,0.31,0.0339999999999999,4.63,4.04,0.589,Dedniel Núñez,2026-09-07
"McGee, Easton",668834,2026,47,33,0.357,0.283,0.074,0.667,0.447,0.22,0.464,0.354,0.11,6.97,5.44,1.528,Easton McGee,2026-09-07
"Krook, Matt",640454,2026,46,25,0.265,0.293,-0.0279999999999999,0.5,0.448,0.0519999999999999,0.423,0.411,0.012,10.8,7.81,2.99,Matt Krook,2026-09-07
"Sims, Lucas",608371,2026,46,28,0.257,0.22,0.037,0.4,0.356,0.044,0.353,0.33,0.0229999999999999,4.5,4.63,-0.13,Lucas Sims,2026-09-07
"Heuer, Codi",676051,2026,46,34,0.308,0.269,0.0389999999999999,0.41,0.382,0.0279999999999999,0.356,0.335,0.0209999999999999,4.66,4.79,-0.135,Codi Heuer,2026-09-07
"Rodríguez, Yariel",684320,2026,45,31,0.324,0.295,0.029,0.514,0.495,0.019,0.422,0.402,0.0199999999999999,7.71,7.39,0.324,Yariel Rodríguez,2026-09-07
"Lavender, Nate",681320,2026,45,27,0.119,0.152,-0.033,0.143,0.241,-0.098,0.154,0.204,-0.0499999999999999,0.0,1.74,-1.74,Nate Lavender,2026-09-07
"Allard, Kolby",663465,2026,45,32,0.39,0.317,0.073,0.659,0.533,0.126,0.467,0.385,0.082,10.38,6.64,3.745,Kolby Allard,2026-09-07
"Cruz, Yovanny",672442,2026,44,27,0.324,0.276,0.0479999999999999,0.459,0.391,0.068,0.398,0.353,0.045,5.79,5.4,0.386,Yovanny Cruz,2026-09-07
"Shuster, Jared",694363,2026,44,34,0.289,0.239,0.0499999999999999,0.447,0.367,0.08,0.362,0.311,0.0509999999999999,9.0,4.06,4.94,Jared Shuster,2026-09-07
"Rivera, Eduardo",700842,2026,44,28,0.211,0.206,0.005,0.342,0.342,0.0,0.3,0.297,0.003,6.3,3.68,2.62,Eduardo Rivera,2026-09-07
"Manfredi, Mark",815081,2026,43,26,0.216,0.226,-0.01,0.27,0.338,-0.068,0.279,0.306,-0.0269999999999999,1.74,3.92,-2.178,Mark Manfredi,2026-09-07
"Kahnle, Tommy",592454,2026,43,32,0.324,0.285,0.039,0.595,0.489,0.1059999999999999,0.434,0.381,0.0529999999999999,8.0,6.47,1.53,Tommy Kahnle,2026-09-07
"McCambley, Zach",685112,2026,43,27,0.278,0.292,-0.0139999999999999,0.333,0.429,-0.0959999999999999,0.33,0.366,-0.0359999999999999,4.15,5.88,-1.726,Zach McCambley,2026-09-07
"Roa, Christian",685005,2026,43,27,0.313,0.296,0.017,0.5,0.491,0.009,0.424,0.415,0.009,5.19,8.01,-2.818,Christian Roa,2026-09-07
"Nicolas, Kyle",693312,2026,42,22,0.276,0.272,0.004,0.414,0.444,-0.03,0.422,0.434,-0.012,8.59,9.0,-0.409,Kyle Nicolas,2026-09-07
"Rodriguez, Carlos",692230,2026,42,30,0.263,0.228,0.035,0.395,0.327,0.068,0.324,0.282,0.042,3.86,3.3,0.557,Carlos Rodriguez,2026-09-07
"Olds, Wyatt",681544,2026,41,26,0.189,0.207,-0.0179999999999999,0.324,0.355,-0.0309999999999999,0.267,0.285,-0.0179999999999999,0.96,3.37,-2.406,Wyatt Olds,2026-09-07
"Cortes, Carlos",666126,2026,41,35,0.361,0.297,0.064,0.75,0.544,0.2059999999999999,0.499,0.401,0.0979999999999999,9.0,7.34,1.66,Carlos Cortes,2026-09-07
"Koenig, Jared",657649,2026,41,26,0.364,0.246,0.118,0.576,0.416,0.1599999999999999,0.443,0.337,0.1059999999999999,9.0,4.86,4.14,Jared Koenig,2026-09-07
"Vanasco, Ricky",676568,2026,40,30,0.412,0.294,0.118,0.706,0.519,0.1869999999999999,0.512,0.399,0.1129999999999999,15.63,7.25,8.382,Ricky Vanasco,2026-09-07
"Waldichuk, Ken",686610,2026,40,26,0.235,0.243,-0.008,0.588,0.577,0.011,0.4,0.397,0.003,6.75,7.16,-0.41,Ken Waldichuk,2026-09-07
"Sandlin, Nick",680704,2026,40,26,0.29,0.238,0.0519999999999999,0.548,0.463,0.085,0.419,0.377,0.0419999999999999,11.42,6.31,5.113,Nick Sandlin,2026-09-07
"Vargas, Carlos",672841,2026,39,27,0.222,0.259,-0.037,0.389,0.411,-0.0219999999999999,0.295,0.319,-0.024,3.86,4.3,-0.443,Carlos Vargas,2026-09-07
"Manoah, Alek",666201,2026,39,26,0.258,0.228,0.03,0.516,0.473,0.043,0.402,0.379,0.023,9.82,6.39,3.428,Alek Manoah,2026-09-07
"Paez, Jedixson",699151,2026,39,31,0.438,0.385,0.0529999999999999,0.906,0.813,0.093,0.557,0.506,0.051,18.9,13.89,5.01,Jedixson Paez,2026-09-07
"Marte, Yunior",805074,2026,39,30,0.2,0.234,-0.034,0.429,0.448,-0.019,0.31,0.331,-0.021,3.72,4.66,-0.936,Yunior Marte,2026-09-07
"Hernández, Elieser",622694,2026,39,27,0.206,0.175,0.031,0.294,0.259,0.0349999999999999,0.268,0.24,0.028,1.0,2.38,-1.38,Elieser Hernández,2026-09-07
"Yean, Eddy",678868,2026,39,30,0.139,0.211,-0.0719999999999999,0.306,0.296,0.01,0.227,0.257,-0.03,1.8,2.73,-0.93,Eddy Yean,2026-09-07
"Curtis, Khristian",694753,2026,39,26,0.091,0.214,-0.123,0.121,0.325,-0.204,0.185,0.303,-0.118,1.64,3.84,-2.204,Khristian Curtis,2026-09-07
"Rajcic, Max",691008,2026,39,25,0.182,0.168,0.0139999999999999,0.394,0.318,0.076,0.311,0.281,0.0299999999999999,5.0,3.27,1.73,Max Rajcic,2026-09-07
"Simpson, Josh",681006,2026,38,23,0.333,0.227,0.106,0.727,0.532,0.1949999999999999,0.482,0.369,0.1129999999999999,9.82,5.99,3.828,Josh Simpson,2026-09-07
"Hoffman, Nolan",676510,2026,38,28,0.333,0.311,0.022,0.367,0.387,-0.02,0.346,0.349,-0.003,5.19,5.26,-0.068,Nolan Hoffman,2026-09-07
"Kerr, Ray",678061,2026,38,29,0.121,0.209,-0.088,0.212,0.314,-0.102,0.186,0.258,-0.072,1.8,2.75,-0.95,Ray Kerr,2026-09-07
"Hiraldo, Yaramil",682274,2026,37,17,0.241,0.169,0.0719999999999999,0.517,0.32,0.197,0.384,0.295,0.089,5.87,3.63,2.24,Yaramil Hiraldo,2026-09-07
"Lee, Chase",695445,2026,37,27,0.286,0.26,0.0259999999999999,0.607,0.376,0.2309999999999999,0.435,0.35,0.085,7.88,5.29,2.585,Chase Lee,2026-09-07
"Karinchak, James",675916,2026,37,24,0.129,0.158,-0.0289999999999999,0.258,0.299,-0.0409999999999999,0.232,0.268,-0.036,1.86,2.97,-1.108,James Karinchak,2026-09-07
"Shook, TJ",669298,2026,36,27,0.353,0.261,0.0919999999999999,0.765,0.464,0.301,0.484,0.328,0.1559999999999999,8.22,4.57,3.647,TJ Shook,2026-09-07
"Mills, Wyatt",670090,2026,36,20,0.208,0.234,-0.026,0.208,0.293,-0.0849999999999999,0.338,0.368,-0.0299999999999999,5.68,5.95,-0.266,Wyatt Mills,2026-09-07
"Gonzalez, Domingo",682445,2026,36,25,0.3,0.355,-0.0549999999999999,0.467,0.618,-0.1509999999999999,0.383,0.453,-0.07,4.7,10.1,-5.404,Domingo Gonzalez,2026-09-07
"Trivino III, Lou",642152,2026,36,21,0.37,0.217,0.153,0.593,0.323,0.2699999999999999,0.466,0.33,0.136,15.0,4.63,10.37,Lou Trivino III,2026-09-07
"Fulmer, Michael",605242,2026,36,21,0.2,0.238,-0.0379999999999999,0.367,0.35,0.017,0.308,0.318,-0.01,2.25,4.27,-2.02,Michael Fulmer,2026-09-07
"Trevino, Jose",624431,2026,36,33,0.529,0.385,0.144,0.735,0.602,0.133,0.558,0.439,0.119,16.5,9.28,7.22,Jose Trevino,2026-09-07
"Payamps, Joel",606303,2026,36,23,0.281,0.252,0.029,0.594,0.548,0.0459999999999999,0.405,0.377,0.028,8.22,6.31,1.907,Joel Payamps,2026-09-07
"Joyce, Ben",690829,2026,36,17,0.1,0.143,-0.0429999999999999,0.133,0.18,-0.0469999999999999,0.188,0.22,-0.032,2.89,2.01,0.883,Ben Joyce,2026-09-07
"Kelly, Antwone",699008,2026,36,27,0.25,0.269,-0.019,0.5,0.367,0.133,0.361,0.323,0.0379999999999999,5.4,4.42,0.98,Antwone Kelly,2026-09-07
"McDermott, Chayce",694646,2026,36,26,0.258,0.224,0.034,0.548,0.466,0.082,0.38,0.336,0.0439999999999999,5.87,4.82,1.05,Chayce McDermott,2026-09-07
"Knack, Landon",689017,2026,35,26,0.258,0.22,0.038,0.677,0.494,0.183,0.407,0.34,0.0669999999999999,5.87,4.95,0.92,Landon Knack,2026-09-07
"Van Eyk, CJ",669310,2026,35,31,0.355,0.294,0.061,0.516,0.467,0.0489999999999999,0.395,0.366,0.029,4.05,5.88,-1.83,CJ Van Eyk,2026-09-07
"Perdomo, Cesar",702885,2026,35,25,0.182,0.221,-0.039,0.303,0.36,-0.0569999999999999,0.236,0.273,-0.037,0.9,3.08,-2.18,Cesar Perdomo,2026-09-07
"Brito, Jhony",666745,2026,35,28,0.206,0.225,-0.019,0.412,0.42,-0.008,0.275,0.285,-0.0099999999999999,3.0,3.37,-0.37,Jhony Brito,2026-09-07
"Lazar, Max",676661,2026,35,27,0.25,0.241,0.009,0.531,0.454,0.077,0.363,0.331,0.0319999999999999,5.63,4.66,0.965,Max Lazar,2026-09-07
"Gervase, Paul",801434,2026,34,21,0.241,0.238,0.003,0.241,0.313,-0.072,0.286,0.306,-0.02,2.35,3.92,-1.572,Paul Gervase,2026-09-07
"Espino, Daniel",682982,2026,34,15,0.2,0.205,-0.0049999999999999,0.333,0.271,0.062,0.284,0.263,0.0209999999999999,3.38,2.86,0.515,Daniel Espino,2026-09-07
"Gerber, Joey",680702,2026,34,22,0.2,0.23,-0.03,0.4,0.373,0.027,0.306,0.309,-0.003,4.32,4.01,0.31,Joey Gerber,2026-09-07
"Beck, Brendan",694341,2026,34,24,0.241,0.292,-0.0509999999999999,0.724,0.641,0.0829999999999999,0.444,0.435,0.009,8.22,9.05,-0.833,Brendan Beck,2026-09-07
"Garcia, Robert",676395,2026,34,21,0.185,0.239,-0.0539999999999999,0.222,0.31,-0.088,0.286,0.333,-0.047,3.38,4.73,-1.355,Robert Garcia,2026-09-07
"Mushinski, Parker",656786,2026,34,29,0.31,0.325,-0.015,0.379,0.459,-0.08,0.36,0.39,-0.03,2.7,6.85,-4.15,Parker Mushinski,2026-09-07
"Sullivan, Brett",664954,2026,34,31,0.355,0.364,-0.009,0.613,0.625,-0.012,0.418,0.429,-0.011,4.7,8.73,-4.034,Brett Sullivan,2026-09-07
"Tolbert, Tyler",686475,2026,33,29,0.586,0.501,0.0849999999999999,1.034,0.827,0.207,0.696,0.583,0.1129999999999999,25.07,22.15,2.921,Tyler Tolbert,2026-09-07
"Martin, Riley",702303,2026,32,19,0.179,0.169,0.0099999999999999,0.286,0.312,-0.026,0.249,0.25,-0.001,2.16,2.58,-0.42,Riley Martin,2026-09-07
"Kelly, Michael",547184,2026,32,20,0.462,0.349,0.113,0.769,0.522,0.247,0.557,0.436,0.121,16.2,9.11,7.09,Michael Kelly,2026-09-07
"Gilbert, Tyler",656457,2026,32,24,0.429,0.343,0.0859999999999999,0.821,0.635,0.1859999999999999,0.552,0.45,0.102,12.0,9.92,2.08,Tyler Gilbert,2026-09-07
"Pushard, Matt",690155,2026,32,20,0.24,0.278,-0.038,0.28,0.39,-0.1099999999999999,0.298,0.347,-0.0489999999999999,5.14,5.19,-0.047,Matt Pushard,2026-09-07
"Pop, Zach",647315,2026,31,21,0.2,0.248,-0.0479999999999999,0.32,0.358,-0.0379999999999999,0.271,0.317,-0.0459999999999999,3.68,4.24,-0.558,Zach Pop,2026-09-07
"France, J.P.",641585,2026,31,21,0.24,0.293,-0.0529999999999999,0.4,0.534,-0.134,0.358,0.42,-0.062,8.1,8.26,-0.16,J.P. France,2026-09-07
"Ralston, Jack",667652,2026,31,21,0.185,0.192,-0.007,0.296,0.307,-0.011,0.271,0.277,-0.006,4.91,3.18,1.729,Jack Ralston,2026-09-07
"Rainey, Tanner",663432,2026,31,16,0.136,0.156,-0.0199999999999999,0.182,0.213,-0.031,0.302,0.317,-0.015,3.86,4.24,-0.383,Tanner Rainey,2026-09-07
"Irvin, Cole",608344,2026,30,21,0.308,0.287,0.021,0.5,0.512,-0.012,0.395,0.39,0.005,9.0,6.85,2.15,Cole Irvin,2026-09-07
"Fitzpatrick, Brian",702153,2026,30,22,0.259,0.212,0.047,0.296,0.265,0.0309999999999999,0.29,0.257,0.0329999999999999,1.35,2.73,-1.38,Brian Fitzpatrick,2026-09-07
"Stallings, Garrett",668831,2026,30,18,0.111,0.136,-0.025,0.111,0.148,-0.0369999999999999,0.159,0.182,-0.0229999999999999,0.0,1.41,-1.41,Garrett Stallings,2026-09-07
"Bivens, Spencer",702352,2026,30,18,0.44,0.294,0.146,0.6,0.483,0.1169999999999999,0.471,0.374,0.0969999999999999,14.4,6.19,8.21,Spencer Bivens,2026-09-07
"Leibrandt, Brandon",605335,2026,30,24,0.385,0.323,0.062,0.692,0.694,-0.002,0.461,0.437,0.024,7.5,9.16,-1.66,Brandon Leibrandt,2026-09-07
"Murphy, Owen",702566,2026,29,20,0.231,0.28,-0.049,0.385,0.451,-0.066,0.31,0.353,-0.0429999999999999,4.05,5.4,-1.35,Owen Murphy,2026-09-07
"Gonzales, Marco",594835,2026,29,22,0.28,0.208,0.072,0.36,0.294,0.066,0.324,0.267,0.0569999999999999,1.35,2.95,-1.6,Marco Gonzales,2026-09-07
"Cerantola, Eric",672021,2026,28,10,0.235,0.181,0.0539999999999999,0.588,0.315,0.2729999999999999,0.484,0.402,0.0819999999999999,10.13,7.39,2.735,Eric Cerantola,2026-09-07
"Corniell, Jose",692030,2026,28,20,0.478,0.273,0.2049999999999999,1.043,0.487,0.5559999999999999,0.645,0.366,0.279,20.77,5.88,14.889,Jose Corniell,2026-09-07
"Perales, Luis",691384,2026,28,19,0.375,0.29,0.085,0.625,0.531,0.0939999999999999,0.469,0.399,0.0699999999999999,14.4,7.25,7.15,Luis Perales,2026-09-07
"Grove, Michael",675627,2026,28,22,0.259,0.289,-0.0299999999999999,0.63,0.708,-0.0779999999999999,0.36,0.423,-0.063,5.14,8.41,-3.267,Michael Grove,2026-09-07
"Garrett, Braxton",666129,2026,28,15,0.368,0.24,0.128,0.579,0.389,0.1899999999999999,0.475,0.386,0.0889999999999999,14.54,6.68,7.858,Braxton Garrett,2026-09-07
"Devenski, Chris",606965,2026,28,25,0.357,0.287,0.07,0.607,0.412,0.195,0.414,0.3,0.1139999999999999,7.11,3.76,3.345,Chris Devenski,2026-09-07
"Tolman, Erik",680899,2026,27,15,0.167,0.145,0.022,0.167,0.181,-0.0139999999999999,0.209,0.205,0.004,1.23,1.75,-0.523,Erik Tolman,2026-09-07
"Vivas, Jorbit",678391,2026,27,23,0.478,0.373,0.1049999999999999,0.739,0.773,-0.034,0.554,0.517,0.037,13.5,14.84,-1.34,Jorbit Vivas,2026-09-07
"Sanoja, Javier",691594,2026,27,24,0.458,0.327,0.131,0.833,0.766,0.0669999999999999,0.543,0.464,0.079,13.5,10.79,2.71,Javier Sanoja,2026-09-07
"Baumler, Carter",691945,2026,27,14,0.2,0.206,-0.0059999999999999,0.4,0.353,0.047,0.371,0.359,0.012,3.18,5.62,-2.444,Carter Baumler,2026-09-07
"Ullola, Miguel",699044,2026,27,16,0.192,0.22,-0.0279999999999999,0.462,0.453,0.009,0.29,0.299,-0.009,3.86,3.73,0.127,Miguel Ullola,2026-09-07
"Vaughn, Andrew",683734,2026,26,19,0.6,0.416,0.184,1.2,0.765,0.4349999999999999,0.752,0.549,0.2029999999999999,30.0,18.0,12.0,Andrew Vaughn,2026-09-07
"Heineman, Tyler",623168,2026,26,25,0.36,0.351,0.009,0.72,0.57,0.15,0.467,0.405,0.062,10.13,7.53,2.595,Tyler Heineman,2026-09-07
"Rashi, Taylor",688497,2026,26,18,0.261,0.278,-0.017,0.435,0.462,-0.027,0.345,0.359,-0.014,7.94,5.62,2.321,Taylor Rashi,2026-09-07
"Horton, Cade",690990,2026,26,20,0.167,0.249,-0.0819999999999999,0.292,0.321,-0.029,0.235,0.283,-0.0479999999999999,2.46,3.32,-0.865,Cade Horton,2026-09-07
"Díaz, Yilber",700270,2026,25,16,0.5,0.35,0.15,0.95,0.646,0.3039999999999999,0.632,0.478,0.154,27.0,11.74,15.26,Yilber Díaz,2026-09-07
"Muñoz, Roddery",682610,2026,25,13,0.368,0.291,0.077,0.947,0.556,0.3909999999999999,0.586,0.441,0.1449999999999999,15.75,9.39,6.36,Roddery Muñoz,2026-09-07
"Martin, Corbin",656686,2026,25,16,0.25,0.248,0.002,0.55,0.509,0.041,0.411,0.396,0.0149999999999999,10.8,7.11,3.69,Corbin Martin,2026-09-07
"Raya, Marco",694397,2026,25,18,0.227,0.274,-0.047,0.364,0.407,-0.0429999999999999,0.308,0.341,-0.033,3.0,4.99,-1.99,Marco Raya,2026-09-07
"Edwards Jr., Carl",605218,2026,25,10,0.143,0.159,-0.016,0.286,0.25,0.0359999999999999,0.265,0.258,0.007,1.5,2.75,-1.25,Carl Edwards Jr.,2026-09-07
"Rodríguez, Manuel",655889,2026,24,11,0.278,0.221,0.057,0.556,0.384,0.172,0.417,0.341,0.0759999999999999,3.86,4.99,-1.133,Manuel Rodríguez,2026-09-07
"Lucchesi, Joey",664192,2026,24,13,0.412,0.286,0.126,0.647,0.491,0.156,0.528,0.43,0.098,13.5,8.78,4.72,Joey Lucchesi,2026-09-07
"Martinez, Justin",679885,2026,24,12,0.105,0.14,-0.035,0.105,0.179,-0.074,0.221,0.257,-0.036,0.0,2.73,-2.73,Justin Martinez,2026-09-07
"Emanuel, Kent",592288,2026,23,15,0.263,0.206,0.057,0.474,0.321,0.1529999999999999,0.379,0.308,0.071,3.6,3.98,-0.38,Kent Emanuel,2026-09-07
"McCann, James",543510,2026,23,20,0.474,0.467,0.0069999999999999,0.737,1.079,-0.3419999999999999,0.522,0.627,-0.1049999999999999,11.25,29.2,-17.95,James McCann,2026-09-07
"Casparius, Ben",676508,2026,23,15,0.316,0.281,0.0349999999999999,0.474,0.467,0.0069999999999999,0.404,0.385,0.019,9.64,6.64,3.003,Ben Casparius,2026-09-07
"Castro, Kervin",665645,2026,23,13,0.143,0.195,-0.052,0.19,0.245,-0.0549999999999999,0.193,0.235,-0.0419999999999999,1.42,2.28,-0.859,Kervin Castro,2026-09-07
"Winquest, Cade",685464,2026,23,16,0.15,0.149,0.001,0.15,0.173,-0.0229999999999999,0.177,0.183,-0.006,1.5,1.42,0.08,Cade Winquest,2026-09-07
"Hamilton, Ian",641656,2026,23,16,0.3,0.307,-0.007,0.4,0.356,0.044,0.356,0.342,0.0139999999999999,7.71,5.02,2.694,Ian Hamilton,2026-09-07
"Jacob, Alek",689690,2026,23,14,0.25,0.179,0.071,0.45,0.305,0.145,0.353,0.272,0.0809999999999999,5.4,3.06,2.34,Alek Jacob,2026-09-07
"Rojas, Miguel",500743,2026,23,21,0.429,0.373,0.0559999999999999,0.81,0.591,0.219,0.544,0.438,0.106,13.5,9.22,4.28,Miguel Rojas,2026-09-07
"Snelling, Robby",702281,2026,22,16,0.278,0.261,0.017,0.5,0.445,0.0549999999999999,0.399,0.372,0.027,5.4,6.11,-0.71,Robby Snelling,2026-09-07
"Santos, Gregory",666619,2026,22,18,0.263,0.327,-0.064,0.474,0.428,0.0459999999999999,0.363,0.376,-0.013,3.6,6.27,-2.67,Gregory Santos,2026-09-07
"VanWey, Logan",701121,2026,22,17,0.25,0.237,0.013,0.25,0.344,-0.0939999999999999,0.212,0.239,-0.0269999999999999,1.5,2.36,-0.86,Logan VanWey,2026-09-07
"Go, Woo-Suk",808970,2026,22,15,0.4,0.28,0.12,0.85,0.559,0.2909999999999999,0.543,0.386,0.157,9.0,6.68,2.32,Woo-Suk Go,2026-09-07
"Williamson, Ben",810938,2026,21,20,0.25,0.297,-0.0469999999999999,0.45,0.532,-0.082,0.318,0.369,-0.0509999999999999,3.6,5.99,-2.39,Ben Williamson,2026-09-07
"Zimmermann, Bruce",669145,2026,21,18,0.3,0.235,0.065,0.45,0.324,0.126,0.341,0.261,0.08,5.4,2.81,2.59,Bruce Zimmermann,2026-09-07
"Wilson, Weston",642215,2026,21,21,0.55,0.428,0.122,0.85,0.699,0.151,0.577,0.467,0.1099999999999999,18.9,10.99,7.91,Weston Wilson,2026-09-07
"Brebbia, John",605154,2026,21,19,0.333,0.317,0.016,0.667,0.673,-0.006,0.425,0.414,0.011,10.38,7.96,2.425,John Brebbia,2026-09-07
"Hedges, Austin",595978,2026,20,19,0.35,0.25,0.0999999999999999,0.35,0.304,0.0459999999999999,0.312,0.24,0.072,6.23,2.38,3.851,Austin Hedges,2026-09-07
"Straw, Myles",664702,2026,20,19,0.421,0.319,0.1019999999999999,0.579,0.485,0.0939999999999999,0.449,0.365,0.084,4.5,5.84,-1.34,Myles Straw,2026-09-07
"Tiedemann, Ricky",694357,2026,20,11,0.2,0.27,-0.07,0.2,0.353,-0.1529999999999999,0.31,0.378,-0.068,2.08,6.35,-4.273,Ricky Tiedemann,2026-09-07
"Wantz, Andrew",681806,2026,20,14,0.333,0.326,0.007,0.6,0.582,0.018,0.477,0.463,0.0139999999999999,14.73,10.73,3.997,Andrew Wantz,2026-09-07
"Durán, Rodolfo",660710,2026,19,18,0.5,0.258,0.242,0.944,0.475,0.469,0.62,0.332,0.288,27.0,4.7,22.3,Rodolfo Durán,2026-09-07
"Law, Derek",571882,2026,19,14,0.25,0.406,-0.156,0.313,0.605,-0.292,0.282,0.45,-0.168,1.93,9.92,-7.991,Derek Law,2026-09-07
"Klein, John",804619,2026,19,13,0.214,0.183,0.031,0.5,0.291,0.209,0.368,0.352,0.016,4.15,5.36,-1.206,John Klein,2026-09-07
"Heasley, Jonathan",669169,2026,19,17,0.421,0.352,0.069,0.842,0.791,0.0509999999999999,0.536,0.479,0.057,11.25,11.81,-0.56,Jonathan Heasley,2026-09-07
"Verlander, Justin",434378,2026,19,16,0.353,0.365,-0.012,0.706,0.69,0.016,0.472,0.474,-0.002,12.27,11.46,0.813,Justin Verlander,2026-09-07
"Gose, Anthony",543238,2026,19,18,0.167,0.237,-0.0699999999999999,0.167,0.306,-0.1389999999999999,0.177,0.259,-0.082,0.0,2.77,-2.77,Anthony Gose,2026-09-07
"Criswell, Jeff",676105,2026,18,12,0.267,0.3,-0.0329999999999999,0.667,0.613,0.054,0.443,0.436,0.007,4.5,9.11,-4.61,Jeff Criswell,2026-09-07
"Fleming, Josh",676596,2026,18,14,0.429,0.36,0.069,0.643,0.632,0.011,0.479,0.47,0.009,12.0,11.19,0.81,Josh Fleming,2026-09-07
"Higashioka, Kyle",543309,2026,18,16,0.571,0.509,0.0619999999999999,1.071,0.949,0.122,0.622,0.57,0.052,21.0,20.45,0.55,Kyle Higashioka,2026-09-07
"Hanner, Bradley",690440,2026,18,12,0.333,0.328,0.005,0.778,0.577,0.201,0.465,0.385,0.08,6.75,6.64,0.11,Bradley Hanner,2026-09-07
"Weisenburger, Jack",674073,2026,18,12,0.188,0.172,0.016,0.25,0.302,-0.0519999999999999,0.247,0.257,-0.01,2.08,2.73,-0.653,Jack Weisenburger,2026-09-07
"Harvey, Hunter",640451,2026,18,13,0.294,0.216,0.0779999999999999,0.647,0.563,0.084,0.415,0.345,0.07,6.75,5.12,1.63,Hunter Harvey,2026-09-07
"Oviedo, Johan",670912,2026,18,13,0.4,0.338,0.062,0.933,0.767,0.166,0.546,0.484,0.062,9.82,12.17,-2.352,Johan Oviedo,2026-09-07
"Monteverde, Patrick",687287,2026,18,15,0.294,0.256,0.0379999999999999,0.647,0.411,0.236,0.41,0.308,0.1019999999999999,9.0,3.98,5.02,Patrick Monteverde,2026-09-07
"Estes, Joey",683155,2026,18,13,0.313,0.237,0.076,0.75,0.351,0.399,0.431,0.263,0.1679999999999999,8.31,2.86,5.448,Joey Estes,2026-09-07
"Cannon, Jonathan",686563,2026,18,9,0.308,0.252,0.0559999999999999,0.462,0.45,0.012,0.433,0.409,0.024,9.0,7.71,1.29,Jonathan Cannon,2026-09-07
"Fernández, Julian",642759,2026,18,13,0.2,0.204,-0.0039999999999999,0.4,0.414,-0.0139999999999999,0.29,0.301,-0.011,2.25,3.79,-1.54,Julian Fernández,2026-09-07
"Solesky, Chase",686678,2026,17,12,0.375,0.291,0.084,0.688,0.488,0.1999999999999999,0.467,0.353,0.114,6.0,5.4,0.6,Chase Solesky,2026-09-07
"Cook, Alex",702047,2026,17,13,0.267,0.201,0.066,0.533,0.373,0.16,0.382,0.293,0.089,7.36,3.58,3.784,Alex Cook,2026-09-07
"Raquet, Nick",675919,2026,17,13,0.214,0.328,-0.114,0.5,0.498,0.002,0.372,0.416,-0.0439999999999999,7.36,8.06,-0.696,Nick Raquet,2026-09-07
"Burgos, Juan",686228,2026,17,16,0.214,0.196,0.0179999999999999,0.286,0.374,-0.088,0.251,0.274,-0.023,2.08,3.11,-1.033,Juan Burgos,2026-09-07
"Vargas, Ildemaro",545121,2026,17,13,0.25,0.259,-0.009,0.333,0.415,-0.0819999999999999,0.345,0.378,-0.033,4.91,6.35,-1.441,Ildemaro Vargas,2026-09-07
"Eflin, Zach",621107,2026,17,8,0.267,0.202,0.065,0.533,0.404,0.129,0.382,0.307,0.075,2.46,3.95,-1.495,Zach Eflin,2026-09-07
"Hagenman, Justin",663795,2026,16,13,0.2,0.289,-0.0889999999999999,0.4,0.648,-0.248,0.283,0.413,-0.13,4.5,7.91,-3.41,Justin Hagenman,2026-09-07
"Richardson, Lyon",680689,2026,16,8,0.167,0.23,-0.063,0.667,0.727,-0.0599999999999999,0.433,0.478,-0.0449999999999999,13.5,11.74,1.76,Lyon Richardson,2026-09-07
"Buttó, José",676130,2026,16,7,0.5,0.319,0.181,1.083,0.689,0.394,0.677,0.494,0.183,22.5,12.93,9.57,José Buttó,2026-09-07
"Wiemer, Joey",686894,2026,16,13,0.583,0.423,0.1599999999999999,0.917,0.632,0.285,0.618,0.473,0.145,22.5,11.39,11.11,Joey Wiemer,2026-09-07
"McKinstry, Zach",656716,2026,15,9,0.333,0.263,0.07,0.667,0.41,0.257,0.537,0.455,0.082,18.0,10.22,7.78,Zach McKinstry,2026-09-07
"Ramos, Wilkin",678576,2026,15,10,0.455,0.388,0.067,0.545,0.47,0.075,0.508,0.459,0.0489999999999999,22.5,10.47,12.03,Wilkin Ramos,2026-09-07
"Seelinger, Matt",676910,2026,15,9,0.455,0.226,0.229,1.0,0.495,0.505,0.635,0.409,0.226,31.5,7.71,23.79,Matt Seelinger,2026-09-07
"Callihan, Tyler",682997,2026,15,11,0.25,0.282,-0.0319999999999999,0.25,0.415,-0.1649999999999999,0.318,0.38,-0.062,0.0,6.43,-6.43,Tyler Callihan,2026-09-07
"Stratton, Hunter",676702,2026,15,12,0.4,0.403,-0.003,0.467,0.476,-0.0089999999999999,0.381,0.383,-0.002,5.4,6.55,-1.15,Hunter Stratton,2026-09-07
"Murdock, Noah",668716,2026,15,8,0.273,0.153,0.12,0.273,0.222,0.051,0.318,0.259,0.059,0.0,2.77,-2.77,Noah Murdock,2026-09-07
"Eder, Jake",671109,2026,15,13,0.231,0.363,-0.1319999999999999,0.308,0.746,-0.438,0.249,0.459,-0.21,2.25,10.47,-8.22,Jake Eder,2026-09-07
"Stubbs, Garrett",596117,2026,15,14,0.286,0.307,-0.021,0.286,0.491,-0.205,0.284,0.364,-0.08,5.4,5.8,-0.4,Garrett Stubbs,2026-09-07
"Frazier, Adam",624428,2026,14,12,0.583,0.419,0.1639999999999999,0.917,0.559,0.358,0.654,0.465,0.189,18.0,10.86,7.14,Adam Frazier,2026-09-07
"Pannone, Thomas",623381,2026,14,10,0.25,0.316,-0.066,0.5,0.507,-0.007,0.373,0.4,-0.027,6.0,7.29,-1.29,Thomas Pannone,2026-09-07
"Blalock, Bradley",687134,2026,14,10,0.308,0.27,0.0379999999999999,0.615,0.525,0.0899999999999999,0.414,0.362,0.0519999999999999,6.0,5.73,0.27,Bradley Blalock,2026-09-07
"Hernández, Carlos",672578,2026,14,9,0.385,0.437,-0.0519999999999999,0.692,0.769,-0.077,0.477,0.525,-0.048,6.0,15.57,-9.57,Carlos Hernández,2026-09-07
"Rivas, Leo",660844,2026,13,12,0.818,0.46,0.3579999999999999,1.182,0.889,0.2929999999999999,0.788,0.604,0.184,63.0,25.24,37.76,Leo Rivas,2026-09-07
"Miller, Bobby",676272,2026,13,8,0.1,0.225,-0.125,0.3,0.571,-0.2709999999999999,0.252,0.396,-0.144,3.0,7.11,-4.11,Bobby Miller,2026-09-07
"Kelly, Carson",608348,2026,13,13,0.308,0.307,0.001,0.769,0.78,-0.011,0.452,0.449,0.003,6.0,9.86,-3.86,Carson Kelly,2026-09-07
"Rutledge, Jackson",671131,2026,12,8,0.6,0.315,0.285,0.9,0.527,0.373,0.651,0.418,0.233,47.25,8.16,39.09,Jackson Rutledge,2026-09-07
"De León, Luis",801725,2026,12,9,0.182,0.17,0.0119999999999999,0.455,0.285,0.17,0.303,0.237,0.066,6.75,2.32,4.43,Luis De León,2026-09-07
"Mateo, Jorge",622761,2026,12,10,0.455,0.38,0.075,0.455,0.442,0.013,0.429,0.387,0.0419999999999999,3.86,6.72,-2.863,Jorge Mateo,2026-09-07
"Hjerpe, Cooper",687309,2026,12,6,0.0,0.139,-0.139,0.0,0.164,-0.164,0.0,0.134,-0.134,0.0,0.82,-0.82,Cooper Hjerpe,2026-09-07
"Rogers, Jake",668670,2026,12,7,0.3,0.272,0.0279999999999999,0.4,0.333,0.067,0.373,0.337,0.0359999999999999,0.0,4.86,-4.86,Jake Rogers,2026-09-07
"Muñoz, Rolddy",691548,2026,12,8,0.455,0.315,0.14,0.727,0.639,0.0879999999999999,0.526,0.428,0.098,13.5,8.67,4.83,Rolddy Muñoz,2026-09-07
"Castellano, Eiberson",682769,2026,12,9,0.364,0.354,0.01,0.455,0.445,0.01,0.389,0.376,0.013,0.0,6.27,-6.27,Eiberson Castellano,2026-09-07
"Brzykcy, Zach",694350,2026,12,8,0.3,0.246,0.0539999999999999,0.4,0.279,0.121,0.37,0.306,0.064,3.0,3.92,-0.92,Zach Brzykcy,2026-09-07
"Uberstine, Tyler",700413,2026,11,8,0.3,0.274,0.0259999999999999,0.7,0.552,0.1479999999999999,0.446,0.378,0.068,3.38,6.35,-2.975,Tyler Uberstine,2026-09-07
"Roxby, Braxton",694820,2026,11,8,0.4,0.205,0.195,0.4,0.246,0.154,0.39,0.246,0.144,9.0,2.5,6.5,Braxton Roxby,2026-09-07
"Andrews, Tanner",681084,2026,11,8,0.111,0.135,-0.024,0.111,0.289,-0.178,0.208,0.273,-0.065,0.0,3.08,-3.08,Tanner Andrews,2026-09-07
"Torrens, Luis",620443,2026,11,11,0.364,0.315,0.0489999999999999,0.909,0.524,0.385,0.535,0.36,0.175,7.71,5.65,2.064,Luis Torrens,2026-09-07
"Keller, Brian",662144,2026,11,8,0.182,0.252,-0.07,0.455,0.616,-0.1609999999999999,0.267,0.361,-0.0939999999999999,3.0,5.69,-2.69,Brian Keller,2026-09-07
"Velasquez, Vince",592826,2026,11,10,0.091,0.151,-0.06,0.182,0.199,-0.017,0.115,0.154,-0.0389999999999999,0.0,1.04,-1.04,Vince Velasquez,2026-09-07
"Rincon, Hancel",684516,2026,11,8,0.556,0.472,0.084,1.111,0.878,0.2329999999999999,0.704,0.599,0.1049999999999999,47.25,24.46,22.79,Hancel Rincon,2026-09-07
"Lonsway, Seth",675920,2026,11,9,0.455,0.222,0.233,0.455,0.24,0.215,0.405,0.201,0.204,9.0,1.69,7.31,Seth Lonsway,2026-09-07
"Sánchez, Gary",596142,2026,10,10,0.4,0.327,0.073,0.4,0.367,0.033,0.356,0.304,0.0519999999999999,0.0,3.87,-3.87,Gary Sánchez,2026-09-07
"Kriske, Brooks",621139,2026,10,8,0.2,0.249,-0.0489999999999999,0.2,0.319,-0.119,0.178,0.244,-0.066,0.0,2.46,-2.46,Brooks Kriske,2026-09-07
"Ponce, Cody",664074,2026,10,6,0.111,0.177,-0.0659999999999999,0.222,0.277,-0.055,0.196,0.243,-0.0469999999999999,3.86,2.44,1.417,Cody Ponce,2026-09-07
"Herrera, Welinton",700327,2026,10,7,0.222,0.288,-0.0659999999999999,0.222,0.387,-0.165,0.248,0.334,-0.086,0.0,4.76,-4.76,Welinton Herrera,2026-09-07
"Koss, Christian",683766,2026,10,10,0.5,0.41,0.09,0.7,0.537,0.1629999999999999,0.519,0.408,0.111,13.5,7.67,5.83,Christian Koss,2026-09-07
"Acuña, Luisangel",682668,2026,10,9,0.222,0.3,-0.0779999999999999,0.556,0.4,0.156,0.364,0.34,0.0239999999999999,3.86,4.95,-1.093,Luisangel Acuña,2026-09-07
"Teodo, Emiliano",693713,2026,10,7,0.375,0.287,0.088,0.5,0.413,0.087,0.444,0.38,0.064,10.8,6.43,4.37,Emiliano Teodo,2026-09-07
"Del Castillo, Adrian",680728,2026,10,9,0.444,0.496,-0.0519999999999999,0.444,0.749,-0.305,0.429,0.532,-0.103,5.4,16.24,-10.84,Adrian Del Castillo,2026-09-07
"Jackson, Alex",656577,2026,10,9,0.333,0.12,0.213,1.0,0.262,0.738,0.569,0.215,0.354,13.5,1.92,11.58,Alex Jackson,2026-09-07
"Santos, Winston",692437,2026,9,7,0.25,0.285,-0.0349999999999999,0.625,0.545,0.0799999999999999,0.404,0.387,0.017,9.0,6.72,2.28,Winston Santos,2026-09-07
"Johnston, Troy",687859,2026,9,7,0.143,0.177,-0.034,0.143,0.207,-0.064,0.258,0.289,-0.0309999999999999,0.0,3.47,-3.47,Troy Johnston,2026-09-07
"Kennedy, Buddy",671083,2026,9,7,0.667,0.409,0.258,1.0,0.634,0.366,0.633,0.515,0.118,36.0,14.66,21.34,Buddy Kennedy,2026-09-07
"Blach, Ty",621389,2026,9,7,0.111,0.292,-0.181,0.111,0.338,-0.227,0.099,0.269,-0.17,0.0,2.99,-2.99,Ty Blach,2026-09-07
"Adams, Blake",687060,2026,9,7,0.714,0.535,0.1789999999999999,1.286,1.109,0.177,0.82,0.698,0.122,45.0,47.08,-2.08,Blake Adams,2026-09-07
"Duran, Carlos",679922,2026,9,5,0.333,0.166,0.167,0.333,0.199,0.134,0.431,0.334,0.0969999999999999,13.5,4.76,8.74,Carlos Duran,2026-09-07
"Robles, Victor",645302,2026,9,8,0.625,0.49,0.135,0.625,0.619,0.006,0.572,0.504,0.0679999999999999,27.0,13.73,13.27,Victor Robles,2026-09-07
"Nikhazy, Doug",680951,2026,9,6,0.143,0.19,-0.047,0.143,0.208,-0.065,0.254,0.291,-0.0369999999999999,4.5,3.52,0.98,Doug Nikhazy,2026-09-07
"Davitt, Duncan",701474,2026,8,6,0.286,0.357,-0.071,0.857,0.614,0.243,0.501,0.448,0.0529999999999999,4.5,9.8,-5.3,Duncan Davitt,2026-09-07
"Monasterio, Andruw",655316,2026,8,5,0.75,0.426,0.324,2.25,1.081,1.169,0.886,0.601,0.285,67.5,24.77,42.73,Andruw Monasterio,2026-09-07
"Bowden, Ben",641386,2026,8,5,0.4,0.387,0.013,0.6,0.632,-0.032,0.535,0.538,-0.003,36.0,16.84,19.16,Ben Bowden,2026-09-07
"Torres, Bryan",663494,2026,8,7,0.143,0.48,-0.3369999999999999,0.143,0.642,-0.499,0.199,0.516,-0.317,0.0,14.75,-14.75,Bryan Torres,2026-09-07
"Moore, Dylan",664238,2026,8,6,0.167,0.235,-0.0679999999999999,0.167,0.324,-0.157,0.29,0.379,-0.089,5.4,6.39,-0.99,Dylan Moore,2026-09-07
"Simpson, Jared",688692,2026,8,5,0.0,0.195,-0.195,0.0,0.224,-0.224,0.0,0.183,-0.183,0.0,1.42,-1.42,Jared Simpson,2026-09-07
"Peterson, Austin",804926,2026,8,5,0.125,0.14,-0.015,0.125,0.17,-0.045,0.111,0.135,-0.024,0.0,0.83,-0.83,Austin Peterson,2026-09-07
"White, Josh",687985,2026,8,2,0.333,0.34,-0.007,1.333,1.342,-0.0090000000000001,0.697,0.693,0.004,67.5,45.45,22.05,Josh White,2026-09-07
"Estévez, Carlos",608032,2026,7,5,0.8,0.494,0.306,1.4,0.917,0.4829999999999999,0.874,0.628,0.246,162.0,29.39,132.61,Carlos Estévez,2026-09-07
"Sinclair, Jack",695378,2026,7,2,0.0,0.099,-0.099,0.0,0.11,-0.11,0.204,0.27,-0.066,0.0,3.01,-3.01,Jack Sinclair,2026-09-07
"Strowd, Kade",669704,2026,7,3,0.25,0.386,-0.136,0.25,0.456,-0.206,0.426,0.51,-0.084,9.0,14.23,-5.23,Kade Strowd,2026-09-07
"Pagés, Pedro",686780,2026,7,7,0.286,0.407,-0.121,0.714,0.991,-0.277,0.42,0.584,-0.1639999999999999,4.5,22.29,-17.79,Pedro Pagés,2026-09-07
"Lopez, Nicky",670032,2026,7,6,0.571,0.355,0.2159999999999999,0.571,0.417,0.1539999999999999,0.509,0.34,0.1689999999999999,9.0,4.95,4.05,Nicky Lopez,2026-09-07
"Wade Jr., LaMonte",664774,2026,6,6,0.5,0.517,-0.017,1.167,0.894,0.273,0.7,0.599,0.1009999999999999,18.0,24.46,-6.46,LaMonte Wade Jr.,2026-09-07
"Kingham, Nolan",663884,2026,6,3,0.333,0.152,0.181,0.333,0.175,0.158,0.381,0.333,0.0479999999999999,9.0,4.73,4.27,Nolan Kingham,2026-09-07
"Marte, Yunior",628708,2026,6,3,0.75,0.537,0.2129999999999999,1.0,0.654,0.346,0.754,0.561,0.1929999999999999,108.0,19.36,88.64,Yunior Marte,2026-09-07
"Tromp, Chadwick",644433,2026,6,5,0.6,0.294,0.306,1.4,0.496,0.904,0.817,0.395,0.4219999999999999,18.0,7.07,10.93,Chadwick Tromp,2026-09-07
"Martinez, Seth",661527,2026,6,4,0.4,0.283,0.117,0.6,0.38,0.2199999999999999,0.48,0.36,0.12,9.0,5.65,3.35,Seth Martinez,2026-09-07
"Díaz, Jhonathan",646242,2026,6,5,0.333,0.299,0.034,0.833,0.796,0.0369999999999999,0.49,0.457,0.0329999999999999,6.75,10.35,-3.6,Jhonathan Díaz,2026-09-07
"Little, Luke",681432,2026,5,4,0.4,0.338,0.062,1.0,0.932,0.0679999999999999,0.588,0.527,0.0609999999999999,9.0,15.76,-6.76,Luke Little,2026-09-07
"Schuemann, Max",680474,2026,5,4,0.25,0.387,-0.137,0.25,0.447,-0.197,0.318,0.43,-0.1119999999999999,0.0,8.78,-8.78,Max Schuemann,2026-09-07
"Flores Jr., Rafael",804668,2026,5,5,0.4,0.356,0.044,0.4,0.482,-0.0819999999999999,0.356,0.362,-0.006,0.0,5.73,-5.73,Rafael Flores Jr.,2026-09-07
"McDougal, Tanner",701780,2026,5,1,0.0,0.172,-0.172,0.0,0.177,-0.177,0.565,0.596,-0.031,27.0,24.01,2.99,Tanner McDougal,2026-09-07
"Tena, José",677588,2026,5,4,0.5,0.378,0.122,0.5,0.463,0.0369999999999999,0.496,0.43,0.066,9.0,8.78,0.22,José Tena,2026-09-07
"Ríos, Yacksel",605441,2026,5,3,0.0,0.345,-0.345,0.0,0.43,-0.43,0.0,0.335,-0.335,0.0,4.79,-4.79,Yacksel Ríos,2026-09-07
"Burkhalter, Blake",686628,2026,5,3,0.333,0.429,-0.0959999999999999,0.333,0.551,-0.218,0.318,0.395,-0.077,9.0,7.07,1.93,Blake Burkhalter,2026-09-07
"Arcia, Orlando",606115,2026,5,3,0.333,0.234,0.099,0.333,0.286,0.047,0.457,0.411,0.046,9.0,7.81,1.19,Orlando Arcia,2026-09-07
"Pereda, Jhonny",640902,2026,4,4,0.75,0.312,0.438,1.5,0.541,0.959,0.958,0.362,0.596,54.0,5.73,48.27,Jhonny Pereda,2026-09-07
"Kelly, Antoine",681520,2026,4,2,0.0,0.396,-0.396,0.0,0.448,-0.448,0.175,0.454,-0.279,0.0,10.16,-10.16,Antoine Kelly,2026-09-07
"Zuñiga, Guillo",670871,2026,4,2,0.0,0.019,-0.019,0.0,0.019,-0.019,0.175,0.187,-0.012,0.0,1.48,-1.48,Guillo Zuñiga,2026-09-07
"Rojas, Josh",668942,2026,4,4,0.25,0.337,-0.087,0.25,0.399,-0.149,0.223,0.319,-0.096,0.0,4.3,-4.3,Josh Rojas,2026-09-07
"Johnson, Ty",694494,2026,4,1,0.0,0.0,0.0,0.0,0.0,0.0,0.233,0.233,0.0,0.0,2.24,-2.24,Ty Johnson,2026-09-07
"Hernández, Enrique",571771,2026,4,4,0.25,0.216,0.034,0.25,0.52,-0.27,0.223,0.306,-0.0829999999999999,0.0,3.92,-3.92,Enrique Hernández,2026-09-07
"Walston, Blake",686796,2026,4,4,0.333,0.387,-0.0539999999999999,0.667,1.159,-0.492,0.315,0.482,-0.1669999999999999,9.0,12.03,-3.03,Blake Walston,2026-09-07
"Brooks, Aaron",605156,2026,4,2,0.5,0.189,0.311,2.0,0.556,1.444,0.862,0.502,0.36,81.0,13.56,67.44,Aaron Brooks,2026-09-07
"Salazar, César",663967,2026,4,4,0.25,0.084,0.1659999999999999,1.0,0.253,0.747,0.513,0.137,0.376,9.0,0.85,8.15,César Salazar,2026-09-07
"Espada, Jose",664744,2026,4,4,0.5,0.364,0.136,0.5,0.412,0.088,0.445,0.34,0.1049999999999999,0.0,4.95,-4.95,Jose Espada,2026-09-07
"Ross, Dylan",697811,2026,3,3,0.0,0.119,-0.119,0.0,0.141,-0.141,0.0,0.108,-0.108,0.0,0.56,-0.56,Dylan Ross,2026-09-07
"Meyers, Jake",676694,2026,3,3,0.0,0.407,-0.407,0.0,0.459,-0.459,0.0,0.382,-0.382,0.0,6.51,-6.51,Jake Meyers,2026-09-07
"Herget, Kevin",643361,2026,3,3,0.0,0.125,-0.125,0.0,0.178,-0.178,0.0,0.128,-0.128,0.0,0.75,-0.75,Kevin Herget,2026-09-07
"Short, Zack",670097,2026,3,3,0.0,0.209,-0.209,0.0,0.249,-0.249,0.0,0.204,-0.204,0.0,1.74,-1.74,Zack Short,2026-09-07
"Weston, Cameron",687721,2026,3,1,0.0,0.241,-0.241,0.0,0.262,-0.262,0.233,0.381,-0.148,0.0,6.47,-6.47,Cameron Weston,2026-09-07
"Higgins, P.J.",664731,2026,3,2,0.0,0.03,-0.03,0.0,0.045,-0.045,0.0,0.034,-0.034,0.0,0.09,-0.09,P.J. Higgins,2026-09-07
"Haggerty, Sam",664059,2026,3,2,0.0,0.057,-0.057,0.0,0.063,-0.063,0.243,0.278,-0.035,0.0,3.2,-3.2,Sam Haggerty,2026-09-07
"McGuire, Reese",624512,2026,3,3,0.0,0.017,-0.017,0.0,0.046,-0.046,0.0,0.027,-0.027,0.0,0.06,-0.06,Reese McGuire,2026-09-07
"Maile, Luke",571912,2026,3,3,0.0,0.039,-0.039,0.0,0.06,-0.06,0.0,0.044,-0.044,0.0,0.13,-0.13,Luke Maile,2026-09-07
"La Sorsa, Joe",686747,2026,2,1,0.5,0.4,0.0999999999999999,2.0,1.544,0.4559999999999999,1.025,0.797,0.2279999999999998,27.0,104.24,-77.24,Joe La Sorsa,2026-09-07
