"last_name, first_name",mlbam_id,year,pa,bip,ba,est_ba,est_ba_minus_ba_diff,slg,est_slg,est_slg_minus_slg_diff,woba,est_woba,est_woba_minus_woba_diff,era,xera,era_minus_xera_diff,name,fetched
"Alcantara, Sandy",645261,2026,861,645,0.247,0.252,-0.005,0.387,0.382,0.005,0.305,0.305,0.0,3.85,3.9,-0.055,Sandy Alcantara,2026-09-17
"Sánchez, Cristopher",650911,2026,805,539,0.258,0.237,0.021,0.372,0.364,0.008,0.299,0.286,0.013,2.93,3.4,-0.472,Cristopher Sánchez,2026-09-17
"Wacha, Michael",608379,2026,760,555,0.226,0.24,-0.0139999999999999,0.406,0.403,0.003,0.3,0.305,-0.005,3.34,3.9,-0.561,Michael Wacha,2026-09-17
"Baz, Shane",669358,2026,742,524,0.263,0.252,0.011,0.401,0.397,0.004,0.318,0.315,0.003,4.11,4.18,-0.07,Shane Baz,2026-09-17
"Rodriguez, Eduardo",593958,2026,736,542,0.236,0.252,-0.016,0.367,0.413,-0.0459999999999999,0.295,0.317,-0.022,2.62,4.24,-1.616,Eduardo Rodriguez,2026-09-17
"Bibee, Tanner",676440,2026,730,530,0.235,0.249,-0.014,0.405,0.417,-0.0119999999999999,0.307,0.318,-0.011,4.16,4.27,-0.108,Tanner Bibee,2026-09-17
"Gausman, Kevin",592332,2026,728,504,0.258,0.249,0.009,0.418,0.407,0.011,0.315,0.308,0.007,4.55,3.98,0.572,Kevin Gausman,2026-09-17
"Luzardo, Jesús",666200,2026,727,443,0.215,0.204,0.011,0.33,0.304,0.026,0.275,0.262,0.013,2.87,2.84,0.031,Jesús Luzardo,2026-09-17
"Schlittler, Cam",693645,2026,722,442,0.185,0.207,-0.0219999999999999,0.303,0.331,-0.028,0.243,0.263,-0.02,1.95,2.86,-0.911,Cam Schlittler,2026-09-17
"Gore, MacKenzie",669022,2026,720,472,0.243,0.242,0.001,0.401,0.381,0.02,0.319,0.311,0.008,4.67,4.07,0.602,MacKenzie Gore,2026-09-17
"Kirby, George",669923,2026,718,528,0.286,0.265,0.0209999999999999,0.443,0.41,0.033,0.338,0.315,0.023,4.24,4.18,0.064,George Kirby,2026-09-17
"Valdez, Framber",664285,2026,713,518,0.258,0.261,-0.003,0.376,0.39,-0.014,0.317,0.323,-0.006,4.01,4.42,-0.406,Framber Valdez,2026-09-17
"Gilbert, Logan",669302,2026,713,466,0.219,0.227,-0.008,0.405,0.386,0.019,0.297,0.294,0.003,3.69,3.61,0.081,Logan Gilbert,2026-09-17
"King, Michael",650633,2026,711,484,0.215,0.24,-0.0249999999999999,0.343,0.406,-0.063,0.291,0.323,-0.032,3.03,4.42,-1.386,Michael King,2026-09-17
"Messick, Parker",800048,2026,711,474,0.211,0.222,-0.011,0.347,0.339,0.0079999999999999,0.27,0.273,-0.003,2.57,3.09,-0.516,Parker Messick,2026-09-17
"Lugo, Seth",607625,2026,709,523,0.29,0.277,0.0129999999999999,0.464,0.45,0.014,0.352,0.343,0.0089999999999999,4.99,5.06,-0.066,Seth Lugo,2026-09-17
"Soriano, José",667755,2026,706,468,0.23,0.248,-0.0179999999999999,0.334,0.387,-0.0529999999999999,0.295,0.322,-0.027,3.56,4.39,-0.829,José Soriano,2026-09-17
"Williams, Gavin",668909,2026,705,408,0.212,0.219,-0.007,0.381,0.394,-0.013,0.293,0.3,-0.007,3.78,3.77,0.006,Gavin Williams,2026-09-17
"Abbott, Andrew",671096,2026,701,499,0.258,0.264,-0.006,0.429,0.437,-0.008,0.335,0.341,-0.006,4.7,5.0,-0.302,Andrew Abbott,2026-09-17
"Detmers, Reid",672282,2026,697,446,0.214,0.217,-0.003,0.341,0.359,-0.0179999999999999,0.27,0.279,-0.009,3.36,3.23,0.132,Reid Detmers,2026-09-17
"Bradley, Taj",671737,2026,697,431,0.217,0.226,-0.009,0.374,0.381,-0.007,0.301,0.308,-0.007,3.81,3.98,-0.17,Taj Bradley,2026-09-17
"McLean, Nolan",690997,2026,695,430,0.214,0.222,-0.008,0.339,0.343,-0.004,0.291,0.298,-0.007,3.24,3.71,-0.47,Nolan McLean,2026-09-17
"Griffin, Foster",656492,2026,693,487,0.243,0.259,-0.016,0.406,0.414,-0.0079999999999999,0.311,0.32,-0.009,3.67,4.33,-0.658,Foster Griffin,2026-09-17
"Cameron, Noah",702070,2026,692,486,0.233,0.243,-0.0099999999999999,0.378,0.395,-0.017,0.296,0.306,-0.01,3.84,3.93,-0.088,Noah Cameron,2026-09-17
"Nola, Aaron",605400,2026,690,468,0.265,0.24,0.025,0.482,0.413,0.069,0.347,0.311,0.0359999999999999,4.69,4.07,0.616,Aaron Nola,2026-09-17
"Cavalli, Cade",676917,2026,687,429,0.233,0.232,0.001,0.356,0.363,-0.007,0.295,0.298,-0.003,3.12,3.71,-0.595,Cade Cavalli,2026-09-17
"Ray, Robbie",592662,2026,685,462,0.225,0.244,-0.0189999999999999,0.383,0.419,-0.0359999999999999,0.313,0.334,-0.021,3.6,4.77,-1.166,Robbie Ray,2026-09-17
"Peralta, Freddy",642547,2026,685,473,0.249,0.235,0.014,0.422,0.376,0.0459999999999999,0.326,0.303,0.023,4.67,3.85,0.821,Freddy Peralta,2026-09-17
"Singer, Brady",663903,2026,683,489,0.283,0.275,0.0079999999999999,0.48,0.461,0.0189999999999999,0.364,0.353,0.011,5.38,5.41,-0.034,Brady Singer,2026-09-17
"Kelly, Merrill",518876,2026,683,498,0.27,0.291,-0.0209999999999999,0.47,0.514,-0.044,0.354,0.38,-0.026,5.0,6.44,-1.442,Merrill Kelly,2026-09-17
"Imanaga, Shota",684007,2026,683,476,0.234,0.235,-0.0009999999999999,0.433,0.409,0.024,0.31,0.301,0.009,3.8,3.79,0.006,Shota Imanaga,2026-09-17
"Martinez, Nick",607259,2026,682,554,0.245,0.265,-0.02,0.392,0.415,-0.0229999999999999,0.29,0.309,-0.019,2.94,4.01,-1.068,Nick Martinez,2026-09-17
"Yamamoto, Yoshinobu",808967,2026,682,457,0.18,0.211,-0.031,0.307,0.334,-0.027,0.241,0.266,-0.025,2.51,2.93,-0.416,Yoshinobu Yamamoto,2026-09-17
"Burke, Sean",680732,2026,669,429,0.226,0.23,-0.004,0.383,0.374,0.009,0.303,0.302,0.001,3.47,3.82,-0.354,Sean Burke,2026-09-17
"Bradish, Kyle",680694,2026,669,454,0.264,0.245,0.019,0.433,0.403,0.0299999999999999,0.34,0.324,0.016,4.12,4.45,-0.327,Kyle Bradish,2026-09-17
"Kay, Anthony",641743,2026,669,471,0.256,0.262,-0.006,0.42,0.415,0.005,0.337,0.34,-0.003,4.41,4.96,-0.551,Anthony Kay,2026-09-17
"Webb, Logan",657277,2026,668,481,0.24,0.259,-0.019,0.356,0.386,-0.03,0.292,0.311,-0.019,4.31,4.07,0.243,Logan Webb,2026-09-17
"Cease, Dylan",656302,2026,668,357,0.178,0.19,-0.012,0.268,0.286,-0.0179999999999999,0.249,0.26,-0.011,2.38,2.79,-0.409,Dylan Cease,2026-09-17
"Ashcraft, Braxton",677952,2026,667,452,0.235,0.232,0.0029999999999999,0.386,0.369,0.017,0.292,0.287,0.005,3.65,3.43,0.217,Braxton Ashcraft,2026-09-17
"Skenes, Paul",694973,2026,665,422,0.229,0.217,0.012,0.374,0.344,0.03,0.295,0.28,0.0149999999999999,3.78,3.25,0.528,Paul Skenes,2026-09-17
"McGreevy, Michael",700241,2026,658,500,0.254,0.279,-0.025,0.421,0.473,-0.0519999999999999,0.315,0.349,-0.0339999999999999,3.83,5.27,-1.445,Michael McGreevy,2026-09-17
"Roupp, Landen",694738,2026,657,434,0.22,0.232,-0.012,0.334,0.344,-0.0099999999999999,0.294,0.302,-0.008,4.01,3.82,0.186,Landen Roupp,2026-09-17
"Woo, Bryan",693433,2026,657,452,0.221,0.235,-0.0139999999999999,0.36,0.381,-0.021,0.276,0.291,-0.0149999999999999,3.88,3.53,0.351,Bryan Woo,2026-09-17
"Rogers, Trevor",669432,2026,655,471,0.253,0.241,0.012,0.416,0.389,0.0269999999999999,0.31,0.296,0.014,4.22,3.66,0.564,Trevor Rogers,2026-09-17
"Liberatore, Matthew",669461,2026,652,444,0.285,0.266,0.0189999999999999,0.472,0.451,0.0209999999999999,0.357,0.341,0.0159999999999999,5.36,5.0,0.364,Matthew Liberatore,2026-09-17
"Cantillo, Joey",676282,2026,649,403,0.252,0.23,0.0219999999999999,0.404,0.371,0.033,0.335,0.314,0.021,3.89,4.16,-0.268,Joey Cantillo,2026-09-17
"Warren, Will",701542,2026,641,437,0.26,0.258,0.002,0.44,0.413,0.027,0.331,0.322,0.009,3.89,4.39,-0.498,Will Warren,2026-09-17
"Gray, Sonny",543243,2026,636,449,0.241,0.25,-0.009,0.381,0.384,-0.003,0.298,0.302,-0.004,2.76,3.82,-1.063,Sonny Gray,2026-09-17
"Misiorowski, Jacob",694819,2026,636,342,0.16,0.171,-0.011,0.252,0.252,0.0,0.219,0.224,-0.005,1.89,2.08,-0.186,Jacob Misiorowski,2026-09-17
"Chandler, Bubba",696149,2026,636,422,0.226,0.233,-0.007,0.364,0.381,-0.017,0.308,0.316,-0.008,4.28,4.21,0.066,Bubba Chandler,2026-09-17
"Elder, Bryce",693821,2026,633,459,0.244,0.252,-0.008,0.407,0.401,0.0059999999999999,0.313,0.313,0.0,4.11,4.13,-0.023,Bryce Elder,2026-09-17
"Pallante, Andre",669467,2026,629,471,0.25,0.255,-0.005,0.363,0.378,-0.015,0.301,0.309,-0.008,3.69,4.01,-0.315,Andre Pallante,2026-09-17
"Young, Brandon",687064,2026,629,450,0.258,0.255,0.003,0.418,0.406,0.0119999999999999,0.327,0.323,0.004,3.65,4.42,-0.775,Brandon Young,2026-09-17
"Sale, Chris",519242,2026,627,392,0.216,0.22,-0.004,0.302,0.331,-0.029,0.259,0.271,-0.012,2.18,3.04,-0.862,Chris Sale,2026-09-17
"Rasmussen, Drew",656876,2026,625,431,0.204,0.23,-0.026,0.308,0.35,-0.0419999999999999,0.246,0.273,-0.027,2.81,3.09,-0.283,Drew Rasmussen,2026-09-17
"Peterson, David",656849,2026,622,432,0.275,0.271,0.004,0.408,0.405,0.0029999999999999,0.336,0.337,-0.001,5.11,4.86,0.252,David Peterson,2026-09-17
"deGrom, Jacob",594798,2026,622,387,0.218,0.227,-0.009,0.362,0.375,-0.013,0.275,0.284,-0.0089999999999999,3.79,3.35,0.44,Jacob deGrom,2026-09-17
"Lorenzen, Michael",547179,2026,619,469,0.339,0.3,0.039,0.546,0.493,0.053,0.406,0.372,0.034,7.21,6.12,1.089,Michael Lorenzen,2026-09-17
"Lambert, Peter",663567,2026,617,408,0.225,0.219,0.006,0.339,0.355,-0.0159999999999999,0.294,0.297,-0.003,3.71,3.69,0.017,Peter Lambert,2026-09-17
"Burns, Chase",695505,2026,615,378,0.215,0.206,0.009,0.355,0.346,0.009,0.285,0.277,0.0079999999999999,2.79,3.18,-0.385,Chase Burns,2026-09-17
"Sugano, Tomoyuki",608372,2026,614,491,0.282,0.307,-0.025,0.535,0.547,-0.012,0.364,0.384,-0.02,5.49,6.61,-1.122,Tomoyuki Sugano,2026-09-17
"Montero, Keider",672456,2026,611,467,0.219,0.234,-0.015,0.365,0.387,-0.022,0.279,0.294,-0.0149999999999999,3.58,3.61,-0.034,Keider Montero,2026-09-17
"Rocker, Kumar",677958,2026,609,416,0.259,0.255,0.004,0.434,0.419,0.015,0.335,0.329,0.006,4.54,4.61,-0.067,Kumar Rocker,2026-09-17
"Buehler, Walker",621111,2026,609,427,0.26,0.247,0.013,0.422,0.403,0.0189999999999999,0.332,0.318,0.014,4.58,4.27,0.314,Walker Buehler,2026-09-17
"Pérez, Eury",691587,2026,602,374,0.218,0.219,-0.001,0.38,0.389,-0.009,0.309,0.312,-0.003,3.99,4.1,-0.109,Eury Pérez,2026-09-17
"Manaea, Sean",640455,2026,601,414,0.265,0.258,0.007,0.476,0.451,0.0249999999999999,0.348,0.337,0.0109999999999999,4.74,4.86,-0.122,Sean Manaea,2026-09-17
"Holmes, Grant",656550,2026,601,429,0.235,0.257,-0.022,0.391,0.436,-0.0449999999999999,0.311,0.336,-0.025,3.49,4.83,-1.336,Grant Holmes,2026-09-17
"Wheeler, Zack",554430,2026,599,372,0.207,0.205,0.002,0.36,0.326,0.0339999999999999,0.28,0.268,0.012,2.99,2.97,0.023,Zack Wheeler,2026-09-17
"Springs, Jeffrey",605488,2026,594,432,0.267,0.252,0.015,0.518,0.448,0.07,0.365,0.337,0.0279999999999999,5.93,4.86,1.073,Jeffrey Springs,2026-09-17
"Martin, Davis",663436,2026,592,425,0.261,0.272,-0.011,0.396,0.414,-0.0179999999999999,0.319,0.33,-0.011,3.96,4.64,-0.683,Davis Martin,2026-09-17
"May, Dustin",669160,2026,584,394,0.253,0.25,0.003,0.37,0.385,-0.015,0.309,0.317,-0.008,4.49,4.24,0.249,Dustin May,2026-09-17
"Castillo, Luis",622491,2026,582,420,0.284,0.271,0.0129999999999999,0.49,0.456,0.0339999999999999,0.359,0.341,0.0179999999999999,5.67,5.0,0.666,Luis Castillo,2026-09-17
"Eovaldi, Nathan",543135,2026,582,400,0.248,0.25,-0.002,0.429,0.418,0.011,0.318,0.315,0.003,4.07,4.18,-0.111,Nathan Eovaldi,2026-09-17
"Ginn, J.T.",669372,2026,580,393,0.225,0.241,-0.0159999999999999,0.368,0.372,-0.004,0.303,0.312,-0.009,3.71,4.1,-0.392,J.T. Ginn,2026-09-17
"Ureña, Walbert",700712,2026,580,374,0.206,0.208,-0.002,0.301,0.317,-0.016,0.279,0.286,-0.0069999999999999,2.88,3.4,-0.517,Walbert Ureña,2026-09-17
"Pérez, Martín",527048,2026,575,412,0.224,0.264,-0.04,0.355,0.391,-0.036,0.295,0.328,-0.033,3.07,4.58,-1.507,Martín Pérez,2026-09-17
"Tolle, Payton",801139,2026,575,366,0.217,0.196,0.0209999999999999,0.365,0.312,0.0529999999999999,0.282,0.253,0.0289999999999999,3.02,2.65,0.371,Payton Tolle,2026-09-17
"Rea, Colin",607067,2026,575,421,0.26,0.275,-0.015,0.428,0.479,-0.0509999999999999,0.333,0.356,-0.0229999999999999,4.47,5.52,-1.054,Colin Rea,2026-09-17
"Freeland, Kyle",607536,2026,574,436,0.3,0.284,0.016,0.54,0.485,0.055,0.376,0.35,0.026,6.38,5.3,1.082,Kyle Freeland,2026-09-17
"Fedde, Erick",607200,2026,572,428,0.255,0.255,0.0,0.434,0.442,-0.008,0.328,0.331,-0.003,3.97,4.67,-0.697,Erick Fedde,2026-09-17
"Skubal, Tarik",669373,2026,572,369,0.214,0.227,-0.013,0.338,0.338,0.0,0.262,0.267,-0.005,2.7,2.95,-0.25,Tarik Skubal,2026-09-17
"Leahy, Kyle",681517,2026,570,398,0.266,0.269,-0.003,0.409,0.443,-0.034,0.322,0.334,-0.012,3.33,4.77,-1.437,Kyle Leahy,2026-09-17
"Mahle, Tyler",641816,2026,570,397,0.25,0.25,0.0,0.401,0.395,0.006,0.312,0.31,0.002,3.91,4.04,-0.127,Tyler Mahle,2026-09-17
"Suarez, Ranger",624133,2026,569,392,0.24,0.247,-0.007,0.342,0.357,-0.0149999999999999,0.288,0.297,-0.009,3.33,3.69,-0.356,Ranger Suarez,2026-09-17
"Weathers, Ryan",677960,2026,568,384,0.249,0.255,-0.006,0.394,0.424,-0.0299999999999999,0.306,0.319,-0.013,3.6,4.3,-0.696,Ryan Weathers,2026-09-17
"Hancock, Emerson",676106,2026,566,401,0.24,0.242,-0.002,0.399,0.41,-0.0109999999999999,0.302,0.308,-0.006,3.57,3.98,-0.41,Emerson Hancock,2026-09-17
"Ryan, Joe",657746,2026,564,381,0.241,0.228,0.0129999999999999,0.42,0.398,0.0219999999999999,0.308,0.296,0.012,3.84,3.66,0.178,Joe Ryan,2026-09-17
"Lowder, Rhett",695076,2026,563,406,0.275,0.271,0.004,0.454,0.463,-0.009,0.351,0.351,0.0,5.79,5.34,0.451,Rhett Lowder,2026-09-17
"Vásquez, Randy",681190,2026,558,433,0.265,0.287,-0.0219999999999999,0.434,0.492,-0.0579999999999999,0.326,0.359,-0.0329999999999999,4.07,5.62,-1.55,Randy Vásquez,2026-09-17
"Wrobleski, Justin",680736,2026,552,405,0.24,0.269,-0.029,0.406,0.451,-0.0449999999999999,0.303,0.332,-0.029,3.78,4.7,-0.92,Justin Wrobleski,2026-09-17
"Littell, Zack",641793,2026,540,425,0.278,0.299,-0.0209999999999999,0.511,0.539,-0.028,0.36,0.384,-0.024,5.21,6.61,-1.398,Zack Littell,2026-09-17
"Ober, Bailey",641927,2026,525,398,0.252,0.251,0.001,0.427,0.452,-0.025,0.32,0.327,-0.007,4.32,4.55,-0.233,Bailey Ober,2026-09-17
"Matthews, Zebby",805673,2026,522,372,0.246,0.25,-0.004,0.44,0.429,0.011,0.325,0.324,0.001,4.74,4.45,0.289,Zebby Matthews,2026-09-17
"Cecconi, Slade",677944,2026,519,380,0.285,0.268,0.0169999999999999,0.462,0.45,0.012,0.347,0.336,0.0109999999999999,5.03,4.83,0.204,Slade Cecconi,2026-09-17
"Feltner, Ryan",663372,2026,518,379,0.279,0.257,0.022,0.5,0.459,0.0409999999999999,0.363,0.341,0.0219999999999999,5.63,5.0,0.631,Ryan Feltner,2026-09-17
"Pfaadt, Brandon",694297,2026,513,394,0.245,0.247,-0.002,0.39,0.396,-0.006,0.3,0.304,-0.004,3.77,3.87,-0.096,Brandon Pfaadt,2026-09-17
"Mlodzinski, Carmen",669387,2026,513,377,0.26,0.282,-0.0219999999999999,0.373,0.429,-0.0559999999999999,0.309,0.339,-0.03,3.9,4.93,-1.029,Carmen Mlodzinski,2026-09-17
"Lopez, Jacob",682052,2026,511,344,0.257,0.209,0.048,0.433,0.344,0.089,0.341,0.29,0.051,5.02,3.5,1.523,Jacob Lopez,2026-09-17
"Sasaki, Roki",808963,2026,511,341,0.244,0.246,-0.002,0.468,0.41,0.058,0.343,0.323,0.02,4.6,4.42,0.181,Roki Sasaki,2026-09-17
"Mize, Casey",663554,2026,510,370,0.237,0.234,0.0029999999999999,0.405,0.386,0.019,0.299,0.294,0.005,3.69,3.61,0.082,Casey Mize,2026-09-17
"Seymour, Ian",693855,2026,509,321,0.228,0.218,0.01,0.443,0.393,0.0499999999999999,0.31,0.289,0.021,4.27,3.48,0.787,Ian Seymour,2026-09-17
"Painter, Andrew",691725,2026,507,359,0.273,0.254,0.019,0.441,0.422,0.019,0.342,0.327,0.015,5.54,4.55,0.99,Andrew Painter,2026-09-17
"Phillips, Tyler",663969,2026,507,356,0.238,0.256,-0.018,0.396,0.419,-0.0229999999999999,0.317,0.332,-0.015,3.56,4.7,-1.145,Tyler Phillips,2026-09-17
"Drohan, Shane",675660,2026,504,339,0.26,0.232,0.0279999999999999,0.419,0.38,0.0389999999999999,0.327,0.303,0.024,4.32,3.85,0.473,Shane Drohan,2026-09-17
"Keller, Mitch",656605,2026,503,364,0.259,0.288,-0.0289999999999999,0.426,0.455,-0.029,0.333,0.355,-0.0219999999999999,5.29,5.48,-0.189,Mitch Keller,2026-09-17
"Mikolas, Miles",571945,2026,498,415,0.293,0.288,0.005,0.527,0.506,0.021,0.364,0.354,0.01,5.82,5.44,0.379,Miles Mikolas,2026-09-17
"Perkins, Jack",678022,2026,497,312,0.264,0.232,0.032,0.46,0.388,0.072,0.353,0.311,0.0419999999999999,6.14,4.07,2.066,Jack Perkins,2026-09-17
"Prielipp, Connor",687570,2026,488,323,0.26,0.241,0.019,0.413,0.39,0.0229999999999999,0.326,0.312,0.014,5.24,4.1,1.141,Connor Prielipp,2026-09-17
"McClanahan, Shane",663556,2026,487,337,0.211,0.245,-0.034,0.324,0.413,-0.0889999999999999,0.273,0.318,-0.0449999999999999,3.36,4.27,-0.914,Shane McClanahan,2026-09-17
"Junk, Janson",676083,2026,487,373,0.273,0.263,0.01,0.427,0.418,0.009,0.328,0.322,0.006,4.5,4.39,0.11,Janson Junk,2026-09-17
"Arrighetti, Spencer",681293,2026,481,299,0.219,0.239,-0.0199999999999999,0.383,0.409,-0.0259999999999999,0.328,0.348,-0.0199999999999999,4.9,5.23,-0.328,Spencer Arrighetti,2026-09-17
"Harrison, Kyle",690986,2026,475,304,0.256,0.242,0.014,0.444,0.388,0.0559999999999999,0.33,0.303,0.027,3.98,3.85,0.135,Kyle Harrison,2026-09-17
"Cole, Gerrit",543037,2026,475,332,0.241,0.253,-0.012,0.43,0.405,0.0249999999999999,0.307,0.303,0.004,3.67,3.85,-0.182,Gerrit Cole,2026-09-17
"Boyd, Matthew",571510,2026,474,343,0.248,0.263,-0.015,0.39,0.428,-0.0379999999999999,0.313,0.331,-0.018,4.16,4.67,-0.51,Matthew Boyd,2026-09-17
"Civale, Aaron",650644,2026,470,343,0.28,0.256,0.024,0.47,0.421,0.0489999999999999,0.349,0.32,0.0289999999999999,4.23,4.33,-0.098,Aaron Civale,2026-09-17
"Houser, Adrian",605288,2026,470,357,0.257,0.268,-0.011,0.434,0.453,-0.019,0.326,0.339,-0.013,4.02,4.93,-0.909,Adrian Houser,2026-09-17
"Lauer, Eric",641778,2026,466,353,0.256,0.256,0.0,0.486,0.475,0.011,0.346,0.342,0.0039999999999999,5.23,5.03,0.204,Eric Lauer,2026-09-17
"Meyer, Max",676974,2026,462,293,0.207,0.227,-0.02,0.339,0.375,-0.0359999999999999,0.282,0.304,-0.022,2.68,3.87,-1.194,Max Meyer,2026-09-17
"Bello, Brayan",678394,2026,459,338,0.279,0.289,-0.0099999999999999,0.406,0.455,-0.0489999999999999,0.328,0.349,-0.0209999999999999,4.74,5.27,-0.526,Brayan Bello,2026-09-17
"Gallen, Zac",668678,2026,455,356,0.304,0.317,-0.013,0.507,0.54,-0.033,0.374,0.39,-0.016,6.22,6.86,-0.643,Zac Gallen,2026-09-17
"Sheehan, Emmet",686218,2026,454,291,0.24,0.223,0.0169999999999999,0.457,0.388,0.069,0.329,0.298,0.031,4.79,3.71,1.084,Emmet Sheehan,2026-09-17
"Scott, Christian",681035,2026,453,271,0.219,0.219,0.0,0.353,0.344,0.009,0.301,0.297,0.004,3.76,3.69,0.069,Christian Scott,2026-09-17
"Melton, Troy",675512,2026,451,321,0.216,0.236,-0.0199999999999999,0.373,0.369,0.004,0.29,0.299,-0.009,2.52,3.74,-1.219,Troy Melton,2026-09-17
"Bennett, Jake",687562,2026,441,328,0.246,0.233,0.0129999999999999,0.376,0.384,-0.008,0.287,0.286,0.001,3.77,3.4,0.375,Jake Bennett,2026-09-17
"Quantrill, Cal",615698,2026,439,326,0.22,0.244,-0.0239999999999999,0.353,0.405,-0.052,0.277,0.305,-0.0279999999999999,2.9,3.9,-1.001,Cal Quantrill,2026-09-17
"Bassitt, Chris",605135,2026,438,320,0.291,0.279,0.0119999999999999,0.418,0.41,0.008,0.346,0.339,0.0069999999999999,4.64,4.93,-0.291,Chris Bassitt,2026-09-17
"Miller, Bryce",682243,2026,437,295,0.226,0.226,0.0,0.424,0.386,0.0379999999999999,0.31,0.297,0.013,4.19,3.69,0.503,Bryce Miller,2026-09-17
"Jump, Gage",695611,2026,437,279,0.272,0.261,0.011,0.429,0.402,0.0269999999999999,0.342,0.329,0.013,5.47,4.61,0.863,Gage Jump,2026-09-17
"Anderson, Drew",623454,2026,435,276,0.234,0.222,0.012,0.394,0.357,0.037,0.317,0.301,0.016,3.62,3.79,-0.172,Drew Anderson,2026-09-17
"Lodolo, Nick",666157,2026,433,298,0.278,0.29,-0.0119999999999999,0.501,0.483,0.018,0.375,0.377,-0.002,5.12,6.32,-1.199,Nick Lodolo,2026-09-17
"Jax, Griffin",643377,2026,430,285,0.239,0.254,-0.015,0.395,0.417,-0.0219999999999999,0.303,0.322,-0.019,3.8,4.39,-0.594,Griffin Jax,2026-09-17
"Soroka, Michael",647336,2026,429,296,0.234,0.258,-0.0239999999999999,0.36,0.406,-0.046,0.287,0.315,-0.028,3.45,4.18,-0.73,Michael Soroka,2026-09-17
"Gordon, Tanner",685299,2026,428,327,0.313,0.264,0.0489999999999999,0.54,0.464,0.076,0.377,0.328,0.0489999999999999,5.55,4.58,0.968,Tanner Gordon,2026-09-17
"Alvarez, Andrew",674841,2026,427,278,0.222,0.244,-0.0219999999999999,0.329,0.369,-0.0399999999999999,0.291,0.315,-0.024,3.35,4.18,-0.827,Andrew Alvarez,2026-09-17
"Irvin, Jake",663623,2026,426,275,0.245,0.25,-0.005,0.428,0.454,-0.026,0.339,0.352,-0.0129999999999999,5.51,5.37,0.142,Jake Irvin,2026-09-17
"Burrows, Mike",681347,2026,423,309,0.292,0.263,0.0289999999999999,0.508,0.44,0.068,0.375,0.335,0.0399999999999999,5.99,4.8,1.189,Mike Burrows,2026-09-17
"Sproat, Brandon",687075,2026,422,259,0.246,0.245,0.001,0.436,0.407,0.029,0.352,0.341,0.0109999999999999,5.57,5.0,0.567,Brandon Sproat,2026-09-17
"Patrick, Chad",694477,2026,419,283,0.223,0.238,-0.0149999999999999,0.362,0.382,-0.02,0.298,0.311,-0.013,3.2,4.07,-0.873,Chad Patrick,2026-09-17
"Gasser, Robert",688107,2026,416,285,0.243,0.25,-0.007,0.417,0.393,0.0239999999999999,0.322,0.315,0.007,4.3,4.18,0.118,Robert Gasser,2026-09-17
"Fried, Max",608331,2026,407,274,0.198,0.197,0.001,0.274,0.269,0.005,0.243,0.245,-0.002,2.63,2.48,0.152,Max Fried,2026-09-17
"Brown, Hunter",686613,2026,406,243,0.216,0.198,0.0179999999999999,0.338,0.316,0.022,0.299,0.282,0.017,3.43,3.3,0.133,Hunter Brown,2026-09-17
"Rodriguez, Grayson",680570,2026,393,270,0.286,0.273,0.0129999999999999,0.487,0.465,0.0219999999999999,0.365,0.356,0.009,6.1,5.52,0.583,Grayson Rodriguez,2026-09-17
"Early, Connelly",813349,2026,390,254,0.235,0.234,0.0009999999999999,0.401,0.408,-0.0069999999999999,0.319,0.32,-0.001,3.44,4.33,-0.894,Connelly Early,2026-09-17
"Flaherty, Jack",656427,2026,389,238,0.24,0.236,0.004,0.416,0.394,0.0219999999999999,0.33,0.323,0.007,4.59,4.42,0.167,Jack Flaherty,2026-09-17
"Johnson, Ryan",696270,2026,388,274,0.241,0.252,-0.011,0.432,0.45,-0.018,0.333,0.343,-0.01,4.88,5.06,-0.178,Ryan Johnson,2026-09-17
"Yesavage, Trey",702056,2026,386,247,0.185,0.2,-0.015,0.339,0.33,0.009,0.28,0.285,-0.0049999999999999,3.65,3.38,0.271,Trey Yesavage,2026-09-17
"Jones, Jared",683003,2026,380,238,0.224,0.217,0.007,0.392,0.365,0.027,0.3,0.287,0.013,4.17,3.43,0.739,Jared Jones,2026-09-17
"Blubaugh, AJ",805123,2026,378,246,0.219,0.222,-0.003,0.389,0.388,0.001,0.303,0.311,-0.008,3.26,4.07,-0.806,AJ Blubaugh,2026-09-17
"Agnos, Zach",688642,2026,377,283,0.284,0.283,0.001,0.45,0.456,-0.006,0.349,0.352,-0.003,6.0,5.37,0.63,Zach Agnos,2026-09-17
"Holmes, Clay",605280,2026,376,268,0.211,0.251,-0.04,0.297,0.36,-0.063,0.266,0.307,-0.0409999999999999,2.85,3.96,-1.113,Clay Holmes,2026-09-17
"Taillon, Jameson",592791,2026,370,260,0.253,0.261,-0.008,0.527,0.532,-0.005,0.363,0.367,-0.004,5.65,5.92,-0.269,Jameson Taillon,2026-09-17
"Miles, Spencer",693686,2026,370,258,0.222,0.229,-0.007,0.297,0.32,-0.023,0.256,0.268,-0.012,2.65,2.97,-0.319,Spencer Miles,2026-09-17
"Gusto, Ryan",687473,2026,369,269,0.277,0.279,-0.002,0.44,0.439,0.001,0.34,0.339,0.001,4.14,4.93,-0.793,Ryan Gusto,2026-09-17
"Suter, Brent",608718,2026,364,262,0.254,0.253,0.001,0.41,0.396,0.0139999999999999,0.314,0.308,0.006,3.52,3.98,-0.463,Brent Suter,2026-09-17
"Nelson, Ryne",669194,2026,362,270,0.248,0.262,-0.014,0.473,0.503,-0.03,0.336,0.352,-0.0159999999999999,4.89,5.37,-0.48,Ryne Nelson,2026-09-17
"Assad, Javier",665871,2026,361,273,0.234,0.264,-0.03,0.404,0.43,-0.0259999999999999,0.306,0.329,-0.023,3.7,4.61,-0.91,Javier Assad,2026-09-17
"Ashby, Aaron",676879,2026,361,208,0.233,0.202,0.031,0.328,0.292,0.036,0.294,0.268,0.0259999999999999,3.13,2.97,0.162,Aaron Ashby,2026-09-17
"Corbin, Patrick",571578,2026,360,266,0.302,0.289,0.013,0.477,0.463,0.0139999999999999,0.364,0.356,0.008,5.51,5.52,-0.007,Patrick Corbin,2026-09-17
"Canning, Griffin",656288,2026,356,232,0.271,0.245,0.026,0.439,0.404,0.0349999999999999,0.351,0.327,0.0239999999999999,5.8,4.55,1.252,Griffin Canning,2026-09-17
"Leiter, Jack",683004,2026,355,233,0.255,0.257,-0.002,0.439,0.43,0.009,0.34,0.337,0.003,5.29,4.86,0.427,Jack Leiter,2026-09-17
"Newcomb, Sean",656794,2026,352,235,0.223,0.252,-0.0289999999999999,0.316,0.369,-0.0529999999999999,0.281,0.313,-0.0319999999999999,2.95,4.13,-1.177,Sean Newcomb,2026-09-17
"Henderson, Logan",701656,2026,349,225,0.181,0.203,-0.022,0.35,0.348,0.002,0.249,0.257,-0.008,2.51,2.73,-0.223,Logan Henderson,2026-09-17
"López, Reynaldo",625643,2026,346,237,0.261,0.262,-0.001,0.43,0.428,0.002,0.336,0.335,0.001,4.54,4.8,-0.262,Reynaldo López,2026-09-17
"Ramírez, Yohan",670990,2026,341,192,0.192,0.211,-0.0189999999999999,0.29,0.294,-0.004,0.277,0.286,-0.0089999999999999,3.05,3.4,-0.35,Yohan Ramírez,2026-09-17
"Ohtani, Shohei",660271,2026,340,213,0.18,0.201,-0.021,0.262,0.287,-0.0249999999999999,0.239,0.257,-0.018,1.79,2.73,-0.944,Shohei Ohtani,2026-09-17
"Cabrera, Edward",665795,2026,339,233,0.268,0.268,0.0,0.468,0.452,0.016,0.352,0.347,0.005,5.75,5.2,0.545,Edward Cabrera,2026-09-17
"Lord, Brad",695418,2026,338,228,0.227,0.231,-0.004,0.359,0.37,-0.011,0.299,0.306,-0.007,4.04,3.93,0.108,Brad Lord,2026-09-17
"Bachar, Lake",669199,2026,336,211,0.195,0.202,-0.007,0.356,0.357,-0.001,0.288,0.292,-0.004,3.54,3.55,-0.009,Lake Bachar,2026-09-17
"Morejon, Adrian",670970,2026,333,204,0.209,0.198,0.0109999999999999,0.278,0.268,0.01,0.244,0.236,0.008,2.87,2.3,0.565,Adrian Morejon,2026-09-17
"Imai, Tatsuya",837227,2026,329,182,0.214,0.226,-0.012,0.347,0.388,-0.041,0.317,0.335,-0.018,5.13,4.8,0.331,Tatsuya Imai,2026-09-17
"Teng, Kai-Wei",678906,2026,329,210,0.245,0.249,-0.004,0.415,0.404,0.0109999999999999,0.342,0.339,0.003,4.76,4.93,-0.165,Kai-Wei Teng,2026-09-17
"Bruihl, Justin",677865,2026,328,238,0.256,0.25,0.006,0.363,0.366,-0.003,0.311,0.315,-0.004,3.54,4.18,-0.637,Justin Bruihl,2026-09-17
"Matz, Steven",571927,2026,320,240,0.241,0.277,-0.036,0.448,0.462,-0.014,0.324,0.345,-0.0209999999999999,5.64,5.13,0.51,Steven Matz,2026-09-17
"Blackburn, Paul",621112,2026,320,221,0.192,0.236,-0.0439999999999999,0.293,0.356,-0.063,0.258,0.298,-0.0399999999999999,1.65,3.71,-2.057,Paul Blackburn,2026-09-17
"Kremer, Dean",665152,2026,319,219,0.241,0.245,-0.004,0.483,0.453,0.0299999999999999,0.336,0.327,0.009,5.35,4.55,0.803,Dean Kremer,2026-09-17
"Taylor, Grant",691799,2026,316,185,0.2,0.198,0.002,0.312,0.321,-0.009,0.263,0.267,-0.004,2.41,2.95,-0.537,Grant Taylor,2026-09-17
"Rodón, Carlos",607074,2026,315,192,0.178,0.221,-0.043,0.301,0.355,-0.0539999999999999,0.266,0.307,-0.0409999999999999,2.95,3.96,-1.012,Carlos Rodón,2026-09-17
"Scherzer, Max",453286,2026,315,228,0.243,0.239,0.004,0.432,0.406,0.0259999999999999,0.331,0.32,0.011,6.07,4.33,1.739,Max Scherzer,2026-09-17
"Lynch IV, Daniel",663738,2026,312,234,0.208,0.249,-0.041,0.338,0.392,-0.0539999999999999,0.272,0.309,-0.0369999999999999,3.29,4.01,-0.723,Daniel Lynch IV,2026-09-17
"Headrick, Brent",687396,2026,311,193,0.226,0.217,0.009,0.353,0.32,0.0329999999999999,0.282,0.266,0.0159999999999999,1.9,2.93,-1.027,Brent Headrick,2026-09-17
"McDonald, Trevor",686790,2026,310,217,0.255,0.246,0.009,0.384,0.359,0.025,0.323,0.312,0.011,5.12,4.1,1.018,Trevor McDonald,2026-09-17
"Avila, Luinder",679883,2026,309,204,0.272,0.251,0.021,0.425,0.396,0.0289999999999999,0.355,0.339,0.0159999999999999,5.53,4.93,0.599,Luinder Avila,2026-09-17
"Richards, Trevor",670950,2026,308,217,0.221,0.236,-0.0149999999999999,0.396,0.404,-0.008,0.29,0.302,-0.012,3.51,3.82,-0.309,Trevor Richards,2026-09-17
"Graceffo, Gordon",700669,2026,306,212,0.182,0.241,-0.059,0.288,0.406,-0.118,0.255,0.323,-0.068,2.56,4.42,-1.86,Gordon Graceffo,2026-09-17
"Peralta, Wandy",593974,2026,303,229,0.277,0.272,0.005,0.412,0.381,0.0309999999999999,0.33,0.315,0.015,3.75,4.18,-0.43,Wandy Peralta,2026-09-17
"Mejia, Juan",675848,2026,303,198,0.283,0.261,0.0219999999999999,0.402,0.382,0.02,0.348,0.334,0.0139999999999999,5.4,4.77,0.63,Juan Mejia,2026-09-17
"Woods Richardson, Simeon",680573,2026,303,224,0.304,0.28,0.0239999999999999,0.504,0.467,0.0369999999999999,0.39,0.368,0.022,6.68,5.96,0.722,Simeon Woods Richardson,2026-09-17
"Burke, Brock",656271,2026,302,187,0.203,0.218,-0.0149999999999999,0.32,0.341,-0.021,0.284,0.298,-0.014,2.4,3.71,-1.313,Brock Burke,2026-09-17
"Morris, Andrew",702193,2026,301,211,0.263,0.235,0.028,0.367,0.333,0.0339999999999999,0.304,0.281,0.0229999999999999,4.46,3.28,1.176,Andrew Morris,2026-09-17
"Fisher, Braydon",680755,2026,300,184,0.204,0.22,-0.016,0.336,0.357,-0.0209999999999999,0.291,0.311,-0.02,3.16,4.07,-0.908,Braydon Fisher,2026-09-17
"Varland, Louis",686973,2026,300,183,0.197,0.201,-0.004,0.248,0.267,-0.019,0.228,0.236,-0.0079999999999999,1.3,2.3,-0.997,Louis Varland,2026-09-17
"Harris, Hogan",663687,2026,299,168,0.222,0.205,0.017,0.345,0.334,0.0109999999999999,0.31,0.299,0.011,3.34,3.74,-0.398,Hogan Harris,2026-09-17
"Watson, Ryan",670245,2026,297,212,0.243,0.263,-0.02,0.399,0.436,-0.0369999999999999,0.307,0.332,-0.025,3.99,4.7,-0.714,Ryan Watson,2026-09-17
"Schultz, Noah",702273,2026,297,199,0.245,0.271,-0.026,0.415,0.449,-0.034,0.338,0.36,-0.0219999999999999,5.88,5.66,0.221,Noah Schultz,2026-09-17
"Medina, Luis",665622,2026,296,169,0.239,0.219,0.0199999999999999,0.375,0.361,0.014,0.315,0.302,0.013,3.29,3.82,-0.527,Luis Medina,2026-09-17
"Senzatela, Antonio",622608,2026,296,211,0.263,0.255,0.008,0.383,0.374,0.009,0.314,0.308,0.006,4.26,3.98,0.283,Antonio Senzatela,2026-09-17
"Kochanowicz, Jack",686799,2026,296,208,0.259,0.272,-0.013,0.382,0.439,-0.0569999999999999,0.331,0.358,-0.0269999999999999,6.19,5.59,0.598,Jack Kochanowicz,2026-09-17
"Holton, Tyler",663947,2026,296,218,0.258,0.248,0.01,0.391,0.364,0.027,0.314,0.298,0.016,2.78,3.71,-0.934,Tyler Holton,2026-09-17
"Thornton, Zac",804267,2026,293,220,0.253,0.267,-0.014,0.418,0.448,-0.03,0.313,0.329,-0.016,3.44,4.61,-1.174,Zac Thornton,2026-09-17
"De Los Santos, Enyel",660853,2026,293,208,0.25,0.222,0.0279999999999999,0.433,0.359,0.074,0.318,0.281,0.0369999999999999,4.67,3.28,1.393,Enyel De Los Santos,2026-09-17
"Zeferjahn, Ryan",666171,2026,292,153,0.195,0.184,0.011,0.328,0.284,0.044,0.295,0.277,0.0179999999999999,4.03,3.18,0.85,Ryan Zeferjahn,2026-09-17
"Dobnak, Randy",677976,2026,289,217,0.249,0.282,-0.0329999999999999,0.36,0.388,-0.028,0.3,0.325,-0.025,2.73,4.48,-1.754,Randy Dobnak,2026-09-17
"Alexander, Tyler",641302,2026,285,204,0.257,0.227,0.03,0.342,0.316,0.026,0.296,0.275,0.0209999999999999,3.38,3.14,0.235,Tyler Alexander,2026-09-17
"Legumina, Casey",668984,2026,284,207,0.273,0.266,0.007,0.418,0.4,0.0179999999999999,0.327,0.318,0.009,3.94,4.27,-0.335,Casey Legumina,2026-09-17
"Soriano, George",666277,2026,283,183,0.237,0.234,0.0029999999999999,0.415,0.406,0.0089999999999999,0.329,0.33,-0.001,4.36,4.64,-0.281,George Soriano,2026-09-17
"Gómez, Yoendrys",672782,2026,281,181,0.229,0.259,-0.03,0.375,0.449,-0.074,0.316,0.357,-0.0409999999999999,4.1,5.55,-1.451,Yoendrys Gómez,2026-09-17
"Rodriguez, Bradgley",699134,2026,280,188,0.216,0.192,0.0239999999999999,0.351,0.297,0.0539999999999999,0.27,0.239,0.031,2.38,2.36,0.022,Bradgley Rodriguez,2026-09-17
"Rogers, Tyler",643511,2026,280,216,0.222,0.222,0.0,0.266,0.288,-0.0219999999999999,0.247,0.256,-0.009,1.73,2.71,-0.981,Tyler Rogers,2026-09-17
"Hoffman, Jeff",656546,2026,280,149,0.234,0.201,0.033,0.357,0.31,0.0469999999999999,0.296,0.28,0.0159999999999999,3.53,3.25,0.284,Jeff Hoffman,2026-09-17
"Bazardo, Eduard",660825,2026,279,191,0.282,0.262,0.0199999999999999,0.476,0.44,0.0359999999999999,0.349,0.333,0.0159999999999999,3.98,4.73,-0.751,Eduard Bazardo,2026-09-17
"Fuentes, Didier",800311,2026,279,169,0.21,0.212,-0.002,0.302,0.329,-0.027,0.254,0.265,-0.011,2.21,2.91,-0.703,Didier Fuentes,2026-09-17
"Smith, Cade",671922,2026,278,154,0.19,0.194,-0.004,0.291,0.328,-0.037,0.25,0.269,-0.019,2.09,3.0,-0.913,Cade Smith,2026-09-17
"Ritchie, JR",702275,2026,278,176,0.233,0.245,-0.0119999999999999,0.427,0.421,0.006,0.344,0.349,-0.005,5.03,5.27,-0.243,JR Ritchie,2026-09-17
"Wells, Tyler",669330,2026,277,185,0.187,0.202,-0.015,0.331,0.346,-0.0149999999999999,0.251,0.266,-0.015,2.38,2.93,-0.555,Tyler Wells,2026-09-17
"Suarez, José",660761,2026,277,186,0.298,0.267,0.0309999999999999,0.45,0.36,0.09,0.359,0.317,0.0419999999999999,5.87,4.24,1.63,José Suarez,2026-09-17
"Festa, Matt",670036,2026,276,182,0.258,0.229,0.0289999999999999,0.399,0.37,0.029,0.318,0.296,0.022,3.67,3.66,0.015,Matt Festa,2026-09-17
"Faucher, Calvin",676534,2026,276,170,0.213,0.229,-0.016,0.272,0.315,-0.0429999999999999,0.276,0.295,-0.0189999999999999,3.5,3.63,-0.133,Calvin Faucher,2026-09-17
"Senga, Kodai",673540,2026,273,159,0.251,0.238,0.013,0.489,0.43,0.059,0.371,0.346,0.025,7.05,5.16,1.89,Kodai Senga,2026-09-17
"Ferrer, José A.",678606,2026,272,198,0.282,0.249,0.0329999999999999,0.4,0.368,0.032,0.331,0.303,0.028,3.71,3.85,-0.141,José A. Ferrer,2026-09-17
"Severino, Luis",622663,2026,271,173,0.258,0.231,0.0269999999999999,0.432,0.388,0.0439999999999999,0.346,0.318,0.0279999999999999,4.17,4.27,-0.105,Luis Severino,2026-09-17
"Webb, Jacob",657097,2026,271,178,0.235,0.254,-0.019,0.379,0.413,-0.0339999999999999,0.301,0.324,-0.023,3.53,4.45,-0.916,Jacob Webb,2026-09-17
"Finnegan, Kyle",640448,2026,270,188,0.289,0.272,0.0169999999999999,0.47,0.461,0.0089999999999999,0.374,0.362,0.012,4.3,5.74,-1.438,Kyle Finnegan,2026-09-17
"O'Brien, Riley",676617,2026,269,168,0.23,0.257,-0.0269999999999999,0.341,0.407,-0.0659999999999999,0.307,0.343,-0.036,4.21,5.06,-0.85,Riley O'Brien,2026-09-17
"Kelly, Kevin",687330,2026,269,194,0.209,0.253,-0.044,0.324,0.369,-0.0449999999999999,0.249,0.286,-0.0369999999999999,2.54,3.4,-0.865,Kevin Kelly,2026-09-17
"Clarke, Taylor",664199,2026,268,208,0.2,0.252,-0.0519999999999999,0.318,0.426,-0.1079999999999999,0.247,0.315,-0.068,2.71,4.18,-1.467,Taylor Clarke,2026-09-17
"Bednar, David",670280,2026,268,174,0.209,0.218,-0.009,0.303,0.316,-0.013,0.251,0.265,-0.014,2.58,2.91,-0.332,David Bednar,2026-09-17
"Soto, Gregory",642397,2026,267,157,0.197,0.198,-0.001,0.328,0.295,0.033,0.285,0.274,0.0109999999999999,3.88,3.11,0.768,Gregory Soto,2026-09-17
"Paddack, Chris",663978,2026,267,206,0.314,0.28,0.0339999999999999,0.483,0.45,0.0329999999999999,0.37,0.342,0.0279999999999999,6.79,5.03,1.759,Chris Paddack,2026-09-17
"Javier, Cristian",664299,2026,267,182,0.265,0.255,0.01,0.441,0.42,0.021,0.343,0.332,0.011,5.31,4.7,0.611,Cristian Javier,2026-09-17
"Sandoval, Patrick",663776,2026,267,175,0.318,0.28,0.0379999999999999,0.455,0.442,0.013,0.372,0.35,0.022,4.99,5.3,-0.306,Patrick Sandoval,2026-09-17
"Brown, Ben",676962,2026,265,179,0.186,0.223,-0.037,0.248,0.335,-0.087,0.228,0.279,-0.051,1.85,3.23,-1.377,Ben Brown,2026-09-17
"Morán, Jovani",663558,2026,264,161,0.173,0.193,-0.02,0.327,0.328,-0.001,0.271,0.28,-0.009,3.23,3.25,-0.016,Jovani Morán,2026-09-17
"Hughes, Gabriel",687312,2026,263,187,0.272,0.239,0.033,0.427,0.363,0.064,0.335,0.3,0.035,6.37,3.77,2.601,Gabriel Hughes,2026-09-17
"Okert, Steven",595345,2026,261,175,0.19,0.21,-0.0199999999999999,0.325,0.361,-0.0359999999999999,0.251,0.274,-0.023,2.13,3.11,-0.982,Steven Okert,2026-09-17
"Hudson, Bryan",663542,2026,261,181,0.249,0.219,0.03,0.328,0.304,0.024,0.279,0.261,0.018,2.83,2.82,0.007,Bryan Hudson,2026-09-17
"Marinaccio, Ron",676760,2026,260,178,0.27,0.26,0.01,0.482,0.426,0.0559999999999999,0.371,0.347,0.024,6.09,5.2,0.887,Ron Marinaccio,2026-09-17
"Kikuchi, Yusei",579328,2026,260,172,0.272,0.256,0.016,0.451,0.427,0.024,0.346,0.339,0.0069999999999999,5.02,4.93,0.093,Yusei Kikuchi,2026-09-17
"King, Bryan",687911,2026,259,187,0.276,0.254,0.022,0.425,0.376,0.0489999999999999,0.34,0.313,0.027,4.89,4.13,0.765,Bryan King,2026-09-17
"Hart, Kyle",606996,2026,259,177,0.218,0.217,0.001,0.358,0.358,0.0,0.288,0.289,-0.001,4.6,3.48,1.116,Kyle Hart,2026-09-17
"Ginkel, Kevin",656464,2026,257,174,0.23,0.228,0.002,0.379,0.387,-0.008,0.284,0.292,-0.008,4.1,3.55,0.549,Kevin Ginkel,2026-09-17
"Stanek, Ryne",592773,2026,257,160,0.232,0.228,0.004,0.393,0.376,0.017,0.32,0.311,0.009,4.2,4.07,0.13,Ryne Stanek,2026-09-17
"Moll, Sam",594580,2026,257,164,0.252,0.238,0.014,0.379,0.359,0.02,0.329,0.324,0.005,4.79,4.45,0.343,Sam Moll,2026-09-17
"Rogers, Taylor",573124,2026,256,175,0.28,0.248,0.032,0.417,0.379,0.0379999999999999,0.345,0.322,0.0229999999999999,4.72,4.39,0.327,Taylor Rogers,2026-09-17
"Doval, Camilo",666808,2026,255,162,0.246,0.222,0.0239999999999999,0.389,0.337,0.0519999999999999,0.321,0.302,0.019,4.13,3.82,0.309,Camilo Doval,2026-09-17
"Alvarado, José",621237,2026,255,153,0.273,0.235,0.038,0.409,0.348,0.061,0.345,0.307,0.0379999999999999,5.21,3.96,1.245,José Alvarado,2026-09-17
"Lange, Alex",656638,2026,255,164,0.269,0.252,0.017,0.461,0.421,0.04,0.365,0.343,0.0219999999999999,6.04,5.06,0.975,Alex Lange,2026-09-17
"Abreu, Bryan",650556,2026,254,132,0.193,0.197,-0.004,0.367,0.339,0.0279999999999999,0.321,0.313,0.008,3.79,4.13,-0.338,Bryan Abreu,2026-09-17
"Latz, Jacob",656641,2026,254,156,0.144,0.187,-0.043,0.258,0.316,-0.0579999999999999,0.204,0.248,-0.044,2.0,2.54,-0.535,Jacob Latz,2026-09-17
"Garcia, Rico",670329,2026,254,166,0.179,0.204,-0.0249999999999999,0.336,0.33,0.006,0.258,0.266,-0.008,2.94,2.93,0.008,Rico Garcia,2026-09-17
"Montgomery, Mason",682254,2026,253,134,0.18,0.192,-0.012,0.281,0.29,-0.0089999999999999,0.242,0.25,-0.008,2.73,2.58,0.149,Mason Montgomery,2026-09-17
"Mayza, Tim",641835,2026,253,174,0.222,0.227,-0.005,0.355,0.363,-0.008,0.272,0.277,-0.005,3.08,3.18,-0.102,Tim Mayza,2026-09-17
"Fluharty, Mason",689254,2026,253,161,0.222,0.188,0.034,0.33,0.306,0.024,0.283,0.259,0.0239999999999999,3.3,2.77,0.53,Mason Fluharty,2026-09-17
"Kerkering, Orion",689147,2026,252,155,0.203,0.208,-0.0049999999999999,0.335,0.31,0.025,0.299,0.293,0.006,4.02,3.58,0.438,Orion Kerkering,2026-09-17
"Brazobán, Huascar",623211,2026,252,168,0.193,0.221,-0.0279999999999999,0.33,0.332,-0.002,0.277,0.292,-0.0149999999999999,3.16,3.55,-0.39,Huascar Brazobán,2026-09-17
"Silseth, Chase",681217,2026,250,146,0.231,0.22,0.011,0.351,0.365,-0.014,0.312,0.31,0.002,3.38,4.04,-0.665,Chase Silseth,2026-09-17
"Lee, Dylan",669276,2026,250,159,0.196,0.197,-0.001,0.313,0.311,0.002,0.245,0.249,-0.004,3.09,2.56,0.534,Dylan Lee,2026-09-17
"Brubaker, JT",664141,2026,250,183,0.225,0.274,-0.049,0.349,0.427,-0.078,0.294,0.342,-0.048,3.58,5.03,-1.45,JT Brubaker,2026-09-17
"Nance, Tommy",667297,2026,249,160,0.258,0.252,0.006,0.394,0.411,-0.0169999999999999,0.313,0.319,-0.006,4.06,4.3,-0.242,Tommy Nance,2026-09-17
"Petersen, Michael",656848,2026,249,145,0.187,0.191,-0.004,0.311,0.358,-0.0469999999999999,0.27,0.287,-0.0169999999999999,3.08,3.43,-0.348,Michael Petersen,2026-09-17
"Bernardino, Brennan",657514,2026,248,186,0.246,0.247,-0.001,0.379,0.383,-0.004,0.297,0.298,-0.001,2.88,3.71,-0.828,Brennan Bernardino,2026-09-17
"Vodnik, Victor",680767,2026,247,174,0.275,0.247,0.028,0.391,0.369,0.022,0.338,0.321,0.017,5.37,4.36,1.006,Victor Vodnik,2026-09-17
"Suárez, Albert",544150,2026,247,186,0.241,0.255,-0.014,0.429,0.413,0.016,0.315,0.32,-0.005,4.12,4.33,-0.211,Albert Suárez,2026-09-17
"Morillo, Juan",666661,2026,246,150,0.19,0.177,0.013,0.282,0.26,0.0219999999999999,0.252,0.242,0.01,2.24,2.42,-0.182,Juan Morillo,2026-09-17
"Miller, Mason",695243,2026,246,102,0.145,0.129,0.0159999999999999,0.182,0.178,0.004,0.197,0.188,0.009,1.12,1.5,-0.381,Mason Miller,2026-09-17
"Yarbrough, Ryan",642232,2026,245,178,0.212,0.221,-0.009,0.323,0.315,0.008,0.279,0.279,0.0,3.68,3.23,0.452,Ryan Yarbrough,2026-09-17
"Domínguez, Seranthony",622554,2026,244,150,0.206,0.214,-0.008,0.368,0.361,0.007,0.305,0.307,-0.002,3.9,3.96,-0.058,Seranthony Domínguez,2026-09-17
"Gray, Peyton",682608,2026,244,166,0.251,0.235,0.016,0.434,0.373,0.061,0.317,0.29,0.027,3.93,3.5,0.427,Peyton Gray,2026-09-17
"Matsui, Yuki",673513,2026,244,144,0.167,0.168,-0.001,0.31,0.305,0.005,0.267,0.271,-0.004,1.95,3.04,-1.09,Yuki Matsui,2026-09-17
"Rolison, Ryan",669020,2026,243,165,0.229,0.244,-0.0149999999999999,0.36,0.384,-0.024,0.301,0.316,-0.015,2.98,4.21,-1.227,Ryan Rolison,2026-09-17
"Loáisiga, Jonathan",642528,2026,242,183,0.236,0.236,0.0,0.324,0.339,-0.015,0.259,0.269,-0.01,2.32,3.0,-0.677,Jonathan Loáisiga,2026-09-17
"Nunez, Anthony",689296,2026,242,148,0.207,0.222,-0.015,0.337,0.363,-0.0259999999999999,0.287,0.302,-0.015,3.97,3.82,0.151,Anthony Nunez,2026-09-17
"Henriquez, Edgardo",683618,2026,242,140,0.177,0.17,0.0069999999999999,0.239,0.237,0.002,0.248,0.244,0.004,2.85,2.46,0.39,Edgardo Henriquez,2026-09-17
"Dreyer, Jack",676263,2026,242,150,0.209,0.22,-0.011,0.344,0.362,-0.018,0.277,0.288,-0.0109999999999999,3.19,3.45,-0.265,Jack Dreyer,2026-09-17
"Bieber, Shane",669456,2026,242,174,0.253,0.282,-0.0289999999999999,0.438,0.5,-0.062,0.335,0.368,-0.0329999999999999,4.37,5.96,-1.595,Shane Bieber,2026-09-17
"Glasnow, Tyler",607192,2026,241,142,0.181,0.201,-0.02,0.315,0.35,-0.0349999999999999,0.252,0.274,-0.022,3.5,3.11,0.393,Tyler Glasnow,2026-09-17
"Weissert, Greg",669711,2026,241,162,0.248,0.234,0.0139999999999999,0.399,0.375,0.024,0.31,0.298,0.012,3.45,3.71,-0.257,Greg Weissert,2026-09-17
"Cruz, Steven",674444,2026,237,152,0.241,0.239,0.002,0.453,0.391,0.062,0.332,0.307,0.025,4.13,3.96,0.169,Steven Cruz,2026-09-17
"Scott, Tanner",656945,2026,237,146,0.215,0.238,-0.0229999999999999,0.333,0.351,-0.0179999999999999,0.257,0.273,-0.016,2.87,3.09,-0.224,Tanner Scott,2026-09-17
"Márquez, Germán",608566,2026,236,173,0.264,0.266,-0.002,0.519,0.484,0.035,0.371,0.362,0.009,5.26,5.74,-0.476,Germán Márquez,2026-09-17
"Gaddis, Hunter",683769,2026,236,160,0.224,0.243,-0.0189999999999999,0.319,0.363,-0.0439999999999999,0.278,0.301,-0.0229999999999999,2.75,3.79,-1.041,Hunter Gaddis,2026-09-17
"Anderson, Grant",681982,2026,235,159,0.205,0.205,0.0,0.4,0.337,0.063,0.297,0.275,0.0219999999999999,3.36,3.14,0.216,Grant Anderson,2026-09-17
"Cruz, Fernando",518585,2026,234,133,0.207,0.185,0.0219999999999999,0.369,0.324,0.0449999999999999,0.306,0.282,0.024,3.13,3.3,-0.172,Fernando Cruz,2026-09-17
"Muñoz, Andrés",662253,2026,234,123,0.212,0.202,0.0099999999999999,0.356,0.334,0.0219999999999999,0.288,0.281,0.0069999999999999,4.18,3.28,0.899,Andrés Muñoz,2026-09-17
"Hill, Tim",657612,2026,232,187,0.243,0.263,-0.02,0.433,0.435,-0.002,0.321,0.331,-0.01,4.79,4.67,0.123,Tim Hill,2026-09-17
"Baker, Bryan",641329,2026,232,147,0.155,0.206,-0.0509999999999999,0.251,0.32,-0.069,0.224,0.273,-0.049,1.52,3.09,-1.573,Bryan Baker,2026-09-17
"Santana, Dennis",642701,2026,232,158,0.239,0.245,-0.006,0.434,0.412,0.022,0.331,0.324,0.007,4.86,4.45,0.413,Dennis Santana,2026-09-17
"Dobbins, Hunter",690928,2026,231,153,0.24,0.233,0.0069999999999999,0.397,0.366,0.031,0.322,0.306,0.016,3.67,3.93,-0.263,Hunter Dobbins,2026-09-17
"Adams, Travis",701519,2026,231,152,0.245,0.235,0.01,0.441,0.4,0.0409999999999999,0.332,0.315,0.017,4.97,4.18,0.789,Travis Adams,2026-09-17
"Schreiber, John",670167,2026,230,164,0.215,0.246,-0.031,0.365,0.394,-0.029,0.293,0.314,-0.021,3.14,4.16,-1.02,John Schreiber,2026-09-17
"Megill, Trevor",656730,2026,227,146,0.178,0.202,-0.024,0.231,0.337,-0.106,0.208,0.257,-0.049,2.5,2.73,-0.233,Trevor Megill,2026-09-17
"Iglesias, Raisel",628452,2026,226,151,0.226,0.237,-0.0109999999999999,0.361,0.382,-0.021,0.286,0.298,-0.012,2.73,3.71,-0.978,Raisel Iglesias,2026-09-17
"Bowlan, Jonathan",680742,2026,226,137,0.209,0.195,0.0139999999999999,0.354,0.327,0.0269999999999999,0.276,0.262,0.014,3.4,2.84,0.555,Jonathan Bowlan,2026-09-17
"Farris, Mitch",815083,2026,226,143,0.27,0.264,0.006,0.48,0.447,0.0329999999999999,0.362,0.347,0.015,3.96,5.2,-1.245,Mitch Farris,2026-09-17
"Fermin, José",820862,2026,226,137,0.218,0.239,-0.0209999999999999,0.355,0.388,-0.033,0.298,0.318,-0.02,3.12,4.27,-1.155,José Fermin,2026-09-17
"Vesia, Alex",681911,2026,224,126,0.156,0.171,-0.015,0.26,0.293,-0.0329999999999999,0.244,0.264,-0.02,2.83,2.88,-0.047,Alex Vesia,2026-09-17
"Kolek, Stephen",663568,2026,224,176,0.262,0.262,0.0,0.448,0.38,0.068,0.328,0.303,0.025,4.5,3.85,0.65,Stephen Kolek,2026-09-17
"Herrin, Tim",682120,2026,224,142,0.22,0.204,0.016,0.366,0.349,0.017,0.302,0.298,0.004,3.04,3.71,-0.672,Tim Herrin,2026-09-17
"Weaver, Luke",596133,2026,222,145,0.188,0.214,-0.0259999999999999,0.292,0.35,-0.0579999999999999,0.244,0.276,-0.032,2.56,3.16,-0.604,Luke Weaver,2026-09-17
"Tidwell, Blade",694918,2026,222,153,0.223,0.244,-0.0209999999999999,0.363,0.394,-0.031,0.305,0.325,-0.02,4.56,4.48,0.076,Blade Tidwell,2026-09-17
"Holderman, Colin",670059,2026,222,142,0.185,0.219,-0.034,0.243,0.341,-0.098,0.254,0.303,-0.0489999999999999,2.73,3.85,-1.116,Colin Holderman,2026-09-17
"Duran, Jhoan",661395,2026,221,131,0.226,0.189,0.037,0.284,0.264,0.0199999999999999,0.249,0.224,0.0249999999999999,1.79,2.08,-0.291,Jhoan Duran,2026-09-17
"Herget, Jimmy",623474,2026,221,150,0.274,0.238,0.036,0.489,0.413,0.076,0.363,0.326,0.0369999999999999,5.76,4.51,1.25,Jimmy Herget,2026-09-17
"Kinley, Tyler",641755,2026,219,143,0.203,0.201,0.002,0.38,0.343,0.0369999999999999,0.301,0.286,0.015,3.52,3.4,0.122,Tyler Kinley,2026-09-17
"Romero, JoJo",668941,2026,219,149,0.251,0.266,-0.015,0.41,0.44,-0.03,0.323,0.339,-0.016,3.73,4.93,-1.2,JoJo Romero,2026-09-17
"Antone, Tejay",622088,2026,218,141,0.212,0.226,-0.014,0.376,0.372,0.004,0.293,0.299,-0.006,3.35,3.74,-0.387,Tejay Antone,2026-09-17
"Uribe, Abner",682842,2026,218,142,0.195,0.22,-0.0249999999999999,0.256,0.291,-0.0349999999999999,0.238,0.262,-0.024,2.11,2.84,-0.726,Abner Uribe,2026-09-17
"Junis, Jakob",596001,2026,217,163,0.245,0.274,-0.029,0.34,0.396,-0.0559999999999999,0.284,0.315,-0.031,3.33,4.18,-0.849,Jakob Junis,2026-09-17
"Raley, Brooks",548384,2026,216,144,0.226,0.23,-0.004,0.389,0.366,0.023,0.301,0.299,0.002,2.96,3.74,-0.779,Brooks Raley,2026-09-17
"Sulser, Cole",642121,2026,215,150,0.249,0.255,-0.006,0.426,0.476,-0.0499999999999999,0.309,0.33,-0.021,4.56,4.64,-0.082,Cole Sulser,2026-09-17
"Winn, Cole",668390,2026,215,149,0.277,0.274,0.003,0.456,0.442,0.014,0.342,0.337,0.005,5.63,4.86,0.765,Cole Winn,2026-09-17
"Wolfram, Grant",664991,2026,213,136,0.257,0.228,0.0289999999999999,0.398,0.356,0.042,0.316,0.289,0.027,4.56,3.48,1.081,Grant Wolfram,2026-09-17
"Myers, Tobias",668964,2026,213,162,0.278,0.27,0.008,0.5,0.424,0.076,0.351,0.321,0.0299999999999999,5.8,4.36,1.439,Tobias Myers,2026-09-17
"Hall, DL",669084,2026,213,123,0.152,0.185,-0.033,0.258,0.274,-0.016,0.257,0.275,-0.018,2.17,3.14,-0.973,DL Hall,2026-09-17
"Funderburk, Kody",681892,2026,213,138,0.218,0.226,-0.008,0.296,0.331,-0.035,0.285,0.302,-0.017,3.86,3.82,0.037,Kody Funderburk,2026-09-17
"Erceg, Lucas",668674,2026,211,144,0.306,0.263,0.0429999999999999,0.457,0.359,0.098,0.386,0.338,0.0479999999999999,6.09,4.9,1.19,Lucas Erceg,2026-09-17
"Bubic, Kris",663460,2026,211,131,0.201,0.236,-0.0349999999999999,0.321,0.387,-0.066,0.285,0.322,-0.037,4.03,4.39,-0.358,Kris Bubic,2026-09-17
"Gibson, Cade",806188,2026,210,143,0.254,0.237,0.017,0.362,0.317,0.0449999999999999,0.317,0.295,0.022,5.03,3.63,1.398,Cade Gibson,2026-09-17
"Miller, Erik",669062,2026,210,104,0.198,0.183,0.015,0.285,0.272,0.0129999999999999,0.285,0.275,0.0099999999999999,2.79,3.14,-0.347,Erik Miller,2026-09-17
"Chapman, Aroldis",547973,2026,210,118,0.19,0.181,0.009,0.299,0.282,0.017,0.267,0.256,0.011,1.95,2.71,-0.756,Aroldis Chapman,2026-09-17
"Beeter, Clayton",690925,2026,209,128,0.212,0.226,-0.014,0.376,0.379,-0.003,0.314,0.334,-0.02,4.5,4.77,-0.27,Clayton Beeter,2026-09-17
"Kilian, Caleb",668873,2026,209,129,0.238,0.216,0.0219999999999999,0.359,0.36,-0.001,0.302,0.292,0.01,4.91,3.55,1.359,Caleb Kilian,2026-09-17
"Kittredge, Andrew",552640,2026,209,159,0.277,0.269,0.008,0.421,0.417,0.004,0.319,0.312,0.007,3.66,4.1,-0.436,Andrew Kittredge,2026-09-17
"Alvarado, Elvis",665660,2026,208,125,0.22,0.22,0.0,0.429,0.433,-0.004,0.323,0.331,-0.008,4.14,4.67,-0.53,Elvis Alvarado,2026-09-17
"Svanson, Matt",694335,2026,207,143,0.306,0.301,0.005,0.45,0.467,-0.017,0.364,0.369,-0.005,7.27,6.0,1.269,Matt Svanson,2026-09-17
"Sewald, Paul",623149,2026,206,140,0.207,0.224,-0.017,0.463,0.477,-0.0139999999999999,0.31,0.322,-0.012,5.04,4.39,0.65,Paul Sewald,2026-09-17
"Shugart, Chase",663767,2026,205,128,0.22,0.211,0.009,0.441,0.389,0.0519999999999999,0.315,0.298,0.017,4.17,3.71,0.458,Chase Shugart,2026-09-17
"Hicks, Jordan",663855,2026,201,112,0.232,0.198,0.034,0.357,0.257,0.0999999999999999,0.313,0.265,0.0479999999999999,4.23,2.91,1.321,Jordan Hicks,2026-09-17
"Warren, Austin",681810,2026,199,122,0.249,0.247,0.002,0.428,0.397,0.0309999999999999,0.34,0.328,0.012,4.37,4.58,-0.212,Austin Warren,2026-09-17
"Wesneski, Hayden",669713,2026,198,142,0.219,0.241,-0.0219999999999999,0.36,0.361,-0.001,0.288,0.297,-0.009,3.7,3.69,0.009,Hayden Wesneski,2026-09-17
"Thielbar, Caleb",573204,2026,198,122,0.246,0.242,0.004,0.464,0.47,-0.0059999999999999,0.333,0.332,0.001,4.82,4.7,0.121,Caleb Thielbar,2026-09-17
"Bachman, Sam",696147,2026,198,122,0.202,0.213,-0.0109999999999999,0.351,0.319,0.0319999999999999,0.305,0.299,0.006,4.14,3.74,0.399,Sam Bachman,2026-09-17
"King, John",667463,2026,197,143,0.192,0.229,-0.037,0.372,0.404,-0.032,0.281,0.31,-0.0289999999999999,3.99,4.04,-0.053,John King,2026-09-17
"Scholtens, Jesse",669947,2026,196,145,0.26,0.276,-0.016,0.492,0.466,0.0259999999999999,0.348,0.348,0.0,4.03,5.23,-1.2,Jesse Scholtens,2026-09-17
"Thornton, Trent",663423,2026,196,145,0.234,0.254,-0.0199999999999999,0.417,0.457,-0.04,0.318,0.339,-0.021,3.35,4.93,-1.578,Trent Thornton,2026-09-17
"Kimbrel, Craig",518886,2026,196,131,0.238,0.244,-0.006,0.375,0.374,0.001,0.313,0.316,-0.003,4.5,4.21,0.29,Craig Kimbrel,2026-09-17
"Johnson, Pierce",572955,2026,195,140,0.253,0.268,-0.015,0.448,0.461,-0.013,0.333,0.344,-0.0109999999999999,4.84,5.1,-0.264,Pierce Johnson,2026-09-17
"McCullers Jr., Lance",621121,2026,195,118,0.247,0.236,0.011,0.458,0.378,0.08,0.359,0.328,0.0309999999999999,6.54,4.58,1.965,Lance McCullers Jr.,2026-09-17
"Waldron, Matt",663362,2026,194,148,0.322,0.235,0.087,0.52,0.374,0.146,0.379,0.292,0.087,6.54,3.55,2.989,Matt Waldron,2026-09-17
"Bratt, Mitch",683352,2026,194,136,0.244,0.227,0.0169999999999999,0.415,0.356,0.059,0.341,0.312,0.029,4.71,4.1,0.605,Mitch Bratt,2026-09-17
"Cano, Yennier",666974,2026,193,138,0.218,0.228,-0.01,0.285,0.346,-0.061,0.251,0.281,-0.03,3.06,3.28,-0.216,Yennier Cano,2026-09-17
"Hurt, Kyle",669165,2026,191,111,0.223,0.213,0.01,0.361,0.37,-0.009,0.306,0.302,0.004,4.33,3.82,0.508,Kyle Hurt,2026-09-17
"Sabrowski, Erik",681870,2026,191,90,0.16,0.145,0.015,0.276,0.255,0.021,0.262,0.254,0.008,2.78,2.67,0.109,Erik Sabrowski,2026-09-17
"Orze, Eric",679358,2026,189,130,0.264,0.253,0.011,0.377,0.367,0.01,0.318,0.313,0.005,5.66,4.13,1.531,Eric Orze,2026-09-17
"Klein, Will",694361,2026,189,116,0.267,0.235,0.032,0.345,0.302,0.0429999999999999,0.319,0.289,0.03,3.67,3.48,0.192,Will Klein,2026-09-17
"Dollander, Chase",801403,2026,189,121,0.238,0.217,0.0209999999999999,0.409,0.387,0.0219999999999999,0.32,0.307,0.013,3.89,3.96,-0.074,Chase Dollander,2026-09-17
"Williamson, Brandon",682227,2026,188,127,0.247,0.269,-0.022,0.435,0.479,-0.0439999999999999,0.353,0.378,-0.025,5.62,6.36,-0.744,Brandon Williamson,2026-09-17
"Sisk, Evan",681895,2026,186,106,0.22,0.199,0.0209999999999999,0.32,0.287,0.033,0.313,0.294,0.019,3.16,3.61,-0.446,Evan Sisk,2026-09-17
"Whitlock, Garrett",676477,2026,186,121,0.193,0.213,-0.0199999999999999,0.278,0.317,-0.0389999999999999,0.221,0.244,-0.0229999999999999,1.81,2.46,-0.648,Garrett Whitlock,2026-09-17
"Thompson, Ryan",657044,2026,186,141,0.304,0.275,0.0289999999999999,0.435,0.381,0.0539999999999999,0.345,0.311,0.0339999999999999,4.43,4.07,0.356,Ryan Thompson,2026-09-17
"Santillan, Tony",663574,2026,186,122,0.261,0.262,-0.001,0.503,0.516,-0.013,0.376,0.382,-0.006,6.58,6.52,0.06,Tony Santillan,2026-09-17
"Barnett, Mason",686930,2026,185,121,0.266,0.25,0.016,0.538,0.446,0.092,0.388,0.35,0.038,7.08,5.3,1.782,Mason Barnett,2026-09-17
"Kuhnel, Joel",669270,2026,185,141,0.278,0.296,-0.0179999999999999,0.457,0.458,-0.001,0.351,0.366,-0.015,4.54,5.89,-1.354,Joel Kuhnel,2026-09-17
"Sterner, Justin",686993,2026,184,131,0.274,0.224,0.05,0.524,0.399,0.125,0.359,0.292,0.067,6.12,3.55,2.567,Justin Sterner,2026-09-17
"Hoppe, Alex",695380,2026,183,118,0.25,0.254,-0.004,0.375,0.342,0.0329999999999999,0.314,0.303,0.011,4.43,3.85,0.576,Alex Hoppe,2026-09-17
"Fairbanks, Pete",664126,2026,183,102,0.222,0.212,0.01,0.424,0.421,0.003,0.327,0.322,0.005,6.32,4.39,1.925,Pete Fairbanks,2026-09-17
"Pérez, Cionel",672335,2026,181,124,0.267,0.265,0.002,0.418,0.47,-0.0519999999999999,0.331,0.346,-0.0149999999999999,4.97,5.16,-0.192,Cionel Pérez,2026-09-17
"Quintana, Jose",500779,2026,181,143,0.288,0.275,0.0129999999999999,0.5,0.441,0.059,0.364,0.343,0.0209999999999999,5.27,5.06,0.208,Jose Quintana,2026-09-17
"Cleavinger, Garrett",664076,2026,181,103,0.243,0.239,0.004,0.414,0.377,0.0369999999999999,0.325,0.317,0.008,4.79,4.24,0.55,Garrett Cleavinger,2026-09-17
"Garcia, Julian",670062,2026,179,118,0.185,0.196,-0.011,0.357,0.304,0.0529999999999999,0.28,0.267,0.013,3.13,2.95,0.18,Julian Garcia,2026-09-17
"Parker, Mitchell",680730,2026,178,129,0.289,0.272,0.0169999999999999,0.503,0.462,0.0409999999999999,0.37,0.347,0.023,6.58,5.2,1.38,Mitchell Parker,2026-09-17
"De Jesus, Enmanuel",646241,2026,178,122,0.239,0.253,-0.014,0.358,0.407,-0.0489999999999999,0.3,0.323,-0.023,3.83,4.42,-0.593,Enmanuel De Jesus,2026-09-17
"Williams, Devin",642207,2026,178,106,0.277,0.219,0.058,0.394,0.31,0.084,0.337,0.282,0.055,4.66,3.3,1.355,Devin Williams,2026-09-17
"Ribalta, Orlando",687377,2026,178,118,0.217,0.209,0.008,0.344,0.382,-0.038,0.285,0.296,-0.011,3.77,3.66,0.107,Orlando Ribalta,2026-09-17
"Basso, Brady",669620,2026,178,143,0.31,0.28,0.0299999999999999,0.482,0.382,0.0999999999999999,0.348,0.304,0.0439999999999999,4.5,3.87,0.63,Brady Basso,2026-09-17
"Dodd, Dylan",689266,2026,178,115,0.174,0.2,-0.026,0.335,0.362,-0.0269999999999999,0.258,0.277,-0.019,2.37,3.18,-0.815,Dylan Dodd,2026-09-17
"Pearson, Nate",663878,2026,178,115,0.204,0.217,-0.013,0.276,0.341,-0.065,0.277,0.304,-0.0269999999999999,2.51,3.87,-1.358,Nate Pearson,2026-09-17
"Speier, Gabe",642100,2026,177,117,0.209,0.216,-0.007,0.353,0.38,-0.027,0.287,0.298,-0.011,2.95,3.71,-0.757,Gabe Speier,2026-09-17
"Lawrence, Justin",664875,2026,177,100,0.275,0.267,0.008,0.549,0.455,0.094,0.414,0.38,0.0339999999999999,7.34,6.44,0.9,Justin Lawrence,2026-09-17
"Mattson, Isaac",676755,2026,176,121,0.282,0.292,-0.01,0.436,0.498,-0.062,0.349,0.374,-0.025,5.35,6.2,-0.847,Isaac Mattson,2026-09-17
"Winn, Keaton",676775,2026,176,123,0.222,0.24,-0.0179999999999999,0.34,0.36,-0.0199999999999999,0.29,0.308,-0.018,3.35,3.98,-0.631,Keaton Winn,2026-09-17
"Dion, Will",702021,2026,175,111,0.233,0.219,0.014,0.415,0.359,0.0559999999999999,0.311,0.285,0.026,3.92,3.38,0.536,Will Dion,2026-09-17
"Garcia, Brandyn",805299,2026,174,103,0.159,0.164,-0.005,0.217,0.249,-0.032,0.211,0.223,-0.012,1.94,2.06,-0.118,Brandyn Garcia,2026-09-17
"Woodruff, Brandon",605540,2026,174,116,0.174,0.2,-0.026,0.304,0.358,-0.0539999999999999,0.231,0.263,-0.032,2.98,2.86,0.118,Brandon Woodruff,2026-09-17
"Eisert, Brandon",685126,2026,172,112,0.244,0.228,0.0159999999999999,0.429,0.358,0.071,0.319,0.285,0.034,5.31,3.38,1.931,Brandon Eisert,2026-09-17
"Bird, Jake",656234,2026,172,113,0.276,0.234,0.042,0.454,0.41,0.044,0.351,0.318,0.0329999999999999,5.35,4.27,1.083,Jake Bird,2026-09-17
"Jansen, Kenley",445276,2026,171,99,0.166,0.199,-0.033,0.324,0.367,-0.0429999999999999,0.272,0.3,-0.0279999999999999,3.43,3.77,-0.341,Kenley Jansen,2026-09-17
"Rucker, Michael",621074,2026,170,110,0.248,0.245,0.003,0.399,0.387,0.012,0.319,0.312,0.007,6.18,4.1,2.078,Michael Rucker,2026-09-17
"Yates, Kirby",489446,2026,169,101,0.214,0.21,0.004,0.331,0.321,0.01,0.291,0.287,0.004,3.4,3.43,-0.027,Kirby Yates,2026-09-17
"Minter, A.J.",621345,2026,169,122,0.233,0.236,-0.0029999999999999,0.415,0.405,0.0099999999999999,0.297,0.293,0.004,2.61,3.58,-0.967,A.J. Minter,2026-09-17
"Hill, Jaden",677955,2026,168,104,0.25,0.23,0.0199999999999999,0.393,0.348,0.045,0.336,0.313,0.023,5.8,4.13,1.674,Jaden Hill,2026-09-17
"Milner, Hoby",571948,2026,165,131,0.264,0.295,-0.0309999999999999,0.426,0.459,-0.033,0.323,0.353,-0.0299999999999999,3.92,5.41,-1.487,Hoby Milner,2026-09-17
"Strider, Spencer",675911,2026,165,98,0.232,0.188,0.044,0.5,0.359,0.141,0.355,0.29,0.065,5.31,3.5,1.808,Spencer Strider,2026-09-17
"Whisenhunt, Carson",687931,2026,164,116,0.293,0.272,0.0209999999999999,0.464,0.467,-0.003,0.372,0.368,0.004,6.49,5.96,0.53,Carson Whisenhunt,2026-09-17
"Zuber, Tyler",676604,2026,164,110,0.275,0.231,0.044,0.503,0.374,0.129,0.357,0.294,0.063,5.02,3.61,1.408,Tyler Zuber,2026-09-17
"Pagán, Emilio",641941,2026,163,107,0.212,0.202,0.0099999999999999,0.404,0.395,0.009,0.293,0.287,0.006,3.63,3.43,0.2,Emilio Pagán,2026-09-17
"Smith, Dylan",681916,2026,162,98,0.246,0.224,0.0219999999999999,0.351,0.368,-0.017,0.306,0.308,-0.002,3.5,3.98,-0.48,Dylan Smith,2026-09-17
"Mathews, Quinn",687273,2026,162,109,0.254,0.237,0.017,0.359,0.321,0.0379999999999999,0.308,0.288,0.02,3.62,3.45,0.166,Quinn Mathews,2026-09-17
"Strahm, Matt",621381,2026,161,115,0.269,0.225,0.044,0.572,0.428,0.1439999999999999,0.388,0.316,0.072,7.32,4.21,3.108,Matt Strahm,2026-09-17
"Gibson, Trey",694346,2026,161,105,0.284,0.29,-0.006,0.478,0.487,-0.009,0.385,0.391,-0.006,7.36,6.9,0.464,Trey Gibson,2026-09-17
"Roycroft, Chris",688297,2026,160,121,0.326,0.3,0.026,0.525,0.488,0.037,0.398,0.372,0.026,6.54,6.12,0.425,Chris Roycroft,2026-09-17
"Ahlstrom, Robby",695239,2026,160,109,0.268,0.251,0.017,0.472,0.39,0.0819999999999999,0.348,0.311,0.0369999999999999,5.95,4.07,1.875,Robby Ahlstrom,2026-09-17
"Madden, Ty",680744,2026,160,105,0.2,0.21,-0.0099999999999999,0.324,0.314,0.01,0.27,0.27,0.0,3.46,3.02,0.442,Ty Madden,2026-09-17
"Guerrero, Tyron",594027,2026,159,114,0.248,0.227,0.0209999999999999,0.315,0.319,-0.004,0.27,0.26,0.01,3.26,2.79,0.469,Tyron Guerrero,2026-09-17
"Waguespack, Jacob",621097,2026,159,116,0.152,0.209,-0.0569999999999999,0.283,0.316,-0.033,0.241,0.276,-0.035,2.66,3.16,-0.504,Jacob Waguespack,2026-09-17
"Yoho, Craig",684974,2026,158,98,0.191,0.218,-0.0269999999999999,0.375,0.378,-0.003,0.3,0.311,-0.011,4.54,4.07,0.47,Craig Yoho,2026-09-17
"Englert, Mason",669438,2026,157,116,0.297,0.28,0.0169999999999999,0.552,0.542,0.01,0.37,0.363,0.007,4.54,5.77,-1.228,Mason Englert,2026-09-17
"Snell, Blake",605483,2026,157,88,0.188,0.176,0.012,0.225,0.217,0.008,0.237,0.228,0.0089999999999999,1.86,2.15,-0.288,Blake Snell,2026-09-17
"Banda, Anthony",607455,2026,156,100,0.235,0.234,0.0009999999999999,0.402,0.375,0.027,0.334,0.325,0.009,4.46,4.48,-0.024,Anthony Banda,2026-09-17
"Banks, Tanner",621383,2026,155,107,0.343,0.254,0.089,0.6,0.413,0.187,0.423,0.316,0.1069999999999999,7.26,4.21,3.048,Tanner Banks,2026-09-17
"Hader, Josh",623352,2026,155,89,0.118,0.143,-0.0249999999999999,0.167,0.239,-0.0719999999999999,0.164,0.2,-0.036,0.85,1.68,-0.83,Josh Hader,2026-09-17
"Sommers, Drew",805427,2026,155,86,0.241,0.182,0.059,0.321,0.249,0.072,0.288,0.235,0.0529999999999999,3.5,2.28,1.22,Drew Sommers,2026-09-17
"Walker, Ryan",676254,2026,155,112,0.31,0.254,0.0559999999999999,0.473,0.393,0.0799999999999999,0.375,0.323,0.0519999999999999,7.16,4.42,2.743,Ryan Walker,2026-09-17
"Paredes, Mike",702474,2026,154,118,0.269,0.279,-0.01,0.47,0.446,0.0239999999999999,0.352,0.349,0.003,4.72,5.27,-0.552,Mike Paredes,2026-09-17
"Schweitzer, Tyler",805326,2026,154,124,0.262,0.29,-0.0279999999999999,0.404,0.484,-0.0799999999999999,0.319,0.359,-0.0399999999999999,3.13,5.62,-2.486,Tyler Schweitzer,2026-09-17
"Lovelady, Richard",663992,2026,154,101,0.291,0.282,0.009,0.457,0.418,0.039,0.374,0.356,0.018,3.94,5.52,-1.582,Richard Lovelady,2026-09-17
"Hentges, Sam",656529,2026,154,92,0.24,0.215,0.0249999999999999,0.28,0.301,-0.0209999999999999,0.304,0.3,0.004,3.27,3.77,-0.497,Sam Hentges,2026-09-17
"Barlow, Scott",605130,2026,153,97,0.21,0.236,-0.0259999999999999,0.435,0.448,-0.013,0.341,0.359,-0.0179999999999999,6.48,5.62,0.86,Scott Barlow,2026-09-17
"Schultz, Paxton",687606,2026,153,107,0.314,0.275,0.0389999999999999,0.489,0.453,0.0359999999999999,0.372,0.342,0.0299999999999999,6.4,5.03,1.372,Paxton Schultz,2026-09-17
"Criswell, Cooper",681867,2026,153,111,0.27,0.251,0.019,0.372,0.358,0.014,0.301,0.289,0.012,3.38,3.48,-0.105,Cooper Criswell,2026-09-17
"Poulin, PJ",676571,2026,153,106,0.206,0.256,-0.05,0.351,0.441,-0.09,0.302,0.353,-0.0509999999999999,2.7,5.41,-2.71,PJ Poulin,2026-09-17
"Bradford, Cody",674003,2026,152,125,0.321,0.286,0.035,0.493,0.496,-0.003,0.372,0.356,0.016,4.72,5.52,-0.802,Cody Bradford,2026-09-17
"Kent, Jackson",800600,2026,151,101,0.266,0.263,0.003,0.391,0.409,-0.0179999999999999,0.346,0.351,-0.005,6.4,5.34,1.062,Jackson Kent,2026-09-17
"Aldegheri, Sam",691951,2026,151,111,0.238,0.271,-0.033,0.4,0.45,-0.0499999999999999,0.319,0.355,-0.0359999999999999,5.08,5.48,-0.401,Sam Aldegheri,2026-09-17
"Ragans, Cole",666142,2026,151,83,0.213,0.218,-0.005,0.488,0.452,0.0359999999999999,0.354,0.344,0.01,4.84,5.1,-0.26,Cole Ragans,2026-09-17
"Varland, Gus",681402,2026,151,106,0.326,0.303,0.023,0.591,0.579,0.012,0.411,0.4,0.0109999999999999,6.82,7.3,-0.479,Gus Varland,2026-09-17
"Ferguson, Caleb",657571,2026,150,99,0.287,0.253,0.0339999999999999,0.473,0.421,0.0519999999999999,0.367,0.334,0.0329999999999999,5.18,4.77,0.412,Caleb Ferguson,2026-09-17
"Dotel, Wilber",696062,2026,150,100,0.256,0.249,0.007,0.346,0.355,-0.009,0.297,0.299,-0.002,4.84,3.74,1.1,Wilber Dotel,2026-09-17
"Jobe, Jackson",695549,2026,148,97,0.238,0.241,-0.003,0.446,0.401,0.0449999999999999,0.337,0.324,0.013,3.89,4.45,-0.556,Jackson Jobe,2026-09-17
"Stock, Robert",476594,2026,147,99,0.297,0.266,0.0309999999999999,0.398,0.409,-0.0109999999999999,0.355,0.343,0.0119999999999999,5.93,5.06,0.874,Robert Stock,2026-09-17
"Armstrong, Shawn",542888,2026,146,92,0.236,0.209,0.0269999999999999,0.382,0.362,0.02,0.324,0.309,0.015,4.91,4.01,0.899,Shawn Armstrong,2026-09-17
"Wilson, Bryse",669060,2026,145,110,0.293,0.277,0.0159999999999999,0.4,0.393,0.007,0.315,0.303,0.012,3.67,3.85,-0.18,Bryse Wilson,2026-09-17
"Murphy, Chris",669684,2026,145,91,0.244,0.209,0.035,0.423,0.337,0.0859999999999999,0.339,0.295,0.044,4.68,3.63,1.054,Chris Murphy,2026-09-17
"Leiter Jr., Mark",643410,2026,144,91,0.258,0.269,-0.011,0.344,0.365,-0.021,0.304,0.316,-0.012,4.28,4.21,0.067,Mark Leiter Jr.,2026-09-17
"Sears, JP",676664,2026,143,104,0.258,0.263,-0.005,0.422,0.441,-0.019,0.328,0.345,-0.0169999999999999,4.68,5.13,-0.446,JP Sears,2026-09-17
"Black, Mason",696131,2026,142,101,0.252,0.284,-0.0319999999999999,0.429,0.482,-0.0529999999999999,0.353,0.387,-0.034,4.31,6.73,-2.421,Mason Black,2026-09-17
"Booser, Cam",592155,2026,142,94,0.179,0.203,-0.024,0.321,0.355,-0.0339999999999999,0.231,0.256,-0.0249999999999999,2.13,2.71,-0.578,Cam Booser,2026-09-17
"Povich, Cade",700249,2026,142,103,0.273,0.257,0.016,0.438,0.423,0.015,0.345,0.331,0.0139999999999999,4.05,4.67,-0.62,Cade Povich,2026-09-17
"Mey, Luis",682825,2026,141,74,0.267,0.234,0.033,0.397,0.412,-0.0149999999999999,0.348,0.341,0.0069999999999999,6.37,5.0,1.371,Luis Mey,2026-09-17
"Bender, Anthony",669622,2026,140,84,0.169,0.194,-0.0249999999999999,0.226,0.283,-0.0569999999999999,0.225,0.254,-0.0289999999999999,2.62,2.67,-0.049,Anthony Bender,2026-09-17
"Morgan, David",688158,2026,139,83,0.292,0.231,0.0609999999999999,0.398,0.291,0.107,0.358,0.294,0.064,4.13,3.61,0.519,David Morgan,2026-09-17
"Petty, Chase",695534,2026,139,112,0.248,0.278,-0.03,0.448,0.47,-0.0219999999999999,0.328,0.361,-0.0329999999999999,4.83,5.7,-0.868,Chase Petty,2026-09-17
"Giolito, Lucas",608337,2026,138,96,0.281,0.262,0.019,0.412,0.406,0.0059999999999999,0.37,0.358,0.012,5.16,5.59,-0.433,Lucas Giolito,2026-09-17
"Crochet, Garrett",676979,2026,138,86,0.27,0.262,0.008,0.467,0.442,0.025,0.358,0.344,0.014,6.3,5.1,1.2,Garrett Crochet,2026-09-17
"Gastelum, Luis",703725,2026,137,84,0.252,0.253,-0.001,0.472,0.471,0.001,0.343,0.343,0.0,4.64,5.06,-0.424,Luis Gastelum,2026-09-17
"Slaten, Justin",686580,2026,137,90,0.276,0.223,0.053,0.417,0.331,0.0859999999999999,0.323,0.266,0.0569999999999999,4.6,2.93,1.666,Justin Slaten,2026-09-17
"Maton, Phil",664208,2026,136,84,0.306,0.293,0.013,0.514,0.487,0.027,0.398,0.389,0.009,6.18,6.82,-0.639,Phil Maton,2026-09-17
"Blanco, Ronel",669854,2026,136,94,0.252,0.25,0.002,0.521,0.449,0.072,0.371,0.345,0.026,7.11,5.13,1.975,Ronel Blanco,2026-09-17
"Keller, Brad",641745,2026,135,88,0.246,0.226,0.0199999999999999,0.364,0.313,0.0509999999999999,0.309,0.284,0.025,4.02,3.35,0.671,Brad Keller,2026-09-17
"Pomeranz, Drew",519141,2026,135,100,0.278,0.267,0.011,0.496,0.463,0.0329999999999999,0.369,0.351,0.018,5.59,5.34,0.246,Drew Pomeranz,2026-09-17
"Ashcraft, Graham",668933,2026,135,76,0.221,0.207,0.014,0.336,0.304,0.032,0.309,0.295,0.014,4.6,3.63,0.966,Graham Ashcraft,2026-09-17
"Macko, Adam",671936,2026,135,88,0.31,0.264,0.0459999999999999,0.466,0.437,0.029,0.37,0.341,0.0289999999999999,5.65,5.0,0.651,Adam Macko,2026-09-17
"Adam, Jason",592094,2026,134,102,0.242,0.224,0.0179999999999999,0.403,0.371,0.032,0.309,0.288,0.021,2.5,3.45,-0.945,Jason Adam,2026-09-17
"Romano, Jordan",605447,2026,134,83,0.219,0.225,-0.006,0.325,0.319,0.006,0.291,0.295,-0.004,5.16,3.63,1.527,Jordan Romano,2026-09-17
"Blewett, Scott",656240,2026,134,96,0.261,0.252,0.009,0.336,0.342,-0.006,0.288,0.299,-0.011,2.56,3.74,-1.182,Scott Blewett,2026-09-17
"Cornelio, Riley",683000,2026,134,78,0.2,0.185,0.015,0.305,0.281,0.0239999999999999,0.295,0.293,0.002,4.45,3.58,0.871,Riley Cornelio,2026-09-17
"Mederos, Victor",682989,2026,133,89,0.233,0.245,-0.0119999999999999,0.336,0.34,-0.004,0.296,0.303,-0.007,3.86,3.85,0.007,Victor Mederos,2026-09-17
"Phillips, Connor",683175,2026,133,74,0.208,0.24,-0.032,0.356,0.407,-0.0509999999999999,0.347,0.377,-0.03,5.53,6.32,-0.79,Connor Phillips,2026-09-17
"Halvorsen, Seth",678020,2026,132,94,0.272,0.3,-0.0279999999999999,0.491,0.488,0.003,0.372,0.381,-0.009,6.0,6.48,-0.48,Seth Halvorsen,2026-09-17
"Weiss, Ryan",680802,2026,131,81,0.315,0.269,0.0459999999999999,0.568,0.488,0.0799999999999999,0.426,0.379,0.0469999999999999,7.62,6.4,1.215,Ryan Weiss,2026-09-17
"Natera Jr., Samy",696519,2026,131,68,0.193,0.178,0.015,0.272,0.261,0.011,0.256,0.246,0.01,3.13,2.5,0.626,Samy Natera Jr.,2026-09-17
"Urquidy, José",664353,2026,131,101,0.306,0.236,0.07,0.479,0.347,0.132,0.361,0.286,0.075,5.28,3.4,1.876,José Urquidy,2026-09-17
"Rojas, Kendry",696070,2026,130,73,0.221,0.179,0.042,0.327,0.282,0.045,0.321,0.288,0.033,3.34,3.45,-0.113,Kendry Rojas,2026-09-17
"Johnson, Seth",686751,2026,129,76,0.261,0.232,0.0289999999999999,0.432,0.375,0.0569999999999999,0.353,0.321,0.0319999999999999,6.26,4.36,1.896,Seth Johnson,2026-09-17
"Gage, Matt",657424,2026,126,86,0.267,0.257,0.01,0.505,0.43,0.075,0.376,0.352,0.024,5.6,5.37,0.228,Matt Gage,2026-09-17
"Estrada, Jeremiah",669093,2026,126,72,0.183,0.21,-0.0269999999999999,0.266,0.315,-0.0489999999999999,0.259,0.286,-0.0269999999999999,3.48,3.4,0.084,Jeremiah Estrada,2026-09-17
"Sandlin, David",689818,2026,126,84,0.212,0.223,-0.011,0.398,0.369,0.029,0.306,0.299,0.007,5.64,3.74,1.897,David Sandlin,2026-09-17
"Woodford, Jake",663765,2026,126,96,0.348,0.333,0.0149999999999999,0.522,0.484,0.038,0.384,0.369,0.015,7.18,6.0,1.177,Jake Woodford,2026-09-17
"Seymour, Carson",693313,2026,125,89,0.274,0.306,-0.0319999999999999,0.472,0.503,-0.031,0.366,0.389,-0.023,5.06,6.82,-1.757,Carson Seymour,2026-09-17
"Rodríguez, Elmer",695684,2026,125,82,0.255,0.257,-0.002,0.353,0.387,-0.034,0.337,0.357,-0.0199999999999999,5.4,5.55,-0.15,Elmer Rodríguez,2026-09-17
"Pintaro, Jonathan",702752,2026,125,78,0.226,0.22,0.006,0.396,0.373,0.023,0.327,0.316,0.011,4.5,4.21,0.29,Jonathan Pintaro,2026-09-17
"Klassen, George",691946,2026,125,79,0.225,0.26,-0.035,0.324,0.388,-0.064,0.317,0.358,-0.0409999999999999,3.67,5.59,-1.923,George Klassen,2026-09-17
"Smith-Shawver, AJ",700363,2026,124,87,0.274,0.242,0.032,0.472,0.397,0.0749999999999999,0.369,0.332,0.0369999999999999,6.92,4.7,2.223,AJ Smith-Shawver,2026-09-17
"Sanders, Cam",676742,2026,124,66,0.22,0.213,0.007,0.29,0.306,-0.016,0.309,0.311,-0.002,4.94,4.07,0.869,Cam Sanders,2026-09-17
"Wilcox, Cole",677961,2026,123,76,0.262,0.284,-0.0219999999999999,0.34,0.404,-0.064,0.326,0.355,-0.0289999999999999,4.0,5.48,-1.48,Cole Wilcox,2026-09-17
"Rangel, Alan",660604,2026,123,79,0.29,0.249,0.0409999999999999,0.495,0.37,0.125,0.378,0.318,0.06,5.88,4.27,1.615,Alan Rangel,2026-09-17
"Davis, Tyler",699823,2026,123,81,0.19,0.22,-0.03,0.276,0.332,-0.0559999999999999,0.256,0.287,-0.0309999999999999,3.52,3.43,0.092,Tyler Davis,2026-09-17
"Greene, Hunter",668881,2026,121,79,0.261,0.268,-0.007,0.423,0.429,-0.006,0.322,0.325,-0.003,6.83,4.48,2.351,Hunter Greene,2026-09-17
"Suarez, Robert",663158,2026,121,88,0.184,0.252,-0.068,0.219,0.351,-0.1319999999999999,0.203,0.282,-0.0789999999999999,0.56,3.3,-2.737,Robert Suarez,2026-09-17
"Hurter, Brant",676428,2026,119,85,0.183,0.231,-0.048,0.26,0.315,-0.0549999999999999,0.242,0.287,-0.0449999999999999,2.7,3.43,-0.73,Brant Hurter,2026-09-17
"Sousa, Bennett",656986,2026,119,76,0.277,0.222,0.055,0.436,0.372,0.064,0.358,0.315,0.0429999999999999,5.54,4.18,1.358,Bennett Sousa,2026-09-17
"Cabrera, Jose",703615,2026,119,88,0.257,0.251,0.006,0.41,0.437,-0.027,0.333,0.339,-0.006,4.33,4.93,-0.597,Jose Cabrera,2026-09-17
"Davila, Nick",689546,2026,119,89,0.24,0.274,-0.034,0.35,0.386,-0.036,0.315,0.341,-0.026,4.94,5.0,-0.061,Nick Davila,2026-09-17
"Little, Brendon",663893,2026,118,56,0.284,0.197,0.0869999999999999,0.505,0.327,0.178,0.392,0.295,0.097,7.01,3.63,3.383,Brendon Little,2026-09-17
"Treinen, Blake",595014,2026,117,76,0.252,0.262,-0.01,0.408,0.458,-0.05,0.317,0.338,-0.021,3.33,4.9,-1.567,Blake Treinen,2026-09-17
"Vest, Will",676684,2026,116,77,0.275,0.244,0.031,0.382,0.365,0.017,0.326,0.307,0.019,6.08,3.96,2.115,Will Vest,2026-09-17
"Ekness, Josh",694795,2026,116,78,0.237,0.238,-0.001,0.333,0.383,-0.0499999999999999,0.322,0.335,-0.013,3.86,4.8,-0.943,Josh Ekness,2026-09-17
"Walker, Taijuan",592836,2026,115,86,0.353,0.312,0.0409999999999999,0.657,0.582,0.075,0.455,0.411,0.044,9.13,7.82,1.312,Taijuan Walker,2026-09-17
"Molina, Anthony",683627,2026,114,83,0.231,0.243,-0.0119999999999999,0.389,0.416,-0.0269999999999999,0.288,0.303,-0.015,4.18,3.85,0.329,Anthony Molina,2026-09-17
"Akin, Keegan",669211,2026,114,88,0.284,0.246,0.0379999999999999,0.441,0.371,0.07,0.337,0.298,0.039,5.68,3.71,1.974,Keegan Akin,2026-09-17
"Sullivan, Sean",807743,2026,114,84,0.343,0.241,0.102,0.677,0.431,0.246,0.461,0.335,0.126,8.87,4.8,4.066,Sean Sullivan,2026-09-17
"Seabold, Connor",657756,2026,113,81,0.306,0.253,0.0529999999999999,0.429,0.364,0.065,0.352,0.308,0.0439999999999999,5.25,3.98,1.27,Connor Seabold,2026-09-17
"Beeks, Jalen",656222,2026,113,84,0.272,0.282,-0.0099999999999999,0.495,0.522,-0.027,0.351,0.363,-0.012,3.81,5.77,-1.962,Jalen Beeks,2026-09-17
"Gamboa, Alec",687941,2026,113,82,0.21,0.186,0.0239999999999999,0.32,0.271,0.0489999999999999,0.266,0.251,0.015,1.24,2.6,-1.359,Alec Gamboa,2026-09-17
"Walker, Josh",677020,2026,113,78,0.214,0.206,0.008,0.311,0.296,0.015,0.255,0.245,0.01,1.61,2.48,-0.873,Josh Walker,2026-09-17
"Duarte, Daniel",650960,2026,112,74,0.163,0.206,-0.0429999999999999,0.269,0.332,-0.063,0.223,0.263,-0.04,2.12,2.86,-0.736,Daniel Duarte,2026-09-17
"Castaño, Blas",680604,2026,111,79,0.273,0.288,-0.0149999999999999,0.465,0.493,-0.0279999999999999,0.351,0.367,-0.016,3.62,5.92,-2.298,Blas Castaño,2026-09-17
"Roberts, Ethan",681799,2026,110,76,0.237,0.255,-0.018,0.376,0.391,-0.015,0.332,0.342,-0.01,4.21,5.03,-0.822,Ethan Roberts,2026-09-17
"Hernández, Jonathan",642546,2026,109,74,0.219,0.255,-0.036,0.385,0.389,-0.004,0.304,0.321,-0.017,5.68,4.36,1.324,Jonathan Hernández,2026-09-17
"Palencia, Daniel",694037,2026,109,72,0.258,0.245,0.013,0.433,0.402,0.0309999999999999,0.331,0.316,0.015,4.26,4.21,0.053,Daniel Palencia,2026-09-17
"Topa, Justin",623437,2026,108,79,0.337,0.288,0.049,0.511,0.464,0.0469999999999999,0.403,0.367,0.036,6.96,5.92,1.035,Justin Topa,2026-09-17
"Anderson, Kade",807739,2026,107,78,0.289,0.265,0.0239999999999999,0.464,0.404,0.06,0.345,0.317,0.0279999999999999,5.33,4.24,1.089,Kade Anderson,2026-09-17
"Gil, Luis",661563,2026,106,75,0.225,0.256,-0.031,0.461,0.455,0.006,0.357,0.366,-0.009,5.4,5.89,-0.49,Luis Gil,2026-09-17
"Mantiply, Joe",573009,2026,106,79,0.268,0.286,-0.0179999999999999,0.402,0.477,-0.0749999999999999,0.311,0.346,-0.0349999999999999,3.12,5.16,-2.045,Joe Mantiply,2026-09-17
"Collyer, Gavin",686560,2026,105,58,0.188,0.192,-0.004,0.275,0.278,-0.003,0.317,0.318,-0.001,5.09,4.27,0.817,Gavin Collyer,2026-09-17
"Way, Beck",694360,2026,105,73,0.293,0.257,0.0359999999999999,0.435,0.395,0.0399999999999999,0.35,0.341,0.0089999999999999,3.86,5.0,-1.143,Beck Way,2026-09-17
"Borucki, Ryan",621366,2026,104,78,0.293,0.252,0.0409999999999999,0.478,0.372,0.1059999999999999,0.364,0.31,0.0539999999999999,4.94,4.04,0.904,Ryan Borucki,2026-09-17
"Aleman, Franco",680916,2026,103,61,0.281,0.233,0.048,0.438,0.384,0.0539999999999999,0.364,0.324,0.0399999999999999,4.43,4.45,-0.017,Franco Aleman,2026-09-17
"Fulton, Dax",690978,2026,102,63,0.174,0.197,-0.023,0.244,0.263,-0.019,0.255,0.276,-0.021,2.88,3.16,-0.28,Dax Fulton,2026-09-17
"Adams, Mason",690279,2026,101,65,0.299,0.262,0.0369999999999999,0.563,0.49,0.0729999999999999,0.406,0.364,0.042,5.09,5.81,-0.723,Mason Adams,2026-09-17
"Pivetta, Nick",601713,2026,100,63,0.202,0.204,-0.0019999999999999,0.287,0.349,-0.062,0.241,0.263,-0.022,3.6,2.86,0.74,Nick Pivetta,2026-09-17
"Fernandez, Ryan",681676,2026,100,61,0.216,0.218,-0.002,0.364,0.347,0.017,0.295,0.291,0.004,3.52,3.53,-0.008,Ryan Fernandez,2026-09-17
"Foley, Jason",671345,2026,99,77,0.281,0.256,0.025,0.393,0.358,0.035,0.318,0.294,0.024,4.15,3.61,0.544,Jason Foley,2026-09-17
"Nardi, Andrew",677053,2026,99,60,0.244,0.241,0.003,0.442,0.465,-0.023,0.343,0.348,-0.0049999999999999,5.16,5.23,-0.068,Andrew Nardi,2026-09-17
"Pallette, Peyton",688883,2026,97,56,0.218,0.25,-0.032,0.346,0.384,-0.038,0.333,0.356,-0.0229999999999999,5.23,5.52,-0.294,Peyton Pallette,2026-09-17
"Pecko, Ethan",814490,2026,96,67,0.207,0.248,-0.041,0.427,0.473,-0.0459999999999999,0.332,0.364,-0.0319999999999999,4.3,5.81,-1.506,Ethan Pecko,2026-09-17
"Williams, Trevor",592866,2026,96,59,0.244,0.237,0.007,0.402,0.341,0.061,0.318,0.308,0.01,3.22,3.98,-0.756,Trevor Williams,2026-09-17
"Coulombe, Danny",543056,2026,96,70,0.225,0.251,-0.0259999999999999,0.275,0.311,-0.0359999999999999,0.3,0.321,-0.021,4.5,4.36,0.14,Danny Coulombe,2026-09-17
"Bolton, Cody",675989,2026,95,58,0.269,0.276,-0.007,0.462,0.472,-0.0099999999999999,0.371,0.38,-0.009,5.4,6.44,-1.04,Cody Bolton,2026-09-17
"Drake, Kohl",684442,2026,95,67,0.293,0.298,-0.005,0.585,0.597,-0.012,0.403,0.412,-0.0089999999999999,6.53,7.87,-1.338,Kohl Drake,2026-09-17
"Hartlieb, Geoff",664129,2026,95,70,0.284,0.239,0.0449999999999999,0.42,0.344,0.076,0.339,0.298,0.041,4.15,3.71,0.444,Geoff Hartlieb,2026-09-17
"Backhus, Kyle",679775,2026,94,66,0.294,0.247,0.0469999999999999,0.447,0.385,0.062,0.349,0.308,0.0409999999999999,4.95,3.98,0.97,Kyle Backhus,2026-09-17
"Kranick, Max",668820,2026,94,69,0.342,0.28,0.062,0.608,0.446,0.1619999999999999,0.449,0.369,0.08,9.33,6.0,3.327,Max Kranick,2026-09-17
"Curry, Xzavion",675540,2026,94,69,0.262,0.226,0.036,0.56,0.482,0.078,0.385,0.341,0.0439999999999999,5.48,5.0,0.484,Xzavion Curry,2026-09-17
"Hanifee, Brenan",669724,2026,93,75,0.286,0.301,-0.015,0.512,0.5,0.012,0.369,0.37,-0.001,5.06,6.04,-0.977,Brenan Hanifee,2026-09-17
"Sanmartin, Reiver",665665,2026,93,70,0.259,0.261,-0.002,0.435,0.396,0.0389999999999999,0.323,0.309,0.014,4.22,4.01,0.209,Reiver Sanmartin,2026-09-17
"Anderson, Shaun",641312,2026,93,65,0.309,0.303,0.006,0.469,0.515,-0.046,0.38,0.391,-0.011,7.65,6.9,0.75,Shaun Anderson,2026-09-17
"Abel, Mick",690953,2026,93,57,0.275,0.273,0.002,0.35,0.413,-0.063,0.329,0.349,-0.0199999999999999,3.98,5.27,-1.286,Mick Abel,2026-09-17
"Phillips, Evan",623465,2026,93,60,0.247,0.252,-0.005,0.471,0.528,-0.057,0.32,0.345,-0.0249999999999999,3.68,5.13,-1.448,Evan Phillips,2026-09-17
"Franco, Jose",683742,2026,92,62,0.25,0.236,0.014,0.461,0.392,0.069,0.363,0.347,0.016,4.43,5.2,-0.774,Jose Franco,2026-09-17
"Stewart, Brock",592779,2026,91,61,0.195,0.185,0.01,0.341,0.305,0.036,0.266,0.249,0.017,2.66,2.56,0.102,Brock Stewart,2026-09-17
"Morgan, Eli",669212,2026,91,64,0.3,0.324,-0.024,0.525,0.512,0.013,0.396,0.399,-0.003,5.12,7.26,-2.139,Eli Morgan,2026-09-17
"Tong, Jonah",804636,2026,91,61,0.203,0.196,0.007,0.316,0.325,-0.009,0.274,0.274,0.0,3.43,3.11,0.319,Jonah Tong,2026-09-17
"Smith, Hagen",696146,2026,91,45,0.114,0.173,-0.0589999999999999,0.177,0.241,-0.064,0.201,0.248,-0.0469999999999999,1.14,2.54,-1.399,Hagen Smith,2026-09-17
"Morales, Luis",806960,2026,90,62,0.365,0.303,0.062,0.73,0.522,0.2079999999999999,0.499,0.407,0.092,13.5,7.63,5.87,Luis Morales,2026-09-17
"Samaniego, Tyler",701719,2026,90,63,0.286,0.271,0.0149999999999999,0.351,0.403,-0.052,0.324,0.335,-0.011,2.66,4.8,-2.144,Tyler Samaniego,2026-09-17
"Morris, Kade",695034,2026,89,69,0.39,0.288,0.102,0.649,0.417,0.232,0.465,0.359,0.106,10.9,5.62,5.284,Kade Morris,2026-09-17
"Cuas, Jose",621016,2026,89,56,0.303,0.299,0.004,0.368,0.386,-0.018,0.341,0.349,-0.0079999999999999,2.37,5.27,-2.902,Jose Cuas,2026-09-17
"Bummer, Aaron",607481,2026,88,63,0.324,0.271,0.0529999999999999,0.676,0.521,0.155,0.457,0.382,0.075,10.26,6.52,3.74,Aaron Bummer,2026-09-17
"Barco, Hunter",682995,2026,87,58,0.296,0.28,0.0159999999999999,0.535,0.466,0.069,0.411,0.381,0.0299999999999999,7.64,6.48,1.162,Hunter Barco,2026-09-17
"Jameson, Drey",686753,2026,86,62,0.257,0.275,-0.018,0.378,0.397,-0.019,0.325,0.342,-0.017,5.12,5.03,0.091,Drey Jameson,2026-09-17
"Crow, Coleman",689441,2026,85,68,0.276,0.269,0.007,0.474,0.448,0.0259999999999999,0.34,0.34,0.0,5.3,4.96,0.344,Coleman Crow,2026-09-17
"Bigge, Hunter",685801,2026,85,57,0.2,0.23,-0.03,0.329,0.34,-0.011,0.297,0.311,-0.014,6.98,4.07,2.913,Hunter Bigge,2026-09-17
"Thomas, Connor",671162,2026,85,63,0.342,0.279,0.063,0.534,0.456,0.078,0.4,0.352,0.048,9.35,5.37,3.976,Connor Thomas,2026-09-17
"Alexander, Jason",669920,2026,84,61,0.28,0.257,0.023,0.56,0.415,0.145,0.391,0.332,0.059,9.33,4.7,4.627,Jason Alexander,2026-09-17
"De los Santos, Yerry",660787,2026,84,61,0.216,0.255,-0.039,0.311,0.375,-0.064,0.269,0.308,-0.0389999999999999,1.35,3.98,-2.63,Yerry De los Santos,2026-09-17
"Mears, Nick",683232,2026,83,57,0.257,0.298,-0.0409999999999999,0.443,0.506,-0.063,0.344,0.382,-0.038,5.12,6.52,-1.399,Nick Mears,2026-09-17
"Frasso, Nick",693308,2026,82,55,0.319,0.255,0.064,0.528,0.427,0.101,0.393,0.337,0.0559999999999999,7.56,4.86,2.7,Nick Frasso,2026-09-17
"Carrillo, Gerardo",672629,2026,81,42,0.222,0.184,0.038,0.302,0.277,0.0249999999999999,0.323,0.299,0.024,4.15,3.74,0.414,Gerardo Carrillo,2026-09-17
"Allen, Logan",671106,2026,81,57,0.319,0.242,0.077,0.5,0.4,0.0999999999999999,0.384,0.315,0.069,5.94,4.18,1.76,Logan Allen,2026-09-17
"Wilkinson, Matt",683363,2026,81,65,0.234,0.257,-0.0229999999999999,0.442,0.444,-0.002,0.307,0.318,-0.011,4.58,4.27,0.306,Matt Wilkinson,2026-09-17
"Boyle, Joe",671212,2026,81,51,0.186,0.234,-0.048,0.314,0.361,-0.0469999999999999,0.262,0.307,-0.0449999999999999,5.21,3.96,1.251,Joe Boyle,2026-09-17
"Bido, Osvaldo",674370,2026,81,56,0.224,0.273,-0.049,0.403,0.449,-0.0459999999999999,0.344,0.377,-0.033,6.27,6.32,-0.052,Osvaldo Bido,2026-09-17
"Juenger, Hayden",696522,2026,81,65,0.358,0.313,0.0449999999999999,0.478,0.473,0.005,0.388,0.371,0.017,9.0,6.08,2.92,Hayden Juenger,2026-09-17
"Bidois, Brandan",684049,2026,80,47,0.297,0.253,0.0439999999999999,0.547,0.469,0.078,0.407,0.363,0.0439999999999999,6.32,5.77,0.549,Brandan Bidois,2026-09-17
"Murray, Jayden",681151,2026,79,56,0.362,0.272,0.0899999999999999,0.594,0.494,0.0999999999999999,0.438,0.363,0.075,9.37,5.77,3.597,Jayden Murray,2026-09-17
"Díaz, Edwin",621242,2026,79,47,0.385,0.303,0.082,0.631,0.456,0.175,0.468,0.378,0.09,11.85,6.36,5.494,Edwin Díaz,2026-09-17
"Ferguson, Tyler",621053,2026,78,50,0.211,0.223,-0.012,0.507,0.456,0.0509999999999999,0.338,0.324,0.014,5.3,4.45,0.854,Tyler Ferguson,2026-09-17
"Laweryson, Cody",689520,2026,78,50,0.227,0.245,-0.0179999999999999,0.409,0.389,0.0199999999999999,0.32,0.33,-0.01,4.86,4.64,0.22,Cody Laweryson,2026-09-17
"Leasure, Jordan",673929,2026,78,52,0.217,0.269,-0.052,0.507,0.624,-0.1169999999999999,0.337,0.406,-0.069,6.27,7.58,-1.312,Jordan Leasure,2026-09-17
"Palmquist, Carson",687223,2026,78,52,0.323,0.271,0.0519999999999999,0.431,0.374,0.0569999999999999,0.378,0.337,0.0409999999999999,7.71,4.86,2.854,Carson Palmquist,2026-09-17
"Harris, Trent",805345,2026,77,45,0.2,0.175,0.025,0.3,0.225,0.0749999999999999,0.259,0.22,0.039,2.33,2.01,0.318,Trent Harris,2026-09-17
"Kent, Zak",687849,2026,77,57,0.279,0.259,0.02,0.544,0.447,0.097,0.38,0.349,0.031,5.51,5.27,0.24,Zak Kent,2026-09-17
"Saucedo, Tayler",642048,2026,75,48,0.217,0.192,0.0249999999999999,0.29,0.312,-0.022,0.26,0.254,0.006,2.89,2.67,0.223,Tayler Saucedo,2026-09-17
"Peralta, Sammy",671111,2026,75,44,0.333,0.295,0.038,0.54,0.467,0.073,0.425,0.383,0.0419999999999999,7.04,6.56,0.483,Sammy Peralta,2026-09-17
"Abner, Philip",691769,2026,75,58,0.231,0.277,-0.046,0.369,0.48,-0.1109999999999999,0.308,0.366,-0.0579999999999999,5.09,5.89,-0.796,Philip Abner,2026-09-17
"Cosgrove, Tom",676680,2026,74,52,0.29,0.249,0.0409999999999999,0.565,0.41,0.1549999999999999,0.379,0.32,0.059,7.71,4.33,3.384,Tom Cosgrove,2026-09-17
"García, Luis",472610,2026,74,61,0.348,0.329,0.0189999999999999,0.545,0.522,0.023,0.415,0.397,0.0179999999999999,9.0,7.17,1.83,Luis García,2026-09-17
"Sears, Andrew",808825,2026,73,54,0.284,0.209,0.0749999999999999,0.493,0.338,0.1549999999999999,0.362,0.273,0.0889999999999999,5.4,3.09,2.31,Andrew Sears,2026-09-17
"Chivilli, Angel",683409,2026,73,49,0.215,0.22,-0.005,0.431,0.394,0.0369999999999999,0.321,0.309,0.012,3.78,4.01,-0.23,Angel Chivilli,2026-09-17
"Smith, Burch",572143,2026,73,46,0.277,0.217,0.06,0.462,0.347,0.115,0.354,0.287,0.067,3.18,3.43,-0.254,Burch Smith,2026-09-17
"Carrasco, Carlos",471911,2026,73,61,0.318,0.371,-0.0529999999999999,0.485,0.586,-0.1009999999999999,0.373,0.432,-0.059,5.94,8.9,-2.96,Carlos Carrasco,2026-09-17
"Brieske, Beau",689225,2026,73,51,0.209,0.218,-0.009,0.388,0.373,0.015,0.292,0.29,0.002,4.91,3.5,1.409,Beau Brieske,2026-09-17
"Montgomery, Jordan",656756,2026,72,53,0.254,0.258,-0.004,0.433,0.412,0.021,0.323,0.316,0.007,5.29,4.21,1.084,Jordan Montgomery,2026-09-17
"Kelly, Zack",677161,2026,71,49,0.233,0.29,-0.0569999999999999,0.3,0.432,-0.132,0.28,0.368,-0.0879999999999999,3.31,5.96,-2.654,Zack Kelly,2026-09-17
"Henry, Cole",669371,2026,71,44,0.288,0.256,0.0319999999999999,0.542,0.478,0.064,0.409,0.374,0.0349999999999999,7.9,6.2,1.702,Cole Henry,2026-09-17
"Yan, Jefry",642376,2026,71,39,0.232,0.221,0.011,0.357,0.301,0.0559999999999999,0.324,0.305,0.019,4.6,3.9,0.696,Jefry Yan,2026-09-17
"Brogdon, Connor",641401,2026,70,51,0.238,0.256,-0.018,0.524,0.504,0.02,0.344,0.345,-0.001,5.06,5.13,-0.067,Connor Brogdon,2026-09-17
"Murphy, Luke",684665,2026,70,43,0.271,0.25,0.021,0.373,0.388,-0.015,0.346,0.341,0.0049999999999999,6.19,5.0,1.188,Luke Murphy,2026-09-17
"Enns, Dietrich",608650,2026,70,46,0.236,0.211,0.0249999999999999,0.327,0.335,-0.008,0.306,0.301,0.005,3.94,3.79,0.148,Dietrich Enns,2026-09-17
"Burgos, Raymond",670103,2026,69,56,0.254,0.245,0.009,0.433,0.434,-0.001,0.3,0.294,0.006,5.19,3.61,1.582,Raymond Burgos,2026-09-17
"Falter, Bailey",663559,2026,69,55,0.413,0.332,0.0809999999999999,0.667,0.502,0.165,0.485,0.387,0.0979999999999999,10.38,6.73,3.655,Bailey Falter,2026-09-17
"Peoples, Ben",687239,2026,68,49,0.241,0.221,0.0199999999999999,0.414,0.362,0.0519999999999999,0.333,0.305,0.028,2.75,3.9,-1.145,Ben Peoples,2026-09-17
"Helsley, Ryan",664854,2026,68,38,0.22,0.185,0.035,0.407,0.296,0.1109999999999999,0.319,0.265,0.0539999999999999,4.11,2.91,1.199,Ryan Helsley,2026-09-17
"Maxwell, Zach",687209,2026,67,45,0.321,0.274,0.0469999999999999,0.518,0.452,0.066,0.406,0.366,0.04,8.31,5.89,2.418,Zach Maxwell,2026-09-17
"Martin, Trevor",694680,2026,66,50,0.31,0.254,0.0559999999999999,0.569,0.478,0.0909999999999999,0.415,0.359,0.0559999999999999,4.39,5.62,-1.225,Trevor Martin,2026-09-17
"Martin, Chris",455119,2026,66,54,0.403,0.344,0.059,0.71,0.568,0.142,0.479,0.408,0.071,9.0,7.68,1.32,Chris Martin,2026-09-17
"Young, Danny",664849,2026,65,34,0.313,0.24,0.073,0.563,0.468,0.0949999999999999,0.449,0.391,0.0579999999999999,8.03,6.9,1.127,Danny Young,2026-09-17
"Beck, Tristan",663941,2026,64,52,0.304,0.249,0.0549999999999999,0.482,0.434,0.0479999999999999,0.367,0.33,0.0369999999999999,7.07,4.64,2.431,Tristan Beck,2026-09-17
"Brash, Matt",666374,2026,64,40,0.151,0.234,-0.083,0.189,0.347,-0.1579999999999999,0.218,0.316,-0.098,0.54,4.21,-3.67,Matt Brash,2026-09-17
"Lavender, Nate",681320,2026,64,38,0.183,0.189,-0.006,0.283,0.274,0.0089999999999999,0.231,0.23,0.001,1.59,2.19,-0.602,Nate Lavender,2026-09-17
"Barnes, Charlie",656212,2026,63,49,0.309,0.321,-0.012,0.527,0.531,-0.004,0.402,0.403,-0.001,6.92,7.44,-0.517,Charlie Barnes,2026-09-17
"Kelly, Antwone",699008,2026,63,48,0.286,0.282,0.004,0.536,0.39,0.146,0.376,0.331,0.0449999999999999,5.02,4.67,0.353,Antwone Kelly,2026-09-17
"Hollowell, Gavin",668970,2026,62,40,0.208,0.24,-0.032,0.377,0.447,-0.07,0.315,0.351,-0.0359999999999999,2.51,5.34,-2.828,Gavin Hollowell,2026-09-17
"Strzelecki, Peter",657265,2026,61,45,0.25,0.201,0.0489999999999999,0.385,0.319,0.066,0.326,0.294,0.032,5.79,3.61,2.176,Peter Strzelecki,2026-09-17
"Weiman, Blake",676620,2026,61,48,0.293,0.224,0.0689999999999999,0.448,0.36,0.088,0.315,0.257,0.0579999999999999,2.57,2.73,-0.159,Blake Weiman,2026-09-17
"Perdomo, Cesar",702885,2026,61,46,0.286,0.266,0.0199999999999999,0.429,0.418,0.011,0.329,0.321,0.008,3.68,4.36,-0.678,Cesar Perdomo,2026-09-17
"McFarlane, Alex",686934,2026,59,41,0.189,0.268,-0.079,0.264,0.38,-0.1159999999999999,0.24,0.316,-0.076,2.46,4.21,-1.755,Alex McFarlane,2026-09-17
"Vargas, Carlos",672841,2026,59,40,0.222,0.242,-0.0199999999999999,0.389,0.39,-0.001,0.299,0.308,-0.009,3.86,3.98,-0.123,Carlos Vargas,2026-09-17
"Núñez, Dedniel",673380,2026,59,45,0.288,0.26,0.0279999999999999,0.542,0.493,0.049,0.354,0.317,0.0369999999999999,4.29,4.24,0.055,Dedniel Núñez,2026-09-17
"Marte, Yunior",805074,2026,59,44,0.189,0.21,-0.0209999999999999,0.377,0.365,0.012,0.286,0.291,-0.005,2.46,3.53,-1.075,Yunior Marte,2026-09-17
"Mautz, Brycen",802408,2026,59,33,0.34,0.256,0.084,0.553,0.458,0.095,0.445,0.379,0.066,7.94,6.4,1.541,Brycen Mautz,2026-09-17
"Santa, Alimber",695001,2026,59,44,0.16,0.207,-0.0469999999999999,0.24,0.272,-0.032,0.218,0.267,-0.049,1.17,2.95,-1.776,Alimber Santa,2026-09-17
"Hoffmann, Andrew",694851,2026,59,37,0.333,0.243,0.09,0.583,0.399,0.1839999999999999,0.434,0.336,0.0979999999999999,7.71,4.83,2.884,Andrew Hoffmann,2026-09-17
"Rom, Drew",680723,2026,59,36,0.32,0.272,0.0479999999999999,0.54,0.456,0.084,0.396,0.36,0.036,6.0,5.66,0.34,Drew Rom,2026-09-17
"Olds, Wyatt",681544,2026,58,34,0.212,0.202,0.0099999999999999,0.365,0.357,0.008,0.294,0.286,0.008,1.32,3.4,-2.083,Wyatt Olds,2026-09-17
"Estrada, Lazaro",681751,2026,57,37,0.178,0.217,-0.039,0.311,0.366,-0.0549999999999999,0.294,0.334,-0.04,5.54,4.77,0.768,Lazaro Estrada,2026-09-17
"Ross, Joe",605452,2026,57,44,0.314,0.307,0.007,0.549,0.524,0.025,0.404,0.391,0.013,9.26,6.9,2.357,Joe Ross,2026-09-17
"Thompson, Keegan",624522,2026,57,44,0.365,0.343,0.0219999999999999,0.596,0.623,-0.027,0.407,0.407,0.0,8.25,7.63,0.62,Keegan Thompson,2026-09-17
"Curtis, Khristian",694753,2026,57,41,0.191,0.224,-0.033,0.319,0.39,-0.071,0.291,0.327,-0.036,5.14,4.55,0.593,Khristian Curtis,2026-09-17
"Voth, Austin",608723,2026,56,47,0.396,0.338,0.0579999999999999,0.646,0.557,0.0889999999999999,0.459,0.403,0.0559999999999999,9.9,7.44,2.46,Austin Voth,2026-09-17
"Sands, Cole",663485,2026,56,39,0.313,0.268,0.0449999999999999,0.583,0.507,0.0759999999999999,0.409,0.364,0.0449999999999999,8.25,5.81,2.44,Cole Sands,2026-09-17
"Waldrep, Hurston",694462,2026,56,35,0.295,0.231,0.0639999999999999,0.5,0.389,0.1109999999999999,0.419,0.359,0.06,8.44,5.62,2.818,Hurston Waldrep,2026-09-17
"Spence, Mitch",687765,2026,56,41,0.413,0.279,0.1339999999999999,0.717,0.409,0.308,0.509,0.361,0.148,21.21,5.7,15.514,Mitch Spence,2026-09-17
"Tur, Yunior",814305,2026,56,38,0.417,0.321,0.0959999999999999,0.771,0.632,0.139,0.533,0.445,0.088,19.73,9.64,10.091,Yunior Tur,2026-09-17
"Zerpa, Angel",672582,2026,55,41,0.333,0.327,0.006,0.521,0.53,-0.009,0.405,0.405,0.0,6.39,7.54,-1.145,Angel Zerpa,2026-09-17
"Manfredi, Mark",815081,2026,54,33,0.239,0.229,0.0099999999999999,0.326,0.404,-0.078,0.311,0.334,-0.023,3.65,4.77,-1.121,Mark Manfredi,2026-09-17
"Joyce, Ben",690829,2026,54,29,0.136,0.207,-0.0709999999999999,0.159,0.314,-0.155,0.227,0.305,-0.0779999999999999,3.38,3.9,-0.525,Ben Joyce,2026-09-17
"Curvelo, Luis",681168,2026,54,42,0.354,0.307,0.0469999999999999,0.708,0.544,0.1639999999999999,0.469,0.387,0.0819999999999999,9.58,6.73,2.851,Luis Curvelo,2026-09-17
"Cruz, Yovanny",672442,2026,54,34,0.267,0.247,0.02,0.378,0.347,0.031,0.35,0.33,0.0199999999999999,4.26,4.64,-0.377,Yovanny Cruz,2026-09-17
"Kerry, Brett",695049,2026,54,40,0.212,0.231,-0.019,0.385,0.361,0.024,0.269,0.27,-0.001,3.95,3.02,0.931,Brett Kerry,2026-09-17
"Rock, Joe",697812,2026,53,28,0.275,0.267,0.008,0.3,0.402,-0.102,0.364,0.39,-0.026,3.48,6.86,-3.376,Joe Rock,2026-09-17
"Ralston, Jack",667652,2026,52,34,0.196,0.202,-0.006,0.413,0.393,0.0199999999999999,0.301,0.297,0.004,4.26,3.69,0.573,Jack Ralston,2026-09-17
"Espino, Daniel",682982,2026,52,27,0.229,0.201,0.0279999999999999,0.375,0.319,0.0559999999999999,0.294,0.259,0.0349999999999999,2.92,2.77,0.149,Daniel Espino,2026-09-17
"McGee, Easton",668834,2026,52,38,0.362,0.297,0.065,0.681,0.456,0.225,0.468,0.36,0.108,7.15,5.66,1.487,Easton McGee,2026-09-17
"Kerr, Ray",678061,2026,51,38,0.13,0.202,-0.072,0.217,0.309,-0.092,0.181,0.245,-0.064,1.26,2.48,-1.224,Ray Kerr,2026-09-17
"Acton, Garrett",670183,2026,51,29,0.238,0.212,0.0259999999999999,0.405,0.396,0.009,0.33,0.317,0.013,5.73,4.24,1.487,Garrett Acton,2026-09-17
"Wicks, Jordan",696136,2026,50,39,0.383,0.283,0.1,0.553,0.408,0.145,0.422,0.322,0.0999999999999999,10.45,4.39,6.062,Jordan Wicks,2026-09-17
"Garcia, Robert",676395,2026,50,31,0.19,0.192,-0.002,0.214,0.259,-0.045,0.262,0.276,-0.014,2.19,3.16,-0.971,Robert Garcia,2026-09-17
"Gordon, Colton",676467,2026,50,35,0.467,0.327,0.14,0.933,0.587,0.3460000000000001,0.589,0.41,0.179,11.57,7.77,3.801,Colton Gordon,2026-09-17
"Hernández, Elieser",622694,2026,50,32,0.233,0.194,0.039,0.442,0.299,0.143,0.339,0.272,0.067,2.46,3.06,-0.605,Elieser Hernández,2026-09-17
"Kempner, William",687531,2026,50,30,0.182,0.231,-0.049,0.295,0.355,-0.06,0.265,0.306,-0.0409999999999999,2.92,3.93,-1.011,William Kempner,2026-09-17
"Granillo, Andre",701552,2026,50,38,0.333,0.295,0.038,0.538,0.44,0.098,0.427,0.394,0.0329999999999999,9.64,7.04,2.603,Andre Granillo,2026-09-17
"Smith, Shane",681343,2026,49,27,0.316,0.246,0.07,0.5,0.293,0.207,0.424,0.333,0.0909999999999999,10.8,4.73,6.07,Shane Smith,2026-09-17
"Cortes, Carlos",666126,2026,49,40,0.375,0.294,0.081,0.725,0.524,0.2009999999999999,0.496,0.408,0.088,10.61,7.68,2.927,Carlos Cortes,2026-09-17
"Trevino, Jose",624431,2026,49,44,0.468,0.379,0.089,0.745,0.635,0.1099999999999999,0.53,0.444,0.086,15.0,9.58,5.42,Jose Trevino,2026-09-17
"Foster, Cameron",671382,2026,49,32,0.415,0.254,0.1609999999999999,0.537,0.358,0.179,0.462,0.336,0.126,9.0,4.83,4.17,Cameron Foster,2026-09-17
"Peguero, Joel",666711,2026,48,37,0.238,0.192,0.0459999999999999,0.31,0.247,0.063,0.297,0.255,0.0419999999999999,2.38,2.69,-0.308,Joel Peguero,2026-09-17
"Hiraldo, Yaramil",682274,2026,48,24,0.25,0.178,0.072,0.472,0.31,0.1619999999999999,0.391,0.317,0.074,8.68,4.24,4.439,Yaramil Hiraldo,2026-09-17
"Anderson, Jack",681252,2026,48,33,0.222,0.229,-0.007,0.333,0.417,-0.0839999999999999,0.269,0.301,-0.0319999999999999,2.19,3.79,-1.601,Jack Anderson,2026-09-17
"Bellozo, Valente",678368,2026,48,32,0.256,0.316,-0.06,0.641,0.737,-0.0959999999999999,0.42,0.475,-0.0549999999999999,7.59,11.55,-3.956,Valente Bellozo,2026-09-17
"Dallas, Chad",689149,2026,47,31,0.25,0.218,0.032,0.35,0.306,0.0439999999999999,0.311,0.289,0.022,6.1,3.48,2.617,Chad Dallas,2026-09-17
"Perales, Luis",691384,2026,47,25,0.278,0.23,0.048,0.528,0.473,0.055,0.427,0.391,0.0359999999999999,9.0,6.9,2.1,Luis Perales,2026-09-17
"Krook, Matt",640454,2026,46,25,0.265,0.293,-0.0279999999999999,0.5,0.448,0.0519999999999999,0.423,0.411,0.012,10.8,7.82,2.98,Matt Krook,2026-09-17
"Heuer, Codi",676051,2026,46,34,0.308,0.269,0.0389999999999999,0.41,0.382,0.0279999999999999,0.355,0.335,0.0199999999999999,4.66,4.8,-0.145,Codi Heuer,2026-09-17
"Tolman, Erik",680899,2026,46,30,0.205,0.193,0.0119999999999999,0.231,0.278,-0.047,0.239,0.253,-0.014,2.38,2.65,-0.268,Erik Tolman,2026-09-17
"Fulmer, Michael",605242,2026,46,27,0.179,0.217,-0.038,0.359,0.33,0.0289999999999999,0.29,0.298,-0.008,1.69,3.71,-2.022,Michael Fulmer,2026-09-17
"Sims, Lucas",608371,2026,46,28,0.257,0.22,0.037,0.4,0.356,0.044,0.353,0.331,0.0219999999999999,4.5,4.67,-0.17,Lucas Sims,2026-09-17
"Hoffman, Nolan",676510,2026,45,34,0.324,0.311,0.013,0.351,0.38,-0.029,0.331,0.34,-0.009,4.36,4.96,-0.605,Nolan Hoffman,2026-09-17
"Yean, Eddy",678868,2026,45,35,0.19,0.24,-0.0499999999999999,0.333,0.318,0.015,0.256,0.273,-0.017,2.46,3.09,-0.635,Eddy Yean,2026-09-17
"Rodríguez, Yariel",684320,2026,45,31,0.324,0.295,0.029,0.514,0.495,0.019,0.422,0.402,0.0199999999999999,7.71,7.4,0.314,Yariel Rodríguez,2026-09-17
"Allard, Kolby",663465,2026,45,32,0.39,0.317,0.073,0.659,0.533,0.126,0.467,0.385,0.082,10.38,6.65,3.735,Kolby Allard,2026-09-17
"Shuster, Jared",694363,2026,44,34,0.289,0.239,0.0499999999999999,0.447,0.367,0.08,0.362,0.311,0.0509999999999999,9.0,4.07,4.93,Jared Shuster,2026-09-17
"Rivera, Eduardo",700842,2026,44,28,0.211,0.204,0.007,0.342,0.341,0.001,0.3,0.296,0.004,6.3,3.66,2.64,Eduardo Rivera,2026-09-17
"Kahnle, Tommy",592454,2026,43,32,0.324,0.285,0.039,0.595,0.489,0.1059999999999999,0.434,0.381,0.0529999999999999,8.0,6.48,1.52,Tommy Kahnle,2026-09-17
"McCambley, Zach",685112,2026,43,27,0.278,0.292,-0.0139999999999999,0.333,0.429,-0.0959999999999999,0.33,0.366,-0.0359999999999999,4.15,5.89,-1.736,Zach McCambley,2026-09-17
"Roa, Christian",685005,2026,43,27,0.313,0.297,0.016,0.5,0.492,0.008,0.424,0.415,0.009,5.19,8.02,-2.828,Christian Roa,2026-09-17
"Murphy, Owen",702566,2026,42,30,0.289,0.302,-0.013,0.5,0.511,-0.011,0.373,0.38,-0.007,5.0,6.44,-1.44,Owen Murphy,2026-09-17
"Nicolas, Kyle",693312,2026,42,22,0.276,0.272,0.004,0.414,0.444,-0.03,0.422,0.434,-0.012,8.59,9.01,-0.419,Kyle Nicolas,2026-09-17
"Weisenburger, Jack",674073,2026,42,28,0.237,0.203,0.0339999999999999,0.289,0.31,-0.021,0.265,0.256,0.009,2.61,2.71,-0.097,Jack Weisenburger,2026-09-17
"Rodriguez, Carlos",692230,2026,42,30,0.263,0.228,0.035,0.395,0.327,0.068,0.324,0.282,0.042,3.86,3.3,0.557,Carlos Rodriguez,2026-09-17
"Koenig, Jared",657649,2026,41,26,0.364,0.246,0.118,0.576,0.416,0.1599999999999999,0.443,0.337,0.1059999999999999,9.0,4.86,4.14,Jared Koenig,2026-09-17
"Martinez, Justin",679885,2026,40,20,0.152,0.138,0.0139999999999999,0.212,0.174,0.038,0.252,0.235,0.017,0.0,2.28,-2.28,Justin Martinez,2026-09-17
"Sandlin, Nick",680704,2026,40,26,0.29,0.238,0.0519999999999999,0.548,0.463,0.085,0.419,0.377,0.0419999999999999,11.42,6.32,5.103,Nick Sandlin,2026-09-17
"Waldichuk, Ken",686610,2026,40,26,0.235,0.243,-0.008,0.588,0.577,0.011,0.399,0.397,0.002,6.75,7.17,-0.42,Ken Waldichuk,2026-09-17
"Vanasco, Ricky",676568,2026,40,30,0.412,0.294,0.118,0.706,0.519,0.1869999999999999,0.511,0.399,0.1119999999999999,15.63,7.26,8.372,Ricky Vanasco,2026-09-17
"Stallings, Garrett",668831,2026,40,25,0.083,0.118,-0.0349999999999999,0.083,0.132,-0.049,0.137,0.169,-0.032,0.0,1.23,-1.23,Garrett Stallings,2026-09-17
"Paez, Jedixson",699151,2026,39,31,0.438,0.383,0.0549999999999999,0.906,0.812,0.0939999999999999,0.556,0.504,0.052,18.9,13.75,5.15,Jedixson Paez,2026-09-17
"Rajcic, Max",691008,2026,39,25,0.182,0.168,0.0139999999999999,0.394,0.318,0.076,0.311,0.281,0.0299999999999999,5.0,3.28,1.72,Max Rajcic,2026-09-17
"Manoah, Alek",666201,2026,39,26,0.258,0.228,0.03,0.516,0.473,0.043,0.402,0.379,0.023,9.82,6.4,3.418,Alek Manoah,2026-09-17
"Simpson, Josh",681006,2026,38,23,0.333,0.227,0.106,0.727,0.532,0.1949999999999999,0.482,0.369,0.1129999999999999,9.82,6.0,3.818,Josh Simpson,2026-09-17
"Devenski, Chris",606965,2026,38,31,0.389,0.282,0.107,0.667,0.451,0.216,0.467,0.334,0.133,11.74,4.77,6.969,Chris Devenski,2026-09-17
"Karinchak, James",675916,2026,37,24,0.129,0.158,-0.0289999999999999,0.258,0.299,-0.0409999999999999,0.232,0.268,-0.036,1.86,2.97,-1.108,James Karinchak,2026-09-17
"Lee, Chase",695445,2026,37,27,0.286,0.26,0.0259999999999999,0.607,0.376,0.2309999999999999,0.435,0.35,0.085,7.88,5.3,2.575,Chase Lee,2026-09-17
"Winquest, Cade",685464,2026,37,21,0.226,0.159,0.067,0.323,0.216,0.107,0.295,0.231,0.0639999999999999,6.48,2.21,4.27,Cade Winquest,2026-09-17
"Shook, TJ",669298,2026,36,27,0.353,0.261,0.0919999999999999,0.765,0.464,0.301,0.483,0.328,0.1549999999999999,8.22,4.58,3.637,TJ Shook,2026-09-17
"Gonzalez, Domingo",682445,2026,36,25,0.3,0.355,-0.0549999999999999,0.467,0.618,-0.1509999999999999,0.383,0.453,-0.07,4.7,10.11,-5.414,Domingo Gonzalez,2026-09-17
"Mills, Wyatt",670090,2026,36,20,0.208,0.234,-0.026,0.208,0.293,-0.0849999999999999,0.338,0.368,-0.0299999999999999,5.68,5.96,-0.276,Wyatt Mills,2026-09-17
"Trivino III, Lou",642152,2026,36,21,0.37,0.217,0.153,0.593,0.323,0.2699999999999999,0.465,0.33,0.135,15.0,4.64,10.36,Lou Trivino III,2026-09-17
"Payamps, Joel",606303,2026,36,23,0.281,0.252,0.029,0.594,0.548,0.0459999999999999,0.405,0.377,0.028,8.22,6.32,1.897,Joel Payamps,2026-09-17
"McDermott, Chayce",694646,2026,36,26,0.258,0.224,0.034,0.548,0.466,0.082,0.38,0.336,0.0439999999999999,5.87,4.83,1.04,Chayce McDermott,2026-09-17
"Brito, Jhony",666745,2026,35,28,0.206,0.225,-0.019,0.412,0.419,-0.007,0.275,0.285,-0.0099999999999999,3.0,3.38,-0.38,Jhony Brito,2026-09-17
"Lazar, Max",676661,2026,35,27,0.25,0.241,0.009,0.531,0.453,0.078,0.363,0.331,0.0319999999999999,5.63,4.67,0.955,Max Lazar,2026-09-17
"Van Eyk, CJ",669310,2026,35,31,0.355,0.294,0.061,0.516,0.467,0.0489999999999999,0.395,0.366,0.029,4.05,5.89,-1.84,CJ Van Eyk,2026-09-17
"Knack, Landon",689017,2026,35,26,0.258,0.22,0.038,0.677,0.494,0.183,0.407,0.34,0.0669999999999999,5.87,4.96,0.91,Landon Knack,2026-09-17
"Díaz, Yilber",700270,2026,34,23,0.414,0.362,0.0519999999999999,0.793,0.666,0.127,0.538,0.475,0.063,16.5,11.55,4.95,Yilber Díaz,2026-09-17
"Beck, Brendan",694341,2026,34,24,0.241,0.292,-0.0509999999999999,0.724,0.641,0.0829999999999999,0.444,0.435,0.009,8.22,9.07,-0.853,Brendan Beck,2026-09-17
"Gervase, Paul",801434,2026,34,21,0.241,0.238,0.003,0.241,0.313,-0.072,0.286,0.307,-0.021,2.35,3.96,-1.612,Paul Gervase,2026-09-17
"Mushinski, Parker",656786,2026,34,29,0.31,0.325,-0.015,0.379,0.459,-0.08,0.36,0.39,-0.03,2.7,6.86,-4.16,Parker Mushinski,2026-09-17
"Gerber, Joey",680702,2026,34,22,0.2,0.23,-0.03,0.4,0.373,0.027,0.306,0.309,-0.003,4.32,4.01,0.31,Joey Gerber,2026-09-17
"Estes, Joey",683155,2026,34,27,0.387,0.337,0.0499999999999999,0.935,0.576,0.3590000000000001,0.545,0.396,0.149,11.04,7.12,3.925,Joey Estes,2026-09-17
"Law, Derek",571882,2026,34,26,0.267,0.317,-0.0499999999999999,0.333,0.462,-0.129,0.294,0.364,-0.07,1.0,5.81,-4.81,Derek Law,2026-09-17
"Sullivan, Brett",664954,2026,34,31,0.355,0.364,-0.009,0.613,0.625,-0.012,0.418,0.429,-0.011,4.7,8.74,-4.044,Brett Sullivan,2026-09-17
"Tolbert, Tyler",686475,2026,33,29,0.586,0.501,0.0849999999999999,1.034,0.827,0.207,0.696,0.583,0.1129999999999999,25.07,22.18,2.891,Tyler Tolbert,2026-09-17
"Kelly, Michael",547184,2026,32,20,0.462,0.349,0.113,0.769,0.522,0.247,0.557,0.436,0.121,16.2,9.12,7.08,Michael Kelly,2026-09-17
"Gilbert, Tyler",656457,2026,32,24,0.429,0.343,0.0859999999999999,0.821,0.635,0.1859999999999999,0.551,0.45,0.101,12.0,9.93,2.07,Tyler Gilbert,2026-09-17
"Pushard, Matt",690155,2026,32,20,0.24,0.278,-0.038,0.28,0.39,-0.1099999999999999,0.298,0.347,-0.0489999999999999,5.14,5.2,-0.057,Matt Pushard,2026-09-17
"Burnes, Corbin",669203,2026,32,24,0.241,0.222,0.0189999999999999,0.586,0.418,0.1679999999999999,0.356,0.298,0.0579999999999999,5.87,3.71,2.16,Corbin Burnes,2026-09-17
"Martin, Riley",702303,2026,32,19,0.179,0.169,0.0099999999999999,0.286,0.312,-0.026,0.249,0.251,-0.002,2.16,2.6,-0.44,Riley Martin,2026-09-17
"France, J.P.",641585,2026,31,21,0.24,0.293,-0.0529999999999999,0.4,0.534,-0.134,0.358,0.42,-0.062,8.1,8.27,-0.17,J.P. France,2026-09-17
"Pop, Zach",647315,2026,31,21,0.2,0.248,-0.0479999999999999,0.32,0.358,-0.0379999999999999,0.271,0.317,-0.0459999999999999,3.68,4.24,-0.558,Zach Pop,2026-09-17
"Rainey, Tanner",663432,2026,31,16,0.136,0.156,-0.0199999999999999,0.182,0.213,-0.031,0.302,0.317,-0.015,3.86,4.24,-0.383,Tanner Rainey,2026-09-17
"Gose, Anthony",543238,2026,31,28,0.214,0.216,-0.002,0.286,0.412,-0.126,0.226,0.272,-0.046,0.0,3.06,-3.06,Anthony Gose,2026-09-17
"Irvin, Cole",608344,2026,30,21,0.308,0.288,0.02,0.5,0.512,-0.012,0.395,0.39,0.005,9.0,6.86,2.14,Cole Irvin,2026-09-17
"Bivens, Spencer",702352,2026,30,18,0.44,0.294,0.146,0.6,0.483,0.1169999999999999,0.47,0.374,0.0959999999999999,14.4,6.2,8.2,Spencer Bivens,2026-09-17
"Fitzpatrick, Brian",702153,2026,30,22,0.259,0.212,0.047,0.296,0.265,0.0309999999999999,0.29,0.257,0.0329999999999999,1.35,2.73,-1.38,Brian Fitzpatrick,2026-09-17
"Leibrandt, Brandon",605335,2026,30,24,0.385,0.323,0.062,0.692,0.694,-0.002,0.461,0.437,0.024,7.5,9.18,-1.68,Brandon Leibrandt,2026-09-17
"Ullola, Miguel",699044,2026,30,19,0.172,0.206,-0.034,0.414,0.416,-0.002,0.261,0.276,-0.015,3.38,3.16,0.215,Miguel Ullola,2026-09-17
"Tiedemann, Ricky",694357,2026,29,14,0.227,0.239,-0.0119999999999999,0.227,0.302,-0.0749999999999999,0.323,0.347,-0.0239999999999999,1.5,5.2,-3.7,Ricky Tiedemann,2026-09-17
"Gonzales, Marco",594835,2026,29,22,0.28,0.208,0.072,0.36,0.294,0.066,0.324,0.267,0.0569999999999999,1.35,2.95,-1.6,Marco Gonzales,2026-09-17
"Garrett, Braxton",666129,2026,28,15,0.368,0.24,0.128,0.579,0.389,0.1899999999999999,0.475,0.386,0.0889999999999999,14.54,6.69,7.848,Braxton Garrett,2026-09-17
"Corniell, Jose",692030,2026,28,20,0.478,0.273,0.2049999999999999,1.043,0.487,0.5559999999999999,0.645,0.366,0.279,20.77,5.89,14.879,Jose Corniell,2026-09-17
"Cerantola, Eric",672021,2026,28,10,0.235,0.181,0.0539999999999999,0.588,0.315,0.2729999999999999,0.484,0.402,0.0819999999999999,10.13,7.4,2.725,Eric Cerantola,2026-09-17
"Grove, Michael",675627,2026,28,22,0.259,0.289,-0.0299999999999999,0.63,0.708,-0.0779999999999999,0.36,0.423,-0.063,5.14,8.42,-3.277,Michael Grove,2026-09-17
"De León, Luis",801725,2026,27,20,0.125,0.191,-0.066,0.25,0.303,-0.0529999999999999,0.194,0.241,-0.0469999999999999,2.46,2.4,0.055,Luis De León,2026-09-17
"Vivas, Jorbit",678391,2026,27,23,0.478,0.373,0.1049999999999999,0.739,0.773,-0.034,0.554,0.517,0.037,13.5,14.86,-1.36,Jorbit Vivas,2026-09-17
"Baumler, Carter",691945,2026,27,14,0.2,0.206,-0.0059999999999999,0.4,0.353,0.047,0.371,0.359,0.012,3.18,5.62,-2.444,Carter Baumler,2026-09-17
"Sanoja, Javier",691594,2026,27,24,0.458,0.327,0.131,0.833,0.766,0.0669999999999999,0.542,0.464,0.078,13.5,10.81,2.69,Javier Sanoja,2026-09-17
"Hanner, Bradley",690440,2026,26,18,0.36,0.301,0.059,0.96,0.577,0.383,0.554,0.384,0.17,11.81,6.61,5.203,Bradley Hanner,2026-09-17
"Blalock, Bradley",687134,2026,26,18,0.292,0.23,0.0619999999999999,0.458,0.375,0.083,0.352,0.293,0.059,3.0,3.58,-0.58,Bradley Blalock,2026-09-17
"Heineman, Tyler",623168,2026,26,25,0.36,0.351,0.009,0.72,0.57,0.15,0.467,0.405,0.062,10.13,7.54,2.585,Tyler Heineman,2026-09-17
"Vaughn, Andrew",683734,2026,26,19,0.6,0.416,0.184,1.2,0.765,0.4349999999999999,0.751,0.549,0.2019999999999999,30.0,18.02,11.98,Andrew Vaughn,2026-09-17
"Rashi, Taylor",688497,2026,26,18,0.261,0.278,-0.017,0.435,0.462,-0.027,0.345,0.359,-0.014,7.94,5.62,2.321,Taylor Rashi,2026-09-17
"Horton, Cade",690990,2026,26,20,0.167,0.249,-0.0819999999999999,0.292,0.321,-0.029,0.235,0.283,-0.0479999999999999,2.46,3.33,-0.875,Cade Horton,2026-09-17
"Raya, Marco",694397,2026,25,18,0.227,0.274,-0.047,0.364,0.407,-0.0429999999999999,0.308,0.341,-0.033,3.0,5.0,-2.0,Marco Raya,2026-09-17
"Muñoz, Roddery",682610,2026,25,13,0.368,0.291,0.077,0.947,0.556,0.3909999999999999,0.585,0.441,0.1439999999999999,15.75,9.4,6.35,Roddery Muñoz,2026-09-17
"Martin, Corbin",656686,2026,25,16,0.25,0.248,0.002,0.55,0.509,0.041,0.41,0.396,0.0139999999999999,10.8,7.12,3.68,Corbin Martin,2026-09-17
"Edwards Jr., Carl",605218,2026,25,10,0.143,0.159,-0.016,0.286,0.25,0.0359999999999999,0.265,0.258,0.007,1.5,2.75,-1.25,Carl Edwards Jr.,2026-09-17
"Rodríguez, Manuel",655889,2026,24,11,0.278,0.221,0.057,0.556,0.384,0.172,0.417,0.341,0.0759999999999999,3.86,5.0,-1.143,Manuel Rodríguez,2026-09-17
"Stubbs, Garrett",596117,2026,24,22,0.364,0.366,-0.002,0.591,0.713,-0.122,0.435,0.477,-0.0419999999999999,9.64,11.69,-2.047,Garrett Stubbs,2026-09-17
"Lucchesi, Joey",664192,2026,24,13,0.412,0.286,0.126,0.647,0.491,0.156,0.528,0.43,0.098,13.5,8.79,4.71,Joey Lucchesi,2026-09-17
"Miller, Bobby",676272,2026,24,16,0.211,0.313,-0.102,0.474,0.609,-0.135,0.361,0.449,-0.088,5.06,9.87,-4.807,Bobby Miller,2026-09-17
"Casparius, Ben",676508,2026,23,15,0.316,0.281,0.0349999999999999,0.474,0.467,0.0069999999999999,0.404,0.385,0.019,9.64,6.65,2.993,Ben Casparius,2026-09-17
"McCann, James",543510,2026,23,20,0.474,0.465,0.0089999999999999,0.737,1.078,-0.3410000000000001,0.522,0.626,-0.1039999999999999,11.25,29.06,-17.81,James McCann,2026-09-17
"Rojas, Miguel",500743,2026,23,21,0.429,0.373,0.0559999999999999,0.81,0.591,0.219,0.543,0.438,0.105,13.5,9.23,4.27,Miguel Rojas,2026-09-17
"Castro, Kervin",665645,2026,23,13,0.143,0.195,-0.052,0.19,0.245,-0.0549999999999999,0.193,0.235,-0.0419999999999999,1.42,2.28,-0.859,Kervin Castro,2026-09-17
"Hamilton, Ian",641656,2026,23,16,0.3,0.307,-0.007,0.4,0.356,0.044,0.356,0.342,0.0139999999999999,7.71,5.03,2.684,Ian Hamilton,2026-09-17
"Jacob, Alek",689690,2026,23,14,0.25,0.179,0.071,0.45,0.305,0.145,0.352,0.273,0.0789999999999999,5.4,3.09,2.31,Alek Jacob,2026-09-17
"Emanuel, Kent",592288,2026,23,15,0.263,0.206,0.057,0.474,0.321,0.1529999999999999,0.379,0.308,0.071,3.6,3.98,-0.38,Kent Emanuel,2026-09-17
"Hjerpe, Cooper",687309,2026,23,8,0.118,0.193,-0.075,0.118,0.231,-0.113,0.262,0.323,-0.061,7.2,4.42,2.78,Cooper Hjerpe,2026-09-17
"Go, Woo-Suk",808970,2026,22,15,0.4,0.28,0.12,0.85,0.559,0.2909999999999999,0.543,0.386,0.157,9.0,6.69,2.31,Woo-Suk Go,2026-09-17
"Santos, Gregory",666619,2026,22,18,0.263,0.327,-0.064,0.474,0.428,0.0459999999999999,0.363,0.376,-0.013,3.6,6.28,-2.68,Gregory Santos,2026-09-17
"Snelling, Robby",702281,2026,22,16,0.278,0.261,0.017,0.5,0.445,0.0549999999999999,0.399,0.372,0.027,5.4,6.12,-0.72,Robby Snelling,2026-09-17
"VanWey, Logan",701121,2026,22,17,0.25,0.237,0.013,0.25,0.344,-0.0939999999999999,0.212,0.239,-0.0269999999999999,1.5,2.36,-0.86,Logan VanWey,2026-09-17
"Sinclair, Jack",695378,2026,22,12,0.118,0.183,-0.065,0.235,0.269,-0.034,0.276,0.312,-0.0359999999999999,1.69,4.1,-2.412,Jack Sinclair,2026-09-17
"Brebbia, John",605154,2026,21,19,0.333,0.317,0.016,0.667,0.673,-0.006,0.425,0.414,0.011,10.38,7.97,2.415,John Brebbia,2026-09-17
"Zimmermann, Bruce",669145,2026,21,18,0.3,0.235,0.065,0.45,0.324,0.126,0.341,0.261,0.08,5.4,2.82,2.58,Bruce Zimmermann,2026-09-17
"Wilson, Weston",642215,2026,21,21,0.55,0.428,0.122,0.85,0.699,0.151,0.576,0.467,0.1089999999999999,18.9,11.01,7.89,Weston Wilson,2026-09-17
"Williamson, Ben",810938,2026,21,20,0.25,0.297,-0.0469999999999999,0.45,0.532,-0.082,0.318,0.369,-0.0509999999999999,3.6,6.0,-2.4,Ben Williamson,2026-09-17
"Simpson, Jared",688692,2026,20,9,0.077,0.291,-0.2139999999999999,0.077,0.366,-0.289,0.289,0.431,-0.142,10.38,8.85,1.535,Jared Simpson,2026-09-17
"Hedges, Austin",595978,2026,20,19,0.35,0.25,0.0999999999999999,0.35,0.304,0.0459999999999999,0.312,0.24,0.072,6.23,2.38,3.851,Austin Hedges,2026-09-17
"Wantz, Andrew",681806,2026,20,14,0.333,0.326,0.007,0.6,0.582,0.018,0.477,0.464,0.0129999999999999,14.73,10.81,3.917,Andrew Wantz,2026-09-17
"Straw, Myles",664702,2026,20,19,0.421,0.319,0.1019999999999999,0.579,0.485,0.0939999999999999,0.449,0.365,0.084,4.5,5.85,-1.35,Myles Straw,2026-09-17
"Verlander, Justin",434378,2026,19,16,0.353,0.365,-0.012,0.706,0.69,0.016,0.472,0.474,-0.002,12.27,11.48,0.793,Justin Verlander,2026-09-17
"Durán, Rodolfo",660710,2026,19,18,0.5,0.258,0.242,0.944,0.475,0.469,0.619,0.332,0.287,27.0,4.7,22.3,Rodolfo Durán,2026-09-17
"Klein, John",804619,2026,19,13,0.214,0.183,0.031,0.5,0.291,0.209,0.368,0.352,0.016,4.15,5.37,-1.216,John Klein,2026-09-17
"Heasley, Jonathan",669169,2026,19,17,0.421,0.352,0.069,0.842,0.791,0.0509999999999999,0.536,0.479,0.057,11.25,11.83,-0.58,Jonathan Heasley,2026-09-17
"Higashioka, Kyle",543309,2026,18,16,0.571,0.509,0.0619999999999999,1.071,0.95,0.121,0.622,0.57,0.052,21.0,20.48,0.52,Kyle Higashioka,2026-09-17
"Oviedo, Johan",670912,2026,18,13,0.4,0.338,0.062,0.933,0.767,0.166,0.546,0.484,0.062,9.82,12.19,-2.372,Johan Oviedo,2026-09-17
"Cannon, Jonathan",686563,2026,18,9,0.308,0.252,0.0559999999999999,0.462,0.45,0.012,0.433,0.409,0.024,9.0,7.73,1.27,Jonathan Cannon,2026-09-17
"Monteverde, Patrick",687287,2026,18,15,0.294,0.256,0.0379999999999999,0.647,0.411,0.236,0.41,0.308,0.1019999999999999,9.0,3.98,5.02,Patrick Monteverde,2026-09-17
"Fernández, Julian",642759,2026,18,13,0.2,0.204,-0.0039999999999999,0.4,0.414,-0.0139999999999999,0.29,0.301,-0.011,2.25,3.79,-1.54,Julian Fernández,2026-09-17
"Criswell, Jeff",676105,2026,18,12,0.267,0.3,-0.0329999999999999,0.667,0.613,0.054,0.443,0.436,0.007,4.5,9.12,-4.62,Jeff Criswell,2026-09-17
"Harvey, Hunter",640451,2026,18,13,0.294,0.216,0.0779999999999999,0.647,0.563,0.084,0.415,0.345,0.07,6.75,5.13,1.62,Hunter Harvey,2026-09-17
"Fleming, Josh",676596,2026,18,14,0.429,0.36,0.069,0.643,0.632,0.011,0.479,0.47,0.009,12.0,11.21,0.79,Josh Fleming,2026-09-17
"Cook, Alex",702047,2026,17,13,0.267,0.201,0.066,0.533,0.373,0.16,0.382,0.293,0.089,7.36,3.58,3.784,Alex Cook,2026-09-17
"Solesky, Chase",686678,2026,17,12,0.375,0.291,0.084,0.688,0.488,0.1999999999999999,0.467,0.353,0.114,6.0,5.41,0.59,Chase Solesky,2026-09-17
"Burgos, Juan",686228,2026,17,16,0.214,0.196,0.0179999999999999,0.286,0.374,-0.088,0.251,0.274,-0.023,2.08,3.11,-1.033,Juan Burgos,2026-09-17
"Vargas, Ildemaro",545121,2026,17,13,0.25,0.259,-0.009,0.333,0.415,-0.0819999999999999,0.345,0.378,-0.033,4.91,6.36,-1.451,Ildemaro Vargas,2026-09-17
"Eflin, Zach",621107,2026,17,8,0.267,0.202,0.065,0.533,0.404,0.129,0.382,0.307,0.075,2.46,3.96,-1.505,Zach Eflin,2026-09-17
"Raquet, Nick",675919,2026,17,13,0.214,0.328,-0.114,0.5,0.498,0.002,0.372,0.416,-0.0439999999999999,7.36,8.07,-0.706,Nick Raquet,2026-09-17
"Richardson, Lyon",680689,2026,16,8,0.167,0.23,-0.063,0.667,0.727,-0.0599999999999999,0.432,0.478,-0.0459999999999999,13.5,11.76,1.74,Lyon Richardson,2026-09-17
"Buttó, José",676130,2026,16,7,0.5,0.319,0.181,1.083,0.689,0.394,0.676,0.494,0.182,22.5,12.95,9.55,José Buttó,2026-09-17
"Hagenman, Justin",663795,2026,16,13,0.2,0.289,-0.0889999999999999,0.4,0.648,-0.248,0.283,0.413,-0.13,4.5,7.92,-3.42,Justin Hagenman,2026-09-17
"Wiemer, Joey",686894,2026,16,13,0.583,0.423,0.1599999999999999,0.917,0.632,0.285,0.618,0.473,0.145,22.5,11.41,11.09,Joey Wiemer,2026-09-17
"Seelinger, Matt",676910,2026,15,9,0.455,0.226,0.229,1.0,0.495,0.505,0.634,0.409,0.225,31.5,7.73,23.77,Matt Seelinger,2026-09-17
"McKinstry, Zach",656716,2026,15,9,0.333,0.263,0.07,0.667,0.41,0.257,0.537,0.455,0.082,18.0,10.24,7.76,Zach McKinstry,2026-09-17
"Callihan, Tyler",682997,2026,15,11,0.25,0.282,-0.0319999999999999,0.25,0.415,-0.1649999999999999,0.318,0.38,-0.062,0.0,6.44,-6.44,Tyler Callihan,2026-09-17
"Ramos, Wilkin",678576,2026,15,10,0.455,0.388,0.067,0.545,0.47,0.075,0.508,0.46,0.0479999999999999,22.5,10.55,11.95,Wilkin Ramos,2026-09-17
"Johnson, Ty",694494,2026,15,7,0.3,0.234,0.0659999999999999,0.4,0.363,0.037,0.367,0.358,0.009,6.0,5.59,0.41,Ty Johnson,2026-09-17
"Stratton, Hunter",676702,2026,15,12,0.4,0.403,-0.003,0.467,0.476,-0.0089999999999999,0.381,0.383,-0.002,5.4,6.56,-1.16,Hunter Stratton,2026-09-17
"Murdock, Noah",668716,2026,15,8,0.273,0.153,0.12,0.273,0.222,0.051,0.318,0.259,0.059,0.0,2.77,-2.77,Noah Murdock,2026-09-17
"Eder, Jake",671109,2026,15,13,0.231,0.363,-0.1319999999999999,0.308,0.746,-0.438,0.249,0.459,-0.21,2.25,10.49,-8.24,Jake Eder,2026-09-17
"Strowd, Kade",669704,2026,14,8,0.222,0.406,-0.184,0.222,0.479,-0.257,0.377,0.496,-0.119,3.38,13.1,-9.725,Kade Strowd,2026-09-17
"Hernández, Carlos",672578,2026,14,9,0.385,0.437,-0.0519999999999999,0.692,0.769,-0.077,0.477,0.525,-0.048,6.0,15.59,-9.59,Carlos Hernández,2026-09-17
"Frazier, Adam",624428,2026,14,12,0.583,0.419,0.1639999999999999,0.917,0.559,0.358,0.654,0.465,0.189,18.0,10.87,7.13,Adam Frazier,2026-09-17
"Pannone, Thomas",623381,2026,14,10,0.25,0.317,-0.067,0.5,0.508,-0.008,0.373,0.401,-0.028,6.0,7.35,-1.35,Thomas Pannone,2026-09-17
"Rivas, Leo",660844,2026,13,12,0.818,0.46,0.3579999999999999,1.182,0.889,0.2929999999999999,0.788,0.604,0.184,63.0,25.28,37.72,Leo Rivas,2026-09-17
"Kelly, Carson",608348,2026,13,13,0.308,0.307,0.001,0.769,0.78,-0.011,0.452,0.449,0.003,6.0,9.87,-3.87,Carson Kelly,2026-09-17
"Walston, Blake",686796,2026,13,8,0.125,0.222,-0.097,0.25,0.517,-0.267,0.178,0.323,-0.145,3.0,4.42,-1.42,Blake Walston,2026-09-17
"Brzykcy, Zach",694350,2026,12,8,0.3,0.246,0.0539999999999999,0.4,0.279,0.121,0.37,0.306,0.064,3.0,3.93,-0.93,Zach Brzykcy,2026-09-17
"Rogers, Jake",668670,2026,12,7,0.3,0.272,0.0279999999999999,0.4,0.333,0.067,0.372,0.337,0.0349999999999999,0.0,4.86,-4.86,Jake Rogers,2026-09-17
"Muñoz, Rolddy",691548,2026,12,8,0.455,0.315,0.14,0.727,0.639,0.0879999999999999,0.526,0.428,0.098,13.5,8.69,4.81,Rolddy Muñoz,2026-09-17
"Mateo, Jorge",622761,2026,12,10,0.455,0.38,0.075,0.455,0.442,0.013,0.429,0.387,0.0419999999999999,3.86,6.73,-2.873,Jorge Mateo,2026-09-17
"Rutledge, Jackson",671131,2026,12,8,0.6,0.315,0.285,0.9,0.527,0.373,0.651,0.418,0.233,47.25,8.17,39.08,Jackson Rutledge,2026-09-17
"Castellano, Eiberson",682769,2026,12,9,0.364,0.354,0.01,0.455,0.445,0.01,0.388,0.376,0.012,0.0,6.28,-6.28,Eiberson Castellano,2026-09-17
"Lonsway, Seth",675920,2026,11,9,0.455,0.222,0.233,0.455,0.24,0.215,0.405,0.201,0.204,9.0,1.69,7.31,Seth Lonsway,2026-09-17
"Roxby, Braxton",694820,2026,11,8,0.4,0.205,0.195,0.4,0.246,0.154,0.39,0.246,0.144,9.0,2.5,6.5,Braxton Roxby,2026-09-17
"Uberstine, Tyler",700413,2026,11,8,0.3,0.274,0.0259999999999999,0.7,0.551,0.1489999999999999,0.445,0.378,0.067,3.38,6.36,-2.985,Tyler Uberstine,2026-09-17
"Andrews, Tanner",681084,2026,11,8,0.111,0.135,-0.024,0.111,0.289,-0.178,0.208,0.273,-0.065,0.0,3.09,-3.09,Tanner Andrews,2026-09-17
"Velasquez, Vince",592826,2026,11,10,0.091,0.151,-0.06,0.182,0.199,-0.017,0.115,0.154,-0.0389999999999999,0.0,1.04,-1.04,Vince Velasquez,2026-09-17
"Rincon, Hancel",684516,2026,11,8,0.556,0.472,0.084,1.111,0.878,0.2329999999999999,0.704,0.599,0.1049999999999999,47.25,24.5,22.75,Hancel Rincon,2026-09-17
"Torrens, Luis",620443,2026,11,11,0.364,0.315,0.0489999999999999,0.909,0.524,0.385,0.534,0.36,0.174,7.71,5.66,2.054,Luis Torrens,2026-09-17
"Keller, Brian",662144,2026,11,8,0.182,0.252,-0.07,0.455,0.616,-0.1609999999999999,0.267,0.361,-0.0939999999999999,3.0,5.7,-2.7,Brian Keller,2026-09-17
"Herrera, Welinton",700327,2026,10,7,0.222,0.288,-0.0659999999999999,0.222,0.387,-0.165,0.248,0.334,-0.086,0.0,4.77,-4.77,Welinton Herrera,2026-09-17
"Sánchez, Gary",596142,2026,10,10,0.4,0.327,0.073,0.4,0.367,0.033,0.356,0.304,0.0519999999999999,0.0,3.87,-3.87,Gary Sánchez,2026-09-17
"Kriske, Brooks",621139,2026,10,8,0.2,0.249,-0.0489999999999999,0.2,0.319,-0.119,0.178,0.244,-0.066,0.0,2.46,-2.46,Brooks Kriske,2026-09-17
"Koss, Christian",683766,2026,10,10,0.5,0.408,0.092,0.7,0.535,0.1649999999999999,0.519,0.407,0.112,13.5,7.63,5.87,Christian Koss,2026-09-17
"Acuña, Luisangel",682668,2026,10,9,0.222,0.3,-0.0779999999999999,0.556,0.4,0.156,0.364,0.34,0.0239999999999999,3.86,4.96,-1.103,Luisangel Acuña,2026-09-17
"Ponce, Cody",664074,2026,10,6,0.111,0.177,-0.0659999999999999,0.222,0.277,-0.055,0.196,0.243,-0.0469999999999999,3.86,2.44,1.417,Cody Ponce,2026-09-17
"Jackson, Alex",656577,2026,10,9,0.333,0.12,0.213,1.0,0.262,0.738,0.568,0.215,0.353,13.5,1.92,11.58,Alex Jackson,2026-09-17
"Del Castillo, Adrian",680728,2026,10,9,0.444,0.496,-0.0519999999999999,0.444,0.749,-0.305,0.429,0.532,-0.103,5.4,16.26,-10.86,Adrian Del Castillo,2026-09-17
"Teodo, Emiliano",693713,2026,10,7,0.375,0.287,0.088,0.5,0.413,0.087,0.444,0.38,0.064,10.8,6.44,4.36,Emiliano Teodo,2026-09-17
"Kennedy, Buddy",671083,2026,9,7,0.667,0.409,0.258,1.0,0.634,0.366,0.633,0.515,0.118,36.0,14.68,21.32,Buddy Kennedy,2026-09-17
"Robles, Victor",645302,2026,9,8,0.625,0.49,0.135,0.625,0.619,0.006,0.572,0.504,0.0679999999999999,27.0,13.75,13.25,Victor Robles,2026-09-17
"Santos, Winston",692437,2026,9,7,0.25,0.285,-0.0349999999999999,0.625,0.545,0.0799999999999999,0.404,0.388,0.016,9.0,6.77,2.23,Winston Santos,2026-09-17
"Blach, Ty",621389,2026,9,7,0.111,0.292,-0.181,0.111,0.338,-0.227,0.099,0.269,-0.17,0.0,3.0,-3.0,Ty Blach,2026-09-17
"Duran, Carlos",679922,2026,9,5,0.333,0.166,0.167,0.333,0.199,0.134,0.431,0.334,0.0969999999999999,13.5,4.77,8.73,Carlos Duran,2026-09-17
"Johnston, Troy",687859,2026,9,7,0.143,0.177,-0.034,0.143,0.207,-0.064,0.258,0.289,-0.0309999999999999,0.0,3.48,-3.48,Troy Johnston,2026-09-17
"Nikhazy, Doug",680951,2026,9,6,0.143,0.19,-0.047,0.143,0.208,-0.065,0.254,0.291,-0.0369999999999999,4.5,3.53,0.97,Doug Nikhazy,2026-09-17
"Adams, Blake",687060,2026,9,7,0.714,0.535,0.1789999999999999,1.286,1.109,0.177,0.82,0.698,0.122,45.0,47.15,-2.15,Blake Adams,2026-09-17
"Torres, Bryan",663494,2026,8,7,0.143,0.48,-0.3369999999999999,0.143,0.642,-0.499,0.199,0.516,-0.317,0.0,14.77,-14.77,Bryan Torres,2026-09-17
"Monasterio, Andruw",655316,2026,8,5,0.75,0.426,0.324,2.25,1.081,1.169,0.885,0.601,0.284,67.5,24.81,42.69,Andruw Monasterio,2026-09-17
"White, Josh",687985,2026,8,2,0.333,0.34,-0.007,1.333,1.342,-0.0090000000000001,0.696,0.693,0.003,67.5,45.51,21.99,Josh White,2026-09-17
"Bowden, Ben",641386,2026,8,5,0.4,0.387,0.013,0.6,0.632,-0.032,0.535,0.539,-0.004,36.0,16.97,19.03,Ben Bowden,2026-09-17
"Peterson, Austin",804926,2026,8,5,0.125,0.142,-0.0169999999999999,0.125,0.172,-0.0469999999999999,0.111,0.137,-0.026,0.0,0.85,-0.85,Austin Peterson,2026-09-17
"Davitt, Duncan",701474,2026,8,6,0.286,0.357,-0.071,0.857,0.614,0.243,0.501,0.448,0.0529999999999999,4.5,9.81,-5.31,Duncan Davitt,2026-09-17
"Moore, Dylan",664238,2026,8,6,0.167,0.235,-0.0679999999999999,0.167,0.324,-0.157,0.29,0.379,-0.089,5.4,6.4,-1.0,Dylan Moore,2026-09-17
"Pagés, Pedro",686780,2026,7,7,0.286,0.407,-0.121,0.714,0.991,-0.277,0.42,0.584,-0.1639999999999999,4.5,22.32,-17.82,Pedro Pagés,2026-09-17
"Lopez, Nicky",670032,2026,7,6,0.571,0.355,0.2159999999999999,0.571,0.417,0.1539999999999999,0.509,0.34,0.1689999999999999,9.0,4.96,4.04,Nicky Lopez,2026-09-17
"Holman, Grant",680880,2026,7,6,0.667,0.455,0.212,0.833,0.735,0.0979999999999999,0.661,0.534,0.127,0.0,16.46,-16.46,Grant Holman,2026-09-17
"Estévez, Carlos",608032,2026,7,5,0.8,0.494,0.306,1.4,0.917,0.4829999999999999,0.874,0.628,0.246,162.0,29.44,132.56,Carlos Estévez,2026-09-17
"Díaz, Jhonathan",646242,2026,6,5,0.333,0.299,0.034,0.833,0.796,0.0369999999999999,0.49,0.457,0.0329999999999999,6.75,10.36,-3.61,Jhonathan Díaz,2026-09-17
"Marte, Yunior",628708,2026,6,3,0.75,0.537,0.2129999999999999,1.0,0.654,0.346,0.754,0.561,0.1929999999999999,108.0,19.39,88.61,Yunior Marte,2026-09-17
"Martinez, Seth",661527,2026,6,4,0.4,0.283,0.117,0.6,0.38,0.2199999999999999,0.48,0.36,0.12,9.0,5.66,3.34,Seth Martinez,2026-09-17
"Wade Jr., LaMonte",664774,2026,6,6,0.5,0.517,-0.017,1.167,0.894,0.273,0.7,0.599,0.1009999999999999,18.0,24.5,-6.5,LaMonte Wade Jr.,2026-09-17
"Tromp, Chadwick",644433,2026,6,5,0.6,0.294,0.306,1.4,0.496,0.904,0.816,0.395,0.4209999999999999,18.0,7.08,10.92,Chadwick Tromp,2026-09-17
"Kingham, Nolan",663884,2026,6,3,0.333,0.152,0.181,0.333,0.175,0.158,0.381,0.333,0.0479999999999999,9.0,4.73,4.27,Nolan Kingham,2026-09-17
"Cellucci, Brendan",676454,2026,5,2,0.0,0.083,-0.083,0.0,0.308,-0.308,0.0,0.16,-0.16,0.0,1.12,-1.12,Brendan Cellucci,2026-09-17
"Schuemann, Max",680474,2026,5,4,0.25,0.387,-0.137,0.25,0.447,-0.197,0.318,0.431,-0.1129999999999999,0.0,8.85,-8.85,Max Schuemann,2026-09-17
"Flores Jr., Rafael",804668,2026,5,5,0.4,0.356,0.044,0.4,0.482,-0.0819999999999999,0.356,0.362,-0.006,0.0,5.74,-5.74,Rafael Flores Jr.,2026-09-17
"Little, Luke",681432,2026,5,4,0.4,0.338,0.062,1.0,0.932,0.0679999999999999,0.587,0.527,0.0599999999999999,9.0,15.78,-6.78,Luke Little,2026-09-17
"Tena, José",677588,2026,5,4,0.5,0.378,0.122,0.5,0.463,0.0369999999999999,0.496,0.431,0.065,9.0,8.85,0.15,José Tena,2026-09-17
"Ríos, Yacksel",605441,2026,5,3,0.0,0.345,-0.345,0.0,0.43,-0.43,0.0,0.335,-0.335,0.0,4.8,-4.8,Yacksel Ríos,2026-09-17
"Burkhalter, Blake",686628,2026,5,3,0.333,0.429,-0.0959999999999999,0.333,0.551,-0.218,0.318,0.395,-0.077,9.0,7.08,1.92,Blake Burkhalter,2026-09-17
"McDougal, Tanner",701780,2026,5,1,0.0,0.172,-0.172,0.0,0.177,-0.177,0.565,0.596,-0.031,27.0,24.05,2.95,Tanner McDougal,2026-09-17
"Arcia, Orlando",606115,2026,5,3,0.333,0.234,0.099,0.333,0.286,0.047,0.457,0.411,0.046,9.0,7.82,1.18,Orlando Arcia,2026-09-17
"Hopkins, Brody",811315,2026,5,3,0.25,0.076,0.174,1.0,0.207,0.793,0.549,0.231,0.318,18.0,2.21,15.79,Brody Hopkins,2026-09-17
"Salazar, César",663967,2026,4,4,0.25,0.084,0.1659999999999999,1.0,0.253,0.747,0.512,0.137,0.375,9.0,0.85,8.15,César Salazar,2026-09-17
"Pereda, Jhonny",640902,2026,4,4,0.75,0.312,0.438,1.5,0.542,0.958,0.957,0.362,0.595,54.0,5.74,48.26,Jhonny Pereda,2026-09-17
"Schmidt, Clarke",657376,2026,4,2,0.5,0.466,0.0339999999999999,0.5,0.492,0.008,0.445,0.424,0.021,0.0,8.48,-8.48,Clarke Schmidt,2026-09-17
"Brooks, Aaron",605156,2026,4,2,0.5,0.189,0.311,2.0,0.556,1.444,0.861,0.503,0.358,81.0,13.66,67.34,Aaron Brooks,2026-09-17
"Rojas, Josh",668942,2026,4,4,0.25,0.338,-0.088,0.25,0.398,-0.148,0.223,0.319,-0.096,0.0,4.3,-4.3,Josh Rojas,2026-09-17
"Kelly, Antoine",681520,2026,4,2,0.0,0.396,-0.396,0.0,0.448,-0.448,0.175,0.454,-0.279,0.0,10.18,-10.18,Antoine Kelly,2026-09-17
"Zuñiga, Guillo",670871,2026,4,2,0.0,0.019,-0.019,0.0,0.019,-0.019,0.175,0.187,-0.012,0.0,1.48,-1.48,Guillo Zuñiga,2026-09-17
"Espada, Jose",664744,2026,4,4,0.5,0.364,0.136,0.5,0.412,0.088,0.445,0.34,0.1049999999999999,0.0,4.96,-4.96,Jose Espada,2026-09-17
"Hernández, Enrique",571771,2026,4,4,0.25,0.217,0.033,0.25,0.52,-0.27,0.223,0.306,-0.0829999999999999,0.0,3.93,-3.93,Enrique Hernández,2026-09-17
"Higgins, P.J.",664731,2026,3,2,0.0,0.03,-0.03,0.0,0.045,-0.045,0.0,0.034,-0.034,0.0,0.09,-0.09,P.J. Higgins,2026-09-17
"Weston, Cameron",687721,2026,3,1,0.0,0.241,-0.241,0.0,0.262,-0.262,0.233,0.382,-0.149,0.0,6.52,-6.52,Cameron Weston,2026-09-17
"Meyers, Jake",676694,2026,3,3,0.0,0.407,-0.407,0.0,0.459,-0.459,0.0,0.382,-0.382,0.0,6.52,-6.52,Jake Meyers,2026-09-17
"Short, Zack",670097,2026,3,3,0.0,0.209,-0.209,0.0,0.249,-0.249,0.0,0.204,-0.204,0.0,1.74,-1.74,Zack Short,2026-09-17
"Maile, Luke",571912,2026,3,3,0.0,0.039,-0.039,0.0,0.06,-0.06,0.0,0.044,-0.044,0.0,0.13,-0.13,Luke Maile,2026-09-17
"Haggerty, Sam",664059,2026,3,2,0.0,0.057,-0.057,0.0,0.063,-0.063,0.243,0.278,-0.035,0.0,3.21,-3.21,Sam Haggerty,2026-09-17
"Ross, Dylan",697811,2026,3,3,0.0,0.119,-0.119,0.0,0.141,-0.141,0.0,0.108,-0.108,0.0,0.57,-0.57,Dylan Ross,2026-09-17
"Herget, Kevin",643361,2026,3,3,0.0,0.125,-0.125,0.0,0.178,-0.178,0.0,0.128,-0.128,0.0,0.75,-0.75,Kevin Herget,2026-09-17
"McGuire, Reese",624512,2026,3,3,0.0,0.017,-0.017,0.0,0.046,-0.046,0.0,0.027,-0.027,0.0,0.06,-0.06,Reese McGuire,2026-09-17
"La Sorsa, Joe",686747,2026,2,1,0.5,0.4,0.0999999999999999,2.0,1.544,0.4559999999999999,1.024,0.797,0.2269999999999999,27.0,104.4,-77.4,Joe La Sorsa,2026-09-17
