"last_name, first_name",mlbam_id,year,pa,bip,ba,est_ba,est_ba_minus_ba_diff,slg,est_slg,est_slg_minus_slg_diff,woba,est_woba,est_woba_minus_woba_diff,era,xera,era_minus_xera_diff,name,fetched
"Alcantara, Sandy",645261,2026,833,627,0.246,0.253,-0.007,0.384,0.383,0.001,0.303,0.305,-0.002,3.78,3.89,-0.11,Sandy Alcantara,2026-09-09
"Sánchez, Cristopher",650911,2026,752,497,0.25,0.234,0.0159999999999999,0.351,0.35,0.001,0.288,0.279,0.0089999999999999,2.58,3.22,-0.639,Cristopher Sánchez,2026-09-09
"Wacha, Michael",608379,2026,736,535,0.227,0.241,-0.0139999999999999,0.4,0.4,0.0,0.298,0.304,-0.006,3.25,3.86,-0.608,Michael Wacha,2026-09-09
"Luzardo, Jesús",666200,2026,727,443,0.215,0.204,0.011,0.33,0.304,0.026,0.275,0.262,0.013,2.87,2.83,0.041,Jesús Luzardo,2026-09-09
"Rodriguez, Eduardo",593958,2026,710,524,0.233,0.255,-0.0219999999999999,0.364,0.416,-0.0519999999999999,0.293,0.32,-0.027,2.55,4.32,-1.771,Eduardo Rodriguez,2026-09-09
"Bibee, Tanner",676440,2026,704,513,0.237,0.252,-0.015,0.408,0.419,-0.011,0.31,0.32,-0.01,4.22,4.32,-0.101,Tanner Bibee,2026-09-09
"Schlittler, Cam",693645,2026,701,431,0.189,0.209,-0.0199999999999999,0.309,0.336,-0.027,0.247,0.265,-0.018,2.02,2.9,-0.885,Cam Schlittler,2026-09-09
"Baz, Shane",669358,2026,695,489,0.26,0.249,0.011,0.39,0.39,0.0,0.312,0.31,0.002,3.91,4.03,-0.118,Shane Baz,2026-09-09
"Valdez, Framber",664285,2026,688,497,0.257,0.261,-0.004,0.38,0.392,-0.012,0.319,0.324,-0.005,4.17,4.44,-0.273,Framber Valdez,2026-09-09
"King, Michael",650633,2026,686,463,0.215,0.237,-0.0219999999999999,0.339,0.4,-0.061,0.292,0.321,-0.029,3.0,4.35,-1.35,Michael King,2026-09-09
"Lugo, Seth",607625,2026,685,508,0.289,0.279,0.0099999999999999,0.463,0.452,0.011,0.351,0.344,0.007,5.04,5.08,-0.042,Seth Lugo,2026-09-09
"Gore, MacKenzie",669022,2026,684,444,0.242,0.24,0.002,0.396,0.374,0.022,0.315,0.306,0.009,4.51,3.92,0.59,MacKenzie Gore,2026-09-09
"Gausman, Kevin",592332,2026,683,473,0.255,0.247,0.008,0.407,0.401,0.0059999999999999,0.31,0.305,0.005,4.38,3.89,0.49,Kevin Gausman,2026-09-09
"Soriano, José",667755,2026,681,449,0.23,0.249,-0.0189999999999999,0.336,0.392,-0.0559999999999999,0.297,0.324,-0.027,3.48,4.44,-0.961,José Soriano,2026-09-09
"Williams, Gavin",668909,2026,681,396,0.213,0.222,-0.009,0.386,0.401,-0.015,0.293,0.301,-0.008,3.78,3.78,0.001,Gavin Williams,2026-09-09
"Bradley, Taj",671737,2026,675,419,0.222,0.225,-0.003,0.383,0.379,0.004,0.305,0.306,-0.001,3.95,3.92,0.034,Taj Bradley,2026-09-09
"Detmers, Reid",672282,2026,672,430,0.211,0.215,-0.004,0.337,0.355,-0.0179999999999999,0.268,0.277,-0.009,3.32,3.17,0.151,Reid Detmers,2026-09-09
"McLean, Nolan",690997,2026,671,412,0.205,0.218,-0.013,0.325,0.335,-0.01,0.284,0.295,-0.011,3.06,3.62,-0.558,Nolan McLean,2026-09-09
"Cameron, Noah",702070,2026,669,469,0.234,0.243,-0.0089999999999999,0.38,0.397,-0.017,0.297,0.307,-0.01,3.93,3.95,-0.021,Noah Cameron,2026-09-09
"Kirby, George",669923,2026,667,494,0.283,0.26,0.0229999999999999,0.445,0.407,0.038,0.336,0.31,0.026,4.18,4.03,0.15,George Kirby,2026-09-09
"Peralta, Freddy",642547,2026,667,462,0.255,0.238,0.017,0.432,0.381,0.0509999999999999,0.332,0.306,0.026,4.82,3.92,0.904,Freddy Peralta,2026-09-09
"Ashcraft, Braxton",677952,2026,667,452,0.235,0.232,0.0029999999999999,0.386,0.369,0.017,0.292,0.287,0.005,3.65,3.42,0.227,Braxton Ashcraft,2026-09-09
"Abbott, Andrew",671096,2026,664,472,0.251,0.262,-0.011,0.414,0.432,-0.018,0.327,0.338,-0.011,4.43,4.88,-0.449,Andrew Abbott,2026-09-09
"Cavalli, Cade",676917,2026,663,418,0.236,0.234,0.0019999999999999,0.358,0.365,-0.007,0.296,0.298,-0.002,3.12,3.7,-0.58,Cade Cavalli,2026-09-09
"Messick, Parker",800048,2026,663,443,0.21,0.222,-0.012,0.346,0.335,0.0109999999999999,0.269,0.271,-0.002,2.53,3.03,-0.497,Parker Messick,2026-09-09
"Nola, Aaron",605400,2026,663,448,0.265,0.238,0.027,0.479,0.407,0.072,0.345,0.307,0.0379999999999999,4.76,3.95,0.811,Aaron Nola,2026-09-09
"Gilbert, Logan",669302,2026,661,438,0.221,0.234,-0.013,0.409,0.397,0.0119999999999999,0.297,0.299,-0.002,3.71,3.73,-0.021,Logan Gilbert,2026-09-09
"Singer, Brady",663903,2026,658,474,0.279,0.274,0.005,0.466,0.452,0.014,0.356,0.348,0.008,5.03,5.22,-0.188,Brady Singer,2026-09-09
"Griffin, Foster",656492,2026,657,466,0.235,0.257,-0.022,0.399,0.417,-0.0179999999999999,0.303,0.318,-0.015,3.26,4.26,-1.004,Foster Griffin,2026-09-09
"Bradish, Kyle",680694,2026,652,441,0.257,0.241,0.016,0.418,0.393,0.0249999999999999,0.332,0.318,0.014,3.91,4.26,-0.352,Kyle Bradish,2026-09-09
"Burke, Sean",680732,2026,649,415,0.226,0.23,-0.004,0.386,0.376,0.01,0.305,0.302,0.003,3.58,3.81,-0.233,Sean Burke,2026-09-09
"Cease, Dylan",656302,2026,644,347,0.177,0.19,-0.013,0.268,0.288,-0.0199999999999999,0.247,0.259,-0.012,2.4,2.76,-0.361,Dylan Cease,2026-09-09
"Webb, Logan",657277,2026,644,465,0.236,0.26,-0.024,0.346,0.384,-0.038,0.287,0.311,-0.024,4.11,4.06,0.045,Logan Webb,2026-09-09
"Martinez, Nick",607259,2026,643,521,0.249,0.271,-0.022,0.396,0.424,-0.0279999999999999,0.294,0.316,-0.022,3.04,4.2,-1.162,Nick Martinez,2026-09-09
"Kelly, Merrill",518876,2026,641,474,0.271,0.298,-0.0269999999999999,0.474,0.528,-0.054,0.355,0.387,-0.032,5.06,6.71,-1.651,Merrill Kelly,2026-09-09
"Skenes, Paul",694973,2026,640,403,0.231,0.217,0.014,0.372,0.343,0.0289999999999999,0.295,0.28,0.0149999999999999,3.83,3.24,0.592,Paul Skenes,2026-09-09
"Ray, Robbie",592662,2026,638,433,0.229,0.245,-0.0159999999999999,0.384,0.423,-0.0389999999999999,0.314,0.335,-0.021,3.39,4.78,-1.39,Robbie Ray,2026-09-09
"Roupp, Landen",694738,2026,637,421,0.218,0.229,-0.011,0.333,0.338,-0.005,0.293,0.298,-0.005,4.0,3.7,0.302,Landen Roupp,2026-09-09
"Imanaga, Shota",684007,2026,637,444,0.236,0.235,0.001,0.439,0.41,0.029,0.314,0.302,0.012,3.92,3.81,0.105,Shota Imanaga,2026-09-09
"McGreevy, Michael",700241,2026,635,486,0.257,0.281,-0.024,0.424,0.479,-0.0549999999999999,0.318,0.352,-0.0339999999999999,3.92,5.36,-1.444,Michael McGreevy,2026-09-09
"Yamamoto, Yoshinobu",808967,2026,634,429,0.187,0.216,-0.0289999999999999,0.317,0.341,-0.024,0.248,0.271,-0.023,2.67,3.03,-0.357,Yoshinobu Yamamoto,2026-09-09
"Cantillo, Joey",676282,2026,634,398,0.256,0.232,0.0239999999999999,0.41,0.374,0.0359999999999999,0.339,0.316,0.023,4.0,4.2,-0.2,Joey Cantillo,2026-09-09
"Woo, Bryan",693433,2026,633,435,0.224,0.235,-0.0109999999999999,0.368,0.385,-0.017,0.281,0.292,-0.0109999999999999,4.03,3.54,0.49,Bryan Woo,2026-09-09
"Elder, Bryce",693821,2026,633,459,0.244,0.252,-0.008,0.407,0.401,0.0059999999999999,0.313,0.313,0.0,4.11,4.11,-0.003,Bryce Elder,2026-09-09
"Kay, Anthony",641743,2026,633,444,0.259,0.26,-0.001,0.428,0.416,0.012,0.34,0.34,0.0,4.47,4.95,-0.482,Anthony Kay,2026-09-09
"Rogers, Trevor",669432,2026,629,451,0.252,0.24,0.012,0.403,0.383,0.02,0.306,0.294,0.012,4.15,3.6,0.554,Trevor Rogers,2026-09-09
"Misiorowski, Jacob",694819,2026,616,330,0.156,0.171,-0.015,0.252,0.254,-0.002,0.218,0.225,-0.007,1.95,2.09,-0.138,Jacob Misiorowski,2026-09-09
"Chandler, Bubba",696149,2026,613,406,0.225,0.23,-0.005,0.36,0.367,-0.007,0.306,0.309,-0.003,4.25,4.0,0.246,Bubba Chandler,2026-09-09
"Gray, Sonny",543243,2026,611,431,0.24,0.247,-0.007,0.38,0.373,0.007,0.298,0.297,0.001,2.69,3.67,-0.982,Sonny Gray,2026-09-09
"Liberatore, Matthew",669461,2026,608,410,0.283,0.264,0.0189999999999999,0.468,0.448,0.02,0.353,0.337,0.0159999999999999,5.57,4.85,0.718,Matthew Liberatore,2026-09-09
"Young, Brandon",687064,2026,605,437,0.258,0.257,0.001,0.418,0.408,0.01,0.326,0.322,0.004,3.71,4.38,-0.669,Brandon Young,2026-09-09
"Burns, Chase",695505,2026,602,373,0.216,0.207,0.009,0.353,0.346,0.007,0.283,0.276,0.0069999999999999,2.73,3.15,-0.42,Chase Burns,2026-09-09
"Sale, Chris",519242,2026,601,375,0.219,0.222,-0.003,0.308,0.332,-0.024,0.262,0.272,-0.01,2.1,3.06,-0.96,Chris Sale,2026-09-09
"Peterson, David",656849,2026,599,419,0.28,0.275,0.005,0.418,0.413,0.005,0.341,0.341,0.0,5.28,4.98,0.297,David Peterson,2026-09-09
"Rasmussen, Drew",656876,2026,598,408,0.2,0.229,-0.0289999999999999,0.307,0.349,-0.0419999999999999,0.245,0.274,-0.029,2.88,3.1,-0.224,Drew Rasmussen,2026-09-09
"Lambert, Peter",663567,2026,595,390,0.223,0.215,0.008,0.34,0.354,-0.0139999999999999,0.295,0.296,-0.001,3.67,3.65,0.023,Peter Lambert,2026-09-09
"Warren, Will",701542,2026,594,408,0.264,0.263,0.001,0.448,0.42,0.028,0.335,0.327,0.008,4.16,4.53,-0.371,Will Warren,2026-09-09
"Rocker, Kumar",677958,2026,593,407,0.262,0.256,0.006,0.438,0.419,0.019,0.338,0.329,0.009,4.61,4.59,0.021,Kumar Rocker,2026-09-09
"Lorenzen, Michael",547179,2026,589,447,0.337,0.299,0.038,0.541,0.488,0.053,0.402,0.37,0.032,7.03,6.02,1.007,Michael Lorenzen,2026-09-09
"Pallante, Andre",669467,2026,584,435,0.246,0.249,-0.003,0.355,0.371,-0.016,0.298,0.305,-0.007,3.51,3.89,-0.379,Andre Pallante,2026-09-09
"Holmes, Grant",656550,2026,583,413,0.233,0.254,-0.0209999999999999,0.386,0.429,-0.0429999999999999,0.308,0.333,-0.025,3.46,4.72,-1.255,Grant Holmes,2026-09-09
"deGrom, Jacob",594798,2026,582,370,0.225,0.234,-0.009,0.373,0.387,-0.014,0.283,0.292,-0.009,3.96,3.54,0.416,Jacob deGrom,2026-09-09
"Manaea, Sean",640455,2026,582,401,0.267,0.26,0.007,0.474,0.454,0.0199999999999999,0.35,0.34,0.0099999999999999,4.79,4.95,-0.157,Sean Manaea,2026-09-09
"Pérez, Eury",691587,2026,581,361,0.218,0.22,-0.002,0.377,0.39,-0.013,0.308,0.312,-0.004,3.94,4.09,-0.15,Eury Pérez,2026-09-09
"Ginn, J.T.",669372,2026,580,393,0.225,0.241,-0.0159999999999999,0.368,0.372,-0.004,0.303,0.312,-0.009,3.71,4.09,-0.382,J.T. Ginn,2026-09-09
"Montero, Keider",672456,2026,577,444,0.216,0.23,-0.014,0.356,0.38,-0.024,0.272,0.287,-0.0149999999999999,3.52,3.42,0.104,Keider Montero,2026-09-09
"Buehler, Walker",621111,2026,576,403,0.255,0.244,0.011,0.413,0.397,0.0159999999999999,0.326,0.314,0.012,4.55,4.14,0.415,Walker Buehler,2026-09-09
"Rea, Colin",607067,2026,572,419,0.261,0.276,-0.015,0.431,0.48,-0.0489999999999999,0.335,0.357,-0.0219999999999999,4.5,5.54,-1.04,Colin Rea,2026-09-09
"Springs, Jeffrey",605488,2026,572,413,0.266,0.252,0.014,0.519,0.445,0.074,0.365,0.336,0.0289999999999999,6.02,4.82,1.203,Jeffrey Springs,2026-09-09
"Weathers, Ryan",677960,2026,568,384,0.249,0.255,-0.006,0.394,0.424,-0.0299999999999999,0.306,0.319,-0.013,3.6,4.29,-0.686,Ryan Weathers,2026-09-09
"Castillo, Luis",622491,2026,567,410,0.282,0.269,0.0129999999999999,0.489,0.455,0.0339999999999999,0.358,0.339,0.0189999999999999,5.57,4.91,0.661,Luis Castillo,2026-09-09
"Hancock, Emerson",676106,2026,566,401,0.24,0.242,-0.002,0.399,0.41,-0.0109999999999999,0.302,0.308,-0.006,3.57,3.97,-0.4,Emerson Hancock,2026-09-09
"Sugano, Tomoyuki",608372,2026,566,454,0.282,0.312,-0.03,0.53,0.554,-0.024,0.362,0.389,-0.027,5.2,6.8,-1.605,Tomoyuki Sugano,2026-09-09
"May, Dustin",669160,2026,562,379,0.259,0.251,0.008,0.381,0.386,-0.005,0.317,0.319,-0.002,4.69,4.29,0.403,Dustin May,2026-09-09
"Leahy, Kyle",681517,2026,559,391,0.268,0.271,-0.003,0.414,0.448,-0.034,0.325,0.337,-0.012,3.41,4.85,-1.441,Kyle Leahy,2026-09-09
"Eovaldi, Nathan",543135,2026,555,378,0.25,0.25,0.0,0.439,0.421,0.018,0.323,0.316,0.007,4.21,4.2,0.006,Nathan Eovaldi,2026-09-09
"Freeland, Kyle",607536,2026,554,417,0.296,0.282,0.014,0.528,0.476,0.052,0.371,0.346,0.025,6.37,5.15,1.22,Kyle Freeland,2026-09-09
"Martin, Davis",663436,2026,553,390,0.264,0.271,-0.007,0.396,0.413,-0.0169999999999999,0.321,0.33,-0.009,4.13,4.63,-0.497,Davis Martin,2026-09-09
"Ureña, Walbert",700712,2026,552,355,0.198,0.207,-0.0089999999999999,0.291,0.314,-0.023,0.275,0.286,-0.0109999999999999,2.74,3.39,-0.649,Walbert Ureña,2026-09-09
"Fedde, Erick",607200,2026,552,410,0.257,0.256,0.001,0.434,0.435,-0.001,0.329,0.33,-0.001,4.0,4.63,-0.633,Erick Fedde,2026-09-09
"Tolle, Payton",801139,2026,551,351,0.219,0.198,0.0209999999999999,0.373,0.317,0.0559999999999999,0.285,0.255,0.0299999999999999,3.15,2.68,0.473,Payton Tolle,2026-09-09
"Skubal, Tarik",669373,2026,548,355,0.217,0.229,-0.012,0.348,0.342,0.0059999999999999,0.267,0.27,-0.003,2.83,3.01,-0.175,Tarik Skubal,2026-09-09
"Wheeler, Zack",554430,2026,547,337,0.209,0.206,0.003,0.373,0.329,0.0439999999999999,0.287,0.271,0.0159999999999999,3.23,3.03,0.205,Zack Wheeler,2026-09-09
"Mahle, Tyler",641816,2026,545,375,0.251,0.251,0.0,0.403,0.397,0.006,0.314,0.313,0.001,4.05,4.11,-0.057,Tyler Mahle,2026-09-09
"Wrobleski, Justin",680736,2026,543,398,0.24,0.271,-0.031,0.408,0.452,-0.044,0.304,0.333,-0.029,3.84,4.72,-0.882,Justin Wrobleski,2026-09-09
"Suarez, Ranger",624133,2026,543,374,0.242,0.249,-0.007,0.342,0.354,-0.0119999999999999,0.291,0.298,-0.007,3.44,3.7,-0.256,Ranger Suarez,2026-09-09
"Ryan, Joe",657746,2026,542,362,0.237,0.223,0.0139999999999999,0.408,0.39,0.0179999999999999,0.301,0.29,0.011,3.68,3.49,0.189,Joe Ryan,2026-09-09
"Vásquez, Randy",681190,2026,540,419,0.264,0.286,-0.0219999999999999,0.43,0.491,-0.061,0.324,0.358,-0.0339999999999999,3.98,5.57,-1.593,Randy Vásquez,2026-09-09
"Littell, Zack",641793,2026,540,425,0.278,0.299,-0.0209999999999999,0.511,0.539,-0.028,0.36,0.384,-0.024,5.21,6.59,-1.378,Zack Littell,2026-09-09
"Lowder, Rhett",695076,2026,522,379,0.27,0.268,0.002,0.441,0.458,-0.017,0.343,0.347,-0.0039999999999999,5.43,5.18,0.251,Rhett Lowder,2026-09-09
"Pérez, Martín",527048,2026,521,370,0.227,0.268,-0.041,0.371,0.403,-0.032,0.302,0.334,-0.032,3.25,4.75,-1.501,Martín Pérez,2026-09-09
"Sasaki, Roki",808963,2026,511,341,0.244,0.246,-0.002,0.468,0.41,0.058,0.343,0.323,0.02,4.6,4.41,0.191,Roki Sasaki,2026-09-09
"Cecconi, Slade",677944,2026,510,377,0.289,0.27,0.0189999999999999,0.469,0.454,0.0149999999999999,0.351,0.337,0.0139999999999999,5.06,4.85,0.208,Slade Cecconi,2026-09-09
"Keller, Mitch",656605,2026,503,364,0.259,0.288,-0.0289999999999999,0.426,0.455,-0.029,0.334,0.355,-0.0209999999999999,5.29,5.46,-0.169,Mitch Keller,2026-09-09
"Ober, Bailey",641927,2026,498,376,0.246,0.249,-0.003,0.424,0.452,-0.028,0.317,0.327,-0.01,4.28,4.53,-0.247,Bailey Ober,2026-09-09
"Mikolas, Miles",571945,2026,498,415,0.293,0.288,0.005,0.527,0.506,0.021,0.364,0.354,0.01,5.82,5.43,0.389,Miles Mikolas,2026-09-09
"Mlodzinski, Carmen",669387,2026,493,363,0.264,0.287,-0.0229999999999999,0.382,0.436,-0.0539999999999999,0.313,0.342,-0.029,3.9,5.01,-1.107,Carmen Mlodzinski,2026-09-09
"Lopez, Jacob",682052,2026,492,331,0.252,0.21,0.042,0.425,0.347,0.078,0.336,0.29,0.046,4.78,3.49,1.294,Jacob Lopez,2026-09-09
"Phillips, Tyler",663969,2026,491,346,0.24,0.256,-0.016,0.389,0.413,-0.0239999999999999,0.315,0.329,-0.014,3.51,4.59,-1.078,Tyler Phillips,2026-09-09
"Matthews, Zebby",805673,2026,487,353,0.253,0.256,-0.003,0.451,0.439,0.012,0.329,0.328,0.001,4.69,4.56,0.132,Zebby Matthews,2026-09-09
"McClanahan, Shane",663556,2026,487,337,0.211,0.245,-0.034,0.324,0.413,-0.0889999999999999,0.273,0.318,-0.0449999999999999,3.36,4.26,-0.904,Shane McClanahan,2026-09-09
"Mize, Casey",663554,2026,486,348,0.23,0.229,0.001,0.398,0.379,0.019,0.293,0.289,0.004,3.7,3.47,0.226,Casey Mize,2026-09-09
"Seymour, Ian",693855,2026,486,309,0.23,0.223,0.007,0.447,0.402,0.0449999999999999,0.314,0.295,0.019,4.33,3.62,0.712,Ian Seymour,2026-09-09
"Drohan, Shane",675660,2026,484,325,0.255,0.229,0.0259999999999999,0.402,0.368,0.034,0.319,0.297,0.022,4.09,3.67,0.423,Shane Drohan,2026-09-09
"Painter, Andrew",691725,2026,483,342,0.271,0.253,0.018,0.447,0.426,0.021,0.343,0.327,0.016,5.71,4.53,1.18,Andrew Painter,2026-09-09
"Pfaadt, Brandon",694297,2026,482,371,0.238,0.244,-0.006,0.38,0.389,-0.009,0.294,0.3,-0.006,3.53,3.75,-0.222,Brandon Pfaadt,2026-09-09
"Feltner, Ryan",663372,2026,479,349,0.284,0.262,0.0219999999999999,0.514,0.468,0.0459999999999999,0.372,0.348,0.024,5.91,5.22,0.686,Ryan Feltner,2026-09-09
"Perkins, Jack",678022,2026,473,297,0.269,0.231,0.038,0.473,0.384,0.0889999999999999,0.361,0.311,0.0499999999999999,6.53,4.06,2.472,Jack Perkins,2026-09-09
"Harrison, Kyle",690986,2026,471,300,0.249,0.238,0.011,0.436,0.383,0.0529999999999999,0.325,0.299,0.026,3.66,3.73,-0.07,Kyle Harrison,2026-09-09
"Houser, Adrian",605288,2026,470,357,0.257,0.268,-0.011,0.434,0.453,-0.019,0.326,0.339,-0.013,4.02,4.91,-0.889,Adrian Houser,2026-09-09
"Prielipp, Connor",687570,2026,467,304,0.26,0.239,0.021,0.418,0.393,0.0249999999999999,0.329,0.313,0.016,5.25,4.11,1.14,Connor Prielipp,2026-09-09
"Lauer, Eric",641778,2026,466,353,0.256,0.256,0.0,0.486,0.475,0.011,0.347,0.342,0.0049999999999999,5.23,5.01,0.224,Eric Lauer,2026-09-09
"Meyer, Max",676974,2026,462,293,0.207,0.227,-0.02,0.339,0.375,-0.0359999999999999,0.282,0.304,-0.022,2.68,3.86,-1.184,Max Meyer,2026-09-09
"Arrighetti, Spencer",681293,2026,459,286,0.221,0.241,-0.0199999999999999,0.387,0.414,-0.0269999999999999,0.329,0.35,-0.0209999999999999,5.12,5.29,-0.168,Spencer Arrighetti,2026-09-09
"Civale, Aaron",650644,2026,456,333,0.281,0.257,0.024,0.471,0.425,0.0459999999999999,0.349,0.322,0.0269999999999999,4.28,4.38,-0.098,Aaron Civale,2026-09-09
"Bello, Brayan",678394,2026,454,335,0.282,0.291,-0.009,0.411,0.458,-0.047,0.331,0.351,-0.0199999999999999,4.82,5.32,-0.499,Brayan Bello,2026-09-09
"Cole, Gerrit",543037,2026,453,314,0.232,0.246,-0.0139999999999999,0.407,0.393,0.0139999999999999,0.296,0.296,0.0,3.4,3.65,-0.245,Gerrit Cole,2026-09-09
"Junk, Janson",676083,2026,453,346,0.262,0.259,0.003,0.409,0.408,0.001,0.316,0.317,-0.001,4.0,4.23,-0.23,Janson Junk,2026-09-09
"Boyd, Matthew",571510,2026,450,324,0.244,0.261,-0.017,0.391,0.43,-0.0389999999999999,0.312,0.331,-0.019,4.03,4.66,-0.626,Matthew Boyd,2026-09-09
"Gallen, Zac",668678,2026,440,344,0.304,0.313,-0.009,0.506,0.53,-0.024,0.373,0.384,-0.011,6.34,6.59,-0.253,Zac Gallen,2026-09-09
"Melton, Troy",675512,2026,434,311,0.21,0.236,-0.0259999999999999,0.37,0.371,-0.001,0.284,0.297,-0.013,2.42,3.67,-1.253,Troy Melton,2026-09-09
"Sheehan, Emmet",686218,2026,433,276,0.247,0.227,0.0199999999999999,0.476,0.4,0.0759999999999999,0.339,0.305,0.034,5.08,3.89,1.189,Emmet Sheehan,2026-09-09
"Scott, Christian",681035,2026,431,258,0.223,0.226,-0.003,0.347,0.351,-0.004,0.302,0.303,-0.001,3.81,3.84,-0.035,Christian Scott,2026-09-09
"Jump, Gage",695611,2026,425,271,0.266,0.26,0.006,0.411,0.398,0.0129999999999999,0.333,0.326,0.007,5.12,4.5,0.621,Gage Jump,2026-09-09
"Burrows, Mike",681347,2026,423,309,0.292,0.263,0.0289999999999999,0.508,0.44,0.068,0.376,0.335,0.0409999999999999,5.99,4.78,1.209,Mike Burrows,2026-09-09
"Quantrill, Cal",615698,2026,417,309,0.219,0.242,-0.0229999999999999,0.352,0.407,-0.0549999999999999,0.276,0.305,-0.0289999999999999,2.89,3.89,-0.997,Cal Quantrill,2026-09-09
"Miller, Bryce",682243,2026,415,284,0.23,0.224,0.006,0.42,0.376,0.0439999999999999,0.306,0.288,0.018,4.22,3.44,0.781,Bryce Miller,2026-09-09
"Anderson, Drew",623454,2026,415,263,0.236,0.227,0.0089999999999999,0.404,0.367,0.037,0.321,0.305,0.016,3.8,3.89,-0.086,Drew Anderson,2026-09-09
"Patrick, Chad",694477,2026,414,282,0.224,0.239,-0.0149999999999999,0.362,0.384,-0.022,0.299,0.313,-0.014,3.24,4.11,-0.87,Chad Patrick,2026-09-09
"Sproat, Brandon",687075,2026,414,257,0.248,0.246,0.002,0.439,0.41,0.029,0.351,0.339,0.0119999999999999,5.27,4.91,0.358,Brandon Sproat,2026-09-09
"Irvin, Jake",663623,2026,406,265,0.251,0.253,-0.002,0.425,0.451,-0.026,0.339,0.351,-0.0119999999999999,5.52,5.32,0.198,Jake Irvin,2026-09-09
"Lodolo, Nick",666157,2026,406,279,0.288,0.294,-0.006,0.509,0.486,0.023,0.381,0.38,0.001,5.12,6.42,-1.301,Nick Lodolo,2026-09-09
"Gordon, Tanner",685299,2026,406,311,0.304,0.259,0.0449999999999999,0.528,0.457,0.071,0.368,0.323,0.0449999999999999,5.4,4.41,0.99,Tanner Gordon,2026-09-09
"Alvarez, Andrew",674841,2026,401,264,0.233,0.251,-0.0179999999999999,0.344,0.381,-0.037,0.3,0.321,-0.021,3.6,4.35,-0.75,Andrew Alvarez,2026-09-09
"Jax, Griffin",643377,2026,396,261,0.25,0.258,-0.008,0.409,0.424,-0.015,0.314,0.328,-0.014,3.82,4.56,-0.744,Griffin Jax,2026-09-09
"Gasser, Robert",688107,2026,396,272,0.247,0.249,-0.002,0.427,0.393,0.0339999999999999,0.327,0.315,0.012,4.43,4.17,0.264,Robert Gasser,2026-09-09
"Bennett, Jake",687562,2026,395,293,0.229,0.228,0.001,0.338,0.367,-0.0289999999999999,0.265,0.279,-0.014,3.34,3.22,0.121,Jake Bennett,2026-09-09
"Soroka, Michael",647336,2026,395,274,0.24,0.261,-0.021,0.362,0.412,-0.0499999999999999,0.291,0.319,-0.028,3.4,4.29,-0.891,Michael Soroka,2026-09-09
"Early, Connelly",813349,2026,390,254,0.235,0.234,0.0009999999999999,0.401,0.408,-0.0069999999999999,0.32,0.32,0.0,3.44,4.32,-0.884,Connelly Early,2026-09-09
"Flaherty, Jack",656427,2026,389,238,0.24,0.236,0.004,0.416,0.394,0.0219999999999999,0.33,0.323,0.007,4.59,4.41,0.177,Jack Flaherty,2026-09-09
"Bassitt, Chris",605135,2026,388,285,0.298,0.285,0.013,0.43,0.413,0.017,0.355,0.343,0.0119999999999999,4.96,5.05,-0.093,Chris Bassitt,2026-09-09
"Yesavage, Trey",702056,2026,386,247,0.185,0.2,-0.015,0.339,0.33,0.009,0.28,0.285,-0.0049999999999999,3.65,3.37,0.281,Trey Yesavage,2026-09-09
"Rodriguez, Grayson",680570,2026,370,252,0.283,0.273,0.0099999999999999,0.495,0.472,0.023,0.369,0.36,0.009,6.28,5.64,0.642,Grayson Rodriguez,2026-09-09
"Taillon, Jameson",592791,2026,370,260,0.253,0.261,-0.008,0.527,0.532,-0.005,0.364,0.367,-0.003,5.65,5.91,-0.259,Jameson Taillon,2026-09-09
"Fried, Max",608331,2026,368,250,0.199,0.202,-0.003,0.265,0.266,-0.001,0.242,0.248,-0.006,2.73,2.53,0.198,Max Fried,2026-09-09
"Blubaugh, AJ",805123,2026,366,239,0.219,0.222,-0.003,0.384,0.384,0.0,0.3,0.307,-0.007,3.15,3.95,-0.803,AJ Blubaugh,2026-09-09
"Brown, Hunter",686613,2026,365,222,0.213,0.202,0.0109999999999999,0.338,0.328,0.01,0.3,0.291,0.009,3.31,3.52,-0.21,Hunter Brown,2026-09-09
"Corbin, Patrick",571578,2026,360,266,0.302,0.289,0.013,0.477,0.463,0.0139999999999999,0.364,0.356,0.008,5.51,5.5,0.013,Patrick Corbin,2026-09-09
"Leiter, Jack",683004,2026,355,233,0.255,0.257,-0.002,0.439,0.43,0.009,0.34,0.337,0.003,5.29,4.85,0.437,Jack Leiter,2026-09-09
"Nelson, Ryne",669194,2026,355,265,0.249,0.261,-0.012,0.477,0.5,-0.023,0.336,0.349,-0.0129999999999999,4.97,5.25,-0.282,Ryne Nelson,2026-09-09
"Agnos, Zach",688642,2026,355,269,0.282,0.283,-0.001,0.453,0.455,-0.002,0.345,0.348,-0.003,5.6,5.22,0.382,Zach Agnos,2026-09-09
"Suter, Brent",608718,2026,355,255,0.258,0.255,0.003,0.409,0.393,0.0159999999999999,0.316,0.308,0.008,3.52,3.97,-0.448,Brent Suter,2026-09-09
"Canning, Griffin",656288,2026,353,230,0.274,0.246,0.028,0.443,0.407,0.036,0.354,0.328,0.0259999999999999,5.87,4.56,1.314,Griffin Canning,2026-09-09
"Assad, Javier",665871,2026,352,265,0.231,0.266,-0.035,0.397,0.427,-0.0299999999999999,0.303,0.33,-0.027,3.58,4.63,-1.05,Javier Assad,2026-09-09
"Miles, Spencer",693686,2026,350,247,0.218,0.23,-0.012,0.298,0.322,-0.024,0.252,0.267,-0.015,2.77,2.94,-0.168,Spencer Miles,2026-09-09
"Ashby, Aaron",676879,2026,349,199,0.232,0.198,0.034,0.33,0.283,0.047,0.295,0.263,0.0319999999999999,3.25,2.85,0.399,Aaron Ashby,2026-09-09
"Holmes, Clay",605280,2026,349,251,0.21,0.257,-0.047,0.293,0.369,-0.076,0.262,0.311,-0.0489999999999999,2.83,4.06,-1.234,Clay Holmes,2026-09-09
"Ohtani, Shohei",660271,2026,340,213,0.18,0.201,-0.021,0.262,0.287,-0.0249999999999999,0.239,0.257,-0.018,1.79,2.72,-0.934,Shohei Ohtani,2026-09-09
"Johnson, Ryan",696270,2026,339,239,0.242,0.259,-0.017,0.433,0.451,-0.018,0.338,0.35,-0.0119999999999999,5.17,5.29,-0.12,Ryan Johnson,2026-09-09
"Ramírez, Yohan",670990,2026,335,189,0.196,0.212,-0.0159999999999999,0.296,0.296,0.0,0.282,0.288,-0.006,3.14,3.44,-0.298,Yohan Ramírez,2026-09-09
"Jones, Jared",683003,2026,333,211,0.23,0.221,0.009,0.417,0.38,0.0369999999999999,0.312,0.295,0.017,4.46,3.62,0.842,Jared Jones,2026-09-09
"Newcomb, Sean",656794,2026,330,221,0.205,0.246,-0.041,0.291,0.356,-0.065,0.262,0.303,-0.0409999999999999,2.42,3.84,-1.416,Sean Newcomb,2026-09-09
"Cabrera, Edward",665795,2026,329,228,0.268,0.267,0.001,0.464,0.447,0.017,0.35,0.344,0.006,5.68,5.08,0.604,Edward Cabrera,2026-09-09
"Teng, Kai-Wei",678906,2026,329,210,0.245,0.249,-0.004,0.415,0.404,0.0109999999999999,0.342,0.339,0.003,4.76,4.91,-0.145,Kai-Wei Teng,2026-09-09
"Gusto, Ryan",687473,2026,322,233,0.272,0.274,-0.002,0.429,0.424,0.005,0.334,0.332,0.002,4.23,4.69,-0.46,Ryan Gusto,2026-09-09
"Morejon, Adrian",670970,2026,322,197,0.21,0.199,0.0109999999999999,0.278,0.269,0.009,0.246,0.237,0.009,2.86,2.32,0.54,Adrian Morejon,2026-09-09
"Lord, Brad",695418,2026,321,213,0.218,0.233,-0.015,0.325,0.372,-0.0469999999999999,0.284,0.309,-0.025,3.62,4.0,-0.384,Brad Lord,2026-09-09
"Bachar, Lake",669199,2026,317,199,0.188,0.198,-0.01,0.354,0.357,-0.003,0.285,0.292,-0.007,3.59,3.54,0.052,Lake Bachar,2026-09-09
"Imai, Tatsuya",837227,2026,315,176,0.218,0.226,-0.008,0.356,0.394,-0.038,0.319,0.335,-0.016,5.35,4.78,0.569,Tatsuya Imai,2026-09-09
"Bruihl, Justin",677865,2026,311,229,0.262,0.25,0.012,0.375,0.363,0.012,0.316,0.312,0.004,3.6,4.09,-0.49,Justin Bruihl,2026-09-09
"Henderson, Logan",701656,2026,310,202,0.177,0.198,-0.021,0.34,0.343,-0.003,0.243,0.253,-0.01,2.48,2.64,-0.156,Logan Henderson,2026-09-09
"McDonald, Trevor",686790,2026,310,217,0.255,0.246,0.009,0.384,0.359,0.025,0.323,0.311,0.012,5.12,4.06,1.058,Trevor McDonald,2026-09-09
"Avila, Luinder",679883,2026,309,204,0.272,0.251,0.021,0.425,0.396,0.0289999999999999,0.356,0.339,0.0169999999999999,5.53,4.91,0.619,Luinder Avila,2026-09-09
"Matz, Steven",571927,2026,309,231,0.246,0.276,-0.03,0.457,0.465,-0.008,0.329,0.346,-0.0169999999999999,5.88,5.15,0.725,Steven Matz,2026-09-09
"López, Reynaldo",625643,2026,306,209,0.245,0.256,-0.011,0.412,0.426,-0.014,0.322,0.33,-0.008,3.64,4.63,-0.988,Reynaldo López,2026-09-09
"Blackburn, Paul",621112,2026,305,211,0.192,0.232,-0.04,0.297,0.354,-0.0569999999999999,0.256,0.292,-0.0359999999999999,1.72,3.54,-1.817,Paul Blackburn,2026-09-09
"Woods Richardson, Simeon",680573,2026,303,224,0.304,0.28,0.0239999999999999,0.504,0.467,0.0369999999999999,0.39,0.368,0.022,6.68,5.95,0.732,Simeon Woods Richardson,2026-09-09
"Kremer, Dean",665152,2026,300,206,0.25,0.247,0.003,0.496,0.452,0.0439999999999999,0.345,0.329,0.0159999999999999,5.65,4.59,1.061,Dean Kremer,2026-09-09
"Taylor, Grant",691799,2026,299,175,0.193,0.191,0.002,0.296,0.308,-0.012,0.254,0.259,-0.005,2.16,2.76,-0.6,Grant Taylor,2026-09-09
"Kochanowicz, Jack",686799,2026,296,208,0.259,0.272,-0.013,0.382,0.439,-0.0569999999999999,0.331,0.359,-0.0279999999999999,6.19,5.61,0.578,Jack Kochanowicz,2026-09-09
"Headrick, Brent",687396,2026,296,184,0.229,0.216,0.013,0.354,0.319,0.0349999999999999,0.281,0.262,0.019,1.87,2.83,-0.964,Brent Headrick,2026-09-09
"Burke, Brock",656271,2026,293,179,0.202,0.212,-0.0099999999999999,0.323,0.335,-0.012,0.286,0.295,-0.009,2.5,3.62,-1.118,Brock Burke,2026-09-09
"Schultz, Noah",702273,2026,291,193,0.251,0.273,-0.022,0.425,0.454,-0.029,0.345,0.364,-0.019,6.06,5.79,0.271,Noah Schultz,2026-09-09
"Graceffo, Gordon",700669,2026,291,204,0.183,0.243,-0.06,0.295,0.415,-0.12,0.257,0.326,-0.069,2.7,4.5,-1.8,Gordon Graceffo,2026-09-09
"Morris, Andrew",702193,2026,289,201,0.259,0.23,0.0289999999999999,0.363,0.324,0.0389999999999999,0.301,0.275,0.0259999999999999,4.07,3.13,0.94,Andrew Morris,2026-09-09
"Senzatela, Antonio",622608,2026,287,205,0.261,0.253,0.008,0.374,0.365,0.009,0.31,0.305,0.005,4.12,3.89,0.233,Antonio Senzatela,2026-09-09
"Medina, Luis",665622,2026,286,166,0.248,0.226,0.0219999999999999,0.388,0.373,0.015,0.323,0.309,0.014,3.44,4.0,-0.556,Luis Medina,2026-09-09
"Fisher, Braydon",680755,2026,286,177,0.206,0.217,-0.011,0.332,0.346,-0.0139999999999999,0.29,0.305,-0.015,3.2,3.89,-0.691,Braydon Fisher,2026-09-09
"Peralta, Wandy",593974,2026,285,216,0.276,0.267,0.009,0.409,0.378,0.0309999999999999,0.329,0.312,0.017,3.44,4.09,-0.649,Wandy Peralta,2026-09-09
"Watson, Ryan",670245,2026,284,203,0.247,0.268,-0.021,0.412,0.448,-0.036,0.315,0.34,-0.025,4.23,4.95,-0.723,Ryan Watson,2026-09-09
"Harris, Hogan",663687,2026,282,154,0.225,0.2,0.0249999999999999,0.343,0.311,0.032,0.313,0.292,0.021,3.45,3.54,-0.093,Hogan Harris,2026-09-09
"Zeferjahn, Ryan",666171,2026,282,147,0.19,0.182,0.008,0.323,0.285,0.038,0.292,0.278,0.0139999999999999,4.17,3.2,0.975,Ryan Zeferjahn,2026-09-09
"Varland, Louis",686973,2026,281,173,0.203,0.198,0.005,0.258,0.266,-0.008,0.235,0.235,0.0,1.26,2.28,-1.018,Louis Varland,2026-09-09
"Richards, Trevor",670950,2026,281,197,0.216,0.234,-0.018,0.388,0.398,-0.01,0.284,0.299,-0.015,3.42,3.73,-0.306,Trevor Richards,2026-09-09
"Holton, Tyler",663947,2026,281,205,0.265,0.248,0.017,0.405,0.365,0.04,0.323,0.3,0.023,2.82,3.75,-0.929,Tyler Holton,2026-09-09
"Suarez, José",660761,2026,277,186,0.298,0.267,0.0309999999999999,0.45,0.36,0.09,0.359,0.317,0.0419999999999999,5.87,4.23,1.64,José Suarez,2026-09-09
"Mejia, Juan",675848,2026,277,182,0.281,0.264,0.017,0.385,0.386,-0.001,0.343,0.338,0.005,5.58,4.88,0.701,Juan Mejia,2026-09-09
"De Los Santos, Enyel",660853,2026,277,197,0.24,0.224,0.0159999999999999,0.402,0.361,0.041,0.301,0.281,0.0199999999999999,4.32,3.27,1.05,Enyel De Los Santos,2026-09-09
"Legumina, Casey",668984,2026,275,201,0.269,0.263,0.006,0.393,0.387,0.006,0.314,0.31,0.004,3.76,4.03,-0.272,Casey Legumina,2026-09-09
"Bazardo, Eduard",660825,2026,275,187,0.283,0.261,0.0219999999999999,0.467,0.436,0.031,0.347,0.332,0.0149999999999999,3.9,4.69,-0.792,Eduard Bazardo,2026-09-09
"Lynch IV, Daniel",663738,2026,274,205,0.212,0.249,-0.037,0.34,0.392,-0.0519999999999999,0.275,0.31,-0.0349999999999999,3.51,4.03,-0.52,Daniel Lynch IV,2026-09-09
"Scherzer, Max",453286,2026,272,195,0.241,0.233,0.0079999999999999,0.44,0.403,0.0369999999999999,0.334,0.317,0.017,6.03,4.23,1.802,Max Scherzer,2026-09-09
"Severino, Luis",622663,2026,271,173,0.258,0.231,0.0269999999999999,0.432,0.388,0.0439999999999999,0.346,0.318,0.0279999999999999,4.17,4.26,-0.095,Luis Severino,2026-09-09
"Wells, Tyler",669330,2026,270,182,0.188,0.203,-0.015,0.335,0.35,-0.0149999999999999,0.252,0.267,-0.015,2.44,2.94,-0.497,Tyler Wells,2026-09-09
"Alexander, Tyler",641302,2026,270,192,0.263,0.231,0.032,0.342,0.322,0.02,0.3,0.279,0.0209999999999999,3.3,3.22,0.083,Tyler Alexander,2026-09-09
"Rogers, Tyler",643511,2026,269,208,0.227,0.226,0.001,0.273,0.294,-0.0209999999999999,0.252,0.259,-0.007,1.81,2.76,-0.951,Tyler Rogers,2026-09-09
"Dobnak, Randy",677976,2026,268,201,0.253,0.291,-0.0379999999999999,0.373,0.403,-0.03,0.308,0.335,-0.027,2.54,4.78,-2.235,Randy Dobnak,2026-09-09
"Soriano, George",666277,2026,268,173,0.23,0.232,-0.002,0.409,0.402,0.0069999999999999,0.321,0.325,-0.004,4.23,4.47,-0.238,George Soriano,2026-09-09
"Hoffman, Jeff",656546,2026,268,145,0.245,0.209,0.036,0.373,0.322,0.0509999999999999,0.307,0.288,0.019,3.75,3.44,0.31,Jeff Hoffman,2026-09-09
"Rodón, Carlos",607074,2026,267,161,0.181,0.217,-0.036,0.31,0.346,-0.0359999999999999,0.274,0.305,-0.0309999999999999,3.09,3.89,-0.796,Carlos Rodón,2026-09-09
"Paddack, Chris",663978,2026,267,206,0.314,0.28,0.0339999999999999,0.483,0.45,0.0329999999999999,0.37,0.342,0.0279999999999999,6.79,5.01,1.779,Chris Paddack,2026-09-09
"Thornton, Zac",804267,2026,267,199,0.258,0.268,-0.01,0.423,0.451,-0.028,0.318,0.331,-0.013,3.53,4.66,-1.132,Zac Thornton,2026-09-09
"Gómez, Yoendrys",672782,2026,266,173,0.215,0.25,-0.035,0.355,0.436,-0.081,0.301,0.347,-0.0459999999999999,3.5,5.18,-1.677,Yoendrys Gómez,2026-09-09
"Smith, Cade",671922,2026,266,145,0.196,0.193,0.003,0.302,0.326,-0.024,0.258,0.27,-0.012,2.21,3.01,-0.795,Cade Smith,2026-09-09
"Rodriguez, Bradgley",699134,2026,266,176,0.204,0.182,0.0219999999999999,0.298,0.265,0.0329999999999999,0.247,0.224,0.0229999999999999,1.93,2.08,-0.151,Bradgley Rodriguez,2026-09-09
"Brown, Ben",676962,2026,265,179,0.186,0.223,-0.037,0.248,0.335,-0.087,0.228,0.279,-0.051,1.85,3.22,-1.367,Ben Brown,2026-09-09
"Ferrer, José A.",678606,2026,265,193,0.276,0.244,0.032,0.397,0.364,0.033,0.327,0.299,0.028,3.77,3.73,0.041,José A. Ferrer,2026-09-09
"Senga, Kodai",673540,2026,264,155,0.248,0.236,0.012,0.482,0.422,0.06,0.37,0.344,0.026,7.14,5.08,2.058,Kodai Senga,2026-09-09
"Fuentes, Didier",800311,2026,264,159,0.214,0.215,-0.001,0.311,0.337,-0.026,0.26,0.269,-0.009,2.34,2.99,-0.648,Didier Fuentes,2026-09-09
"Festa, Matt",670036,2026,263,174,0.263,0.234,0.0289999999999999,0.407,0.381,0.0259999999999999,0.323,0.303,0.02,3.88,3.84,0.038,Matt Festa,2026-09-09
"Webb, Jacob",657097,2026,261,171,0.234,0.252,-0.0179999999999999,0.366,0.405,-0.039,0.295,0.319,-0.024,3.36,4.29,-0.933,Jacob Webb,2026-09-09
"Okert, Steven",595345,2026,261,175,0.19,0.21,-0.0199999999999999,0.325,0.361,-0.0359999999999999,0.252,0.274,-0.022,2.13,3.1,-0.972,Steven Okert,2026-09-09
"Marinaccio, Ron",676760,2026,260,178,0.27,0.261,0.009,0.482,0.426,0.0559999999999999,0.371,0.347,0.024,6.09,5.18,0.907,Ron Marinaccio,2026-09-09
"Faucher, Calvin",676534,2026,259,158,0.214,0.228,-0.014,0.273,0.317,-0.0439999999999999,0.277,0.296,-0.0189999999999999,3.73,3.65,0.079,Calvin Faucher,2026-09-09
"Finnegan, Kyle",640448,2026,257,176,0.274,0.261,0.013,0.452,0.435,0.017,0.364,0.351,0.013,3.86,5.32,-1.463,Kyle Finnegan,2026-09-09
"Moll, Sam",594580,2026,257,164,0.252,0.238,0.014,0.379,0.359,0.02,0.329,0.324,0.005,4.79,4.44,0.353,Sam Moll,2026-09-09
"Ritchie, JR",702275,2026,256,162,0.221,0.24,-0.0189999999999999,0.376,0.408,-0.0319999999999999,0.324,0.344,-0.0199999999999999,4.5,5.08,-0.58,JR Ritchie,2026-09-09
"Hudson, Bryan",663542,2026,253,174,0.253,0.22,0.033,0.335,0.307,0.028,0.285,0.263,0.0219999999999999,2.95,2.85,0.101,Bryan Hudson,2026-09-09
"Sandoval, Patrick",663776,2026,253,168,0.317,0.28,0.0369999999999999,0.457,0.441,0.016,0.372,0.349,0.023,4.58,5.25,-0.668,Patrick Sandoval,2026-09-09
"Kelly, Kevin",687330,2026,252,184,0.195,0.262,-0.067,0.301,0.382,-0.081,0.235,0.296,-0.061,2.13,3.65,-1.522,Kevin Kelly,2026-09-09
"Brazobán, Huascar",623211,2026,252,168,0.193,0.222,-0.0289999999999999,0.33,0.332,-0.002,0.277,0.292,-0.0149999999999999,3.16,3.54,-0.38,Huascar Brazobán,2026-09-09
"Clarke, Taylor",664199,2026,251,196,0.196,0.252,-0.0559999999999999,0.313,0.425,-0.1119999999999999,0.243,0.316,-0.073,2.46,4.2,-1.745,Taylor Clarke,2026-09-09
"O'Brien, Riley",676617,2026,251,158,0.227,0.26,-0.033,0.318,0.406,-0.088,0.298,0.343,-0.045,4.03,5.05,-1.016,Riley O'Brien,2026-09-09
"Bednar, David",670280,2026,250,160,0.197,0.213,-0.0159999999999999,0.285,0.303,-0.018,0.243,0.257,-0.014,2.63,2.72,-0.093,David Bednar,2026-09-09
"Hughes, Gabriel",687312,2026,250,178,0.262,0.236,0.026,0.398,0.349,0.049,0.32,0.292,0.028,5.81,3.54,2.268,Gabriel Hughes,2026-09-09
"Brubaker, JT",664141,2026,250,183,0.225,0.274,-0.049,0.349,0.427,-0.078,0.294,0.341,-0.047,3.58,4.98,-1.4,JT Brubaker,2026-09-09
"Lange, Alex",656638,2026,249,159,0.262,0.252,0.01,0.453,0.42,0.033,0.359,0.342,0.0169999999999999,5.98,5.01,0.972,Alex Lange,2026-09-09
"Morán, Jovani",663558,2026,249,152,0.183,0.2,-0.017,0.347,0.343,0.0039999999999999,0.284,0.289,-0.005,3.47,3.47,-0.001,Jovani Morán,2026-09-09
"Soto, Gregory",642397,2026,249,151,0.188,0.195,-0.007,0.312,0.293,0.019,0.266,0.263,0.003,3.13,2.85,0.283,Gregory Soto,2026-09-09
"Suárez, Albert",544150,2026,247,186,0.241,0.256,-0.015,0.429,0.413,0.016,0.315,0.321,-0.006,4.12,4.35,-0.231,Albert Suárez,2026-09-09
"Doval, Camilo",666808,2026,246,156,0.24,0.216,0.0239999999999999,0.382,0.326,0.0559999999999999,0.315,0.295,0.02,4.07,3.62,0.446,Camilo Doval,2026-09-09
"Stanek, Ryne",592773,2026,246,154,0.238,0.231,0.0069999999999999,0.407,0.384,0.0229999999999999,0.329,0.315,0.014,4.42,4.17,0.251,Ryne Stanek,2026-09-09
"Abreu, Bryan",650556,2026,245,128,0.192,0.2,-0.008,0.354,0.332,0.0219999999999999,0.319,0.315,0.004,3.63,4.17,-0.538,Bryan Abreu,2026-09-09
"Ginkel, Kevin",656464,2026,245,168,0.228,0.23,-0.002,0.379,0.394,-0.015,0.283,0.295,-0.012,3.98,3.62,0.364,Kevin Ginkel,2026-09-09
"Gray, Peyton",682608,2026,244,166,0.251,0.235,0.016,0.434,0.373,0.061,0.317,0.29,0.027,3.93,3.49,0.437,Peyton Gray,2026-09-09
"Mayza, Tim",641835,2026,244,169,0.222,0.231,-0.009,0.36,0.372,-0.012,0.275,0.283,-0.0079999999999999,3.23,3.32,-0.092,Tim Mayza,2026-09-09
"Montgomery, Mason",682254,2026,243,127,0.183,0.189,-0.006,0.289,0.289,0.0,0.248,0.25,-0.002,2.87,2.57,0.296,Mason Montgomery,2026-09-09
"Kerkering, Orion",689147,2026,243,151,0.204,0.206,-0.002,0.34,0.309,0.031,0.298,0.288,0.01,4.12,3.44,0.676,Orion Kerkering,2026-09-09
"King, Bryan",687911,2026,242,173,0.272,0.255,0.017,0.427,0.383,0.0439999999999999,0.34,0.317,0.023,4.67,4.23,0.437,Bryan King,2026-09-09
"Hart, Kyle",606996,2026,242,164,0.219,0.217,0.002,0.358,0.35,0.008,0.286,0.284,0.002,4.12,3.34,0.779,Kyle Hart,2026-09-09
"Fluharty, Mason",689254,2026,242,153,0.219,0.188,0.031,0.329,0.308,0.021,0.284,0.261,0.0229999999999999,3.3,2.81,0.487,Mason Fluharty,2026-09-09
"Bieber, Shane",669456,2026,242,174,0.253,0.282,-0.0289999999999999,0.438,0.5,-0.062,0.335,0.368,-0.0329999999999999,4.37,5.95,-1.585,Shane Bieber,2026-09-09
"Silseth, Chase",681217,2026,241,141,0.225,0.222,0.003,0.345,0.372,-0.027,0.308,0.314,-0.006,2.98,4.14,-1.158,Chase Silseth,2026-09-09
"Bernardino, Brennan",657514,2026,240,180,0.245,0.252,-0.007,0.384,0.392,-0.008,0.3,0.305,-0.005,2.98,3.89,-0.907,Brennan Bernardino,2026-09-09
"Garcia, Rico",670329,2026,239,155,0.177,0.209,-0.032,0.34,0.34,0.0,0.261,0.274,-0.013,3.12,3.1,0.015,Rico Garcia,2026-09-09
"Lee, Dylan",669276,2026,239,149,0.182,0.194,-0.012,0.291,0.306,-0.015,0.23,0.245,-0.0149999999999999,2.61,2.47,0.143,Dylan Lee,2026-09-09
"Alvarado, José",621237,2026,238,142,0.268,0.226,0.042,0.41,0.342,0.0679999999999999,0.345,0.303,0.0419999999999999,5.4,3.84,1.56,José Alvarado,2026-09-09
"Rogers, Taylor",573124,2026,238,162,0.277,0.245,0.032,0.401,0.368,0.033,0.339,0.317,0.022,4.7,4.23,0.473,Taylor Rogers,2026-09-09
"Morillo, Juan",666661,2026,237,145,0.197,0.18,0.017,0.293,0.266,0.0269999999999999,0.259,0.245,0.014,2.33,2.47,-0.142,Juan Morillo,2026-09-09
"Latz, Jacob",656641,2026,236,146,0.136,0.183,-0.0469999999999999,0.244,0.311,-0.067,0.198,0.247,-0.0489999999999999,1.85,2.51,-0.663,Jacob Latz,2026-09-09
"Márquez, Germán",608566,2026,236,173,0.264,0.266,-0.002,0.519,0.484,0.035,0.371,0.362,0.009,5.26,5.72,-0.456,Germán Márquez,2026-09-09
"Anderson, Grant",681982,2026,235,159,0.205,0.205,0.0,0.4,0.337,0.063,0.297,0.275,0.0219999999999999,3.36,3.13,0.226,Grant Anderson,2026-09-09
"Petersen, Michael",656848,2026,234,138,0.19,0.192,-0.002,0.317,0.349,-0.0319999999999999,0.276,0.286,-0.0099999999999999,3.3,3.39,-0.093,Michael Petersen,2026-09-09
"Cruz, Fernando",518585,2026,234,133,0.207,0.185,0.0219999999999999,0.369,0.324,0.0449999999999999,0.307,0.281,0.0259999999999999,3.13,3.27,-0.142,Fernando Cruz,2026-09-09
"Miller, Mason",695243,2026,233,97,0.144,0.13,0.0139999999999999,0.182,0.18,0.002,0.195,0.187,0.008,1.17,1.48,-0.306,Mason Miller,2026-09-09
"Loáisiga, Jonathan",642528,2026,231,175,0.229,0.232,-0.003,0.322,0.338,-0.016,0.256,0.268,-0.012,2.43,2.96,-0.533,Jonathan Loáisiga,2026-09-09
"Dreyer, Jack",676263,2026,231,142,0.203,0.214,-0.0109999999999999,0.338,0.352,-0.0139999999999999,0.27,0.279,-0.009,2.98,3.22,-0.237,Jack Dreyer,2026-09-09
"Henriquez, Edgardo",683618,2026,231,132,0.161,0.164,-0.003,0.226,0.228,-0.002,0.238,0.239,-0.001,2.62,2.35,0.273,Edgardo Henriquez,2026-09-09
"Dobbins, Hunter",690928,2026,231,153,0.24,0.233,0.0069999999999999,0.397,0.366,0.031,0.322,0.307,0.015,3.67,3.95,-0.283,Hunter Dobbins,2026-09-09
"Weissert, Greg",669711,2026,229,152,0.243,0.225,0.0179999999999999,0.398,0.37,0.028,0.309,0.294,0.015,3.64,3.6,0.044,Greg Weissert,2026-09-09
"Cruz, Steven",674444,2026,229,148,0.24,0.242,-0.002,0.446,0.397,0.0489999999999999,0.331,0.312,0.019,4.12,4.09,0.026,Steven Cruz,2026-09-09
"Nunez, Anthony",689296,2026,229,142,0.208,0.221,-0.013,0.34,0.368,-0.0279999999999999,0.288,0.302,-0.014,4.03,3.81,0.215,Anthony Nunez,2026-09-09
"Matsui, Yuki",673513,2026,229,133,0.174,0.17,0.0039999999999999,0.326,0.312,0.014,0.275,0.275,0.0,2.09,3.13,-1.041,Yuki Matsui,2026-09-09
"Rolison, Ryan",669020,2026,229,153,0.228,0.244,-0.0159999999999999,0.366,0.388,-0.022,0.301,0.316,-0.015,2.84,4.2,-1.358,Ryan Rolison,2026-09-09
"Scott, Tanner",656945,2026,228,142,0.209,0.239,-0.03,0.327,0.356,-0.0289999999999999,0.251,0.275,-0.024,2.62,3.13,-0.507,Tanner Scott,2026-09-09
"Nance, Tommy",667297,2026,227,148,0.257,0.256,0.001,0.381,0.403,-0.022,0.309,0.319,-0.01,3.93,4.29,-0.36,Tommy Nance,2026-09-09
"Domínguez, Seranthony",622554,2026,226,136,0.208,0.219,-0.011,0.38,0.378,0.002,0.312,0.318,-0.006,4.25,4.26,-0.015,Seranthony Domínguez,2026-09-09
"Yarbrough, Ryan",642232,2026,226,162,0.221,0.228,-0.007,0.337,0.327,0.01,0.29,0.288,0.002,3.91,3.44,0.466,Ryan Yarbrough,2026-09-09
"Kolek, Stephen",663568,2026,224,176,0.262,0.262,0.0,0.448,0.38,0.068,0.329,0.303,0.026,4.5,3.84,0.66,Stephen Kolek,2026-09-09
"Javier, Cristian",664299,2026,223,149,0.278,0.258,0.02,0.47,0.437,0.0329999999999999,0.36,0.34,0.0199999999999999,5.98,4.95,1.03,Cristian Javier,2026-09-09
"Holderman, Colin",670059,2026,222,142,0.185,0.219,-0.034,0.243,0.341,-0.098,0.254,0.303,-0.0489999999999999,2.73,3.84,-1.106,Colin Holderman,2026-09-09
"Vodnik, Victor",680767,2026,222,156,0.263,0.241,0.022,0.387,0.363,0.024,0.33,0.315,0.015,4.93,4.17,0.756,Victor Vodnik,2026-09-09
"Baker, Bryan",641329,2026,220,138,0.158,0.208,-0.0499999999999999,0.26,0.316,-0.0559999999999999,0.229,0.273,-0.044,1.61,3.08,-1.473,Bryan Baker,2026-09-09
"Hill, Tim",657612,2026,220,178,0.24,0.26,-0.02,0.41,0.417,-0.007,0.31,0.32,-0.01,4.31,4.32,-0.013,Tim Hill,2026-09-09
"Glasnow, Tyler",607192,2026,219,132,0.171,0.191,-0.0199999999999999,0.296,0.323,-0.027,0.234,0.253,-0.0189999999999999,3.12,2.64,0.481,Tyler Glasnow,2026-09-09
"Farris, Mitch",815083,2026,219,139,0.275,0.267,0.008,0.487,0.457,0.0299999999999999,0.368,0.353,0.015,4.11,5.39,-1.277,Mitch Farris,2026-09-09
"Gaddis, Hunter",683769,2026,219,147,0.216,0.238,-0.0219999999999999,0.314,0.362,-0.0479999999999999,0.278,0.302,-0.0239999999999999,2.79,3.81,-1.023,Hunter Gaddis,2026-09-09
"Megill, Trevor",656730,2026,219,140,0.175,0.201,-0.026,0.23,0.341,-0.111,0.208,0.259,-0.051,2.59,2.76,-0.173,Trevor Megill,2026-09-09
"Muñoz, Andrés",662253,2026,217,113,0.206,0.202,0.0039999999999999,0.345,0.33,0.0149999999999999,0.279,0.277,0.002,4.13,3.17,0.957,Andrés Muñoz,2026-09-09
"Fermin, José",820862,2026,217,131,0.228,0.241,-0.0129999999999999,0.37,0.392,-0.022,0.31,0.322,-0.012,3.26,4.38,-1.118,José Fermin,2026-09-09
"Kikuchi, Yusei",579328,2026,216,146,0.279,0.262,0.017,0.479,0.452,0.0269999999999999,0.353,0.346,0.007,4.96,5.15,-0.191,Yusei Kikuchi,2026-09-09
"Vesia, Alex",681911,2026,215,119,0.158,0.176,-0.0179999999999999,0.268,0.302,-0.0339999999999999,0.25,0.272,-0.022,2.98,3.06,-0.079,Alex Vesia,2026-09-09
"Winn, Cole",668390,2026,215,149,0.277,0.274,0.003,0.456,0.442,0.014,0.342,0.337,0.005,5.63,4.85,0.775,Cole Winn,2026-09-09
"Santana, Dennis",642701,2026,215,144,0.249,0.249,0.0,0.46,0.427,0.033,0.346,0.332,0.0139999999999999,5.36,4.69,0.673,Dennis Santana,2026-09-09
"Schreiber, John",670167,2026,214,152,0.22,0.249,-0.0289999999999999,0.382,0.406,-0.024,0.302,0.321,-0.019,3.42,4.35,-0.932,John Schreiber,2026-09-09
"Iglesias, Raisel",628452,2026,214,142,0.228,0.232,-0.004,0.355,0.376,-0.021,0.285,0.293,-0.008,2.72,3.57,-0.853,Raisel Iglesias,2026-09-09
"Bowlan, Jonathan",680742,2026,212,128,0.197,0.192,0.005,0.332,0.321,0.011,0.263,0.259,0.004,3.06,2.76,0.297,Jonathan Bowlan,2026-09-09
"Herrin, Tim",682120,2026,212,135,0.211,0.2,0.0109999999999999,0.36,0.347,0.013,0.297,0.297,0.0,3.0,3.67,-0.67,Tim Herrin,2026-09-09
"Duran, Jhoan",661395,2026,211,126,0.232,0.193,0.039,0.278,0.259,0.019,0.252,0.226,0.0259999999999999,1.72,2.11,-0.39,Jhoan Duran,2026-09-09
"Weaver, Luke",596133,2026,210,137,0.183,0.207,-0.0239999999999999,0.272,0.34,-0.068,0.235,0.269,-0.034,2.53,2.99,-0.459,Luke Weaver,2026-09-09
"Kilian, Caleb",668873,2026,209,129,0.238,0.216,0.0219999999999999,0.359,0.36,-0.001,0.302,0.292,0.01,4.91,3.54,1.369,Caleb Kilian,2026-09-09
"Erceg, Lucas",668674,2026,208,142,0.312,0.263,0.0489999999999999,0.465,0.361,0.104,0.392,0.34,0.0519999999999999,6.23,4.95,1.281,Lucas Erceg,2026-09-09
"Raley, Brooks",548384,2026,208,139,0.213,0.229,-0.016,0.361,0.363,-0.002,0.284,0.297,-0.013,2.31,3.67,-1.361,Brooks Raley,2026-09-09
"Antone, Tejay",622088,2026,208,134,0.217,0.225,-0.008,0.383,0.375,0.008,0.298,0.3,-0.002,3.54,3.75,-0.212,Tejay Antone,2026-09-09
"Svanson, Matt",694335,2026,207,143,0.306,0.301,0.005,0.45,0.467,-0.017,0.364,0.369,-0.005,7.27,5.98,1.289,Matt Svanson,2026-09-09
"Bubic, Kris",663460,2026,207,129,0.2,0.24,-0.0399999999999999,0.322,0.395,-0.073,0.286,0.327,-0.041,4.11,4.53,-0.417,Kris Bubic,2026-09-09
"Sulser, Cole",642121,2026,206,142,0.261,0.257,0.004,0.447,0.473,-0.0259999999999999,0.323,0.331,-0.008,4.84,4.66,0.181,Cole Sulser,2026-09-09
"Beeter, Clayton",690925,2026,206,126,0.216,0.229,-0.013,0.383,0.381,0.002,0.319,0.337,-0.018,4.6,4.85,-0.254,Clayton Beeter,2026-09-09
"Junis, Jakob",596001,2026,204,154,0.233,0.271,-0.038,0.312,0.389,-0.077,0.268,0.311,-0.0429999999999999,2.74,4.06,-1.324,Jakob Junis,2026-09-09
"Romero, JoJo",668941,2026,204,137,0.25,0.264,-0.014,0.4,0.431,-0.0309999999999999,0.322,0.337,-0.015,3.5,4.85,-1.354,JoJo Romero,2026-09-09
"Kittredge, Andrew",552640,2026,202,153,0.282,0.269,0.0129999999999999,0.431,0.412,0.019,0.326,0.311,0.015,3.83,4.06,-0.232,Andrew Kittredge,2026-09-09
"Wolfram, Grant",664991,2026,202,131,0.26,0.23,0.03,0.403,0.356,0.047,0.319,0.29,0.029,4.86,3.49,1.366,Grant Wolfram,2026-09-09
"Myers, Tobias",668964,2026,202,154,0.278,0.274,0.004,0.513,0.434,0.079,0.357,0.328,0.0289999999999999,6.13,4.56,1.568,Tobias Myers,2026-09-09
"Kinley, Tyler",641755,2026,201,129,0.208,0.204,0.004,0.399,0.352,0.047,0.307,0.287,0.02,3.49,3.42,0.07,Tyler Kinley,2026-09-09
"Uribe, Abner",682842,2026,201,130,0.178,0.213,-0.035,0.239,0.285,-0.0459999999999999,0.227,0.258,-0.031,1.92,2.74,-0.824,Abner Uribe,2026-09-09
"Chapman, Aroldis",547973,2026,201,115,0.197,0.184,0.013,0.309,0.287,0.022,0.268,0.255,0.013,2.03,2.68,-0.646,Aroldis Chapman,2026-09-09
"Funderburk, Kody",681892,2026,200,133,0.22,0.231,-0.011,0.304,0.338,-0.034,0.288,0.306,-0.018,3.88,3.92,-0.035,Kody Funderburk,2026-09-09
"Herget, Jimmy",623474,2026,200,134,0.287,0.242,0.0449999999999999,0.509,0.409,0.1,0.376,0.328,0.0479999999999999,6.04,4.56,1.485,Jimmy Herget,2026-09-09
"Hall, DL",669084,2026,199,112,0.139,0.183,-0.0439999999999999,0.23,0.266,-0.036,0.246,0.274,-0.028,2.12,3.1,-0.982,DL Hall,2026-09-09
"Bachman, Sam",696147,2026,198,122,0.202,0.213,-0.0109999999999999,0.351,0.319,0.0319999999999999,0.306,0.299,0.007,4.14,3.73,0.409,Sam Bachman,2026-09-09
"Adams, Travis",701519,2026,197,126,0.244,0.233,0.0109999999999999,0.443,0.41,0.033,0.334,0.317,0.017,5.52,4.23,1.288,Travis Adams,2026-09-09
"King, John",667463,2026,197,143,0.192,0.229,-0.037,0.372,0.404,-0.032,0.281,0.31,-0.0289999999999999,3.99,4.03,-0.043,John King,2026-09-09
"Miller, Erik",669062,2026,196,97,0.189,0.17,0.0189999999999999,0.274,0.252,0.022,0.272,0.257,0.015,2.15,2.72,-0.568,Erik Miller,2026-09-09
"Scholtens, Jesse",669947,2026,196,145,0.26,0.276,-0.016,0.492,0.466,0.0259999999999999,0.348,0.348,0.0,4.03,5.22,-1.19,Jesse Scholtens,2026-09-09
"McCullers Jr., Lance",621121,2026,195,118,0.247,0.236,0.011,0.458,0.378,0.08,0.36,0.328,0.0319999999999999,6.54,4.56,1.985,Lance McCullers Jr.,2026-09-09
"Hicks, Jordan",663855,2026,195,110,0.239,0.202,0.0369999999999999,0.368,0.261,0.1069999999999999,0.319,0.268,0.0509999999999999,4.39,2.96,1.435,Jordan Hicks,2026-09-09
"Alvarado, Elvis",665660,2026,195,115,0.213,0.208,0.005,0.42,0.427,-0.007,0.321,0.327,-0.006,4.21,4.53,-0.317,Elvis Alvarado,2026-09-09
"Shugart, Chase",663767,2026,194,118,0.232,0.213,0.019,0.464,0.398,0.066,0.334,0.307,0.027,4.5,3.95,0.55,Chase Shugart,2026-09-09
"Sewald, Paul",623149,2026,194,129,0.21,0.222,-0.012,0.466,0.469,-0.0029999999999999,0.315,0.319,-0.004,5.21,4.29,0.917,Paul Sewald,2026-09-09
"Bratt, Mitch",683352,2026,194,136,0.244,0.227,0.0169999999999999,0.415,0.355,0.06,0.341,0.312,0.029,4.71,4.09,0.615,Mitch Bratt,2026-09-09
"Waldron, Matt",663362,2026,194,148,0.322,0.235,0.087,0.52,0.374,0.146,0.379,0.292,0.087,6.54,3.54,2.999,Matt Waldron,2026-09-09
"Gibson, Cade",806188,2026,192,129,0.264,0.241,0.023,0.365,0.319,0.0459999999999999,0.327,0.303,0.024,5.44,3.84,1.602,Cade Gibson,2026-09-09
"Thielbar, Caleb",573204,2026,192,118,0.249,0.237,0.012,0.468,0.463,0.005,0.337,0.328,0.009,5.0,4.56,0.44,Caleb Thielbar,2026-09-09
"Hurt, Kyle",669165,2026,191,111,0.223,0.213,0.01,0.361,0.37,-0.009,0.306,0.302,0.004,4.33,3.81,0.518,Kyle Hurt,2026-09-09
"Klein, Will",694361,2026,189,116,0.267,0.235,0.032,0.345,0.302,0.0429999999999999,0.319,0.288,0.031,3.67,3.44,0.232,Will Klein,2026-09-09
"Orze, Eric",679358,2026,189,130,0.264,0.253,0.011,0.377,0.367,0.01,0.318,0.313,0.005,5.66,4.11,1.551,Eric Orze,2026-09-09
"Dollander, Chase",801403,2026,189,121,0.238,0.217,0.0209999999999999,0.409,0.387,0.0219999999999999,0.32,0.307,0.013,3.89,3.95,-0.064,Chase Dollander,2026-09-09
"Warren, Austin",681810,2026,189,115,0.256,0.249,0.007,0.445,0.407,0.038,0.349,0.333,0.0159999999999999,4.68,4.72,-0.043,Austin Warren,2026-09-09
"Thornton, Trent",663423,2026,189,140,0.238,0.258,-0.02,0.429,0.463,-0.034,0.325,0.344,-0.0189999999999999,3.5,5.08,-1.584,Trent Thornton,2026-09-09
"Sisk, Evan",681895,2026,186,106,0.22,0.199,0.0209999999999999,0.32,0.287,0.033,0.313,0.294,0.019,3.16,3.6,-0.436,Evan Sisk,2026-09-09
"Thompson, Ryan",657044,2026,186,141,0.304,0.275,0.0289999999999999,0.435,0.381,0.0539999999999999,0.346,0.311,0.0349999999999999,4.43,4.06,0.366,Ryan Thompson,2026-09-09
"Barnett, Mason",686930,2026,185,121,0.266,0.25,0.016,0.538,0.446,0.092,0.388,0.35,0.038,7.08,5.29,1.792,Mason Barnett,2026-09-09
"Kimbrel, Craig",518886,2026,185,123,0.233,0.242,-0.0089999999999999,0.377,0.372,0.005,0.31,0.313,-0.003,4.53,4.11,0.424,Craig Kimbrel,2026-09-09
"Sterner, Justin",686993,2026,184,131,0.274,0.225,0.049,0.524,0.399,0.125,0.36,0.292,0.068,6.12,3.54,2.577,Justin Sterner,2026-09-09
"Cano, Yennier",666974,2026,183,130,0.218,0.224,-0.006,0.288,0.343,-0.055,0.251,0.278,-0.027,3.22,3.2,0.024,Yennier Cano,2026-09-09
"Johnson, Pierce",572955,2026,182,129,0.247,0.27,-0.023,0.42,0.465,-0.045,0.321,0.347,-0.0259999999999999,4.5,5.18,-0.68,Pierce Johnson,2026-09-09
"Pérez, Cionel",672335,2026,181,124,0.267,0.265,0.002,0.418,0.47,-0.0519999999999999,0.331,0.346,-0.0149999999999999,4.97,5.15,-0.182,Cionel Pérez,2026-09-09
"Cleavinger, Garrett",664076,2026,181,103,0.243,0.239,0.004,0.414,0.377,0.0369999999999999,0.326,0.317,0.009,4.79,4.23,0.56,Garrett Cleavinger,2026-09-09
"Quintana, Jose",500779,2026,181,143,0.288,0.275,0.0129999999999999,0.5,0.441,0.059,0.364,0.343,0.0209999999999999,5.27,5.05,0.218,Jose Quintana,2026-09-09
"Whitlock, Garrett",676477,2026,180,119,0.194,0.215,-0.0209999999999999,0.282,0.313,-0.031,0.223,0.244,-0.0209999999999999,1.88,2.45,-0.575,Garrett Whitlock,2026-09-09
"Wesneski, Hayden",669713,2026,180,128,0.204,0.241,-0.037,0.321,0.363,-0.0419999999999999,0.267,0.297,-0.0299999999999999,3.35,3.67,-0.32,Hayden Wesneski,2026-09-09
"Parker, Mitchell",680730,2026,178,129,0.289,0.273,0.0159999999999999,0.503,0.462,0.0409999999999999,0.371,0.347,0.024,6.58,5.18,1.4,Mitchell Parker,2026-09-09
"Williams, Devin",642207,2026,178,106,0.277,0.219,0.058,0.394,0.31,0.084,0.338,0.282,0.056,4.66,3.29,1.365,Devin Williams,2026-09-09
"Ribalta, Orlando",687377,2026,178,118,0.217,0.209,0.008,0.344,0.382,-0.038,0.285,0.296,-0.011,3.77,3.65,0.117,Orlando Ribalta,2026-09-09
"Sabrowski, Erik",681870,2026,178,84,0.168,0.151,0.017,0.289,0.265,0.0239999999999999,0.264,0.254,0.01,2.76,2.66,0.104,Erik Sabrowski,2026-09-09
"De Jesus, Enmanuel",646241,2026,178,122,0.239,0.253,-0.014,0.358,0.407,-0.0489999999999999,0.3,0.323,-0.023,3.83,4.41,-0.583,Enmanuel De Jesus,2026-09-09
"Fairbanks, Pete",664126,2026,177,98,0.221,0.209,0.012,0.429,0.423,0.006,0.325,0.318,0.007,6.03,4.26,1.765,Pete Fairbanks,2026-09-09
"Dodd, Dylan",689266,2026,177,114,0.175,0.2,-0.025,0.338,0.363,-0.0249999999999999,0.259,0.278,-0.019,2.38,3.2,-0.818,Dylan Dodd,2026-09-09
"Lawrence, Justin",664875,2026,177,100,0.275,0.267,0.008,0.549,0.455,0.094,0.414,0.38,0.0339999999999999,7.34,6.42,0.92,Justin Lawrence,2026-09-09
"Tidwell, Blade",694918,2026,176,119,0.227,0.234,-0.007,0.357,0.375,-0.018,0.304,0.312,-0.008,4.43,4.09,0.34,Blade Tidwell,2026-09-09
"Mattson, Isaac",676755,2026,176,121,0.282,0.292,-0.01,0.436,0.498,-0.062,0.35,0.374,-0.024,5.35,6.18,-0.827,Isaac Mattson,2026-09-09
"Winn, Keaton",676775,2026,176,123,0.222,0.24,-0.0179999999999999,0.34,0.36,-0.0199999999999999,0.29,0.308,-0.018,3.35,3.97,-0.621,Keaton Winn,2026-09-09
"Williamson, Brandon",682227,2026,175,116,0.255,0.268,-0.013,0.44,0.477,-0.0369999999999999,0.362,0.381,-0.019,5.97,6.46,-0.487,Brandon Williamson,2026-09-09
"Woodruff, Brandon",605540,2026,174,116,0.174,0.2,-0.026,0.304,0.358,-0.0539999999999999,0.231,0.263,-0.032,2.98,2.85,0.128,Brandon Woodruff,2026-09-09
"Hoppe, Alex",695380,2026,172,110,0.233,0.247,-0.0139999999999999,0.333,0.331,0.002,0.295,0.299,-0.004,4.15,3.73,0.424,Alex Hoppe,2026-09-09
"Bird, Jake",656234,2026,172,113,0.276,0.234,0.042,0.454,0.41,0.044,0.351,0.318,0.0329999999999999,5.35,4.26,1.093,Jake Bird,2026-09-09
"Santillan, Tony",663574,2026,172,114,0.268,0.275,-0.007,0.507,0.536,-0.029,0.378,0.391,-0.013,6.63,6.88,-0.253,Tony Santillan,2026-09-09
"Kuhnel, Joel",669270,2026,170,130,0.291,0.298,-0.007,0.464,0.441,0.023,0.357,0.355,0.002,4.74,5.46,-0.723,Joel Kuhnel,2026-09-09
"Yates, Kirby",489446,2026,169,101,0.214,0.21,0.004,0.331,0.321,0.01,0.291,0.287,0.004,3.4,3.42,-0.017,Kirby Yates,2026-09-09
"Strider, Spencer",675911,2026,165,98,0.232,0.188,0.044,0.5,0.359,0.141,0.355,0.29,0.065,5.31,3.49,1.818,Spencer Strider,2026-09-09
"Garcia, Brandyn",805299,2026,164,96,0.162,0.162,0.0,0.223,0.249,-0.0259999999999999,0.214,0.222,-0.008,2.08,2.04,0.037,Brandyn Garcia,2026-09-09
"Whisenhunt, Carson",687931,2026,164,116,0.293,0.272,0.0209999999999999,0.464,0.467,-0.003,0.372,0.368,0.004,6.49,5.95,0.54,Carson Whisenhunt,2026-09-09
"Jansen, Kenley",445276,2026,163,97,0.173,0.202,-0.029,0.338,0.367,-0.0289999999999999,0.277,0.298,-0.0209999999999999,3.63,3.7,-0.07,Kenley Jansen,2026-09-09
"Speier, Gabe",642100,2026,162,108,0.201,0.22,-0.0189999999999999,0.338,0.389,-0.0509999999999999,0.28,0.304,-0.0239999999999999,2.52,3.86,-1.343,Gabe Speier,2026-09-09
"Gibson, Trey",694346,2026,161,105,0.284,0.291,-0.007,0.478,0.487,-0.009,0.385,0.391,-0.006,7.36,6.88,0.484,Trey Gibson,2026-09-09
"Strahm, Matt",621381,2026,161,115,0.269,0.225,0.044,0.572,0.428,0.1439999999999999,0.389,0.316,0.073,7.32,4.2,3.118,Matt Strahm,2026-09-09
"Madden, Ty",680744,2026,160,105,0.2,0.21,-0.0099999999999999,0.324,0.314,0.01,0.27,0.269,0.001,3.46,2.99,0.472,Ty Madden,2026-09-09
"Rucker, Michael",621074,2026,160,102,0.257,0.247,0.01,0.417,0.394,0.0229999999999999,0.329,0.315,0.014,6.69,4.17,2.518,Michael Rucker,2026-09-09
"Milner, Hoby",571948,2026,160,127,0.264,0.295,-0.0309999999999999,0.431,0.463,-0.032,0.323,0.353,-0.0299999999999999,4.03,5.39,-1.364,Hoby Milner,2026-09-09
"Guerrero, Tyron",594027,2026,159,114,0.248,0.227,0.0209999999999999,0.315,0.319,-0.004,0.27,0.26,0.01,3.26,2.79,0.469,Tyron Guerrero,2026-09-09
"Hill, Jaden",677955,2026,159,98,0.233,0.228,0.005,0.368,0.344,0.024,0.319,0.308,0.011,4.67,3.97,0.703,Jaden Hill,2026-09-09
"Dion, Will",702021,2026,158,100,0.234,0.213,0.021,0.421,0.351,0.07,0.315,0.279,0.0359999999999999,3.89,3.22,0.67,Will Dion,2026-09-09
"Pearson, Nate",663878,2026,158,102,0.184,0.211,-0.0269999999999999,0.243,0.325,-0.082,0.258,0.297,-0.0389999999999999,2.08,3.67,-1.593,Nate Pearson,2026-09-09
"Eisert, Brandon",685126,2026,157,104,0.268,0.234,0.034,0.472,0.371,0.1009999999999999,0.346,0.293,0.0529999999999999,6.0,3.57,2.43,Brandon Eisert,2026-09-09
"Englert, Mason",669438,2026,157,116,0.297,0.28,0.0169999999999999,0.552,0.542,0.01,0.37,0.362,0.008,4.54,5.72,-1.178,Mason Englert,2026-09-09
"Garcia, Julian",670062,2026,157,103,0.173,0.193,-0.02,0.367,0.309,0.0579999999999999,0.273,0.262,0.011,3.05,2.83,0.218,Julian Garcia,2026-09-09
"Banda, Anthony",607455,2026,156,100,0.235,0.234,0.0009999999999999,0.402,0.375,0.027,0.335,0.325,0.01,4.46,4.47,-0.014,Anthony Banda,2026-09-09
"Roycroft, Chris",688297,2026,155,116,0.324,0.301,0.023,0.529,0.493,0.036,0.4,0.375,0.025,6.75,6.22,0.53,Chris Roycroft,2026-09-09
"Walker, Ryan",676254,2026,155,112,0.31,0.254,0.0559999999999999,0.473,0.393,0.0799999999999999,0.375,0.323,0.0519999999999999,7.16,4.41,2.753,Ryan Walker,2026-09-09
"Paredes, Mike",702474,2026,154,118,0.269,0.279,-0.01,0.47,0.446,0.0239999999999999,0.352,0.349,0.003,4.72,5.25,-0.532,Mike Paredes,2026-09-09
"Hentges, Sam",656529,2026,154,92,0.24,0.215,0.0249999999999999,0.28,0.301,-0.0209999999999999,0.304,0.3,0.004,3.27,3.75,-0.477,Sam Hentges,2026-09-09
"Barlow, Scott",605130,2026,153,97,0.21,0.236,-0.0259999999999999,0.435,0.448,-0.013,0.341,0.359,-0.0179999999999999,6.48,5.61,0.87,Scott Barlow,2026-09-09
"Schultz, Paxton",687606,2026,153,107,0.314,0.276,0.0379999999999999,0.489,0.453,0.0359999999999999,0.372,0.342,0.0299999999999999,6.4,5.01,1.392,Paxton Schultz,2026-09-09
"Poulin, PJ",676571,2026,153,106,0.206,0.256,-0.05,0.351,0.441,-0.09,0.303,0.353,-0.0499999999999999,2.7,5.39,-2.69,PJ Poulin,2026-09-09
"Pagán, Emilio",641941,2026,152,101,0.215,0.2,0.0149999999999999,0.422,0.405,0.0169999999999999,0.303,0.291,0.012,3.93,3.52,0.407,Emilio Pagán,2026-09-09
"Varland, Gus",681402,2026,151,106,0.326,0.303,0.023,0.591,0.579,0.012,0.412,0.4,0.0119999999999999,6.82,7.28,-0.459,Gus Varland,2026-09-09
"Ahlstrom, Robby",695239,2026,151,105,0.272,0.257,0.015,0.485,0.399,0.0859999999999999,0.354,0.315,0.0389999999999999,6.29,4.17,2.121,Robby Ahlstrom,2026-09-09
"Ragans, Cole",666142,2026,151,83,0.213,0.218,-0.005,0.488,0.452,0.0359999999999999,0.355,0.344,0.011,4.84,5.08,-0.24,Cole Ragans,2026-09-09
"Aldegheri, Sam",691951,2026,151,111,0.238,0.271,-0.033,0.4,0.45,-0.0499999999999999,0.319,0.355,-0.0359999999999999,5.08,5.46,-0.381,Sam Aldegheri,2026-09-09
"Ferguson, Caleb",657571,2026,150,99,0.287,0.253,0.0339999999999999,0.473,0.421,0.0519999999999999,0.367,0.334,0.0329999999999999,5.18,4.75,0.432,Caleb Ferguson,2026-09-09
"Minter, A.J.",621345,2026,150,109,0.206,0.228,-0.022,0.362,0.38,-0.018,0.264,0.28,-0.016,1.66,3.24,-1.582,A.J. Minter,2026-09-09
"Yoho, Craig",684974,2026,149,94,0.192,0.213,-0.0209999999999999,0.385,0.369,0.016,0.298,0.3,-0.002,4.0,3.75,0.25,Craig Yoho,2026-09-09
"Hader, Josh",623352,2026,148,84,0.117,0.146,-0.0289999999999999,0.168,0.246,-0.0779999999999999,0.166,0.206,-0.0399999999999999,0.89,1.77,-0.877,Josh Hader,2026-09-09
"Smith, Dylan",681916,2026,148,89,0.248,0.231,0.0169999999999999,0.36,0.381,-0.021,0.304,0.306,-0.002,3.24,3.92,-0.68,Dylan Smith,2026-09-09
"Schweitzer, Tyler",805326,2026,146,117,0.256,0.282,-0.0259999999999999,0.398,0.464,-0.066,0.316,0.351,-0.0349999999999999,3.06,5.32,-2.263,Tyler Schweitzer,2026-09-09
"Banks, Tanner",621383,2026,146,101,0.344,0.262,0.0819999999999999,0.595,0.419,0.176,0.423,0.323,0.0999999999999999,7.14,4.41,2.728,Tanner Banks,2026-09-09
"Lovelady, Richard",663992,2026,146,95,0.286,0.285,0.001,0.445,0.426,0.019,0.371,0.363,0.008,3.86,5.76,-1.903,Richard Lovelady,2026-09-09
"Armstrong, Shawn",542888,2026,146,92,0.236,0.209,0.0269999999999999,0.382,0.362,0.02,0.324,0.308,0.016,4.91,3.97,0.939,Shawn Armstrong,2026-09-09
"Wilson, Bryse",669060,2026,145,110,0.293,0.277,0.0159999999999999,0.4,0.394,0.006,0.315,0.303,0.012,3.67,3.84,-0.17,Bryse Wilson,2026-09-09
"Basso, Brady",669620,2026,145,116,0.307,0.278,0.0289999999999999,0.489,0.385,0.1039999999999999,0.347,0.303,0.0439999999999999,4.32,3.84,0.48,Brady Basso,2026-09-09
"Waguespack, Jacob",621097,2026,145,105,0.153,0.209,-0.0559999999999999,0.298,0.323,-0.025,0.252,0.284,-0.0319999999999999,2.94,3.34,-0.395,Jacob Waguespack,2026-09-09
"Zuber, Tyler",676604,2026,145,98,0.276,0.236,0.04,0.485,0.372,0.1129999999999999,0.35,0.29,0.06,4.28,3.49,0.787,Tyler Zuber,2026-09-09
"Leiter Jr., Mark",643410,2026,144,91,0.258,0.269,-0.011,0.344,0.365,-0.021,0.304,0.316,-0.012,4.28,4.2,0.077,Mark Leiter Jr.,2026-09-09
"Sears, JP",676664,2026,143,104,0.258,0.263,-0.005,0.422,0.441,-0.019,0.328,0.345,-0.0169999999999999,4.68,5.11,-0.426,JP Sears,2026-09-09
"Black, Mason",696131,2026,142,101,0.252,0.284,-0.0319999999999999,0.429,0.482,-0.0529999999999999,0.354,0.387,-0.033,4.31,6.71,-2.401,Mason Black,2026-09-09
"Povich, Cade",700249,2026,142,103,0.273,0.257,0.016,0.438,0.424,0.014,0.345,0.331,0.0139999999999999,4.05,4.66,-0.61,Cade Povich,2026-09-09
"Bender, Anthony",669622,2026,140,84,0.169,0.194,-0.0249999999999999,0.226,0.284,-0.0579999999999999,0.225,0.254,-0.0289999999999999,2.62,2.66,-0.039,Anthony Bender,2026-09-09
"Sommers, Drew",805427,2026,139,73,0.238,0.168,0.0699999999999999,0.328,0.237,0.091,0.294,0.23,0.0639999999999999,3.86,2.18,1.677,Drew Sommers,2026-09-09
"Petty, Chase",695534,2026,139,112,0.248,0.278,-0.03,0.448,0.47,-0.0219999999999999,0.328,0.361,-0.0329999999999999,4.83,5.68,-0.848,Chase Petty,2026-09-09
"Criswell, Cooper",681867,2026,139,102,0.274,0.254,0.02,0.387,0.367,0.02,0.307,0.293,0.014,3.44,3.57,-0.129,Cooper Criswell,2026-09-09
"Dotel, Wilber",696062,2026,138,90,0.238,0.24,-0.002,0.328,0.351,-0.0229999999999999,0.287,0.299,-0.012,4.41,3.73,0.678,Wilber Dotel,2026-09-09
"Giolito, Lucas",608337,2026,138,96,0.281,0.262,0.019,0.412,0.406,0.0059999999999999,0.37,0.358,0.012,5.16,5.57,-0.413,Lucas Giolito,2026-09-09
"Crochet, Garrett",676979,2026,138,86,0.27,0.262,0.008,0.467,0.442,0.025,0.359,0.344,0.015,6.3,5.08,1.22,Garrett Crochet,2026-09-09
"Mathews, Quinn",687273,2026,137,94,0.267,0.235,0.032,0.383,0.325,0.0579999999999999,0.324,0.291,0.033,4.11,3.52,0.589,Quinn Mathews,2026-09-09
"Slaten, Justin",686580,2026,137,90,0.276,0.223,0.053,0.417,0.331,0.0859999999999999,0.323,0.266,0.0569999999999999,4.6,2.92,1.676,Justin Slaten,2026-09-09
"Maton, Phil",664208,2026,136,84,0.306,0.294,0.012,0.514,0.487,0.027,0.398,0.389,0.009,6.18,6.8,-0.619,Phil Maton,2026-09-09
"Keller, Brad",641745,2026,135,88,0.246,0.226,0.0199999999999999,0.364,0.313,0.0509999999999999,0.309,0.284,0.025,4.02,3.34,0.681,Brad Keller,2026-09-09
"Pomeranz, Drew",519141,2026,135,100,0.278,0.267,0.011,0.496,0.463,0.0329999999999999,0.369,0.351,0.018,5.59,5.32,0.266,Drew Pomeranz,2026-09-09
"Adam, Jason",592094,2026,134,102,0.242,0.224,0.0179999999999999,0.403,0.371,0.032,0.309,0.288,0.021,2.5,3.44,-0.935,Jason Adam,2026-09-09
"Bradford, Cody",674003,2026,134,110,0.331,0.285,0.046,0.508,0.502,0.006,0.38,0.355,0.025,4.45,5.46,-1.009,Cody Bradford,2026-09-09
"Phillips, Connor",683175,2026,133,74,0.208,0.24,-0.032,0.356,0.407,-0.0509999999999999,0.347,0.377,-0.03,5.53,6.3,-0.77,Connor Phillips,2026-09-09
"Booser, Cam",592155,2026,132,87,0.194,0.212,-0.0179999999999999,0.347,0.371,-0.024,0.249,0.267,-0.018,2.34,2.94,-0.603,Cam Booser,2026-09-09
"Murphy, Chris",669684,2026,132,84,0.234,0.211,0.023,0.36,0.321,0.0389999999999999,0.317,0.294,0.023,4.2,3.6,0.6,Chris Murphy,2026-09-09
"Snell, Blake",605483,2026,132,74,0.183,0.172,0.011,0.226,0.208,0.018,0.237,0.226,0.0109999999999999,1.97,2.11,-0.141,Blake Snell,2026-09-09
"Macko, Adam",671936,2026,131,85,0.301,0.256,0.0449999999999999,0.407,0.407,0.0,0.344,0.326,0.0179999999999999,5.08,4.5,0.582,Adam Macko,2026-09-09
"Weiss, Ryan",680802,2026,131,81,0.315,0.269,0.0459999999999999,0.568,0.488,0.0799999999999999,0.426,0.379,0.0469999999999999,7.62,6.38,1.235,Ryan Weiss,2026-09-09
"Urquidy, José",664353,2026,131,101,0.306,0.236,0.07,0.479,0.347,0.132,0.361,0.286,0.075,5.28,3.39,1.886,José Urquidy,2026-09-09
"Rojas, Kendry",696070,2026,130,73,0.221,0.179,0.042,0.327,0.282,0.045,0.321,0.288,0.033,3.34,3.44,-0.103,Kendry Rojas,2026-09-09
"Stock, Robert",476594,2026,127,86,0.297,0.252,0.0449999999999999,0.414,0.383,0.0309999999999999,0.359,0.327,0.0319999999999999,5.81,4.53,1.28,Robert Stock,2026-09-09
"Estrada, Jeremiah",669093,2026,126,72,0.183,0.21,-0.0269999999999999,0.266,0.315,-0.0489999999999999,0.259,0.286,-0.0269999999999999,3.48,3.39,0.094,Jeremiah Estrada,2026-09-09
"Gage, Matt",657424,2026,126,86,0.267,0.257,0.01,0.505,0.43,0.075,0.376,0.352,0.024,5.6,5.36,0.238,Matt Gage,2026-09-09
"Morgan, David",688158,2026,126,75,0.304,0.225,0.0789999999999999,0.422,0.279,0.1429999999999999,0.371,0.286,0.085,4.62,3.39,1.228,David Morgan,2026-09-09
"Woodford, Jake",663765,2026,126,96,0.348,0.333,0.0149999999999999,0.522,0.484,0.038,0.384,0.369,0.015,7.18,5.98,1.197,Jake Woodford,2026-09-09
"Rodríguez, Elmer",695684,2026,125,82,0.255,0.257,-0.002,0.353,0.387,-0.034,0.337,0.357,-0.0199999999999999,5.4,5.54,-0.14,Elmer Rodríguez,2026-09-09
"Jobe, Jackson",695549,2026,125,84,0.257,0.257,0.0,0.477,0.43,0.0469999999999999,0.357,0.342,0.0149999999999999,4.45,5.01,-0.563,Jackson Jobe,2026-09-09
"Romano, Jordan",605447,2026,125,78,0.222,0.224,-0.002,0.315,0.317,-0.002,0.288,0.288,0.0,4.88,3.44,1.44,Jordan Romano,2026-09-09
"Klassen, George",691946,2026,125,79,0.225,0.26,-0.035,0.324,0.388,-0.064,0.317,0.358,-0.0409999999999999,3.67,5.57,-1.903,George Klassen,2026-09-09
"Davis, Tyler",699823,2026,123,81,0.19,0.22,-0.03,0.276,0.332,-0.0559999999999999,0.256,0.287,-0.0309999999999999,3.52,3.42,0.102,Tyler Davis,2026-09-09
"Wilcox, Cole",677961,2026,123,76,0.262,0.284,-0.0219999999999999,0.34,0.404,-0.064,0.326,0.355,-0.0289999999999999,4.0,5.46,-1.46,Cole Wilcox,2026-09-09
"Rangel, Alan",660604,2026,123,79,0.29,0.249,0.0409999999999999,0.495,0.371,0.124,0.378,0.318,0.06,5.88,4.26,1.625,Alan Rangel,2026-09-09
"Suarez, Robert",663158,2026,121,88,0.184,0.252,-0.068,0.219,0.351,-0.1319999999999999,0.204,0.282,-0.0779999999999999,0.56,3.29,-2.727,Robert Suarez,2026-09-09
"Mey, Luis",682825,2026,121,61,0.214,0.201,0.0129999999999999,0.327,0.353,-0.0259999999999999,0.308,0.313,-0.005,3.67,4.11,-0.443,Luis Mey,2026-09-09
"Greene, Hunter",668881,2026,121,79,0.261,0.268,-0.007,0.423,0.429,-0.006,0.322,0.325,-0.003,6.83,4.47,2.361,Hunter Greene,2026-09-09
"Natera Jr., Samy",696519,2026,120,60,0.171,0.165,0.006,0.248,0.248,0.0,0.241,0.239,0.002,2.43,2.35,0.077,Samy Natera Jr.,2026-09-09
"Mederos, Victor",682989,2026,120,79,0.2,0.23,-0.03,0.314,0.326,-0.012,0.271,0.29,-0.0189999999999999,2.83,3.49,-0.664,Victor Mederos,2026-09-09
"Halvorsen, Seth",678020,2026,120,84,0.275,0.303,-0.0279999999999999,0.49,0.487,0.003,0.377,0.387,-0.01,6.0,6.71,-0.71,Seth Halvorsen,2026-09-09
"Cabrera, Jose",703615,2026,119,88,0.257,0.251,0.006,0.41,0.437,-0.027,0.333,0.339,-0.006,4.33,4.91,-0.577,Jose Cabrera,2026-09-09
"Davila, Nick",689546,2026,119,89,0.24,0.274,-0.034,0.35,0.386,-0.036,0.316,0.341,-0.025,4.94,4.98,-0.041,Nick Davila,2026-09-09
"Ashcraft, Graham",668933,2026,119,67,0.188,0.192,-0.004,0.307,0.293,0.014,0.282,0.282,0.0,3.41,3.29,0.124,Graham Ashcraft,2026-09-09
"Gastelum, Luis",703725,2026,119,72,0.243,0.25,-0.007,0.495,0.471,0.024,0.346,0.34,0.0059999999999999,5.02,4.95,0.073,Luis Gastelum,2026-09-09
"Blanco, Ronel",669854,2026,118,79,0.248,0.249,-0.001,0.505,0.455,0.0499999999999999,0.371,0.354,0.017,6.58,5.43,1.155,Ronel Blanco,2026-09-09
"Sanders, Cam",676742,2026,117,62,0.2,0.215,-0.0149999999999999,0.263,0.308,-0.0449999999999999,0.289,0.309,-0.02,4.79,4.0,0.785,Cam Sanders,2026-09-09
"Vest, Will",676684,2026,116,77,0.275,0.244,0.031,0.382,0.365,0.017,0.327,0.307,0.02,6.08,3.95,2.125,Will Vest,2026-09-09
"Cornelio, Riley",683000,2026,116,68,0.222,0.2,0.0219999999999999,0.333,0.304,0.029,0.312,0.307,0.005,5.26,3.95,1.31,Riley Cornelio,2026-09-09
"Walker, Taijuan",592836,2026,115,86,0.353,0.312,0.0409999999999999,0.657,0.582,0.075,0.455,0.411,0.044,9.13,7.8,1.332,Taijuan Walker,2026-09-09
"Sullivan, Sean",807743,2026,114,84,0.343,0.241,0.102,0.677,0.431,0.246,0.461,0.335,0.126,8.87,4.78,4.086,Sean Sullivan,2026-09-09
"Akin, Keegan",669211,2026,114,88,0.284,0.246,0.0379999999999999,0.441,0.371,0.07,0.337,0.298,0.039,5.68,3.7,1.984,Keegan Akin,2026-09-09
"Beeks, Jalen",656222,2026,113,84,0.272,0.282,-0.0099999999999999,0.495,0.522,-0.027,0.351,0.363,-0.012,3.81,5.76,-1.952,Jalen Beeks,2026-09-09
"Seabold, Connor",657756,2026,113,81,0.306,0.253,0.0529999999999999,0.429,0.364,0.065,0.352,0.308,0.0439999999999999,5.25,3.97,1.28,Connor Seabold,2026-09-09
"Kent, Jackson",800600,2026,112,72,0.237,0.25,-0.013,0.344,0.392,-0.048,0.327,0.347,-0.0199999999999999,5.55,5.18,0.368,Jackson Kent,2026-09-09
"Johnson, Seth",686751,2026,112,64,0.266,0.243,0.023,0.447,0.4,0.0469999999999999,0.369,0.343,0.0259999999999999,6.65,5.05,1.602,Seth Johnson,2026-09-09
"Little, Brendon",663893,2026,111,53,0.292,0.201,0.0909999999999999,0.528,0.34,0.188,0.403,0.301,0.102,7.22,3.78,3.445,Brendon Little,2026-09-09
"Seymour, Carson",693313,2026,111,79,0.281,0.311,-0.0299999999999999,0.49,0.519,-0.029,0.374,0.395,-0.021,5.63,7.06,-1.435,Carson Seymour,2026-09-09
"Blewett, Scott",656240,2026,110,77,0.255,0.241,0.014,0.306,0.298,0.008,0.269,0.275,-0.006,2.39,3.13,-0.738,Scott Blewett,2026-09-09
"Roberts, Ethan",681799,2026,110,76,0.237,0.255,-0.018,0.376,0.391,-0.015,0.332,0.342,-0.01,4.21,5.01,-0.802,Ethan Roberts,2026-09-09
"Sousa, Bennett",656986,2026,109,68,0.29,0.215,0.0749999999999999,0.43,0.352,0.078,0.366,0.305,0.061,5.79,3.89,1.896,Bennett Sousa,2026-09-09
"Hernández, Jonathan",642546,2026,109,74,0.219,0.255,-0.036,0.385,0.389,-0.004,0.304,0.321,-0.017,5.68,4.35,1.334,Jonathan Hernández,2026-09-09
"Topa, Justin",623437,2026,108,79,0.337,0.288,0.049,0.511,0.464,0.0469999999999999,0.403,0.367,0.036,6.96,5.91,1.045,Justin Topa,2026-09-09
"Pintaro, Jonathan",702752,2026,108,67,0.198,0.217,-0.0189999999999999,0.352,0.358,-0.006,0.301,0.311,-0.01,3.67,4.06,-0.393,Jonathan Pintaro,2026-09-09
"Sandlin, David",689818,2026,106,69,0.237,0.23,0.0069999999999999,0.462,0.39,0.072,0.347,0.318,0.0289999999999999,6.93,4.26,2.672,David Sandlin,2026-09-09
"Gamboa, Alec",687941,2026,105,77,0.194,0.183,0.011,0.312,0.272,0.0399999999999999,0.254,0.249,0.005,1.33,2.55,-1.217,Alec Gamboa,2026-09-09
"Way, Beck",694360,2026,105,73,0.293,0.257,0.0359999999999999,0.435,0.395,0.0399999999999999,0.35,0.341,0.0089999999999999,3.86,4.98,-1.123,Beck Way,2026-09-09
"Hurter, Brant",676428,2026,105,73,0.167,0.227,-0.06,0.256,0.321,-0.065,0.241,0.294,-0.0529999999999999,2.7,3.6,-0.9,Brant Hurter,2026-09-09
"Collyer, Gavin",686560,2026,105,58,0.188,0.192,-0.004,0.275,0.278,-0.003,0.317,0.318,-0.001,5.09,4.26,0.827,Gavin Collyer,2026-09-09
"Borucki, Ryan",621366,2026,104,78,0.293,0.253,0.0399999999999999,0.478,0.373,0.1049999999999999,0.364,0.31,0.0539999999999999,4.94,4.03,0.914,Ryan Borucki,2026-09-09
"Treinen, Blake",595014,2026,104,66,0.231,0.254,-0.0229999999999999,0.385,0.461,-0.076,0.307,0.343,-0.036,3.38,5.05,-1.675,Blake Treinen,2026-09-09
"Smith-Shawver, AJ",700363,2026,103,71,0.284,0.244,0.0399999999999999,0.489,0.405,0.0839999999999999,0.378,0.336,0.0419999999999999,7.71,4.82,2.894,AJ Smith-Shawver,2026-09-09
"Ekness, Josh",694795,2026,101,70,0.238,0.24,-0.002,0.333,0.395,-0.062,0.314,0.332,-0.018,3.18,4.69,-1.514,Josh Ekness,2026-09-09
"Fernandez, Ryan",681676,2026,100,61,0.216,0.218,-0.002,0.364,0.347,0.017,0.295,0.291,0.004,3.52,3.52,0.002,Ryan Fernandez,2026-09-09
"Duarte, Daniel",650960,2026,100,67,0.151,0.196,-0.045,0.237,0.311,-0.074,0.204,0.251,-0.047,2.0,2.6,-0.6,Daniel Duarte,2026-09-09
"Nardi, Andrew",677053,2026,99,60,0.244,0.241,0.003,0.442,0.466,-0.024,0.343,0.348,-0.0049999999999999,5.16,5.22,-0.058,Andrew Nardi,2026-09-09
"Castaño, Blas",680604,2026,98,70,0.295,0.29,0.005,0.5,0.483,0.017,0.37,0.361,0.009,3.75,5.68,-1.93,Blas Castaño,2026-09-09
"Pallette, Peyton",688883,2026,97,56,0.218,0.25,-0.032,0.346,0.384,-0.038,0.333,0.356,-0.0229999999999999,5.23,5.5,-0.274,Peyton Pallette,2026-09-09
"Coulombe, Danny",543056,2026,96,70,0.225,0.251,-0.0259999999999999,0.275,0.311,-0.0359999999999999,0.3,0.321,-0.021,4.5,4.35,0.15,Danny Coulombe,2026-09-09
"Bolton, Cody",675989,2026,95,58,0.269,0.276,-0.007,0.462,0.472,-0.0099999999999999,0.371,0.38,-0.009,5.4,6.42,-1.02,Cody Bolton,2026-09-09
"Palencia, Daniel",694037,2026,95,61,0.282,0.243,0.0389999999999999,0.482,0.399,0.0829999999999999,0.356,0.311,0.0449999999999999,4.91,4.06,0.849,Daniel Palencia,2026-09-09
"Walker, Josh",677020,2026,95,63,0.247,0.21,0.037,0.365,0.305,0.06,0.295,0.255,0.0399999999999999,2.02,2.68,-0.665,Josh Walker,2026-09-09
"Drake, Kohl",684442,2026,95,67,0.293,0.298,-0.005,0.585,0.597,-0.012,0.403,0.412,-0.0089999999999999,6.53,7.85,-1.318,Kohl Drake,2026-09-09
"Gil, Luis",661563,2026,95,67,0.203,0.253,-0.0499999999999999,0.468,0.468,0.0,0.354,0.373,-0.019,5.91,6.14,-0.234,Luis Gil,2026-09-09
"Backhus, Kyle",679775,2026,94,66,0.294,0.247,0.0469999999999999,0.447,0.385,0.062,0.349,0.308,0.0409999999999999,4.95,3.97,0.98,Kyle Backhus,2026-09-09
"Kranick, Max",668820,2026,94,69,0.342,0.28,0.062,0.608,0.446,0.1619999999999999,0.449,0.37,0.079,9.33,6.02,3.307,Max Kranick,2026-09-09
"Anderson, Shaun",641312,2026,93,65,0.309,0.303,0.006,0.469,0.515,-0.046,0.38,0.391,-0.011,7.65,6.88,0.77,Shaun Anderson,2026-09-09
"Abel, Mick",690953,2026,93,57,0.275,0.273,0.002,0.35,0.413,-0.063,0.329,0.349,-0.0199999999999999,3.98,5.25,-1.266,Mick Abel,2026-09-09
"Hanifee, Brenan",669724,2026,93,75,0.286,0.301,-0.015,0.512,0.5,0.012,0.369,0.37,-0.001,5.06,6.02,-0.957,Brenan Hanifee,2026-09-09
"Franco, Jose",683742,2026,92,62,0.25,0.236,0.014,0.461,0.391,0.07,0.363,0.347,0.016,4.43,5.18,-0.754,Jose Franco,2026-09-09
"Morgan, Eli",669212,2026,91,64,0.3,0.324,-0.024,0.525,0.513,0.012,0.396,0.399,-0.003,5.12,7.24,-2.119,Eli Morgan,2026-09-09
"Williams, Trevor",592866,2026,91,56,0.244,0.234,0.0099999999999999,0.397,0.341,0.0559999999999999,0.314,0.306,0.008,3.38,3.92,-0.545,Trevor Williams,2026-09-09
"Samaniego, Tyler",701719,2026,90,63,0.286,0.271,0.0149999999999999,0.351,0.403,-0.052,0.324,0.335,-0.011,2.66,4.78,-2.124,Tyler Samaniego,2026-09-09
"Morales, Luis",806960,2026,90,62,0.365,0.303,0.062,0.73,0.522,0.2079999999999999,0.499,0.407,0.092,13.5,7.61,5.89,Luis Morales,2026-09-09
"Mantiply, Joe",573009,2026,89,63,0.25,0.271,-0.021,0.362,0.451,-0.089,0.293,0.334,-0.041,2.42,4.75,-2.332,Joe Mantiply,2026-09-09
"Morris, Kade",695034,2026,89,69,0.39,0.289,0.101,0.649,0.418,0.231,0.465,0.36,0.105,10.9,5.64,5.264,Kade Morris,2026-09-09
"Fulton, Dax",690978,2026,88,55,0.189,0.198,-0.009,0.27,0.271,-0.001,0.269,0.279,-0.01,3.32,3.22,0.103,Dax Fulton,2026-09-09
"Hartlieb, Geoff",664129,2026,88,65,0.297,0.247,0.0499999999999999,0.432,0.352,0.08,0.352,0.308,0.0439999999999999,4.58,3.97,0.606,Geoff Hartlieb,2026-09-09
"Bummer, Aaron",607481,2026,88,63,0.324,0.271,0.0529999999999999,0.676,0.521,0.155,0.457,0.382,0.075,10.26,6.5,3.76,Aaron Bummer,2026-09-09
"Sanmartin, Reiver",665665,2026,88,66,0.247,0.258,-0.011,0.432,0.396,0.0359999999999999,0.314,0.305,0.009,4.36,3.89,0.465,Reiver Sanmartin,2026-09-09
"Foley, Jason",671345,2026,87,67,0.282,0.248,0.0339999999999999,0.397,0.358,0.039,0.319,0.29,0.029,4.19,3.49,0.7,Jason Foley,2026-09-09
"Barco, Hunter",682995,2026,87,58,0.296,0.28,0.0159999999999999,0.535,0.466,0.069,0.411,0.381,0.0299999999999999,7.64,6.46,1.182,Hunter Barco,2026-09-09
"Aleman, Franco",680916,2026,86,50,0.257,0.197,0.06,0.365,0.297,0.068,0.331,0.28,0.0509999999999999,3.26,3.24,0.019,Franco Aleman,2026-09-09
"Phillips, Evan",623465,2026,86,56,0.241,0.245,-0.004,0.43,0.499,-0.069,0.304,0.332,-0.028,3.48,4.69,-1.206,Evan Phillips,2026-09-09
"Jameson, Drey",686753,2026,86,62,0.257,0.275,-0.018,0.378,0.397,-0.019,0.325,0.342,-0.017,5.12,5.01,0.111,Drey Jameson,2026-09-09
"Bigge, Hunter",685801,2026,85,57,0.2,0.23,-0.03,0.329,0.341,-0.012,0.297,0.311,-0.014,6.98,4.06,2.923,Hunter Bigge,2026-09-09
"Crow, Coleman",689441,2026,85,68,0.276,0.269,0.007,0.474,0.448,0.0259999999999999,0.34,0.34,0.0,5.3,4.95,0.354,Coleman Crow,2026-09-09
"De los Santos, Yerry",660787,2026,84,61,0.216,0.255,-0.039,0.311,0.375,-0.064,0.269,0.308,-0.0389999999999999,1.35,3.97,-2.62,Yerry De los Santos,2026-09-09
"Alexander, Jason",669920,2026,84,61,0.28,0.257,0.023,0.56,0.415,0.145,0.392,0.332,0.06,9.33,4.69,4.637,Jason Alexander,2026-09-09
"Pivetta, Nick",601713,2026,83,51,0.182,0.182,0.0,0.247,0.303,-0.0559999999999999,0.223,0.242,-0.0189999999999999,3.43,2.41,1.019,Nick Pivetta,2026-09-09
"Mears, Nick",683232,2026,83,57,0.257,0.298,-0.0409999999999999,0.443,0.506,-0.063,0.344,0.382,-0.038,5.12,6.5,-1.379,Nick Mears,2026-09-09
"Stewart, Brock",592779,2026,82,54,0.164,0.177,-0.0129999999999999,0.288,0.272,0.0159999999999999,0.238,0.237,0.001,2.49,2.32,0.172,Brock Stewart,2026-09-09
"Bido, Osvaldo",674370,2026,81,56,0.224,0.273,-0.049,0.403,0.449,-0.0459999999999999,0.344,0.377,-0.033,6.27,6.3,-0.032,Osvaldo Bido,2026-09-09
"Boyle, Joe",671212,2026,81,51,0.186,0.234,-0.048,0.314,0.361,-0.0469999999999999,0.262,0.307,-0.0449999999999999,5.21,3.95,1.261,Joe Boyle,2026-09-09
"Juenger, Hayden",696522,2026,81,65,0.358,0.313,0.0449999999999999,0.478,0.473,0.005,0.388,0.371,0.017,9.0,6.06,2.94,Hayden Juenger,2026-09-09
"Allen, Logan",671106,2026,81,57,0.319,0.242,0.077,0.5,0.4,0.0999999999999999,0.384,0.316,0.068,5.94,4.2,1.74,Logan Allen,2026-09-09
"Carrillo, Gerardo",672629,2026,81,42,0.222,0.184,0.038,0.302,0.277,0.0249999999999999,0.323,0.299,0.024,4.15,3.73,0.424,Gerardo Carrillo,2026-09-09
"Bidois, Brandan",684049,2026,80,47,0.297,0.253,0.0439999999999999,0.547,0.469,0.078,0.408,0.363,0.0449999999999999,6.32,5.76,0.559,Brandan Bidois,2026-09-09
"Cuas, Jose",621016,2026,80,52,0.319,0.308,0.011,0.391,0.401,-0.01,0.351,0.354,-0.003,2.65,5.43,-2.783,Jose Cuas,2026-09-09
"Murray, Jayden",681151,2026,79,56,0.362,0.273,0.0889999999999999,0.594,0.495,0.0989999999999999,0.438,0.363,0.075,9.37,5.76,3.607,Jayden Murray,2026-09-09
"Díaz, Edwin",621242,2026,79,47,0.385,0.303,0.082,0.631,0.456,0.175,0.468,0.378,0.09,11.85,6.34,5.514,Edwin Díaz,2026-09-09
"Thomas, Connor",671162,2026,79,59,0.358,0.281,0.0769999999999999,0.567,0.456,0.1109999999999999,0.419,0.355,0.064,10.34,5.46,4.88,Connor Thomas,2026-09-09
"Curry, Xzavion",675540,2026,78,57,0.232,0.2,0.032,0.406,0.349,0.057,0.323,0.287,0.036,3.44,3.42,0.016,Xzavion Curry,2026-09-09
"Palmquist, Carson",687223,2026,78,52,0.323,0.271,0.0519999999999999,0.431,0.374,0.0569999999999999,0.378,0.337,0.0409999999999999,7.71,4.85,2.864,Carson Palmquist,2026-09-09
"Ferguson, Tyler",621053,2026,78,50,0.211,0.223,-0.012,0.507,0.456,0.0509999999999999,0.339,0.324,0.015,5.3,4.44,0.864,Tyler Ferguson,2026-09-09
"Laweryson, Cody",689520,2026,78,50,0.227,0.245,-0.0179999999999999,0.409,0.389,0.0199999999999999,0.32,0.33,-0.01,4.86,4.63,0.23,Cody Laweryson,2026-09-09
"Leasure, Jordan",673929,2026,78,52,0.217,0.269,-0.052,0.507,0.624,-0.1169999999999999,0.337,0.406,-0.069,6.27,7.56,-1.292,Jordan Leasure,2026-09-09
"Kent, Zak",687849,2026,77,57,0.279,0.259,0.02,0.544,0.447,0.097,0.38,0.349,0.031,5.51,5.25,0.26,Zak Kent,2026-09-09
"Pecko, Ethan",814490,2026,77,55,0.242,0.27,-0.028,0.47,0.508,-0.038,0.36,0.384,-0.024,5.19,6.59,-1.398,Ethan Pecko,2026-09-09
"Cosgrove, Tom",676680,2026,74,52,0.29,0.249,0.0409999999999999,0.565,0.41,0.1549999999999999,0.379,0.32,0.059,7.71,4.32,3.394,Tom Cosgrove,2026-09-09
"Molina, Anthony",683627,2026,74,56,0.197,0.248,-0.0509999999999999,0.338,0.42,-0.0819999999999999,0.249,0.302,-0.0529999999999999,2.79,3.81,-1.017,Anthony Molina,2026-09-09
"García, Luis",472610,2026,74,61,0.348,0.329,0.0189999999999999,0.545,0.522,0.023,0.415,0.397,0.0179999999999999,9.0,7.15,1.85,Luis García,2026-09-09
"Carrasco, Carlos",471911,2026,73,61,0.318,0.371,-0.0529999999999999,0.485,0.586,-0.1009999999999999,0.373,0.432,-0.059,5.94,8.87,-2.93,Carlos Carrasco,2026-09-09
"Smith, Burch",572143,2026,73,46,0.277,0.217,0.06,0.462,0.347,0.115,0.354,0.287,0.067,3.18,3.42,-0.244,Burch Smith,2026-09-09
"Chivilli, Angel",683409,2026,73,49,0.215,0.22,-0.005,0.431,0.395,0.0359999999999999,0.321,0.309,0.012,3.78,4.0,-0.22,Angel Chivilli,2026-09-09
"Kelly, Zack",677161,2026,71,49,0.233,0.29,-0.0569999999999999,0.3,0.432,-0.132,0.28,0.368,-0.0879999999999999,3.31,5.95,-2.644,Zack Kelly,2026-09-09
"Henry, Cole",669371,2026,71,44,0.288,0.256,0.0319999999999999,0.542,0.478,0.064,0.41,0.374,0.0359999999999999,7.9,6.18,1.722,Cole Henry,2026-09-09
"Enns, Dietrich",608650,2026,70,46,0.236,0.211,0.0249999999999999,0.327,0.335,-0.008,0.306,0.301,0.005,3.94,3.78,0.158,Dietrich Enns,2026-09-09
"Helsley, Ryan",664854,2026,68,38,0.22,0.185,0.035,0.407,0.296,0.1109999999999999,0.319,0.265,0.0539999999999999,4.11,2.9,1.209,Ryan Helsley,2026-09-09
"Tong, Jonah",804636,2026,68,45,0.207,0.206,0.001,0.345,0.351,-0.006,0.295,0.297,-0.002,4.8,3.67,1.13,Jonah Tong,2026-09-09
"Peoples, Ben",687239,2026,68,49,0.241,0.221,0.0199999999999999,0.414,0.362,0.0519999999999999,0.333,0.305,0.028,2.75,3.89,-1.135,Ben Peoples,2026-09-09
"Brogdon, Connor",641401,2026,67,50,0.23,0.258,-0.0279999999999999,0.525,0.514,0.011,0.336,0.345,-0.0089999999999999,5.28,5.11,0.173,Connor Brogdon,2026-09-09
"Maxwell, Zach",687209,2026,67,45,0.321,0.274,0.0469999999999999,0.518,0.452,0.066,0.407,0.366,0.0409999999999999,8.31,5.87,2.438,Zach Maxwell,2026-09-09
"Montgomery, Jordan",656756,2026,66,48,0.279,0.274,0.005,0.475,0.443,0.0319999999999999,0.352,0.337,0.0149999999999999,6.0,4.85,1.15,Jordan Montgomery,2026-09-09
"Saucedo, Tayler",642048,2026,66,42,0.23,0.195,0.035,0.311,0.323,-0.012,0.271,0.258,0.013,3.31,2.74,0.566,Tayler Saucedo,2026-09-09
"Martin, Chris",455119,2026,66,54,0.403,0.344,0.059,0.71,0.568,0.142,0.479,0.408,0.071,9.0,7.66,1.34,Chris Martin,2026-09-09
"Martin, Trevor",694680,2026,66,50,0.31,0.254,0.0559999999999999,0.569,0.478,0.0909999999999999,0.416,0.359,0.0569999999999999,4.39,5.61,-1.215,Trevor Martin,2026-09-09
"Frasso, Nick",693308,2026,65,45,0.298,0.249,0.0489999999999999,0.386,0.386,0.0,0.332,0.318,0.014,5.27,4.26,1.008,Nick Frasso,2026-09-09
"Young, Danny",664849,2026,65,34,0.313,0.241,0.072,0.563,0.468,0.0949999999999999,0.449,0.392,0.0569999999999999,8.03,6.93,1.097,Danny Young,2026-09-09
"Brash, Matt",666374,2026,64,40,0.151,0.234,-0.083,0.189,0.347,-0.1579999999999999,0.218,0.316,-0.098,0.54,4.2,-3.66,Matt Brash,2026-09-09
"Wilkinson, Matt",683363,2026,64,52,0.267,0.286,-0.0189999999999999,0.533,0.514,0.019,0.361,0.362,-0.001,6.14,5.72,0.416,Matt Wilkinson,2026-09-09
"Abner, Philip",691769,2026,64,50,0.25,0.305,-0.0549999999999999,0.411,0.539,-0.128,0.336,0.401,-0.065,6.28,7.33,-1.051,Philip Abner,2026-09-09
"Harris, Trent",805345,2026,64,36,0.211,0.176,0.035,0.316,0.222,0.094,0.278,0.229,0.049,3.0,2.17,0.83,Trent Harris,2026-09-09
"Beck, Tristan",663941,2026,64,52,0.304,0.249,0.0549999999999999,0.482,0.434,0.0479999999999999,0.367,0.33,0.0369999999999999,7.07,4.63,2.441,Tristan Beck,2026-09-09
"Barnes, Charlie",656212,2026,63,49,0.309,0.321,-0.012,0.527,0.531,-0.004,0.402,0.404,-0.002,6.92,7.47,-0.547,Charlie Barnes,2026-09-09
"Anderson, Kade",807739,2026,63,45,0.273,0.197,0.076,0.473,0.336,0.1369999999999999,0.357,0.276,0.0809999999999999,5.4,3.15,2.25,Kade Anderson,2026-09-09
"Burgos, Raymond",670103,2026,63,50,0.242,0.231,0.0109999999999999,0.419,0.425,-0.006,0.29,0.285,0.005,5.51,3.37,2.14,Raymond Burgos,2026-09-09
"Smith, Hagen",696146,2026,62,29,0.096,0.171,-0.075,0.173,0.245,-0.072,0.209,0.264,-0.055,0.56,2.87,-2.307,Hagen Smith,2026-09-09
"Yan, Jefry",642376,2026,62,33,0.277,0.235,0.042,0.426,0.322,0.1039999999999999,0.372,0.329,0.0429999999999999,5.68,4.59,1.094,Jefry Yan,2026-09-09
"Hollowell, Gavin",668970,2026,62,40,0.208,0.24,-0.032,0.377,0.447,-0.07,0.315,0.351,-0.0359999999999999,2.51,5.32,-2.808,Gavin Hollowell,2026-09-09
"Strzelecki, Peter",657265,2026,61,45,0.25,0.201,0.0489999999999999,0.385,0.319,0.066,0.326,0.294,0.032,5.79,3.6,2.186,Peter Strzelecki,2026-09-09
"Peralta, Sammy",671111,2026,60,35,0.333,0.284,0.049,0.569,0.481,0.0879999999999999,0.431,0.378,0.0529999999999999,7.5,6.34,1.16,Sammy Peralta,2026-09-09
"Adams, Mason",690279,2026,59,36,0.302,0.258,0.0439999999999999,0.585,0.531,0.0539999999999999,0.41,0.369,0.0409999999999999,3.95,5.98,-2.029,Mason Adams,2026-09-09
"Murphy, Luke",684665,2026,59,34,0.245,0.226,0.0189999999999999,0.306,0.337,-0.031,0.32,0.32,0.0,4.5,4.32,0.18,Luke Murphy,2026-09-09
"Brieske, Beau",689225,2026,59,42,0.222,0.233,-0.011,0.389,0.38,0.009,0.299,0.3,-0.001,5.52,3.75,1.773,Beau Brieske,2026-09-09
"Hoffmann, Andrew",694851,2026,59,37,0.333,0.243,0.09,0.583,0.399,0.1839999999999999,0.434,0.336,0.0979999999999999,7.71,4.82,2.894,Andrew Hoffmann,2026-09-09
"Santa, Alimber",695001,2026,59,44,0.16,0.207,-0.0469999999999999,0.24,0.272,-0.032,0.218,0.267,-0.049,1.17,2.94,-1.766,Alimber Santa,2026-09-09
"Estrada, Lazaro",681751,2026,57,37,0.178,0.217,-0.039,0.311,0.366,-0.0549999999999999,0.294,0.334,-0.04,5.54,4.75,0.788,Lazaro Estrada,2026-09-09
"Thompson, Keegan",624522,2026,57,44,0.365,0.343,0.0219999999999999,0.596,0.623,-0.027,0.407,0.407,0.0,8.25,7.61,0.64,Keegan Thompson,2026-09-09
"Ross, Joe",605452,2026,57,44,0.314,0.307,0.007,0.549,0.524,0.025,0.404,0.391,0.013,9.26,6.88,2.377,Joe Ross,2026-09-09
"Falter, Bailey",663559,2026,57,45,0.471,0.355,0.1159999999999999,0.765,0.537,0.2279999999999999,0.549,0.415,0.134,13.97,7.99,5.976,Bailey Falter,2026-09-09
"Rom, Drew",680723,2026,56,33,0.319,0.258,0.061,0.532,0.447,0.085,0.395,0.354,0.041,6.35,5.43,0.923,Drew Rom,2026-09-09
"Sands, Cole",663485,2026,56,39,0.313,0.268,0.0449999999999999,0.583,0.507,0.0759999999999999,0.409,0.364,0.0449999999999999,8.25,5.79,2.46,Cole Sands,2026-09-09
"Voth, Austin",608723,2026,56,47,0.396,0.338,0.0579999999999999,0.646,0.557,0.0889999999999999,0.459,0.403,0.0559999999999999,9.9,7.42,2.48,Austin Voth,2026-09-09
"Spence, Mitch",687765,2026,56,41,0.413,0.279,0.1339999999999999,0.717,0.408,0.309,0.509,0.361,0.148,21.21,5.68,15.534,Mitch Spence,2026-09-09
"Waldrep, Hurston",694462,2026,56,35,0.295,0.231,0.0639999999999999,0.5,0.389,0.1109999999999999,0.42,0.359,0.061,8.44,5.61,2.828,Hurston Waldrep,2026-09-09
"Zerpa, Angel",672582,2026,55,41,0.333,0.328,0.005,0.521,0.53,-0.009,0.405,0.405,0.0,6.39,7.51,-1.115,Angel Zerpa,2026-09-09
"Curvelo, Luis",681168,2026,54,42,0.354,0.307,0.0469999999999999,0.708,0.544,0.1639999999999999,0.47,0.387,0.0829999999999999,9.58,6.71,2.871,Luis Curvelo,2026-09-09
"Núñez, Dedniel",673380,2026,54,41,0.278,0.249,0.029,0.5,0.469,0.031,0.332,0.303,0.029,3.95,3.84,0.111,Dedniel Núñez,2026-09-09
"Kerry, Brett",695049,2026,54,40,0.212,0.231,-0.019,0.385,0.361,0.024,0.269,0.27,-0.001,3.95,3.01,0.941,Brett Kerry,2026-09-09
"Rock, Joe",697812,2026,53,28,0.275,0.267,0.008,0.3,0.402,-0.102,0.364,0.39,-0.026,3.48,6.84,-3.356,Joe Rock,2026-09-09
"Sears, Andrew",808825,2026,51,39,0.255,0.217,0.038,0.426,0.353,0.073,0.324,0.28,0.0439999999999999,4.38,3.24,1.138,Andrew Sears,2026-09-09
"Acton, Garrett",670183,2026,51,29,0.238,0.212,0.0259999999999999,0.405,0.396,0.009,0.33,0.317,0.013,5.73,4.23,1.497,Garrett Acton,2026-09-09
"Weiman, Blake",676620,2026,51,40,0.313,0.25,0.063,0.438,0.385,0.0529999999999999,0.319,0.28,0.0389999999999999,2.38,3.24,-0.858,Blake Weiman,2026-09-09
"Gordon, Colton",676467,2026,50,35,0.467,0.327,0.14,0.933,0.587,0.3460000000000001,0.589,0.41,0.179,11.57,7.75,3.821,Colton Gordon,2026-09-09
"Wicks, Jordan",696136,2026,50,39,0.383,0.283,0.1,0.553,0.408,0.145,0.423,0.322,0.1009999999999999,10.45,4.38,6.072,Jordan Wicks,2026-09-09
"Kempner, William",687531,2026,50,30,0.182,0.231,-0.049,0.295,0.355,-0.06,0.266,0.306,-0.0399999999999999,2.92,3.92,-1.001,William Kempner,2026-09-09
"Hernández, Elieser",622694,2026,50,32,0.233,0.194,0.039,0.442,0.299,0.143,0.339,0.272,0.067,2.46,3.06,-0.605,Elieser Hernández,2026-09-09
"Granillo, Andre",701552,2026,50,38,0.333,0.295,0.038,0.538,0.44,0.098,0.428,0.394,0.0339999999999999,9.64,7.01,2.633,Andre Granillo,2026-09-09
"Lavender, Nate",681320,2026,50,30,0.149,0.179,-0.03,0.191,0.265,-0.074,0.181,0.221,-0.04,0.0,2.02,-2.02,Nate Lavender,2026-09-09
"Foster, Cameron",671382,2026,49,32,0.415,0.254,0.1609999999999999,0.537,0.358,0.179,0.462,0.336,0.126,9.0,4.82,4.18,Cameron Foster,2026-09-09
"Smith, Shane",681343,2026,49,27,0.316,0.246,0.07,0.5,0.293,0.207,0.424,0.333,0.0909999999999999,10.8,4.72,6.08,Shane Smith,2026-09-09
"Olds, Wyatt",681544,2026,48,28,0.182,0.202,-0.02,0.364,0.38,-0.016,0.27,0.285,-0.0149999999999999,1.59,3.37,-1.782,Wyatt Olds,2026-09-09
"Mautz, Brycen",802408,2026,48,28,0.368,0.26,0.1079999999999999,0.579,0.475,0.1039999999999999,0.465,0.387,0.078,9.0,6.71,2.29,Brycen Mautz,2026-09-09
"Bellozo, Valente",678368,2026,48,32,0.256,0.316,-0.06,0.641,0.737,-0.0959999999999999,0.421,0.475,-0.0539999999999999,7.59,11.51,-3.916,Valente Bellozo,2026-09-09
"Peguero, Joel",666711,2026,48,37,0.238,0.192,0.0459999999999999,0.31,0.247,0.063,0.297,0.255,0.0419999999999999,2.38,2.68,-0.298,Joel Peguero,2026-09-09
"Anderson, Jack",681252,2026,48,33,0.222,0.23,-0.008,0.333,0.418,-0.0849999999999999,0.269,0.301,-0.0319999999999999,2.19,3.78,-1.591,Jack Anderson,2026-09-09
"McFarlane, Alex",686934,2026,48,32,0.214,0.257,-0.043,0.31,0.382,-0.072,0.277,0.32,-0.0429999999999999,3.09,4.32,-1.234,Alex McFarlane,2026-09-09
"McGee, Easton",668834,2026,47,33,0.357,0.283,0.074,0.667,0.447,0.22,0.464,0.354,0.11,6.97,5.43,1.538,Easton McGee,2026-09-09
"Dallas, Chad",689149,2026,47,31,0.25,0.218,0.032,0.35,0.306,0.0439999999999999,0.311,0.289,0.022,6.1,3.47,2.627,Chad Dallas,2026-09-09
"Tur, Yunior",814305,2026,47,30,0.375,0.305,0.07,0.775,0.666,0.1089999999999999,0.518,0.451,0.067,19.13,9.96,9.165,Yunior Tur,2026-09-09
"Cruz, Yovanny",672442,2026,47,28,0.308,0.267,0.0409999999999999,0.436,0.377,0.059,0.387,0.349,0.038,5.23,5.25,-0.024,Yovanny Cruz,2026-09-09
"Heuer, Codi",676051,2026,46,34,0.308,0.269,0.0389999999999999,0.41,0.382,0.0279999999999999,0.356,0.335,0.0209999999999999,4.66,4.78,-0.125,Codi Heuer,2026-09-09
"Krook, Matt",640454,2026,46,25,0.265,0.293,-0.0279999999999999,0.5,0.448,0.0519999999999999,0.424,0.411,0.013,10.8,7.8,3.0,Matt Krook,2026-09-09
"Sims, Lucas",608371,2026,46,28,0.257,0.22,0.037,0.4,0.356,0.044,0.353,0.33,0.0229999999999999,4.5,4.63,-0.13,Lucas Sims,2026-09-09
"Manfredi, Mark",815081,2026,46,27,0.2,0.209,-0.0089999999999999,0.25,0.313,-0.063,0.261,0.286,-0.0249999999999999,1.59,3.39,-1.802,Mark Manfredi,2026-09-09
"Rodríguez, Yariel",684320,2026,45,31,0.324,0.295,0.029,0.514,0.495,0.019,0.422,0.402,0.0199999999999999,7.71,7.37,0.344,Yariel Rodríguez,2026-09-09
"Allard, Kolby",663465,2026,45,32,0.39,0.317,0.073,0.659,0.533,0.126,0.467,0.385,0.082,10.38,6.63,3.755,Kolby Allard,2026-09-09
"Rivera, Eduardo",700842,2026,44,28,0.211,0.206,0.005,0.342,0.342,0.0,0.3,0.297,0.003,6.3,3.67,2.63,Eduardo Rivera,2026-09-09
"Shuster, Jared",694363,2026,44,34,0.289,0.239,0.0499999999999999,0.447,0.367,0.08,0.362,0.311,0.0509999999999999,9.0,4.06,4.94,Jared Shuster,2026-09-09
"Vargas, Carlos",672841,2026,43,30,0.2,0.255,-0.0549999999999999,0.35,0.398,-0.048,0.268,0.309,-0.0409999999999999,3.38,4.0,-0.625,Carlos Vargas,2026-09-09
"Kahnle, Tommy",592454,2026,43,32,0.324,0.285,0.039,0.595,0.489,0.1059999999999999,0.434,0.381,0.0529999999999999,8.0,6.46,1.54,Tommy Kahnle,2026-09-09
"McCambley, Zach",685112,2026,43,27,0.278,0.292,-0.0139999999999999,0.333,0.429,-0.0959999999999999,0.33,0.366,-0.0359999999999999,4.15,5.87,-1.716,Zach McCambley,2026-09-09
"Roa, Christian",685005,2026,43,27,0.313,0.296,0.017,0.5,0.491,0.009,0.424,0.415,0.009,5.19,7.99,-2.798,Christian Roa,2026-09-09
"Rodriguez, Carlos",692230,2026,42,30,0.263,0.228,0.035,0.395,0.327,0.068,0.324,0.282,0.042,3.86,3.29,0.567,Carlos Rodriguez,2026-09-09
"Nicolas, Kyle",693312,2026,42,22,0.276,0.272,0.004,0.414,0.444,-0.03,0.422,0.434,-0.012,8.59,8.98,-0.389,Kyle Nicolas,2026-09-09
"Koenig, Jared",657649,2026,41,26,0.364,0.246,0.118,0.576,0.416,0.1599999999999999,0.444,0.337,0.1069999999999999,9.0,4.85,4.15,Jared Koenig,2026-09-09
"Cortes, Carlos",666126,2026,41,35,0.361,0.297,0.064,0.75,0.544,0.2059999999999999,0.499,0.401,0.0979999999999999,9.0,7.33,1.67,Carlos Cortes,2026-09-09
"Sandlin, Nick",680704,2026,40,26,0.29,0.238,0.0519999999999999,0.548,0.463,0.085,0.419,0.377,0.0419999999999999,11.42,6.3,5.123,Nick Sandlin,2026-09-09
"Vanasco, Ricky",676568,2026,40,30,0.412,0.294,0.118,0.706,0.519,0.1869999999999999,0.512,0.399,0.1129999999999999,15.63,7.24,8.392,Ricky Vanasco,2026-09-09
"Waldichuk, Ken",686610,2026,40,26,0.235,0.243,-0.008,0.588,0.577,0.011,0.4,0.397,0.003,6.75,7.15,-0.4,Ken Waldichuk,2026-09-09
"Rajcic, Max",691008,2026,39,25,0.182,0.168,0.0139999999999999,0.394,0.318,0.076,0.311,0.281,0.0299999999999999,5.0,3.27,1.73,Max Rajcic,2026-09-09
"Paez, Jedixson",699151,2026,39,31,0.438,0.385,0.0529999999999999,0.906,0.813,0.093,0.557,0.506,0.051,18.9,13.87,5.03,Jedixson Paez,2026-09-09
"Espino, Daniel",682982,2026,39,18,0.229,0.201,0.0279999999999999,0.343,0.263,0.08,0.294,0.251,0.0429999999999999,3.0,2.6,0.4,Daniel Espino,2026-09-09
"Curtis, Khristian",694753,2026,39,26,0.091,0.214,-0.123,0.121,0.325,-0.204,0.185,0.303,-0.118,1.64,3.84,-2.204,Khristian Curtis,2026-09-09
"Manoah, Alek",666201,2026,39,26,0.258,0.228,0.03,0.516,0.473,0.043,0.402,0.379,0.023,9.82,6.38,3.438,Alek Manoah,2026-09-09
"Hoffman, Nolan",676510,2026,39,29,0.323,0.309,0.014,0.355,0.382,-0.027,0.337,0.346,-0.0089999999999999,5.0,5.15,-0.15,Nolan Hoffman,2026-09-09
"Yean, Eddy",678868,2026,39,30,0.139,0.211,-0.0719999999999999,0.306,0.296,0.01,0.227,0.257,-0.03,1.8,2.72,-0.92,Eddy Yean,2026-09-09
"Joyce, Ben",690829,2026,39,20,0.121,0.151,-0.03,0.152,0.188,-0.036,0.196,0.22,-0.0239999999999999,2.61,2.0,0.613,Ben Joyce,2026-09-09
"Marte, Yunior",805074,2026,39,30,0.2,0.236,-0.0359999999999999,0.429,0.45,-0.021,0.31,0.332,-0.022,3.72,4.69,-0.966,Yunior Marte,2026-09-09
"Kerr, Ray",678061,2026,38,29,0.121,0.209,-0.088,0.212,0.314,-0.102,0.186,0.258,-0.072,1.8,2.74,-0.94,Ray Kerr,2026-09-09
"Simpson, Josh",681006,2026,38,23,0.333,0.227,0.106,0.727,0.532,0.1949999999999999,0.482,0.369,0.1129999999999999,9.82,5.98,3.838,Josh Simpson,2026-09-09
"Karinchak, James",675916,2026,37,24,0.129,0.158,-0.0289999999999999,0.258,0.299,-0.0409999999999999,0.232,0.268,-0.036,1.86,2.96,-1.098,James Karinchak,2026-09-09
"Garcia, Robert",676395,2026,37,23,0.167,0.228,-0.061,0.2,0.3,-0.0999999999999999,0.262,0.318,-0.0559999999999999,3.0,4.26,-1.26,Robert Garcia,2026-09-09
"Lee, Chase",695445,2026,37,27,0.286,0.26,0.0259999999999999,0.607,0.376,0.2309999999999999,0.435,0.35,0.085,7.88,5.29,2.585,Chase Lee,2026-09-09
"Hiraldo, Yaramil",682274,2026,37,17,0.241,0.169,0.0719999999999999,0.517,0.32,0.197,0.384,0.295,0.089,5.87,3.62,2.25,Yaramil Hiraldo,2026-09-09
"Trivino III, Lou",642152,2026,36,21,0.37,0.217,0.153,0.593,0.323,0.2699999999999999,0.466,0.33,0.136,15.0,4.63,10.37,Lou Trivino III,2026-09-09
"Kelly, Antwone",699008,2026,36,27,0.25,0.269,-0.019,0.5,0.367,0.133,0.361,0.323,0.0379999999999999,5.4,4.41,0.99,Antwone Kelly,2026-09-09
"Mills, Wyatt",670090,2026,36,20,0.208,0.234,-0.026,0.208,0.293,-0.0849999999999999,0.338,0.368,-0.0299999999999999,5.68,5.95,-0.266,Wyatt Mills,2026-09-09
"Payamps, Joel",606303,2026,36,23,0.281,0.252,0.029,0.594,0.548,0.0459999999999999,0.405,0.377,0.028,8.22,6.3,1.917,Joel Payamps,2026-09-09
"Fulmer, Michael",605242,2026,36,21,0.2,0.238,-0.0379999999999999,0.367,0.35,0.017,0.308,0.318,-0.01,2.25,4.26,-2.01,Michael Fulmer,2026-09-09
"Gonzalez, Domingo",682445,2026,36,25,0.3,0.355,-0.0549999999999999,0.467,0.618,-0.1509999999999999,0.383,0.453,-0.07,4.7,10.08,-5.384,Domingo Gonzalez,2026-09-09
"McDermott, Chayce",694646,2026,36,26,0.258,0.224,0.034,0.548,0.466,0.082,0.38,0.336,0.0439999999999999,5.87,4.82,1.05,Chayce McDermott,2026-09-09
"Trevino, Jose",624431,2026,36,33,0.529,0.385,0.144,0.735,0.602,0.133,0.558,0.439,0.119,16.5,9.26,7.24,Jose Trevino,2026-09-09
"Shook, TJ",669298,2026,36,27,0.353,0.261,0.0919999999999999,0.765,0.464,0.301,0.484,0.328,0.1559999999999999,8.22,4.56,3.657,TJ Shook,2026-09-09
"Brito, Jhony",666745,2026,35,28,0.206,0.225,-0.019,0.412,0.42,-0.008,0.275,0.285,-0.0099999999999999,3.0,3.37,-0.37,Jhony Brito,2026-09-09
"Lazar, Max",676661,2026,35,27,0.25,0.241,0.009,0.531,0.454,0.077,0.363,0.331,0.0319999999999999,5.63,4.66,0.965,Max Lazar,2026-09-09
"Knack, Landon",689017,2026,35,26,0.258,0.22,0.038,0.677,0.494,0.183,0.408,0.34,0.0679999999999999,5.87,4.95,0.92,Landon Knack,2026-09-09
"Van Eyk, CJ",669310,2026,35,31,0.355,0.294,0.061,0.516,0.467,0.0489999999999999,0.395,0.366,0.029,4.05,5.87,-1.82,CJ Van Eyk,2026-09-09
"Perdomo, Cesar",702885,2026,35,25,0.182,0.223,-0.041,0.303,0.362,-0.059,0.236,0.275,-0.039,0.9,3.13,-2.23,Cesar Perdomo,2026-09-09
"Ralston, Jack",667652,2026,35,24,0.194,0.196,-0.002,0.29,0.298,-0.008,0.266,0.268,-0.002,4.32,2.96,1.36,Jack Ralston,2026-09-09
"Sullivan, Brett",664954,2026,34,31,0.355,0.364,-0.009,0.613,0.625,-0.012,0.418,0.429,-0.011,4.7,8.71,-4.014,Brett Sullivan,2026-09-09
"Gerber, Joey",680702,2026,34,22,0.2,0.23,-0.03,0.4,0.373,0.027,0.306,0.309,-0.003,4.32,4.0,0.32,Joey Gerber,2026-09-09
"Mushinski, Parker",656786,2026,34,29,0.31,0.325,-0.015,0.379,0.459,-0.08,0.36,0.39,-0.03,2.7,6.84,-4.14,Parker Mushinski,2026-09-09
"Beck, Brendan",694341,2026,34,24,0.241,0.292,-0.0509999999999999,0.724,0.641,0.0829999999999999,0.444,0.435,0.009,8.22,9.04,-0.823,Brendan Beck,2026-09-09
"Gervase, Paul",801434,2026,34,21,0.241,0.238,0.003,0.241,0.313,-0.072,0.286,0.306,-0.02,2.35,3.92,-1.572,Paul Gervase,2026-09-09
"Tolman, Erik",680899,2026,33,21,0.241,0.179,0.062,0.241,0.214,0.0269999999999999,0.252,0.215,0.037,2.16,1.92,0.24,Erik Tolman,2026-09-09
"Tolbert, Tyler",686475,2026,33,29,0.586,0.501,0.0849999999999999,1.034,0.827,0.207,0.696,0.583,0.1129999999999999,25.07,22.12,2.951,Tyler Tolbert,2026-09-09
"Kelly, Michael",547184,2026,32,20,0.462,0.349,0.113,0.769,0.522,0.247,0.557,0.436,0.121,16.2,9.09,7.11,Michael Kelly,2026-09-09
"Pushard, Matt",690155,2026,32,20,0.24,0.278,-0.038,0.28,0.39,-0.1099999999999999,0.298,0.347,-0.0489999999999999,5.14,5.18,-0.037,Matt Pushard,2026-09-09
"Martin, Riley",702303,2026,32,19,0.179,0.169,0.0099999999999999,0.286,0.312,-0.026,0.249,0.25,-0.001,2.16,2.57,-0.41,Riley Martin,2026-09-09
"Gilbert, Tyler",656457,2026,32,24,0.429,0.343,0.0859999999999999,0.821,0.635,0.1859999999999999,0.552,0.45,0.102,12.0,9.9,2.1,Tyler Gilbert,2026-09-09
"Devenski, Chris",606965,2026,32,26,0.323,0.267,0.0559999999999999,0.548,0.381,0.167,0.385,0.292,0.093,6.14,3.54,2.596,Chris Devenski,2026-09-09
"Rainey, Tanner",663432,2026,31,16,0.136,0.156,-0.0199999999999999,0.182,0.213,-0.031,0.302,0.317,-0.015,3.86,4.23,-0.373,Tanner Rainey,2026-09-09
"Pop, Zach",647315,2026,31,21,0.2,0.248,-0.0479999999999999,0.32,0.358,-0.0379999999999999,0.271,0.317,-0.0459999999999999,3.68,4.23,-0.548,Zach Pop,2026-09-09
"France, J.P.",641585,2026,31,21,0.24,0.293,-0.0529999999999999,0.4,0.534,-0.134,0.358,0.42,-0.062,8.1,8.24,-0.14,J.P. France,2026-09-09
"Bivens, Spencer",702352,2026,30,18,0.44,0.294,0.146,0.6,0.483,0.1169999999999999,0.471,0.374,0.0969999999999999,14.4,6.18,8.22,Spencer Bivens,2026-09-09
"Stallings, Garrett",668831,2026,30,18,0.111,0.136,-0.025,0.111,0.148,-0.0369999999999999,0.159,0.182,-0.0229999999999999,0.0,1.4,-1.4,Garrett Stallings,2026-09-09
"Leibrandt, Brandon",605335,2026,30,24,0.385,0.323,0.062,0.692,0.694,-0.002,0.461,0.437,0.024,7.5,9.15,-1.65,Brandon Leibrandt,2026-09-09
"Fitzpatrick, Brian",702153,2026,30,22,0.259,0.212,0.047,0.296,0.265,0.0309999999999999,0.29,0.257,0.0329999999999999,1.35,2.72,-1.37,Brian Fitzpatrick,2026-09-09
"Irvin, Cole",608344,2026,30,21,0.308,0.287,0.021,0.5,0.512,-0.012,0.395,0.39,0.005,9.0,6.84,2.16,Cole Irvin,2026-09-09
"Murphy, Owen",702566,2026,29,20,0.231,0.28,-0.049,0.385,0.451,-0.066,0.31,0.353,-0.0429999999999999,4.05,5.39,-1.34,Owen Murphy,2026-09-09
"Gonzales, Marco",594835,2026,29,22,0.28,0.208,0.072,0.36,0.294,0.066,0.324,0.267,0.0569999999999999,1.35,2.94,-1.59,Marco Gonzales,2026-09-09
"Perales, Luis",691384,2026,28,19,0.375,0.29,0.085,0.625,0.531,0.0939999999999999,0.469,0.399,0.0699999999999999,14.4,7.24,7.16,Luis Perales,2026-09-09
"Martinez, Justin",679885,2026,28,14,0.091,0.138,-0.047,0.091,0.175,-0.0839999999999999,0.214,0.257,-0.043,0.0,2.72,-2.72,Justin Martinez,2026-09-09
"Cerantola, Eric",672021,2026,28,10,0.235,0.181,0.0539999999999999,0.588,0.315,0.2729999999999999,0.484,0.402,0.0819999999999999,10.13,7.37,2.755,Eric Cerantola,2026-09-09
"Garrett, Braxton",666129,2026,28,15,0.368,0.24,0.128,0.579,0.389,0.1899999999999999,0.475,0.386,0.0889999999999999,14.54,6.67,7.868,Braxton Garrett,2026-09-09
"Grove, Michael",675627,2026,28,22,0.259,0.289,-0.0299999999999999,0.63,0.708,-0.0779999999999999,0.36,0.423,-0.063,5.14,8.4,-3.257,Michael Grove,2026-09-09
"Corniell, Jose",692030,2026,28,20,0.478,0.273,0.2049999999999999,1.043,0.487,0.5559999999999999,0.645,0.366,0.279,20.77,5.87,14.899,Jose Corniell,2026-09-09
"Díaz, Yilber",700270,2026,28,19,0.478,0.402,0.0759999999999999,0.913,0.765,0.148,0.609,0.531,0.0779999999999999,22.85,16.12,6.726,Yilber Díaz,2026-09-09
"Ullola, Miguel",699044,2026,27,16,0.192,0.22,-0.0279999999999999,0.462,0.453,0.009,0.29,0.299,-0.009,3.86,3.73,0.127,Miguel Ullola,2026-09-09
"Vivas, Jorbit",678391,2026,27,23,0.478,0.373,0.1049999999999999,0.739,0.773,-0.034,0.554,0.517,0.037,13.5,14.82,-1.32,Jorbit Vivas,2026-09-09
"Sanoja, Javier",691594,2026,27,24,0.458,0.327,0.131,0.833,0.766,0.0669999999999999,0.543,0.464,0.079,13.5,10.78,2.72,Javier Sanoja,2026-09-09
"Baumler, Carter",691945,2026,27,14,0.2,0.206,-0.0059999999999999,0.4,0.353,0.047,0.371,0.359,0.012,3.18,5.61,-2.434,Carter Baumler,2026-09-09
"Vaughn, Andrew",683734,2026,26,19,0.6,0.416,0.184,1.2,0.765,0.4349999999999999,0.752,0.549,0.2029999999999999,30.0,17.97,12.03,Andrew Vaughn,2026-09-09
"Heineman, Tyler",623168,2026,26,25,0.36,0.351,0.009,0.72,0.57,0.15,0.467,0.405,0.062,10.13,7.51,2.615,Tyler Heineman,2026-09-09
"Rashi, Taylor",688497,2026,26,18,0.261,0.278,-0.017,0.435,0.462,-0.027,0.345,0.359,-0.014,7.94,5.61,2.331,Taylor Rashi,2026-09-09
"Blalock, Bradley",687134,2026,26,18,0.292,0.231,0.0609999999999999,0.458,0.375,0.083,0.352,0.293,0.059,3.0,3.57,-0.57,Bradley Blalock,2026-09-09
"Horton, Cade",690990,2026,26,20,0.167,0.249,-0.0819999999999999,0.292,0.321,-0.029,0.235,0.283,-0.0479999999999999,2.46,3.32,-0.865,Cade Horton,2026-09-09
"Muñoz, Roddery",682610,2026,25,13,0.368,0.291,0.077,0.947,0.556,0.3909999999999999,0.586,0.441,0.1449999999999999,15.75,9.38,6.37,Roddery Muñoz,2026-09-09
"Martin, Corbin",656686,2026,25,16,0.25,0.248,0.002,0.55,0.509,0.041,0.411,0.396,0.0149999999999999,10.8,7.1,3.7,Corbin Martin,2026-09-09
"Law, Derek",571882,2026,25,20,0.227,0.352,-0.1249999999999999,0.273,0.515,-0.242,0.25,0.393,-0.143,1.35,6.97,-5.62,Derek Law,2026-09-09
"Edwards Jr., Carl",605218,2026,25,10,0.143,0.159,-0.016,0.286,0.25,0.0359999999999999,0.265,0.258,0.007,1.5,2.74,-1.24,Carl Edwards Jr.,2026-09-09
"Raya, Marco",694397,2026,25,18,0.227,0.274,-0.047,0.364,0.407,-0.0429999999999999,0.308,0.341,-0.033,3.0,4.98,-1.98,Marco Raya,2026-09-09
"Rodríguez, Manuel",655889,2026,24,11,0.278,0.221,0.057,0.556,0.384,0.172,0.417,0.341,0.0759999999999999,3.86,4.98,-1.123,Manuel Rodríguez,2026-09-09
"Lucchesi, Joey",664192,2026,24,13,0.412,0.286,0.126,0.647,0.491,0.156,0.529,0.43,0.099,13.5,8.77,4.73,Joey Lucchesi,2026-09-09
"Emanuel, Kent",592288,2026,23,15,0.263,0.206,0.057,0.474,0.321,0.1529999999999999,0.379,0.308,0.071,3.6,3.97,-0.37,Kent Emanuel,2026-09-09
"Casparius, Ben",676508,2026,23,15,0.316,0.281,0.0349999999999999,0.474,0.467,0.0069999999999999,0.404,0.385,0.019,9.64,6.63,3.013,Ben Casparius,2026-09-09
"Rojas, Miguel",500743,2026,23,21,0.429,0.373,0.0559999999999999,0.81,0.591,0.219,0.544,0.438,0.106,13.5,9.21,4.29,Miguel Rojas,2026-09-09
"Castro, Kervin",665645,2026,23,13,0.143,0.195,-0.052,0.19,0.245,-0.0549999999999999,0.193,0.235,-0.0419999999999999,1.42,2.28,-0.859,Kervin Castro,2026-09-09
"Hamilton, Ian",641656,2026,23,16,0.3,0.307,-0.007,0.4,0.356,0.044,0.356,0.342,0.0139999999999999,7.71,5.01,2.704,Ian Hamilton,2026-09-09
"McCann, James",543510,2026,23,20,0.474,0.467,0.0069999999999999,0.737,1.079,-0.3419999999999999,0.522,0.627,-0.1049999999999999,11.25,29.16,-17.91,James McCann,2026-09-09
"Jacob, Alek",689690,2026,23,14,0.25,0.179,0.071,0.45,0.305,0.145,0.353,0.272,0.0809999999999999,5.4,3.06,2.34,Alek Jacob,2026-09-09
"Winquest, Cade",685464,2026,23,16,0.15,0.149,0.001,0.15,0.173,-0.0229999999999999,0.177,0.183,-0.006,1.5,1.42,0.08,Cade Winquest,2026-09-09
"Gose, Anthony",543238,2026,23,22,0.2,0.219,-0.0189999999999999,0.3,0.288,0.012,0.226,0.231,-0.005,1.42,2.2,-0.779,Anthony Gose,2026-09-09
"Snelling, Robby",702281,2026,22,16,0.278,0.261,0.017,0.5,0.445,0.0549999999999999,0.399,0.372,0.027,5.4,6.1,-0.7,Robby Snelling,2026-09-09
"Santos, Gregory",666619,2026,22,18,0.263,0.327,-0.064,0.474,0.428,0.0459999999999999,0.363,0.376,-0.013,3.6,6.26,-2.66,Gregory Santos,2026-09-09
"Go, Woo-Suk",808970,2026,22,15,0.4,0.28,0.12,0.85,0.559,0.2909999999999999,0.543,0.386,0.157,9.0,6.67,2.33,Woo-Suk Go,2026-09-09
"VanWey, Logan",701121,2026,22,17,0.25,0.237,0.013,0.25,0.344,-0.0939999999999999,0.212,0.239,-0.0269999999999999,1.5,2.35,-0.85,Logan VanWey,2026-09-09
"Williamson, Ben",810938,2026,21,20,0.25,0.297,-0.0469999999999999,0.45,0.532,-0.082,0.318,0.369,-0.0509999999999999,3.6,5.98,-2.38,Ben Williamson,2026-09-09
"Brebbia, John",605154,2026,21,19,0.333,0.317,0.016,0.667,0.673,-0.006,0.425,0.414,0.011,10.38,7.95,2.435,John Brebbia,2026-09-09
"Wilson, Weston",642215,2026,21,21,0.55,0.428,0.122,0.85,0.699,0.151,0.577,0.467,0.1099999999999999,18.9,10.97,7.93,Weston Wilson,2026-09-09
"Zimmermann, Bruce",669145,2026,21,18,0.3,0.235,0.065,0.45,0.324,0.126,0.341,0.261,0.08,5.4,2.81,2.59,Bruce Zimmermann,2026-09-09
"Straw, Myles",664702,2026,20,19,0.421,0.319,0.1019999999999999,0.579,0.485,0.0939999999999999,0.449,0.365,0.084,4.5,5.83,-1.33,Myles Straw,2026-09-09
"Hedges, Austin",595978,2026,20,19,0.35,0.25,0.0999999999999999,0.35,0.304,0.0459999999999999,0.312,0.24,0.072,6.23,2.37,3.861,Austin Hedges,2026-09-09
"Tiedemann, Ricky",694357,2026,20,11,0.2,0.27,-0.07,0.2,0.353,-0.1529999999999999,0.31,0.378,-0.068,2.08,6.34,-4.263,Ricky Tiedemann,2026-09-09
"Wantz, Andrew",681806,2026,20,14,0.333,0.326,0.007,0.6,0.582,0.018,0.477,0.463,0.0139999999999999,14.73,10.71,4.017,Andrew Wantz,2026-09-09
"Verlander, Justin",434378,2026,19,16,0.353,0.365,-0.012,0.706,0.69,0.016,0.473,0.474,-0.001,12.27,11.45,0.823,Justin Verlander,2026-09-09
"Durán, Rodolfo",660710,2026,19,18,0.5,0.258,0.242,0.944,0.475,0.469,0.62,0.332,0.288,27.0,4.69,22.31,Rodolfo Durán,2026-09-09
"Heasley, Jonathan",669169,2026,19,17,0.421,0.352,0.069,0.842,0.791,0.0509999999999999,0.536,0.479,0.057,11.25,11.8,-0.55,Jonathan Heasley,2026-09-09
"Klein, John",804619,2026,19,13,0.214,0.183,0.031,0.5,0.291,0.209,0.368,0.352,0.016,4.15,5.36,-1.206,John Klein,2026-09-09
"Estes, Joey",683155,2026,18,13,0.313,0.237,0.076,0.75,0.351,0.399,0.431,0.263,0.1679999999999999,8.31,2.85,5.458,Joey Estes,2026-09-09
"Oviedo, Johan",670912,2026,18,13,0.4,0.338,0.062,0.933,0.767,0.166,0.546,0.484,0.062,9.82,12.15,-2.332,Johan Oviedo,2026-09-09
"Criswell, Jeff",676105,2026,18,12,0.267,0.3,-0.0329999999999999,0.667,0.613,0.054,0.443,0.436,0.007,4.5,9.09,-4.59,Jeff Criswell,2026-09-09
"Cannon, Jonathan",686563,2026,18,9,0.308,0.252,0.0559999999999999,0.462,0.45,0.012,0.433,0.409,0.024,9.0,7.7,1.3,Jonathan Cannon,2026-09-09
"Monteverde, Patrick",687287,2026,18,15,0.294,0.255,0.0389999999999999,0.647,0.409,0.238,0.41,0.307,0.1029999999999999,9.0,3.95,5.05,Patrick Monteverde,2026-09-09
"Harvey, Hunter",640451,2026,18,13,0.294,0.216,0.0779999999999999,0.647,0.563,0.084,0.415,0.345,0.07,6.75,5.11,1.64,Hunter Harvey,2026-09-09
"Fleming, Josh",676596,2026,18,14,0.429,0.36,0.069,0.643,0.632,0.011,0.479,0.47,0.009,12.0,11.17,0.83,Josh Fleming,2026-09-09
"Fernández, Julian",642759,2026,18,13,0.2,0.204,-0.0039999999999999,0.4,0.414,-0.0139999999999999,0.29,0.301,-0.011,2.25,3.78,-1.53,Julian Fernández,2026-09-09
"Hanner, Bradley",690440,2026,18,12,0.333,0.328,0.005,0.778,0.577,0.201,0.465,0.385,0.08,6.75,6.63,0.12,Bradley Hanner,2026-09-09
"Higashioka, Kyle",543309,2026,18,16,0.571,0.509,0.0619999999999999,1.071,0.949,0.122,0.622,0.57,0.052,21.0,20.42,0.58,Kyle Higashioka,2026-09-09
"Weisenburger, Jack",674073,2026,18,12,0.188,0.172,0.016,0.25,0.302,-0.0519999999999999,0.247,0.257,-0.01,2.08,2.72,-0.643,Jack Weisenburger,2026-09-09
"Cook, Alex",702047,2026,17,13,0.267,0.201,0.066,0.533,0.373,0.16,0.382,0.293,0.089,7.36,3.57,3.794,Alex Cook,2026-09-09
"Raquet, Nick",675919,2026,17,13,0.214,0.328,-0.114,0.5,0.498,0.002,0.372,0.416,-0.0439999999999999,7.36,8.04,-0.676,Nick Raquet,2026-09-09
"Vargas, Ildemaro",545121,2026,17,13,0.25,0.259,-0.009,0.333,0.415,-0.0819999999999999,0.345,0.378,-0.033,4.91,6.34,-1.431,Ildemaro Vargas,2026-09-09
"Solesky, Chase",686678,2026,17,12,0.375,0.291,0.084,0.688,0.488,0.1999999999999999,0.467,0.353,0.114,6.0,5.39,0.61,Chase Solesky,2026-09-09
"Burgos, Juan",686228,2026,17,16,0.214,0.196,0.0179999999999999,0.286,0.374,-0.088,0.251,0.274,-0.023,2.08,3.1,-1.023,Juan Burgos,2026-09-09
"Eflin, Zach",621107,2026,17,8,0.267,0.202,0.065,0.533,0.404,0.129,0.382,0.307,0.075,2.46,3.95,-1.495,Zach Eflin,2026-09-09
"Richardson, Lyon",680689,2026,16,8,0.167,0.23,-0.063,0.667,0.727,-0.0599999999999999,0.433,0.478,-0.0449999999999999,13.5,11.72,1.78,Lyon Richardson,2026-09-09
"Hagenman, Justin",663795,2026,16,13,0.2,0.289,-0.0889999999999999,0.4,0.648,-0.248,0.283,0.413,-0.13,4.5,7.9,-3.4,Justin Hagenman,2026-09-09
"Wiemer, Joey",686894,2026,16,13,0.583,0.423,0.1599999999999999,0.917,0.632,0.285,0.618,0.473,0.145,22.5,11.38,11.12,Joey Wiemer,2026-09-09
"Buttó, José",676130,2026,16,7,0.5,0.319,0.181,1.083,0.689,0.394,0.677,0.494,0.183,22.5,12.91,9.59,José Buttó,2026-09-09
"Eder, Jake",671109,2026,15,13,0.231,0.363,-0.1319999999999999,0.308,0.746,-0.438,0.249,0.459,-0.21,2.25,10.46,-8.21,Jake Eder,2026-09-09
"Ramos, Wilkin",678576,2026,15,10,0.455,0.388,0.067,0.545,0.47,0.075,0.508,0.459,0.0489999999999999,22.5,10.46,12.04,Wilkin Ramos,2026-09-09
"De León, Luis",801725,2026,15,12,0.214,0.225,-0.011,0.429,0.335,0.0939999999999999,0.302,0.271,0.0309999999999999,4.91,3.03,1.879,Luis De León,2026-09-09
"Seelinger, Matt",676910,2026,15,9,0.455,0.226,0.229,1.0,0.495,0.505,0.635,0.409,0.226,31.5,7.7,23.8,Matt Seelinger,2026-09-09
"Stratton, Hunter",676702,2026,15,12,0.4,0.403,-0.003,0.467,0.476,-0.0089999999999999,0.381,0.383,-0.002,5.4,6.54,-1.14,Hunter Stratton,2026-09-09
"Murdock, Noah",668716,2026,15,8,0.273,0.153,0.12,0.273,0.222,0.051,0.318,0.259,0.059,0.0,2.76,-2.76,Noah Murdock,2026-09-09
"McKinstry, Zach",656716,2026,15,9,0.333,0.263,0.07,0.667,0.41,0.257,0.537,0.455,0.082,18.0,10.21,7.79,Zach McKinstry,2026-09-09
"Stubbs, Garrett",596117,2026,15,14,0.286,0.307,-0.021,0.286,0.491,-0.205,0.284,0.364,-0.08,5.4,5.79,-0.39,Garrett Stubbs,2026-09-09
"Callihan, Tyler",682997,2026,15,11,0.25,0.282,-0.0319999999999999,0.25,0.415,-0.1649999999999999,0.318,0.38,-0.062,0.0,6.42,-6.42,Tyler Callihan,2026-09-09
"Pannone, Thomas",623381,2026,14,10,0.25,0.316,-0.066,0.5,0.507,-0.007,0.373,0.4,-0.027,6.0,7.28,-1.28,Thomas Pannone,2026-09-09
"Hernández, Carlos",672578,2026,14,9,0.385,0.437,-0.0519999999999999,0.692,0.769,-0.077,0.477,0.525,-0.048,6.0,15.55,-9.55,Carlos Hernández,2026-09-09
"Frazier, Adam",624428,2026,14,12,0.583,0.419,0.1639999999999999,0.917,0.559,0.358,0.654,0.465,0.189,18.0,10.84,7.16,Adam Frazier,2026-09-09
"Strowd, Kade",669704,2026,14,8,0.222,0.406,-0.184,0.222,0.479,-0.257,0.377,0.496,-0.119,3.38,13.06,-9.685,Kade Strowd,2026-09-09
"Simpson, Jared",688692,2026,14,7,0.0,0.205,-0.205,0.0,0.272,-0.272,0.15,0.312,-0.162,6.75,4.09,2.66,Jared Simpson,2026-09-09
"Sinclair, Jack",695378,2026,13,6,0.111,0.216,-0.105,0.222,0.326,-0.104,0.317,0.381,-0.064,0.0,6.46,-6.46,Jack Sinclair,2026-09-09
"Burnes, Corbin",669203,2026,13,9,0.182,0.228,-0.046,0.364,0.364,0.0,0.302,0.322,-0.02,0.0,4.38,-4.38,Corbin Burnes,2026-09-09
"Miller, Bobby",676272,2026,13,8,0.1,0.225,-0.125,0.3,0.571,-0.2709999999999999,0.252,0.396,-0.144,3.0,7.1,-4.1,Bobby Miller,2026-09-09
"Rivas, Leo",660844,2026,13,12,0.818,0.46,0.3579999999999999,1.182,0.889,0.2929999999999999,0.788,0.604,0.184,63.0,25.2,37.8,Leo Rivas,2026-09-09
"Kelly, Carson",608348,2026,13,13,0.308,0.307,0.001,0.769,0.78,-0.011,0.453,0.449,0.004,6.0,9.84,-3.84,Carson Kelly,2026-09-09
"Walston, Blake",686796,2026,13,8,0.125,0.222,-0.097,0.25,0.517,-0.267,0.178,0.323,-0.145,3.0,4.41,-1.41,Blake Walston,2026-09-09
"Castellano, Eiberson",682769,2026,12,9,0.364,0.354,0.01,0.455,0.445,0.01,0.389,0.376,0.013,0.0,6.26,-6.26,Eiberson Castellano,2026-09-09
"Rutledge, Jackson",671131,2026,12,8,0.6,0.315,0.285,0.9,0.527,0.373,0.651,0.418,0.233,47.25,8.14,39.11,Jackson Rutledge,2026-09-09
"Hjerpe, Cooper",687309,2026,12,6,0.0,0.139,-0.139,0.0,0.164,-0.164,0.0,0.134,-0.134,0.0,0.81,-0.81,Cooper Hjerpe,2026-09-09
"Muñoz, Rolddy",691548,2026,12,8,0.455,0.315,0.14,0.727,0.639,0.0879999999999999,0.526,0.428,0.098,13.5,8.66,4.84,Rolddy Muñoz,2026-09-09
"Brzykcy, Zach",694350,2026,12,8,0.3,0.246,0.0539999999999999,0.4,0.279,0.121,0.37,0.306,0.064,3.0,3.92,-0.92,Zach Brzykcy,2026-09-09
"Mateo, Jorge",622761,2026,12,10,0.455,0.38,0.075,0.455,0.442,0.013,0.429,0.387,0.0419999999999999,3.86,6.71,-2.853,Jorge Mateo,2026-09-09
"Rogers, Jake",668670,2026,12,7,0.3,0.272,0.0279999999999999,0.4,0.333,0.067,0.373,0.337,0.0359999999999999,0.0,4.85,-4.85,Jake Rogers,2026-09-09
"Torrens, Luis",620443,2026,11,11,0.364,0.315,0.0489999999999999,0.909,0.524,0.385,0.535,0.36,0.175,7.71,5.64,2.074,Luis Torrens,2026-09-09
"Lonsway, Seth",675920,2026,11,9,0.455,0.222,0.233,0.455,0.24,0.215,0.405,0.201,0.204,9.0,1.69,7.31,Seth Lonsway,2026-09-09
"Uberstine, Tyler",700413,2026,11,8,0.3,0.274,0.0259999999999999,0.7,0.551,0.1489999999999999,0.446,0.378,0.068,3.38,6.34,-2.965,Tyler Uberstine,2026-09-09
"Rincon, Hancel",684516,2026,11,8,0.556,0.472,0.084,1.111,0.878,0.2329999999999999,0.704,0.599,0.1049999999999999,47.25,24.43,22.82,Hancel Rincon,2026-09-09
"Andrews, Tanner",681084,2026,11,8,0.111,0.135,-0.024,0.111,0.289,-0.178,0.208,0.273,-0.065,0.0,3.08,-3.08,Tanner Andrews,2026-09-09
"Keller, Brian",662144,2026,11,8,0.182,0.252,-0.07,0.455,0.616,-0.1609999999999999,0.267,0.361,-0.0939999999999999,3.0,5.68,-2.68,Brian Keller,2026-09-09
"Roxby, Braxton",694820,2026,11,8,0.4,0.205,0.195,0.4,0.246,0.154,0.39,0.246,0.144,9.0,2.49,6.51,Braxton Roxby,2026-09-09
"Velasquez, Vince",592826,2026,11,10,0.091,0.151,-0.06,0.182,0.199,-0.017,0.115,0.154,-0.0389999999999999,0.0,1.04,-1.04,Vince Velasquez,2026-09-09
"Sánchez, Gary",596142,2026,10,10,0.4,0.327,0.073,0.4,0.367,0.033,0.356,0.304,0.0519999999999999,0.0,3.86,-3.86,Gary Sánchez,2026-09-09
"Ponce, Cody",664074,2026,10,6,0.111,0.177,-0.0659999999999999,0.222,0.277,-0.055,0.196,0.243,-0.0469999999999999,3.86,2.43,1.427,Cody Ponce,2026-09-09
"Acuña, Luisangel",682668,2026,10,9,0.222,0.3,-0.0779999999999999,0.556,0.4,0.156,0.364,0.34,0.0239999999999999,3.86,4.95,-1.093,Luisangel Acuña,2026-09-09
"Jackson, Alex",656577,2026,10,9,0.333,0.12,0.213,1.0,0.262,0.738,0.569,0.215,0.354,13.5,1.92,11.58,Alex Jackson,2026-09-09
"Del Castillo, Adrian",680728,2026,10,9,0.444,0.496,-0.0519999999999999,0.444,0.749,-0.305,0.429,0.532,-0.103,5.4,16.22,-10.82,Adrian Del Castillo,2026-09-09
"Herrera, Welinton",700327,2026,10,7,0.222,0.288,-0.0659999999999999,0.222,0.387,-0.165,0.248,0.334,-0.086,0.0,4.75,-4.75,Welinton Herrera,2026-09-09
"Kriske, Brooks",621139,2026,10,8,0.2,0.249,-0.0489999999999999,0.2,0.319,-0.119,0.178,0.244,-0.066,0.0,2.45,-2.45,Brooks Kriske,2026-09-09
"Koss, Christian",683766,2026,10,10,0.5,0.41,0.09,0.7,0.537,0.1629999999999999,0.52,0.408,0.112,13.5,7.66,5.84,Christian Koss,2026-09-09
"Teodo, Emiliano",693713,2026,10,7,0.375,0.287,0.088,0.5,0.413,0.087,0.444,0.38,0.064,10.8,6.42,4.38,Emiliano Teodo,2026-09-09
"Kennedy, Buddy",671083,2026,9,7,0.667,0.409,0.258,1.0,0.634,0.366,0.634,0.515,0.119,36.0,14.64,21.36,Buddy Kennedy,2026-09-09
"Adams, Blake",687060,2026,9,7,0.714,0.535,0.1789999999999999,1.286,1.109,0.177,0.82,0.698,0.122,45.0,47.01,-2.01,Blake Adams,2026-09-09
"Robles, Victor",645302,2026,9,8,0.625,0.49,0.135,0.625,0.618,0.007,0.572,0.504,0.0679999999999999,27.0,13.71,13.29,Victor Robles,2026-09-09
"Santos, Winston",692437,2026,9,7,0.25,0.285,-0.0349999999999999,0.625,0.545,0.0799999999999999,0.404,0.387,0.017,9.0,6.71,2.29,Winston Santos,2026-09-09
"Blach, Ty",621389,2026,9,7,0.111,0.292,-0.181,0.111,0.338,-0.227,0.099,0.269,-0.17,0.0,2.99,-2.99,Ty Blach,2026-09-09
"Nikhazy, Doug",680951,2026,9,6,0.143,0.19,-0.047,0.143,0.208,-0.065,0.254,0.291,-0.0369999999999999,4.5,3.52,0.98,Doug Nikhazy,2026-09-09
"Duran, Carlos",679922,2026,9,5,0.333,0.166,0.167,0.333,0.199,0.134,0.431,0.334,0.0969999999999999,13.5,4.75,8.75,Carlos Duran,2026-09-09
"Johnston, Troy",687859,2026,9,7,0.143,0.177,-0.034,0.143,0.207,-0.064,0.258,0.289,-0.0309999999999999,0.0,3.47,-3.47,Troy Johnston,2026-09-09
"Monasterio, Andruw",655316,2026,8,5,0.75,0.426,0.324,2.25,1.081,1.169,0.886,0.601,0.285,67.5,24.73,42.77,Andruw Monasterio,2026-09-09
"Peterson, Austin",804926,2026,8,5,0.125,0.14,-0.015,0.125,0.17,-0.045,0.111,0.135,-0.024,0.0,0.82,-0.82,Austin Peterson,2026-09-09
"White, Josh",687985,2026,8,2,0.333,0.34,-0.007,1.333,1.342,-0.0090000000000001,0.697,0.693,0.004,67.5,45.38,22.12,Josh White,2026-09-09
"Davitt, Duncan",701474,2026,8,6,0.286,0.357,-0.071,0.857,0.614,0.243,0.501,0.448,0.0529999999999999,4.5,9.78,-5.28,Duncan Davitt,2026-09-09
"Torres, Bryan",663494,2026,8,7,0.143,0.48,-0.3369999999999999,0.143,0.642,-0.499,0.199,0.516,-0.317,0.0,14.73,-14.73,Bryan Torres,2026-09-09
"Moore, Dylan",664238,2026,8,6,0.167,0.235,-0.0679999999999999,0.167,0.324,-0.157,0.29,0.379,-0.089,5.4,6.38,-0.98,Dylan Moore,2026-09-09
"Bowden, Ben",641386,2026,8,5,0.4,0.387,0.013,0.6,0.632,-0.032,0.535,0.539,-0.004,36.0,16.92,19.08,Ben Bowden,2026-09-09
"Estévez, Carlos",608032,2026,7,5,0.8,0.494,0.306,1.4,0.917,0.4829999999999999,0.874,0.628,0.246,162.0,29.35,132.65,Carlos Estévez,2026-09-09
"Lopez, Nicky",670032,2026,7,6,0.571,0.355,0.2159999999999999,0.571,0.417,0.1539999999999999,0.509,0.34,0.1689999999999999,9.0,4.95,4.05,Nicky Lopez,2026-09-09
"Pagés, Pedro",686780,2026,7,7,0.286,0.407,-0.121,0.714,0.991,-0.277,0.42,0.584,-0.1639999999999999,4.5,22.26,-17.76,Pedro Pagés,2026-09-09
"Kingham, Nolan",663884,2026,6,3,0.333,0.152,0.181,0.333,0.175,0.158,0.381,0.333,0.0479999999999999,9.0,4.72,4.28,Nolan Kingham,2026-09-09
"Tromp, Chadwick",644433,2026,6,5,0.6,0.294,0.306,1.4,0.496,0.904,0.817,0.395,0.4219999999999999,18.0,7.06,10.94,Chadwick Tromp,2026-09-09
"Díaz, Jhonathan",646242,2026,6,5,0.333,0.299,0.034,0.833,0.796,0.0369999999999999,0.49,0.457,0.0329999999999999,6.75,10.33,-3.58,Jhonathan Díaz,2026-09-09
"Martinez, Seth",661527,2026,6,4,0.4,0.283,0.117,0.6,0.38,0.2199999999999999,0.48,0.36,0.12,9.0,5.64,3.36,Seth Martinez,2026-09-09
"Wade Jr., LaMonte",664774,2026,6,6,0.5,0.517,-0.017,1.167,0.894,0.273,0.701,0.599,0.1019999999999999,18.0,24.43,-6.43,LaMonte Wade Jr.,2026-09-09
"Marte, Yunior",628708,2026,6,3,0.75,0.537,0.2129999999999999,1.0,0.654,0.346,0.754,0.561,0.1929999999999999,108.0,19.33,88.67,Yunior Marte,2026-09-09
"Ríos, Yacksel",605441,2026,5,3,0.0,0.345,-0.345,0.0,0.43,-0.43,0.0,0.335,-0.335,0.0,4.78,-4.78,Yacksel Ríos,2026-09-09
"Little, Luke",681432,2026,5,4,0.4,0.338,0.062,1.0,0.932,0.0679999999999999,0.588,0.527,0.0609999999999999,9.0,15.74,-6.74,Luke Little,2026-09-09
"Schuemann, Max",680474,2026,5,4,0.25,0.387,-0.137,0.25,0.447,-0.197,0.318,0.43,-0.1119999999999999,0.0,8.77,-8.77,Max Schuemann,2026-09-09
"Tena, José",677588,2026,5,4,0.5,0.378,0.122,0.5,0.463,0.0369999999999999,0.496,0.43,0.066,9.0,8.77,0.23,José Tena,2026-09-09
"Arcia, Orlando",606115,2026,5,3,0.333,0.234,0.099,0.333,0.286,0.047,0.457,0.411,0.046,9.0,7.8,1.2,Orlando Arcia,2026-09-09
"McDougal, Tanner",701780,2026,5,1,0.0,0.172,-0.172,0.0,0.177,-0.177,0.565,0.596,-0.031,27.0,23.97,3.03,Tanner McDougal,2026-09-09
"Flores Jr., Rafael",804668,2026,5,5,0.4,0.356,0.044,0.4,0.482,-0.0819999999999999,0.356,0.362,-0.006,0.0,5.72,-5.72,Rafael Flores Jr.,2026-09-09
"Burkhalter, Blake",686628,2026,5,3,0.333,0.429,-0.0959999999999999,0.333,0.551,-0.218,0.318,0.395,-0.077,9.0,7.06,1.94,Blake Burkhalter,2026-09-09
"Zuñiga, Guillo",670871,2026,4,2,0.0,0.019,-0.019,0.0,0.019,-0.019,0.175,0.187,-0.012,0.0,1.48,-1.48,Guillo Zuñiga,2026-09-09
"Kelly, Antoine",681520,2026,4,2,0.0,0.396,-0.396,0.0,0.448,-0.448,0.175,0.454,-0.279,0.0,10.14,-10.14,Antoine Kelly,2026-09-09
"Rojas, Josh",668942,2026,4,4,0.25,0.338,-0.088,0.25,0.398,-0.148,0.223,0.319,-0.096,0.0,4.29,-4.29,Josh Rojas,2026-09-09
"Johnson, Ty",694494,2026,4,1,0.0,0.0,0.0,0.0,0.0,0.0,0.233,0.233,0.0,0.0,2.24,-2.24,Ty Johnson,2026-09-09
"Pereda, Jhonny",640902,2026,4,4,0.75,0.312,0.438,1.5,0.541,0.959,0.958,0.362,0.596,54.0,5.72,48.28,Jhonny Pereda,2026-09-09
"Hernández, Enrique",571771,2026,4,4,0.25,0.217,0.033,0.25,0.52,-0.27,0.223,0.306,-0.0829999999999999,0.0,3.92,-3.92,Enrique Hernández,2026-09-09
"Espada, Jose",664744,2026,4,4,0.5,0.364,0.136,0.5,0.412,0.088,0.445,0.34,0.1049999999999999,0.0,4.95,-4.95,Jose Espada,2026-09-09
"Salazar, César",663967,2026,4,4,0.25,0.084,0.1659999999999999,1.0,0.253,0.747,0.513,0.137,0.376,9.0,0.85,8.15,César Salazar,2026-09-09
"Brooks, Aaron",605156,2026,4,2,0.5,0.189,0.311,2.0,0.556,1.444,0.862,0.502,0.36,81.0,13.54,67.46,Aaron Brooks,2026-09-09
"Herget, Kevin",643361,2026,3,3,0.0,0.125,-0.125,0.0,0.178,-0.178,0.0,0.128,-0.128,0.0,0.75,-0.75,Kevin Herget,2026-09-09
"Maile, Luke",571912,2026,3,3,0.0,0.039,-0.039,0.0,0.06,-0.06,0.0,0.044,-0.044,0.0,0.13,-0.13,Luke Maile,2026-09-09
"Haggerty, Sam",664059,2026,3,2,0.0,0.057,-0.057,0.0,0.063,-0.063,0.243,0.278,-0.035,0.0,3.2,-3.2,Sam Haggerty,2026-09-09
"Weston, Cameron",687721,2026,3,1,0.0,0.241,-0.241,0.0,0.262,-0.262,0.233,0.381,-0.148,0.0,6.46,-6.46,Cameron Weston,2026-09-09
"McGuire, Reese",624512,2026,3,3,0.0,0.017,-0.017,0.0,0.046,-0.046,0.0,0.027,-0.027,0.0,0.06,-0.06,Reese McGuire,2026-09-09
"Meyers, Jake",676694,2026,3,3,0.0,0.407,-0.407,0.0,0.459,-0.459,0.0,0.382,-0.382,0.0,6.5,-6.5,Jake Meyers,2026-09-09
"Short, Zack",670097,2026,3,3,0.0,0.209,-0.209,0.0,0.249,-0.249,0.0,0.204,-0.204,0.0,1.74,-1.74,Zack Short,2026-09-09
"Higgins, P.J.",664731,2026,3,2,0.0,0.03,-0.03,0.0,0.045,-0.045,0.0,0.034,-0.034,0.0,0.09,-0.09,P.J. Higgins,2026-09-09
"Ross, Dylan",697811,2026,3,3,0.0,0.119,-0.119,0.0,0.141,-0.141,0.0,0.108,-0.108,0.0,0.56,-0.56,Dylan Ross,2026-09-09
"La Sorsa, Joe",686747,2026,2,1,0.5,0.4,0.0999999999999999,2.0,1.544,0.4559999999999999,1.026,0.797,0.2289999999999999,27.0,104.09,-77.09,Joe La Sorsa,2026-09-09
