"ID","Player","Team","Position","RkOv","Status","Age","FPts","FP/G","Ros","+/-","AB","R","H","1B","2B","3B","HR","RBI","BB","SO","SB","CS","HBP","GIDP","GP"
"*02mw3*","Christian Walker","HOU","1B","99","FA","35","263","2.53","97%","-1%","382","51","88","47","20","1","20","61","35","102","0","0","8","11","104"
"*026lz*","Josh Bell","MIN","1B","129","FA","33","250","2.43","66%","-1%","378","51","93","56","23","1","13","63","31","92","1","0","2","10","103"
"*05y4b*","Caleb Durbin","BOS","3B","152","FA","26","234.5","2.39","80%","+2%","325","45","77","47","19","1","10","44","24","51","11","4","7","6","98"
"*04ya4*","Nasim Nunez","WSH","2B,SS","154","W <small>(Wed)</small>","25","233.5","2.36","59%","+1%","300","46","75","67","4","3","1","30","37","73","38","4","1","4","99"
"*026qc*","Joc Pederson","TEX","UT","168","FA","34","225.5","2.37","30%","+4%","279","44","71","39","11","2","19","40","36","71","2","0","3","9","95"
"*0433b*","Ildemaro Vargas","ARI","1B,2B","169","FA","35","225","2.42","41%","+2%","309","45","84","60","14","3","7","49","19","30","2","0","2","4","93"
"*065ji*","Jakob Marsee","MIA","OF","185","FA","25","219","2.15","76%","-2%","347","50","69","49","12","3","5","26","53","92","19","11","9","2","102"
"*04nky*","Trevor Larnach","MIN","OF,UT","183","FA","29","217.5","2.5","53%","+2%","276","47","81","53","19","1","8","38","36","55","2","2","3","7","87"
"*04eej*","Gavin Sheets","SD","1B,OF","196","FA","30","208.5","2.08","54%","-2%","309","39","66","37","15","0","14","42","40","75","4","0","4","10","100"
"*05ydz*","Tristan Peters","CHW","OF","201","FA","26","204.5","2.02","36%","-1%","281","38","79","49","21","3","6","37","21","55","5","2","4","0","101"
"*03qr0*","Cedric Mullins","TB","OF","211","FA","31","200","2.2","43%","0%","310","38","63","43","6","2","12","33","29","74","16","7","6","3","91"
"*05yj1*","Nolan Schanuel","LAA","1B","223","FA","24","199.5","2.29","51%","0%","321","33","90","66","18","0","6","37","33","51","1","1","5","10","87"
"*05yaf*","Jacob Young","WSH","OF","215","FA","27","198.5","2.11","26%","+1%","293","39","69","45","13","2","9","35","17","57","13","3","5","5","94"
"*03pdw*","Andrew Benintendi","CHW","OF","214","FA","32","198","2.11","31%","+1%","287","41","69","41","16","2","10","53","27","78","1","0","0","5","94"
"*03whq*","Ty France","SD","1B","220","FA","32","197","2.46","51%","+25%","248","31","71","40","13","2","16","46","13","64","1","1","8","6","80"
"*01ual*","Paul Goldschmidt","NYY","1B","224","W <small>(Wed)</small>","38","195.5","2.54","50%","-2%","271","36","70","43","10","1","16","43","21","71","1","0","3","4","77"
"*04efa*","Daulton Varsho","TOR","OF","228","FA","30","194","2.06","69%","-1%","315","38","77","51","17","2","7","25","27","66","9","0","2","2","94"
"*0516n*","Isaac Collins","KC","OF","229","FA","29","193","2.01","26%","+2%","300","38","73","48","18","1","6","34","41","80","6","5","6","4","96"
"*04up9*","Heriberto Hernandez","MIA","OF","244","FA","26","188","2.44","44%","+3%","245","28","60","32","12","1","15","41","24","70","7","2","1","2","77"
"*0310z*","J.P. Crawford","SEA","3B,SS","241","W <small>(Wed)</small>","31","187","2.17","47%","-1%","303","38","65","44","11","0","10","30","50","72","1","3","5","5","86"
"*03dei*","Lane Thomas","KC","OF","249","FA","30","183.5","1.99","41%","+4%","270","30","62","36","16","0","10","37","38","73","6","3","2","4","92"
"*03pzo*","Leody Taveras","BAL","OF","251","FA","27","182","2","16%","0%","281","40","64","44","10","5","5","38","33","80","10","3","1","6","91"
"*05139*","Michael Massey","KC","2B","261","FA","28","178","2.05","18%","+2%","259","36","71","44","19","0","8","36","16","48","2","0","0","4","87"
"*05135*","Jake Mangum","PIT","OF","263","FA","30","176.5","2.05","42%","-1%","269","36","81","68","10","1","2","21","14","51","19","6","6","6","86"
"*05ub0*","Zack Gelof","ATH","2B,3B,OF","267","FA","26","175","2.61","77%","-1%","227","41","62","39","11","1","11","29","14","62","8","1","4","5","67"
"*062ho*","Javier Sanoja","MIA","3B,OF,RP","268","FA","23","175","1.97","33%","-3%","264","26","70","45","20","2","3","35","15","22","6","2","0","3","89"
"*02bu9*","Marcus Semien","NYM","2B","278","W <small>(Tue)</small>","35","172","1.95","52%","-3%","318","35","68","47","8","1","12","35","25","76","6","2","1","10","88"
"*02i11*","Jorge Soler","LAA","OF","279","FA","34","170","2.05","49%","-1%","305","36","62","35","14","1","12","47","33","114","0","0","6","9","83"
"*05jrh*","Colt Keith","DET","3B","283","FA","24","167.5","1.73","53%","0%","283","40","73","51","12","2","8","24","16","59","4","0","3","7","97"
"*04yib*","Brett Baty","NYM","2B,3B,OF","285","FA","26","166","1.66","44%","-2%","311","39","69","49","13","1","6","33","31","96","5","1","3","3","100"
"*05249*","Austin Martin","MIN","OF","286","FA","27","165.5","1.76","18%","0%","248","37","60","44","14","0","2","21","41","55","10","6","5","5","94"
"*04pvs*","Blaze Alexander","BAL","2B,3B,OF","299","FA","27","160","1.93","36%","-3%","221","31","69","51","12","2","4","29","16","54","9","3","4","5","83"
"*0317o*","Jeff McNeil","ATH","2B,OF","310","FA","34","158.5","1.69","28%","+1%","290","29","71","54","13","0","4","33","23","37","2","2","4","10","94"
"*0518n*","Vaughn Grissom","LAA","1B,2B","336","FA","25","157","2.38","22%","+2%","223","26","58","38","13","0","7","43","20","38","0","0","4","9","66"
"*041ts*","Luke Raley","SEA","OF","313","FA","31","156.5","1.7","41%","-1%","259","28","59","34","9","1","15","39","15","93","1","2","7","1","92"
"*05gx0*","Nick Loftin","KC","2B,3B,OF","318","FA","27","155","2.21","15%","0%","209","30","52","30","16","1","5","34","22","34","1","0","5","6","70"
"*05rfu*","Kyle Manzardo","CLE","1B","323","FA","26","154","1.6","50%","-1%","296","36","62","41","9","1","11","32","33","108","0","0","5","4","96"
"*041xv*","Nathaniel Lowe","CIN","1B","322","FA","31","154","2.03","23%","+1%","223","23","57","32","13","0","12","33","26","64","0","0","0","2","76"
"*05js5*","Coby Mayo","BAL","1B,3B","324","FA","24","153.5","1.85","41%","0%","244","36","49","25","10","0","14","38","19","89","2","0","3","3","83"
"*04ppk*","Richie Palacios","TB","2B,OF","325","FA","29","153.5","1.97","11%","0%","220","30","51","37","8","2","4","30","29","45","9","5","3","4","78"
"*04ee8*","Heliot Ramos","SF","OF","331","FA","26","153","2.25","77%","-1%","264","34","68","43","13","3","9","31","13","76","1","0","1","4","68"
"*04bpj*","Taylor Walls","TB","SS","327","FA","30","153","1.8","9%","0%","247","38","55","39","14","2","0","21","32","74","15","3","2","3","85"
"*0311f*","Victor Caratini","MIN","C,1B","333","FA","32","150","1.95","25%","-1%","246","23","58","42","9","0","7","36","26","56","0","0","9","4","77"
"*03de9*","Rhys Hoskins","CLE","1B","338","FA","33","148","1.78","17%","+1%","236","30","41","17","13","0","11","33","43","92","1","0","3","4","83"
"*031dw*","Mike Yastrzemski","ATL","OF","341","FA","35","146.5","1.61","22%","0%","243","34","55","37","11","1","6","28","28","67","1","0","4","2","91"
"*064n8*","Nathan Church","STL","OF","343","FA","26","146","1.66","19%","-2%","262","32","59","41","9","1","8","30","14","58","5","3","2","4","88"
"*0423c*","Carlos Cortes","ATH","OF,RP","346","FA","29","144","1.8","22%","-1%","223","22","60","40","12","1","7","27","22","34","1","0","4","11","80"
"*051em*","Kerry Carpenter","DET","OF","350","FA","28","142.5","1.76","65%","-3%","231","27","48","28","5","2","13","36","18","75","0","0","5","2","81"
"*04si2*","Andrew Vaughn","MIL","1B","356","FA","28","142","2.25","54%","-1%","171","23","53","32","15","2","4","28","22","24","0","0","2","5","63"
"*04y94*","Jonny DeLuca","TB","OF","351","FA","28","142","2.22","16%","+2%","194","27","51","30","15","0","6","32","10","42","10","4","0","6","64"
"*04g7n*","Oswald Peraza","LAA","2B,3B","355","FA","26","141.5","1.54","24%","-1%","272","27","65","45","11","2","7","24","11","87","12","2","6","6","92"
"*0515v*","David Hamilton","MIL","2B,3B,SS","354","FA","28","141.5","1.86","20%","0%","211","31","50","39","6","2","3","15","22","57","19","5","1","1","76"
"*05rc3*","Masataka Yoshida","BOS","UT","358","FA","33","141.5","1.99","17%","+1%","209","27","54","38","11","1","4","19","23","25","2","0","3","1","71"
"*04pqf*","Nick Fortes","TB","C","364","FA","29","137.5","1.74","23%","+10%","231","28","65","48","13","0","4","27","6","31","0","0","8","6","79"
"*05ras*","Colton Cowser","BAL","OF","369","FA","26","136.5","1.45","47%","-2%","217","28","45","34","3","0","8","27","34","75","8","2","1","2","94"
"*03pix*","Tyler Stephenson","CIN","C","370","FA","29","136.5","1.71","35%","+3%","250","22","61","40","13","0","8","28","28","71","0","1","1","4","80"
"*0406v*","Esteury Ruiz","MIA","OF","371","FA","27","136","2.03","21%","+1%","112","27","28","14","8","1","5","10","15","40","24","3","6","0","67"
"*06dqd*","Ben Williamson","TB","2B,3B,SS,RP","373","FA","25","135.5","1.76","13%","0%","229","29","57","44","10","1","2","25","20","47","8","1","1","6","77"
"*01t9q*","Gary Sanchez","MIL","C","374","FA","33","134.5","2.32","21%","0%","150","28","33","18","6","1","8","26","36","33","0","0","2","6","58"
"*04pqq*","Matt Vierling","DET","OF","377","FA","29","133.5","1.47","9%","0%","264","23","53","34","12","2","5","31","19","49","4","2","0","5","91"
"*02i3l*","Miguel Andujar","SD","3B","379","FA","31","133","1.8","19%","-1%","239","24","62","35","20","2","5","22","11","38","2","2","4","12","74"
"*03nru*","Jesus Sanchez","TOR","OF","388","FA","28","131","1.79","38%","0%","215","22","59","38","14","0","7","29","10","52","1","1","5","4","73"
"*04efc*","Tyler Freeman","COL","OF","390","FA","27","130.5","1.81","17%","-1%","237","27","60","50","6","1","3","23","11","33","6","4","15","14","72"
"*031b2*","Jonah Heim","ATH","C","411","FA","31","128.5","2.18","24%","+5%","197","22","45","25","10","0","10","33","13","43","0","0","2","5","59"
"*03qmr*","Nathan Lukes","TOR","OF","401","FA","32","127","1.76","17%","0%","231","26","65","49","11","0","5","18","14","38","0","1","5","7","72"
"*06bs4*","Daniel Schneemann","CLE","2B,3B,OF","403","FA","29","125.5","1.51","20%","-1%","252","28","52","35","11","0","6","28","24","81","6","2","0","5","83"
"*04pmt*","Jeremiah Jackson","BAL","2B,OF","407","FA","26","125","1.64","17%","0%","214","24","53","36","10","0","7","39","5","44","2","1","2","10","76"
"*04eew*","Ryan Vilade","TB","OF","408","FA","27","125","2.19","8%","0%","154","18","40","24","7","1","8","33","15","36","3","0","1","3","57"
"*051dl*","Edouard Julien","COL","1B,2B","412","FA","27","124","1.49","12%","0%","226","34","48","36","8","1","3","20","35","68","5","3","1","6","83"
"*05xu0*","Drew Gilbert","SF","OF","425","FA","25","120.5","1.43","15%","0%","218","24","51","35","10","2","4","21","21","41","0","3","6","5","84"
"*0473m*","Zach McKinstry","DET","2B,3B,SS,OF","428","FA","31","119","1.45","27%","-1%","248","22","51","36","8","3","4","21","28","46","1","4","0","4","82"
"*05rcd*","Joe Mack","MIA","C","431","FA","23","118","1.9","40%","+3%","184","27","43","27","6","0","10","30","12","52","0","0","2","6","62"
"*02z0t*","Michael Conforto","CHC","OF","440","FA","33","116","1.66","9%","-1%","156","23","37","17","11","0","9","24","21","52","1","0","0","3","70"
"*05oxc*","Henry Davis","PIT","C","442","FA","26","115.5","1.67","14%","+1%","184","25","32","19","5","0","8","28","19","45","2","1","6","4","69"
"*0310n*","Ryan McMahon","NYY","3B","448","FA","31","114","1.33","25%","0%","228","25","48","29","10","0","9","26","18","78","3","2","1","6","86"
"*05r3s*","Alejandro Osuna","TEX","OF","449","FA","23","114","1.68","7%","0%","180","23","47","41","5","0","1","23","17","30","4","2","8","3","68"
"*03zbp*","Jose Fermin","STL","2B,3B,OF","473","FA","27","113.5","1.6","7%","0%","181","19","46","32","9","0","5","22","17","27","3","0","1","8","71"
"*01s9c*","Randal Grichuk","CHW","OF,UT","455","FA","34","112","1.6","5%","0%","152","24","38","17","11","1","9","24","6","38","0","0","1","2","70"
"*05128*","Jared Triolo","PIT","3B,SS","459","FA","28","111.5","1.55","13%","0%","215","23","52","39","12","0","1","19","19","53","7","1","3","6","72"
"*01usi*","Marcell Ozuna","PIT","UT","463","FA","35","111","1.66","29%","0%","240","21","48","34","6","0","8","28","27","80","0","0","2","5","67"
"*04vvy*","Andruw Monasterio","BOS","2B,SS","465","FA","29","111","1.71","7%","+1%","178","22","45","22","17","1","5","18","15","42","2","4","0","2","65"
"*05a1t*","Jorbit Vivas","WSH","2B,3B","460","FA","25","111","1.44","6%","0%","192","23","46","34","8","1","3","18","21","32","0","1","4","3","77"
"*02yh5*","Amed Rosario","NYY","3B","475","FA","30","110.5","1.78","10%","0%","162","22","38","23","5","1","9","27","11","45","1","0","0","1","62"
"*05rko*","Brandon Valenzuela","TOR","C","476","FA","25","107.5","1.73","16%","0%","176","20","40","26","6","0","8","21","21","51","1","0","0","1","62"
"*05132*","Ryan Kreidler","MIN","SS,OF","474","FA","28","107.5","1.73","8%","-1%","160","24","38","23","7","3","5","25","12","35","3","3","1","6","62"
"*04eoj*","Jared Young","NYM","1B","483","FA","31","107.5","1.79","7%","-2%","164","20","41","26","8","0","7","19","13","37","1","0","5","3","60"
"*02mx2*","Tyrone Taylor","NYM","OF","489","FA","32","107.5","1.73","5%","0%","136","20","34","17","8","0","9","26","7","27","0","2","1","0","62"
"*05u2k*","Hao-Yu Lee","DET","2B,3B","480","FA","23","106.5","1.64","20%","+9%","182","17","50","33","10","1","6","25","9","47","1","2","0","1","65"
"*04sxv*","Jose Tena","WSH","3B","482","FA","25","106.5","1.37","6%","0%","185","27","45","28","10","2","5","20","15","61","3","1","2","6","78"
"*03qqb*","Myles Straw","TOR","OF","481","FA","31","106.5","1.13","4%","0%","168","28","37","27","7","0","3","17","14","25","5","1","0","2","94"
"*05y7t*","Henry Bolte","ATH","OF","472","FA","22","106","1.68","47%","-3%","201","19","49","39","7","0","3","17","16","64","11","5","8","4","63"
"*04aq4*","Adolis Garcia","PHI","OF","490","FA","33","105","1.57","41%","-1%","231","21","45","29","8","1","7","21","21","84","3","0","4","2","67"
"*05r9j*","Marcelo Mayer","BOS","2B,3B,SS","496","FA","23","103","1.47","52%","0%","205","19","45","32","10","0","3","22","16","44","3","0","3","5","70"
"*03d6q*","Derek Hill","PHI","OF","498","FA","30","102","1.27","5%","-1%","144","23","35","24","3","0","8","17","11","58","11","4","1","1","80"
"*063vu*","Matt Shaw","CHC","3B,OF","504","FA","24","100.5","1.79","53%","0%","130","20","32","20","6","2","4","20","12","27","4","1","3","2","56"
"*03qmh*","Jake Cronenworth","SD","2B","505","FA","32","100","1.82","30%","0%","175","24","38","30","5","0","3","13","22","44","5","1","4","2","55"
"*02yk4*","Tyler O'Neill","BAL","OF","506","FA","31","100","1.47","20%","0%","176","25","37","22","8","0","7","17","19","56","1","0","2","3","68"
"*03xs3*","Miguel Amaya","CHC","C","521","FA","27","100","1.75","13%","0%","146","28","36","25","8","0","3","18","18","40","0","0","8","5","57"
"*041ah*","Josh Lowe","LAA","OF","522","FA","28","99.5","1.51","28%","-1%","188","18","38","26","4","0","8","22","12","55","4","0","1","0","66"
"*05rbs*","Moises Ballesteros","CHC","UT","509","FA","22","99","1.68","48%","0%","156","16","36","24","6","0","6","23","17","36","1","0","0","1","59"
"*05tce*","Connor Norby","MIA","1B,3B","511","FA","26","99","1.52","26%","0%","200","17","41","25","12","0","4","16","24","70","6","3","8","5","65"
"*029us*","Christian Vazquez","HOU","C","517","FA","35","99","1.5","8%","0%","190","18","41","29","7","0","5","23","14","38","1","0","0","2","66"
"*04an8*","Wenceel Perez","DET","OF","514","FA","26","98.5","1.86","13%","0%","161","22","29","17","4","1","7","17","14","29","3","1","0","1","53"
"*02nqg*","Luis Torrens","NYM","C","544","FA","30","96","1.48","5%","0%","179","23","40","26","12","0","2","20","12","40","0","0","4","1","65"
"*04ai4*","Nolan Gorman","STL","3B","529","FA","26","95","1.53","30%","0%","201","19","39","28","4","0","7","26","25","74","0","1","0","1","62"
"*04q56*","Logan O'Hoppe","LAA","C","535","FA","26","94.5","1.28","39%","-1%","230","20","49","37","8","0","4","23","17","63","0","0","3","6","74"
"*06c36*","Brice Matthews","HOU","2B,OF","533","FA","24","94.5","1.15","22%","0%","208","23","41","28","5","1","7","22","15","71","4","4","0","3","82"
"*04ehj*","Dane Myers","CIN","OF","534","FA","30","94.5","1.31","6%","0%","140","19","36","26","7","0","3","15","20","43","6","0","2","4","72"
"*05rkq*","Jose Fernandez","ARI","1B,SS","537","FA","22","94","1.71","19%","0%","165","23","42","32","7","0","3","15","7","40","7","2","1","2","55"
"*066cn*","Wade Meckler","LAA","OF","538","FA","26","94","1.92","12%","-1%","138","19","41","31","8","0","2","17","15","34","3","0","0","1","49"
"*04mn2*","Griffin Conine","MIA","OF","552","FA","29","93.5","2.34","21%","+2%","109","18","29","16","5","0","8","18","13","37","2","0","2","1","40"
"*05xu1*","Alex Freeland","LAD","2B,3B","542","FA","24","93","1.29","21%","-1%","196","24","46","36","7","0","3","19","22","68","2","0","1","5","72"
"*05t9l*","Max Muncy","ATH","3B","548","FA","23","92.5","1.93","34%","-1%","157","24","35","21","7","2","5","20","14","61","3","2","4","4","48"
"*02brk*","Austin Hedges","CLE","C","547","FA","33","92.5","1.71","4%","+1%","139","19","39","28","7","0","4","17","13","27","1","1","1","3","54"
"*02zpf*","Edmundo Sosa","PHI","2B,3B,OF","555","FA","30","91.5","1.58","9%","0%","165","17","35","24","5","1","5","25","5","37","3","0","4","4","58"
"*03b6k*","Jorge Mateo","ATL","SS","554","FA","31","91.5","1.39","8%","0%","129","29","31","21","6","0","4","11","8","41","9","1","0","2","66"
"*01usr*","Kyle Higashioka","TEX","C","553","FA","36","91.5","1.58","8%","0%","165","20","36","25","4","0","7","18","19","47","0","0","2","5","58"
"*01t5w*","Miguel Rojas","LAD","2B,SS","558","FA","37","91","1.28","7%","0%","148","16","42","30","9","0","3","18","10","16","0","1","2","6","71"
"*04z6k*","Luisangel Acuna","CHW","2B,SS,OF","568","FA","24","88.5","1.16","27%","0%","162","18","40","36","3","0","1","12","7","33","15","5","1","4","76"
"*04y79*","Victor Mesa Jr.","TB","OF","569","FA","24","87.5","2.19","25%","+14%","110","17","25","15","2","0","8","17","15","31","4","3","0","2","40"
"*031b3*","Isiah Kiner-Falefa","BOS","2B,SS","571","FA","31","87","1.85","10%","0%","119","19","33","27","4","0","2","13","12","18","7","2","0","3","47"
"*05ahg*","Austin Wells","NYY","C","575","FA","27","86.5","1.2","31%","0%","206","22","34","25","2","0","7","14","28","63","1","0","1","6","72"
"*0529l*","Endy Rodriguez","PIT","C,1B","580","FA","26","86.5","2.4","26%","0%","102","15","27","16","6","0","5","16","21","29","2","0","0","3","36"
"*04yuu*","Patrick Bailey","CLE","C","572","FA","27","86.5","1.22","16%","+2%","200","20","40","29","5","1","5","19","15","55","2","0","0","6","71"
"*05gsg*","Justin Foscue","TEX","1B,2B","574","FA","27","86.5","1.6","13%","-1%","123","15","33","19","7","0","7","19","10","35","0","0","2","3","54"
"*045gu*","TJ Friedl","CIN","OF","576","FA","30","86","1.37","30%","-1%","199","19","34","24","6","1","3","11","20","54","5","0","4","2","63"
"*041w3*","Eli White","ATL","OF","581","FA","32","85.5","1.32","4%","0%","128","17","28","16","6","1","5","17","9","31","4","0","1","2","65"
"*04pt2*","Lars Nootbaar","STL","OF","579","FA","28","84.5","2.01","46%","-1%","136","19","32","22","6","1","3","15","22","35","1","1","0","4","42"
"*05jr5*","Blake Dunn","CIN","OF","584","FA","27","84.5","2.22","10%","0%","142","20","40","30","7","1","2","7","10","33","6","3","2","2","38"
"*04eme*","Tristan Gray","MIN","2B,3B,SS","585","FA","30","84.5","1.34","6%","-1%","168","16","39","30","5","0","4","29","9","57","2","0","1","2","63"
"*03qyb*","Donovan Walton","ATH","2B","586","FA","32","84.5","2.06","4%","0%","108","20","32","19","9","1","3","13","13","23","0","1","1","2","41"
"*041sg*","Nicky Lopez","TEX","2B,3B,SS","587","FA","31","84","1.58","6%","0%","147","17","46","42","3","0","1","17","6","24","4","2","2","4","53"
"*04ppo*","Kyle Isbel","KC","OF","588","FA","29","83.5","1.49","14%","0%","164","16","40","29","7","1","3","11","10","41","5","0","3","4","56"
"*070bf*","Sung Mun Song","SD","2B,3B","598","FA","29","80.5","1.64","22%","0%","99","16","21","16","4","0","1","15","14","21","11","2","0","2","49"
"*05jn0*","Adrian Del Castillo","ARI","C","602","FA","26","80","1.43","10%","+1%","168","17","34","23","6","0","5","24","13","52","1","0","0","5","56"
"*041qv*","Alex Call","LAD","OF","601","FA","31","80","1.33","4%","0%","118","19","29","23","5","0","1","16","18","24","1","1","3","2","60"
"*039vx*","Jose Siri","LAA","OF","603","FA","31","80","1.51","4%","0%","100","21","27","17","5","0","5","18","7","30","2","1","2","3","53"
"*04z8z*","Yohendrick Pinango","TOR","OF","604","FA","24","79.5","1.42","13%","0%","162","12","42","29","8","0","5","20","10","43","0","0","0","6","56"
"*04efi*","Connor Wong","BOS","C","615","FA","30","79.5","1.59","7%","0%","132","15","35","25","9","0","1","15","15","37","3","1","4","3","50"
"*03nri*","Lourdes Gurriel Jr.","ARI","OF","608","FA","32","79","1.68","24%","-1%","174","12","36","26","8","0","2","21","10","34","1","0","2","1","47"
"*041pq*","Taylor Trammell","HOU","OF","650","FA","28","79","1.52","3%","0%","127","17","31","20","5","1","5","14","11","46","3","1","2","0","52"
"*05y4m*","Tim Tawa","ARI","2B,OF","625","FA","27","76","1.49","16%","+2%","121","13","28","16","8","0","4","20","11","30","2","3","0","2","51"
"*0648z*","Victor Scott","STL","OF","627","FA","25","75","1.23","24%","0%","155","19","30","24","4","0","2","9","16","44","9","4","2","3","61"
"*05jse*","Tommy Troy","ARI","2B,OF","629","FA","24","74.5","1.91","30%","-1%","121","22","27","19","3","1","4","9","13","31","1","0","0","0","39"
"*04pkq*","Anthony Seigler","BOS","2B,3B","635","FA","27","72.5","2.42","22%","-2%","104","15","27","15","9","0","3","9","10","21","2","0","1","1","30"
"*04eep*","Luis Campusano","SD","C","639","FA","27","72.5","2.2","16%","0%","87","14","24","13","7","0","4","13","15","25","0","0","1","1","33"
"*0406n*","Andres Chaparro","WSH","1B","644","FA","27","71.5","1.83","8%","+1%","76","16","17","7","5","0","5","19","12","21","0","0","1","3","39"
"*03qtv*","Brett Sullivan","COL","C,RP","645","FA","32","71.5","1.32","2%","0%","133","14","29","16","8","1","4","15","7","25","0","1","1","3","54"
"*04psr*","David Fry","CLE","OF,UT","649","FA","30","71","1.03","6%","0%","141","16","26","16","4","0","6","13","23","50","0","0","0","4","69"
"*06in4*","Hyeseong Kim","LAD","2B,SS","655","FA","27","68.5","1.59","28%","0%","116","16","30","25","3","1","1","11","12","31","5","1","0","2","43"
"*0519u*","Tyler Tolbert","KC","OF,RP","656","FA","28","68.5","1.59","17%","-4%","64","19","20","17","1","0","2","5","5","11","12","3","0","3","43"
"*05lo5*","Freddy Fermin","SD","C","654","FA","31","68.5","1.05","8%","0%","151","16","25","14","8","0","3","11","17","35","0","1","3","2","65"
"*02bqh*","Trevor Story","BOS","SS","662","FA","33","67.5","1.65","57%","0%","165","16","34","24","7","0","3","19","8","57","4","0","1","6","41"
"*04mrb*","Jorge Barrosa","ARI","OF","664","FA","25","67","0.89","3%","0%","120","21","23","9","11","1","2","10","13","38","0","0","1","1","75"
"*041vt*","Samad Taylor","SD","OF,UT","665","FA","28","66","2.54","23%","-1%","88","14","29","26","1","1","1","11","12","30","6","1","0","2","26"
"*05m1b*","Denzer Guzman","LAA","3B,SS","668","FA","22","66","1.83","20%","-2%","131","12","31","23","4","0","4","14","8","36","2","1","1","1","36"
"*04psu*","James Outman","DET","OF","669","FA","29","65","0.79","5%","0%","153","20","24","14","4","2","4","16","10","70","6","3","1","0","82"
"*031cd*","Mitch Garver","SEA","C","667","FA","35","65","1.35","4%","0%","122","17","22","15","3","0","4","14","20","48","1","0","1","2","48"
"*03fhx*","Elias Diaz","TEX","C","671","FA","35","64.5","1.43","4%","0%","114","12","28","17","7","0","4","16","2","25","0","0","1","1","45"
"*04pwl*","Hunter Feduccia","TB","C","674","FA","29","64","1.12","4%","0%","133","14","31","22","6","1","2","12","14","42","0","0","1","1","57"
"*04eey*","MJ Melendez","NYM","OF","684","FA","27","63","1.12","4%","0%","120","14","23","13","5","1","4","11","17","50","0","1","5","0","56"
"*05jq3*","Joey Wiemer","WSH","OF","686","FA","27","62.5","1.95","12%","0%","70","16","20","11","5","1","3","12","12","29","1","0","1","2","32"
"*0513l*","Brenton Doyle","COL","OF","688","FA","28","62","1.44","38%","0%","111","21","23","18","4","0","1","4","11","40","9","2","0","0","43"
"*04emt*","Jake Meyers","HOU","OF","692","FA","30","61","1.17","14%","0%","136","14","28","19","6","0","3","11","10","30","1","2","1","3","52"
"*04ni4*","Leo Jimenez","MIA","2B,3B","691","FA","25","61","1.27","3%","0%","119","14","25","19","4","0","2","9","12","26","1","0","6","4","48"
"*05145*","Darell Hernaiz","ATH","SS","696","FA","24","60.5","1.29","6%","0%","118","12","28","24","3","0","1","7","13","23","3","0","1","1","47"
"*0514k*","Pedro Pages","STL","C","701","FA","27","59.5","0.99","9%","0%","150","13","31","21","6","0","4","11","7","43","2","0","2","5","60"
"*04mn4*","Joey Bart","ATL","C","699","FA","29","59.5","1.53","7%","0%","101","13","23","15","4","0","4","13","5","31","0","0","5","0","39"
"*0515f*","Drew Millas","WSH","C","700","FA","28","59.5","1.19","2%","0%","130","18","24","18","4","0","2","11","14","37","0","1","3","1","50"
"*01uc9*","Nick Castellanos","(N/A)","OF","703","FA","34","59","1.51","17%","0%","115","9","22","13","5","0","4","20","5","34","2","0","0","1","39"
"*04y9i*","Tyler Callihan","PIT","OF","706","FA","26","58.5","1.5","9%","-1%","94","13","20","11","4","2","3","15","9","37","1","0","1","0","39"
"*05yfl*","Joey Loperfido","HOU","OF","709","FA","27","57.5","1.47","9%","0%","102","13","22","13","7","1","1","12","14","31","1","1","1","2","39"
"*04prc*","Brandon Lockridge","MIL","OF","708","FA","29","57.5","2.05","8%","0%","85","9","25","21","4","0","0","12","10","25","5","0","0","0","28"
"*052ru*","Josh Smith","TEX","2B,SS","711","FA","28","57","1.33","22%","0%","132","8","29","24","3","1","1","8","14","28","3","1","1","2","43"
"*04q24*","Max Schuemann","NYY","2B,OF","710","FA","29","56.5","1.53","4%","0%","64","17","13","6","5","0","2","6","12","19","3","2","3","0","37"
"*04o2x*","Davis Schneider","TOR","OF","717","FA","27","56","1.06","6%","0%","104","16","15","7","5","0","3","12","19","42","1","0","0","1","53"
"*01s9k*","Starling Marte","KC","OF,UT","716","FA","37","56","1.12","4%","0%","127","13","33","28","4","0","1","9","8","36","2","2","4","2","50"
"*05un2*","Edgar Quero","CHW","C","720","FA","23","55.5","0.96","20%","0%","160","12","29","26","1","0","2","15","13","41","1","0","3","5","58"
"*0414h*","Gabriel Arias","CLE","3B,SS","719","FA","26","55.5","1.46","13%","0%","111","12","28","21","2","0","5","10","6","51","4","0","0","0","38"
"*031el*","Danny Jansen","TEX","C","723","FA","31","55","1.34","9%","0%","123","11","21","11","6","1","3","12","13","40","1","1","5","5","41"
"*048tn*","Carlos Narvaez","BOS","C","725","FA","27","54.5","0.92","17%","0%","163","17","32","23","6","0","3","9","12","59","1","0","3","6","59"
"*05gwr*","Drew Romo","CHW","C","728","FA","24","54","1.35","6%","0%","121","11","16","6","5","0","5","11","13","34","1","0","2","4","40"
"*04pmw*","Alek Thomas","LAD","OF","735","FA","26","52.5","1.88","12%","0%","94","12","17","6","9","0","2","10","3","23","4","0","2","3","28"
"*04efs*","Nick Allen","HOU","2B,SS","734","FA","27","52.5","0.94","3%","0%","96","14","24","20","3","0","1","11","6","23","2","0","1","2","56"
"*04qri*","Braden Shewmake","MIL","2B,SS","740","FA","28","52","1.53","5%","0%","85","12","22","14","5","0","3","10","2","16","1","0","0","2","34"
"*03pp5*","Blake Perkins","MIL","OF","739","FA","29","52","0.95","3%","0%","89","14","14","7","6","0","1","11","10","22","3","1","1","1","55"
"*05jpu*","Daniel Susac","SF","C","745","FA","25","51","1.16","12%","-1%","117","6","29","22","6","1","0","15","6","30","2","1","3","4","44"
"*05gs3*","Alika Williams","ATH","2B,3B,SS","750","FA","27","51","1.16","3%","0%","99","13","27","16","9","0","2","10","3","30","0","1","1","2","44"
"*03c65*","Victor Robles","SEA","OF","749","FA","29","50.5","1.05","15%","0%","109","10","27","24","3","0","0","5","5","19","7","2","2","4","48"
"*0420h*","Weston Wilson","SEA","3B,OF","751","FA","31","50.5","1.33","2%","0%","71","10","16","11","2","0","3","10","7","23","4","1","1","0","38"
"*05rau*","Kahlil Watson","CLE","SS,OF","756","FA","23","49","1.81","26%","-2%","88","6","21","14","6","0","1","11","3","32","9","1","0","2","27"
"*05gwx*","Petey Halpin","CLE","OF","755","FA","24","49","1.23","6%","+2%","89","13","17","11","3","1","2","5","2","22","6","0","1","1","40"
"*03eet*","Yoan Moncada","LAA","3B","758","FA","31","48.5","1.18","10%","0%","111","9","21","16","1","1","3","10","17","45","1","0","2","2","41"
"*03av1*","Jake Rogers","DET","C","759","FA","31","48.5","1.35","3%","0%","93","11","15","9","2","1","3","9","13","31","1","0","1","0","36"
"*03zcx*","Will Benson","CIN","OF","761","FA","28","48","0.94","5%","0%","96","11","18","11","3","1","3","6","16","38","1","1","1","0","51"
"*03pji*","Ke'Bryan Hayes","CIN","3B","766","FA","29","47.5","0.88","14%","0%","142","13","21","15","2","1","3","6","9","25","1","0","1","5","54"
"*04eh9*","Nelson Velazquez","STL","OF","767","FA","27","47.5","1.53","6%","0%","69","10","14","7","3","0","4","12","7","23","0","0","1","0","31"
"*06am0*","Mickey Gasper","BOS","C","765","FA","30","47.5","1.4","3%","0%","107","11","26","20","5","1","0","7","9","21","0","1","1","2","34"
"*03qjv*","Harrison Bader","SF","OF","773","FA","32","46","1.53","21%","0%","106","10","18","8","5","0","5","14","4","34","0","0","0","3","30"
"*0630e*","Colby Thomas","ATH","OF","778","FA","25","45.5","0.86","14%","-1%","109","11","23","16","3","0","4","11","4","35","1","1","1","3","53"
"*01vja*","Max Kepler","ARI","OF","775","FA","33","45","2.05","6%","+1%","68","7","16","9","5","0","2","14","5","14","0","0","0","1","22"
"*05rcj*","Edwin Arroyo","CIN","2B,SS","777","FA","22","44.5","1.06","29%","-1%","123","12","30","26","3","1","0","4","5","27","0","1","3","0","42"
"*04o78*","Matt Wallner","MIN","OF","779","FA","28","44.5","1.27","24%","0%","120","14","20","13","3","0","4","10","10","53","0","1","5","2","35"
"*03df0*","Jose Trevino","CIN","C","782","FA","33","44","1.57","3%","0%","78","9","20","14","3","0","3","10","1","14","0","0","0","1","28"
"*041qd*","Jake Fraley","TB","OF","783","FA","31","43.5","1.45","7%","0%","82","6","19","10","7","0","2","5","8","25","3","0","0","1","30"
"*0316t*","Adam Frazier","LAA","2B,OF","785","FA","34","43","1.05","5%","0%","81","15","17","10","5","1","1","6","9","28","0","0","1","1","41"
"*06nue*","Joshua Kuroda-Grauer","ATH","SS","791","FA","23","41.5","2.59","34%","0%","60","8","25","17","7","0","1","4","1","7","0","1","1","3","16"
"*03qo2*","LaMonte Wade Jr.","HOU","1B,OF","788","FA","32","41.5","2.08","4%","0%","58","9","10","6","2","0","2","10","12","15","0","0","0","0","20"
"*02bra*","James McCann","ARI","C","792","FA","36","41.5","1.54","3%","0%","77","7","20","14","3","0","3","15","2","21","0","0","0","4","27"
"*026mn*","Javier Baez","DET","SS,OF","794","FA","33","41","1.71","20%","0%","78","10","20","13","5","0","2","6","2","16","1","1","1","2","24"
"*066lr*","Graham Pauley","MIA","3B","798","FA","25","40","1.03","5%","0%","95","9","17","8","8","0","1","12","5","24","1","1","0","3","39"
"*04llv*","Lenyn Sosa","TOR","1B,2B","801","FA","26","39.5","0.99","21%","0%","113","11","22","14","7","0","1","9","1","25","0","0","1","2","40"
"*051wu*","Victor Bericoto","SF","1B,OF","800","FA","24","39.5","1.65","15%","-1%","58","7","17","10","3","0","4","9","1","15","1","2","0","2","24"
"*0516g*","Ryan Ward","LAD","1B,OF","802","FA","28","39.5","1.98","9%","0%","55","8","12","5","4","0","3","12","5","17","0","0","0","2","20"
"*06gjo*","Jim Jarvis","ATL","SS","803","FA","25","39","1.86","14%","+5%","64","8","16","10","4","1","1","8","3","12","0","0","1","0","21"
"*03pp6*","Jahmai Jones","BOS","UT","808","FA","28","38","0.6","3%","0%","103","10","16","10","3","0","3","11","11","38","1","2","0","3","63"
"*04is5*","Everson Pereira","CHW","OF","810","FA","25","37.5","1.7","11%","0%","71","7","16","9","4","0","3","7","5","25","1","0","2","2","22"
"*05jsc*","Sterlin Thompson","COL","OF","813","FA","25","37.5","1.39","10%","0%","69","7","16","10","4","0","2","10","5","21","0","0","3","3","27"
"*05yc9*","Braxton Fulford","COL","C","812","FA","27","37.5","0.96","2%","0%","62","12","11","6","4","0","1","7","6","29","4","0","1","0","39"
"*02n1c*","Tyler Heineman","LAA","C","817","FA","35","37","0.8","2%","0%","108","9","19","15","2","1","1","8","5","22","1","0","3","5","46"
"*051b4*","Jordan Beck","COL","OF","821","FA","25","36","1.2","30%","0%","82","7","15","8","5","1","1","10","5","22","2","1","0","3","30"
"*04ave*","Leo Rivas","SEA","2B,3B","825","FA","28","36","0.95","3%","0%","99","9","13","10","2","1","0","7","15","36","2","0","3","1","38"
"*02bv2*","Eric Haase","(N/A)","C","822","FA","33","36","1.24","1%","0%","74","8","12","5","3","0","4","9","6","28","0","0","1","1","29"
"*0518r*","Dustin Harris","SD","OF","827","FA","27","35.5","2.09","5%","0%","43","6","10","8","1","1","0","5","6","7","4","0","1","0","17"
"*02yoi*","Alex Jackson","MIN","C","828","FA","30","35.5","1.42","1%","0%","62","10","20","15","4","0","1","5","1","19","0","0","2","0","25"
"*052h8*","Jesus Rodriguez","SF","C","845","FA","24","35","1.75","9%","0%","50","6","12","7","3","0","2","8","4","8","1","1","1","2","20"
"*04nx3*","Jonathan India","KC","2B","833","FA","29","34.5","2.03","29%","0%","48","8","8","5","1","0","2","8","8","13","0","0","2","0","17"
"*04yd8*","Jhonny Pereda","SEA","C","834","FA","30","34.5","1.82","1%","0%","63","8","17","15","0","0","2","4","4","11","0","0","1","0","19"
"*06434*","Jimmy Crooks","STL","C","838","FA","25","34","1.06","12%","0%","77","4","14","8","3","0","3","9","7","28","0","0","3","1","32"
"*04de0*","Ramon Urias","STL","3B","842","FA","32","34","1.36","4%","0%","57","9","9","4","3","0","2","5","6","12","0","1","4","1","25"
"*04ent*","J.C. Escarra","NYY","C","840","FA","31","34","1.06","2%","0%","85","8","16","10","5","1","0","7","6","18","0","0","0","1","32"
"*04yj5*","Rodolfo Duran","SD","C","839","FA","28","34","0.89","1%","0%","82","8","12","5","4","0","3","8","7","24","0","0","1","3","38"
"*02mzf*","Rob Refsnyder","SEA","OF,UT","852","FA","35","32","0.65","3%","0%","105","8","14","11","0","0","3","9","7","32","0","0","3","2","49"
"*0641c*","Zach Dezenzo","HOU","OF","855","FA","26","31.5","1.02","5%","0%","69","11","16","11","4","0","1","3","7","27","1","0","0","1","31"
"*03dg7*","Austin Slater","TB","OF","857","FA","33","31.5","1.12","1%","0%","65","6","15","12","3","0","0","3","8","21","4","0","0","1","28"
"*05js7*","Nick Yorke","PIT","2B,3B","864","FA","24","30.5","1.13","13%","0%","76","6","15","11","3","0","1","6","7","17","0","0","2","3","27"
"*01c1g*","Andrew McCutchen","ATL","UT","866","FA","39","30","0.81","3%","0%","73","8","14","11","2","0","1","5","9","22","0","0","0","0","37"
"*04q0o*","Romy Gonzalez","BOS","1B,2B","876","FA","29","28.5","1.68","14%","-2%","57","6","12","7","3","1","1","7","4","19","1","1","2","2","17"
"*03qu7*","Nick Madrigal","TB","2B,3B","877","FA","29","28.5","1.9","2%","0%","44","7","12","11","1","0","0","2","7","3","1","1","1","1","15"
"*04alq*","Pavin Smith","ARI","1B","880","FA","30","28","1","8%","0%","78","5","11","9","1","0","1","6","10","18","1","0","0","1","28"
"*03o43*","Luis Urias","TOR","2B","886","FA","29","27.5","1.45","3%","0%","38","4","9","5","1","0","3","4","5","7","0","0","0","1","19"
"*04oct*","Josh Rojas","KC","3B","889","FA","32","26.5","1.32","2%","0%","49","5","13","9","3","0","1","6","1","9","0","0","0","0","20"
"*05uvx*","Cameron Cauley","TEX","2B,SS,OF","893","FA","23","25.5","1.5","14%","0%","36","8","9","5","2","1","1","1","4","7","0","0","1","1","17"
"*05mru*","Thomas Saggese","STL","2B","897","FA","24","25","0.78","10%","0%","76","9","14","10","2","1","1","4","6","26","1","2","0","2","32"
"*041vp*","Santiago Espinal","TEX","3B","895","FA","31","25","0.69","2%","0%","56","5","15","11","3","0","1","7","1","8","0","0","0","5","36"
"*05y46*","Billy Cook","PIT","OF","900","FA","27","25","0.4","2%","0%","45","11","9","7","1","1","0","2","0","18","5","1","0","0","63"
"*04mrn*","Bo Naylor","CLE","C","899","FA","26","24.5","0.88","16%","0%","84","4","12","8","2","0","2","7","6","21","0","0","0","2","28"
"*04aod*","Sebastian Rivero","LAA","C","901","FA","27","24","1","1%","0%","53","5","13","11","2","0","0","8","3","12","0","0","0","1","24"
"*0518m*","Jase Bowen","SD","OF","903","FA","25","23","0.62","2%","0%","54","8","8","6","2","0","0","5","2","22","4","0","1","0","37"
"*033lr*","Ali Sanchez","NYY","C","972","FA","29","23","0.92","1%","0%","47","4","12","9","2","0","1","7","1","14","0","0","2","1","25"
"*05xu8*","Tyler Locklear","ARI","1B","908","FA","25","22.5","3.21","17%","+2%","22","4","6","4","1","0","1","6","3","3","1","0","1","2","7"
"*04q3n*","Nate Eaton","BOS","OF","912","FA","29","22","1.57","2%","0%","32","3","4","1","2","0","1","5","5","12","2","0","2","0","14"
"*066db*","Zach Cole Jr.","HOU","OF","915","FA","25","21.5","1.13","13%","0%","51","4","8","4","1","0","3","8","1","21","0","0","1","0","19"
"*06ek4*","Jonah Cox","SF","OF","916","FA","24","21.5","0.9","6%","0%","26","5","7","4","1","1","1","3","0","15","4","0","0","0","24"
"*04ggr*","Jarred Kelenic","TEX","OF","917","FA","27","21.5","0.8","3%","0%","61","5","13","10","2","0","1","4","8","25","0","1","0","0","27"
"*04pmn*","Parker Meadows","DET","OF","920","FA","26","21","1.75","23%","0%","36","3","9","7","1","1","0","2","2","10","3","0","1","0","12"
"*057zc*","Jonatan Clase","TOR","OF","918","FA","24","21","2.33","11%","-1%","22","4","6","4","0","0","2","6","3","8","0","0","0","0","9"
"*0403l*","Rafael Marchan","PHI","C","919","FA","27","21","0.66","2%","0%","88","5","9","7","0","0","2","6","2","14","0","0","2","2","32"
"*05yhg*","Will Wagner","SD","3B","925","FA","27","19.5","1.22","3%","0%","35","5","9","8","1","0","0","0","10","7","0","0","0","2","16"
"*01s99*","Travis d'Arnaud","LAA","C","926","FA","37","19.5","1.39","3%","0%","35","5","7","5","1","0","1","3","3","7","0","0","2","1","14"
"*04ps5*","Raynel Delgado","HOU","2B","924","FA","26","19.5","1.15","2%","0%","33","3","9","7","1","0","1","4","2","5","0","0","0","0","17"
"*0558r*","Junior Perez","CHW","OF","935","FA","25","19","0.86","6%","0%","35","5","6","3","0","0","3","6","1","14","0","1","0","0","22"
"*04eii*","Brewer Hicklen","ATL","OF","933","FA","30","19","2.38","3%","+1%","19","5","7","3","4","0","0","3","4","8","0","0","0","0","8"
"*02i1q*","Orlando Arcia","MIN","SS","931","FA","31","19","1","3%","0%","48","6","13","11","1","0","1","2","2","8","0","1","0","3","19"
"*0519f*","Nick Sogard","BOS","1B","936","FA","28","19","1.58","2%","0%","35","3","9","6","2","1","0","2","5","6","0","0","0","1","12"
"*0617q*","Bryce Teodosio","LAA","OF","937","FA","27","19","0.56","1%","0%","47","5","10","8","2","0","0","2","3","18","4","1","0","1","34"
"*04ehv*","Bryce Johnson","SD","OF","934","FA","30","19","0.59","1%","0%","45","5","8","6","2","0","0","2","3","18","5","1","0","1","32"
"*05u2u*","Tyler Black","MIL","1B","940","FA","26","18.5","2.06","18%","0%","27","2","9","5","4","0","0","7","1","7","0","0","0","1","9"
"*05yj5*","LuJames Groover","ARI","3B","943","FA","24","18.5","1.23","15%","0%","48","4","8","5","2","0","1","4","5","11","0","0","1","3","15"
"*05yhe*","Juan Brito","CLE","2B,SS","941","FA","24","18.5","1.23","13%","0%","51","7","9","5","4","0","0","3","4","17","0","0","1","1","15"
"*06hps*","Drew Cavanaugh","SF","C","942","FA","24","18.5","0.97","3%","0%","42","3","11","11","0","0","0","2","9","13","0","0","0","0","19"
"*03d6y*","Connor Joe","SEA","OF,UT","944","FA","33","18.5","0.88","1%","0%","39","2","7","4","2","0","1","3","6","15","2","0","0","1","21"
"*061yt*","Alan Roden","MIN","OF","947","FA","26","18","1.38","9%","-1%","32","3","7","7","0","0","0","7","4","6","0","0","0","0","13"
"*04emu*","Eric Wagaman","NYM","1B","948","FA","28","18","0.86","4%","0%","37","3","6","4","0","0","2","4","4","10","0","0","1","1","21"
"*05y34*","Tsung-Che Cheng","BOS","SS","954","FA","25","17","1.21","3%","0%","39","7","10","9","1","0","0","5","4","14","0","2","0","1","14"
"*041qs*","Austin Hays","CHW","OF","960","FA","31","16.5","1.38","19%","0%","43","3","10","8","1","0","1","7","1","13","0","1","0","1","12"
"*05yhl*","Ben Malgeri","DET","OF","961","FA","26","16.5","0.97","2%","0%","33","2","8","6","2","0","0","4","5","9","0","0","0","0","17"
"*06rkk*","Eduardo Valencia","DET","C,1B","967","FA","26","16","2.67","7%","-1%","12","3","5","3","0","0","2","3","0","4","0","0","1","0","6"
"*0512r*","Grant McCray","SF","OF","1047","FA","25","15.5","1.72","2%","0%","8","4","1","0","0","0","1","2","1","3","3","0","0","0","9"
"*05unf*","Denzel Clarke","ATH","OF","974","FA","26","15","0.68","15%","0%","53","4","9","8","1","0","0","6","4","24","2","0","0","1","22"
"*06f0k*","Rafael Flores","PIT","1B","976","FA","25","15","1.88","5%","0%","15","2","4","2","1","0","1","2","4","2","0","0","0","0","8"
"*04en9*","Gage Workman","DET","3B","979","FA","26","15","0.94","4%","0%","38","3","6","1","3","0","2","5","0","16","0","0","0","0","16"
"*06oo7*","Sean Keys","TOR","1B,3B","983","FA","23","14.5","1.21","21%","-2%","36","5","6","4","1","0","1","5","1","13","0","0","0","0","12"
"*04y9h*","Kameron Misner","PHI","OF","984","FA","28","14.5","0.81","4%","0%","41","2","9","8","1","0","0","4","2","17","3","1","0","0","18"
"*0513s*","John Rave","KC","OF","985","FA","28","14.5","1.61","2%","0%","18","3","4","0","2","1","1","1","3","7","0","0","0","0","9"
"*0420g*","Zack Short","NYM","SS","986","FA","31","14.5","0.5","1%","0%","50","4","7","5","2","0","0","2","8","19","0","0","1","0","29"
"*04fqi*","George Valera","CLE","UT","990","FA","25","14","1.08","12%","0%","37","1","8","5","3","0","0","6","1","8","0","0","0","1","13"
"*03qn0*","Garrett Stubbs","PHI","UT","988","FA","33","14","0.7","1%","0%","28","7","5","5","0","0","0","2","1","6","0","0","2","0","20"
"*05jrs*","Tanner Murray","CHW","2B,3B,SS,OF","991","FA","26","13.5","1.04","3%","0%","28","2","6","5","0","0","1","3","2","7","0","0","1","0","13"
"*06dn6*","CJ Kayfus","CLE","OF","999","FA","24","13","1.44","17%","0%","22","4","4","2","1","0","1","2","2","8","0","0","1","0","9"
"*02h98*","Enrique Hernandez","LAD","1B","998","FA","34","13","6.5","7%","0%","4","2","4","1","2","0","1","2","0","0","0","0","0","0","2"
"*04pvp*","Michael Helman","TEX","OF","997","FA","30","13","0.87","1%","0%","30","2","5","3","1","0","1","2","1","6","0","0","2","0","15"
"*030ud*","Eloy Jimenez","TOR","OF","1002","FA","29","12.5","1.04","3%","0%","31","2","9","9","0","0","0","3","3","7","0","0","0","1","12"
"*02n1q*","Luke Maile","KC","C","1003","FA","35","12.5","3.12","0%","0%","12","2","3","1","1","0","1","4","1","3","0","0","0","0","4"
"*03bud*","Bryan De La Cruz","PHI","OF","1007","FA","29","12","3","3%","+1%","8","2","6","5","0","0","1","1","1","2","0","0","0","0","4"
"*04eel*","Stuart Fairchild","SEA","OF","1008","FA","30","12","0.86","1%","0%","19","3","3","3","0","0","0","1","7","14","2","0","1","0","14"
"*05jqi*","Shay Whitcomb","HOU","2B","1013","FA","27","11.5","0.68","5%","0%","23","2","3","1","0","0","2","5","1","11","0","0","0","0","17"
"*05ajg*","Ha-seong Kim","ATL","SS","1020","FA","30","11","0.41","17%","0%","73","4","5","5","0","0","0","3","9","22","1","0","0","1","27"
"*04pbp*","Christopher Morel","NYM","OF","1021","FA","27","11","0.5","11%","0%","68","3","11","8","3","0","0","1","4","28","1","0","1","0","22"
"*03yux*","Jose Azocar","ATL","OF","1016","FA","30","11","1","1%","0%","17","2","6","4","2","0","0","0","1","4","1","0","0","0","11"
"*032gq*","Rowdy Tellez","ATL","1B","1026","FA","31","10.5","1.5","2%","0%","10","2","2","1","0","0","1","4","1","3","0","0","0","0","7"
"*03qz9*","Sam Haggerty","CIN","OF","1031","FA","32","10","0.28","1%","0%","44","3","7","6","1","0","0","1","2","16","2","0","1","1","36"
"*02mws*","Patrick Wisdom","SEA","1B,3B","1032","FA","34","10","0.67","1%","0%","41","3","5","3","1","0","1","4","3","18","0","0","0","0","15"
"*04q01*","Justin Dean","CHC","OF","1029","FA","29","10","0.77","1%","0%","7","3","2","1","0","1","0","3","2","4","0","0","0","0","13"
"*06gju*","Rikuu Nishida","CHW","2B,OF","1039","FA","25","9.5","0.79","5%","0%","29","3","7","7","0","0","0","2","0","5","0","0","0","0","12"
"*04fyo*","Ronny Mauricio","NYM","3B","1045","FA","25","9","0.53","15%","0%","50","4","9","7","1","0","1","2","0","18","0","0","0","1","17"
"*03qqe*","P.J. Higgins","CIN","C,1B,3B","1044","FA","33","9","0.64","1%","0%","26","1","6","5","1","0","0","4","2","8","0","0","0","1","14"
"*05xp6*","Felix Reyes","PHI","1B,OF","1049","FA","25","8.5","0.71","4%","0%","38","2","6","4","1","0","1","2","0","9","0","0","0","1","12"
"*04ydt*","Christian Koss","SF","2B","1082","FA","28","8.5","0.53","2%","0%","23","1","3","2","1","0","0","0","2","3","1","0","1","0","16"
"*031c4*","Trey Mancini","(N/A)","1B","1046","FA","34","8.5","1.7","1%","0%","13","1","4","3","0","1","0","4","0","3","0","0","0","1","5"
"*0310a*","Reese McGuire","(N/A)","C","1048","FA","31","8.5","0.77","1%","0%","29","1","5","5","0","0","0","3","2","9","0","0","2","0","11"
"*05j8u*","Jhostynxon Garcia","PIT","OF","1056","FA","23","8","0.62","27%","0%","35","2","7","6","1","0","0","2","1","10","0","0","1","1","13"
"*06f0z*","Charles McAdoo","TOR","3B","1058","FA","24","8","1","6%","0%","25","2","4","3","0","0","1","3","0","6","0","0","0","1","8"
"*0312h*","Kyle Farmer","(N/A)","2B","1055","FA","35","8","0.67","2%","0%","15","2","4","3","1","0","0","3","0","4","0","0","0","0","12"
"*04ug3*","Eliezer Alfonzo","LAD","C","1054","FA","26","8","0.89","1%","0%","16","2","3","1","2","0","0","2","0","2","0","0","0","0","9"
"*04yia*","Will Wilson","SEA","2B","1065","FA","28","7.5","3.75","2%","0%","5","1","1","0","0","0","1","2","1","1","0","0","0","0","2"
"*03mm4*","Andy Ibanez","NYM","3B","1063","FA","33","7.5","0.54","2%","0%","23","1","2","2","0","0","0","5","1","3","0","0","0","0","14"
"*03yr2*","Yohel Pozo","BAL","C","1064","FA","29","7.5","0.42","1%","0%","33","0","8","7","1","0","0","5","0","3","0","0","0","5","18"
"*04q63*","Hayden Senger","NYM","C","1075","FA","29","7","1","0%","0%","15","2","2","1","0","0","1","2","0","4","0","0","0","0","7"
"*02c6c*","Aramis Garcia","ARI","C","1074","FA","33","7","0.88","0%","0%","19","2","3","2","0","0","1","2","0","6","0","0","0","0","8"
"*04nb4*","Rece Hinds","MIA","OF","1080","FA","25","6.5","0.5","8%","0%","35","2","4","1","3","0","0","5","1","19","0","0","1","0","13"
"*03pjl*","Ryan Mountcastle","BAL","1B","1084","FA","29","6","0.75","14%","0%","14","0","4","3","1","0","0","1","1","2","0","0","0","0","8"
"*041yi*","Miles Mastrobuoni","SEA","3B","1083","FA","30","6","0.46","2%","0%","26","3","5","5","0","0","0","1","2","10","0","0","0","0","13"
"*068xz*","Shawn Ross","PIT","C","1085","FA","26","6","3","0%","0%","5","1","1","0","0","0","1","2","0","2","0","0","0","0","2"
"*03yxd*","Vidal Brujan","NYM","3B","1089","FA","28","5.5","0.61","2%","0%","11","4","1","1","0","0","0","1","1","1","0","1","0","0","9"
"*0518b*","Oliver Dunn","TB","3B","1090","FA","28","5.5","0.61","1%","0%","11","4","1","1","0","0","0","1","1","3","0","0","0","0","9"
"*056c8*","Chadwick Tromp","BAL","C","1092","FA","31","5.5","0.29","0%","0%","46","2","8","7","1","0","0","4","0","13","0","0","0","3","19"
"*06qjw*","Lucas Spence","HOU","OF","1091","FA","23","5","0.56","4%","0%","31","2","5","4","1","0","0","1","2","12","0","1","1","0","9"
"*03qml*","Dylan Moore","PHI","2B","1099","FA","33","5","0.33","4%","0%","12","3","0","0","0","0","0","0","3","6","1","0","0","0","15"
"*03et7*","Joey Meneses","ATH","1B","1098","FA","34","5","0.56","1%","0%","20","1","3","3","0","0","0","2","3","4","0","0","1","3","9"
"*03pjc*","Scott Kingery","(N/A)","2B","1096","FA","32","5","0.62","1%","0%","4","2","1","1","0","0","0","0","0","0","1","0","0","0","8"
"*05j94*","Logan Porter","LAA","C","1100","FA","31","5","1.67","0%","0%","4","2","1","0","1","0","0","0","2","2","0","0","0","0","3"
"*04qow*","Kevin Alcantara","CHC","OF","1104","FA","24","4.5","0.24","32%","0%","20","3","4","4","0","0","0","3","1","9","0","1","0","1","19"
"*04psg*","Cesar Salazar","HOU","C","1105","FA","30","4.5","0.5","1%","0%","18","0","1","1","0","0","0","1","3","3","0","0","1","0","9"
"*05rcs*","Gabriel Gonzalez","MIN","OF","1112","FA","22","4","4","20%","0%","2","1","1","1","0","0","0","0","2","0","0","0","0","0","1"
"*04gdw*","Johnathan Rodriguez","PIT","OF","1116","FA","26","4","0.57","4%","0%","11","0","2","1","1","0","0","2","3","6","0","0","0","1","7"
"*027fx*","Jeimer Candelario","LAA","3B","1108","FA","32","4","0.57","3%","0%","18","3","2","0","2","0","0","0","1","8","0","0","1","1","7"
"*04mdf*","Jerar Encarnacion","(N/A)","OF","1111","FA","28","4","0.24","2%","0%","34","1","6","5","1","0","0","0","1","8","0","0","0","1","17"
"*041q1*","Nick Solak","SD","1B","1117","FA","31","4","1","0%","0%","7","0","1","1","0","0","0","1","1","0","0","0","1","0","4"
"*031bn*","Brian Navarreto","MIA","C","1114","FA","31","4","0.57","0%","0%","12","2","2","1","1","0","0","0","1","4","0","0","0","0","7"
"*0513g*","Cody Freeman","TEX","2B","1119","FA","25","3.5","0.5","3%","0%","17","1","4","4","0","0","0","0","1","5","0","0","0","0","7"
"*05yfu*","Chad Stevens","COL","2B","1122","FA","27","3.5","0.22","1%","0%","28","1","1","1","0","0","0","3","5","13","0","0","0","0","16"
"*041sd*","Daniel Johnson","(N/A)","OF","1120","FA","31","3.5","0.44","0%","0%","14","1","2","2","0","0","0","0","2","3","0","0","1","1","8"
"*031cs*","Austin Wynns","TEX","C","1131","FA","35","3","0.14","1%","0%","58","3","5","5","0","0","0","0","3","16","0","0","0","0","22"
"*04eia*","Jared Oliva","(N/A)","OF","1137","FA","30","2.5","0.36","1%","0%","7","1","1","1","0","0","0","0","0","1","1","0","0","1","7"
"*04egt*","Buddy Kennedy","SEA","3B","1136","FA","27","2.5","0.21","1%","0%","17","2","1","0","1","0","0","0","2","7","0","0","0","0","12"
"*05t5r*","Michael Stefanic","ATH","2B","1138","FA","30","2.5","1.25","0%","0%","5","1","2","2","0","0","0","0","0","1","0","0","0","0","2"
"*05ge4*","Jair Camargo","ATL","C","1135","FA","27","2.5","2.5","0%","0%","2","1","1","0","1","0","0","0","0","1","0","0","0","0","1"
"*05ucf*","James Triantos","CHC","2B,3B,OF","1147","FA","23","2","2","25%","+5%","1","1","1","1","0","0","0","0","0","0","0","0","0","0","1"
"*01cfr*","Carlos Santana","ATL","1B","1146","FA","40","2","0.25","5%","0%","24","1","2","1","1","0","0","0","2","8","0","0","0","0","8"
"*02n0e*","Andrew Velazquez","KC","2B,SS","1148","FA","32","2","0.5","1%","0%","13","0","1","1","0","0","0","0","0","2","1","0","0","0","4"
"*065j4*","Collin Price","HOU","C,1B","1145","FA","26","2","0.29","0%","0%","12","1","2","1","1","0","0","0","1","6","0","0","0","0","7"
"*05nsq*","Deyvison De Los Santos","MIA","1B,3B","1155","FA","23","1.5","0.5","23%","0%","7","0","2","1","1","0","0","0","0","3","0","0","0","0","3"
"*05tc7*","Ryan Bliss","SEA","2B","1154","FA","26","1.5","0.5","5%","0%","8","0","1","1","0","0","0","1","1","3","0","0","0","0","3"
"*04y11*","Luis Matos","MIL","OF","1156","FA","24","1.5","0.17","5%","0%","20","1","4","4","0","0","0","0","1","7","0","0","0","1","9"
"*04244*","Chuckie Robinson","LAD","C","1157","FA","31","1.5","0.19","0%","0%","23","1","2","2","0","0","0","1","0","5","0","0","0","0","8"
"*05uv5*","Abimelec Ortiz","WSH","1B,OF","1164","FA","24","1","1","20%","0%","2","0","1","0","1","0","0","0","0","0","0","0","0","1","1"
"*05yca*","Brett Harris","BOS","3B","1160","FA","28","1","0.17","1%","0%","6","0","0","0","0","0","0","0","1","2","0","0","2","1","6"
"*03qk3*","Luke Williams","ATL","SS","1167","FA","29","1","0.5","0%","0%","0","0","0","0","0","0","0","0","1","0","0","0","0","0","2"
"*05xu2*","Ryan Ritter","COL","SS","1175","FA","25","0.5","0.08","6%","0%","7","1","1","1","0","0","0","0","0","3","0","0","0","0","6"
"*0513f*","Ivan Johnson","CIN","OF","1173","FA","27","0.5","0.12","1%","0%","5","0","0","0","0","0","0","0","1","1","0","0","0","0","4"
"*041rz*","Brian Serven","ATH","C","1176","FA","31","0.5","0.25","0%","0%","4","0","1","1","0","0","0","0","0","1","0","0","0","0","2"
"*06aw4*","Omar Martinez","LAA","C","1174","FA","25","0.5","0.1","0%","0%","3","0","1","1","0","0","0","0","0","1","0","0","0","0","5"
"*02c63*","Brian Anderson","(N/A)","3B,OF","1406","FA","33","0","0","100%","0%","0","0","0","0","0","0","0","0","0","0","0","0","0","0","0"
"*04b3m*","Alexander Campos","(N/A)","SS","2353","FA","26","0","0","100%","0%","0","0","0","0","0","0","0","0","0","0","0","0","0","0","0"
"*0516p*","Phil Clarke","(N/A)","C","2701","FA","28","0","0","100%","0%","0","0","0","0","0","0","0","0","0","0","0","0","0","0","0"
"*05rbh*","Justin Dirden","(N/A)","OF","3360","FA","29","0","0","100%","0%","0","0","0","0","0","0","0","0","0","0","0","0","0","0","0"
"*04eio*","Tyler Esplin","(N/A)","OF","3611","FA","27","0","0","100%","0%","0","0","0","0","0","0","0","0","0","0","0","0","0","0","0"
"*05rgb*","Martin Gimenez","(N/A)","SS","4167","FA","22","0","0","100%","0%","0","0","0","0","0","0","0","0","0","0","0","0","0","0","0"
"*024o9*","Yan Gomes","(N/A)","C","4195","FA","39","0","0","100%","0%","0","0","0","0","0","0","0","0","0","0","0","0","0","0","0"
"*04ef2*","Jacob Gonzalez","(N/A)","3B","4266","FA","28","0","0","100%","0%","0","0","0","0","0","0","0","0","0","0","0","0","0","0","0"
"*0527k*","Dauri Lorenzo","(N/A)","SS","5755","FA","23","0","0","100%","0%","0","0","0","0","0","0","0","0","0","0","0","0","0","0","0"
"*02k18*","Austin Meadows","(N/A)","OF","6249","FA","31","0","0","100%","0%","0","0","0","0","0","0","0","0","0","0","0","0","0","0","0"
"*02brl*","Brad Miller","(N/A)","1B","6439","FA","36","0","0","100%","0%","0","0","0","0","0","0","0","0","0","0","0","0","0","0","0"
"*026ly*","Rougned Odor","(N/A)","2B","6951","FA","32","0","0","100%","0%","0","0","0","0","0","0","0","0","0","0","0","0","0","0","0"
"*04l96*","Ronny Rojas","(N/A)","SS","8128","FA","24","0","0","100%","0%","0","0","0","0","0","0","0","0","0","0","0","0","0","0","0"
"*04ee9*","Logan Warmoth","(N/A)","2B","9658","FA","30","0","0","100%","0%","0","0","0","0","0","0","0","0","0","0","0","0","0","0","0"
"*0512l*","Peyton Burdick","(N/A)","OF","2206","FA","29","0","0","94%","0%","0","0","0","0","0","0","0","0","0","0","0","0","0","0","0"
"*05jqc*","Jesse Franklin","(N/A)","OF","3894","FA","27","0","0","94%","0%","0","0","0","0","0","0","0","0","0","0","0","0","0","0","0"
"*05rf8*","Justice Thompson","(N/A)","OF","9171","FA","26","0","0","93%","0%","0","0","0","0","0","0","0","0","0","0","0","0","0","0","0"
"*03d1m*","David Peralta","(N/A)","OF","7317","FA","38","0","0","93%","0%","0","0","0","0","0","0","0","0","0","0","0","0","0","0","0"
"*021n3*","Eduardo Escobar","(N/A)","3B","3583","FA","37","0","0","92%","0%","0","0","0","0","0","0","0","0","0","0","0","0","0","0","0"
"*01cgr*","Aaron Hicks","(N/A)","OF","4809","FA","36","0","0","92%","0%","0","0","0","0","0","0","0","0","0","0","0","0","0","0","0"
"*051ld*","Alexander Mojica","(N/A)","3B","6502","FA","23","0","0","92%","0%","0","0","0","0","0","0","0","0","0","0","0","0","0","0","0"
"*055qq*","Chandler Redmond","(N/A)","1B","7781","FA","29","0","0","92%","0%","0","0","0","0","0","0","0","0","0","0","0","0","0","0","0"
"*03pzm*","Lucius Fox","(N/A)","SS","3861","FA","29","0","0","92%","-8%","0","0","0","0","0","0","0","0","0","0","0","0","0","0","0"
"*01urw*","Avisail Garcia","(N/A)","OF","4018","FA","35","0","0","92%","0%","0","0","0","0","0","0","0","0","0","0","0","0","0","0","0"
"*02mzc*","Austin Nola","(N/A)","C","6857","FA","36","0","0","92%","0%","0","0","0","0","0","0","0","0","0","0","0","0","0","0","0"
"*05yih*","Luis Rodriguez","(N/A)","C","8062","FA","21","0","0","92%","0%","0","0","0","0","0","0","0","0","0","0","0","0","0","0","0"
"*04eed*","Chris Seise","(N/A)","SS","8547","FA","27","0","0","92%","0%","0","0","0","0","0","0","0","0","0","0","0","0","0","0","0"
"*02i2e*","Jose Abreu","(N/A)","1B","1192","FA","39","0","0","90%","0%","0","0","0","0","0","0","0","0","0","0","0","0","0","0","0"
"*03108*","Hunter Dozier","(N/A)","1B,3B","3420","FA","34","0","0","90%","0%","0","0","0","0","0","0","0","0","0","0","0","0","0","0","0"
"*041rb*","DJ Peters","(N/A)","OF","7419","FA","30","0","0","90%","0%","0","0","0","0","0","0","0","0","0","0","0","0","0","0","0"
"*04xo4*","Adinso Reyes","(N/A)","SS","7827","FA","24","0","0","89%","0%","0","0","0","0","0","0","0","0","0","0","0","0","0","0","0"
"*0447s*","Jorge Ona","(N/A)","OF","7000","FA","29","0","0","89%","0%","0","0","0","0","0","0","0","0","0","0","0","0","0","0","0"
"*02bq4*","C.J. Cron","(N/A)","1B","2926","FA","36","0","0","88%","0%","0","0","0","0","0","0","0","0","0","0","0","0","0","0","0"
"*01sc7*","Max Stassi","(N/A)","C","8879","FA","35","0","0","88%","0%","0","0","0","0","0","0","0","0","0","0","0","0","0","0","0"
"*062xy*","Railin Tejada","(N/A)","OF","9114","FA","21","0","0","88%","0%","0","0","0","0","0","0","0","0","0","0","0","0","0","0","0"
"*03z61*","Kyle Lewis","(N/A)","OF","5610","FA","31","0","0","87%","0%","0","0","0","0","0","0","0","0","0","0","0","0","0","0","0"
"*04073*","Lolo Sanchez","(N/A)","OF","9027","FA","27","0","0","86%","0%","0","0","0","0","0","0","0","0","0","0","0","0","0","0","0"
"*05mrf*","Matthew Dyer","(N/A)","OF","3490","FA","28","0","0","86%","0%","0","0","0","0","0","0","0","0","0","0","0","0","0","0","0"
"*04nb1*","Niko Hulsizer","(N/A)","SS,OF","4965","FA","29","0","0","86%","0%","0","0","0","0","0","0","0","0","0","0","0","0","0","0","0"
"*03doo*","Brian Miller","(N/A)","OF","6440","FA","30","0","0","86%","0%","0","0","0","0","0","0","0","0","0","0","0","0","0","0","0"
"*02mzu*","Joey Wendle","(N/A)","SS","9716","FA","36","0","0","86%","0%","0","0","0","0","0","0","0","0","0","0","0","0","0","0","0"
"*06ibk*","Anderson Paula","(N/A)","OF","7213","FA","19","0","0","85%","0%","0","0","0","0","0","0","0","0","0","0","0","0","0","0","0"
"*061xe*","Yeison Perez","(N/A)","OF","7401","FA","22","0","0","85%","0%","0","0","0","0","0","0","0","0","0","0","0","0","0","0","0"
"*04rhg*","Junior Sanquintin","(N/A)","SS","8403","FA","24","0","0","85%","0%","0","0","0","0","0","0","0","0","0","0","0","0","0","0","0"
"*04a1i*","Yasel Antuna","(N/A)","SS","1447","FA","26","0","0","83%","-3%","0","0","0","0","0","0","0","0","0","0","0","0","0","0","0"
"*03qlj*","Brendon Davis","(N/A)","1B,OF","3081","FA","28","0","0","83%","0%","0","0","0","0","0","0","0","0","0","0","0","0","0","0","0"
"*05gsj*","Richi Gonzalez","(N/A)","OF","4295","FA","23","0","0","83%","0%","0","0","0","0","0","0","0","0","0","0","0","0","0","0","0"
"*02j7h*","Jacob Stallings","(N/A)","C","8864","FA","36","0","0","83%","0%","0","0","0","0","0","0","0","0","0","0","0","0","0","0","0"
"*04bpk*","Evan White","(N/A)","1B","9752","FA","30","0","0","83%","0%","0","0","0","0","0","0","0","0","0","0","0","0","0","0","0"
"*05gt8*","Juan Garcia","(N/A)","SS","4047","FA","23","0","0","82%","0%","0","0","0","0","0","0","0","0","0","0","0","0","0","0","0"
"*05r57*","Jhonny Piron","(N/A)","OF","7522","FA","22","0","0","80%","0%","0","0","0","0","0","0","0","0","0","0","0","0","0","0","0"
"*05wdo*","Tyler Collins","(N/A)","OF","2767","FA","23","0","0","80%","0%","0","0","0","0","0","0","0","0","0","0","0","0","0","0","0"
"*03qlw*","David Fletcher","(N/A)","SS","3790","FA","32","0","0","79%","0%","0","0","0","0","0","0","0","0","0","0","0","0","0","0","0"
"*0510d*","Brainer Bonaci","(N/A)","SS","1987","FA","24","0","0","79%","0%","0","0","0","0","0","0","0","0","0","0","0","0","0","0","0"
"*063uz*","Alonzo Rubalcaba","(N/A)","C","8234","FA","26","0","0","79%","0%","0","0","0","0","0","0","0","0","0","0","0","0","0","0","0"
"*05yno*","Josh Crouch","(N/A)","C","2937","FA","27","0","0","78%","0%","0","0","0","0","0","0","0","0","0","0","0","0","0","0","0"
"*04zxk*","Trey Harris","(N/A)","OF","4586","FA","30","0","0","78%","0%","0","0","0","0","0","0","0","0","0","0","0","0","0","0","0"
"*05l4m*","Manuel Sequera","(N/A)","SS","8564","FA","23","0","0","78%","0%","0","0","0","0","0","0","0","0","0","0","0","0","0","0","0"
"*04eg3*","Kevin Smith","(N/A)","3B,SS","8750","FA","30","0","0","78%","0%","0","0","0","0","0","0","0","0","0","0","0","0","0","0","0"
"*03128*","Garrett Cooper","(N/A)","1B","2823","FA","35","0","0","77%","0%","0","0","0","0","0","0","0","0","0","0","0","0","0","0","0"
"*06yyi*","Wyatt Henseler","(N/A)","3B","4673","FA","24","0","0","77%","0%","0","0","0","0","0","0","0","0","0","0","0","0","0","0","0"
"*05yh2*","Erick Hernandez","(N/A)","OF","4721","FA","21","0","0","76%","0%","0","0","0","0","0","0","0","0","0","0","0","0","0","0","0"
"*05130*","Jordan Brewer","(N/A)","OF","2099","FA","28","0","0","75%","0%","0","0","0","0","0","0","0","0","0","0","0","0","0","0","0"
"*059by*","Casey Martin","(N/A)","2B,SS","5991","FA","27","0","0","75%","0%","0","0","0","0","0","0","0","0","0","0","0","0","0","0","0"
"*05tzd*","Anthony Migliaccio","(N/A)","OF","6418","FA","23","0","0","75%","0%","0","0","0","0","0","0","0","0","0","0","0","0","0","0","0"
"*05yb5*","James Parker","(N/A)","SS","7182","FA","26","0","0","75%","0%","0","0","0","0","0","0","0","0","0","0","0","0","0","0","0"
"*02mzx*","Brett Phillips","(N/A)","OF","7450","FA","32","0","0","75%","0%","0","0","0","0","0","0","0","0","0","0","0","0","0","0","0"
"*05121*","Josh Mears","(N/A)","OF","6251","FA","25","0","0","73%","0%","0","0","0","0","0","0","0","0","0","0","0","0","0","0","0"
"*04mkq*","Carlos Aguiar","(N/A)","OF","1254","FA","24","0","0","71%","0%","0","0","0","0","0","0","0","0","0","0","0","0","0","0","0"
"*03qk2*","Travis Blankenhorn","(N/A)","OF","1953","FA","29","0","0","71%","0%","0","0","0","0","0","0","0","0","0","0","0","0","0","0","0"
"*05ra2*","Wilmer Feliciano","(N/A)","OF","3690","FA","22","0","0","71%","0%","0","0","0","0","0","0","0","0","0","0","0","0","0","0","0"
"*05re1*","Luis Gonzalez","(N/A)","OF","4284","FA","23","0","0","71%","0%","0","0","0","0","0","0","0","0","0","0","0","0","0","0","0"
"*05gdl*","Jose Pena","(N/A)","OF","7288","FA","23","0","0","71%","0%","0","0","0","0","0","0","0","0","0","0","0","0","0","0","0"
"*04v6q*","Jack Herman","(N/A)","OF","4690","FA","26","0","0","69%","0%","0","0","0","0","0","0","0","0","0","0","0","0","0","0","0"
"*05rfv*","Wes Clarke","(N/A)","1B","2702","FA","26","0","0","67%","0%","0","0","0","0","0","0","0","0","0","0","0","0","0","0","0"
"*05tax*","Tanner Allen","(N/A)","1B","1332","FA","28","0","0","67%","-11%","0","0","0","0","0","0","0","0","0","0","0","0","0","0","0"
"*057xs*","Jauri Custodio","(N/A)","OF","3015","FA","24","0","0","67%","0%","0","0","0","0","0","0","0","0","0","0","0","0","0","0","0"
"*02334*","J.D. Martinez","(N/A)","UT","6033","FA","38","0","0","64%","0%","0","0","0","0","0","0","0","0","0","0","0","0","0","0","0"
"*04pkp*","Jordyn Adams","(N/A)","OF","1232","FA","26","0","0","64%","-1%","0","0","0","0","0","0","0","0","0","0","0","0","0","0","0"
"*064ow*","Estuar Suero","(N/A)","OF","8980","FA","20","0","0","63%","0%","0","0","0","0","0","0","0","0","0","0","0","0","0","0","0"
"*056j5*","Rikelbin De Castro","(N/A)","SS","3106","FA","23","0","0","62%","0%","0","0","0","0","0","0","0","0","0","0","0","0","0","0","0"
"*0620u*","Ramon Ramirez","(N/A)","OF","7722","FA","21","0","0","62%","0%","0","0","0","0","0","0","0","0","0","0","0","0","0","0","0"
"*0629s*","Sandro Gaston","(N/A)","1B","4092","FA","23","0","0","62%","0%","0","0","0","0","0","0","0","0","0","0","0","0","0","0","0"
"*03dmq*","Gilbert Lara","(N/A)","SS","5486","FA","28","0","0","57%","-14%","0","0","0","0","0","0","0","0","0","0","0","0","0","0","0"
"*05ray*","Benny Montgomery","(N/A)","OF","6559","FA","23","0","0","55%","-3%","0","0","0","0","0","0","0","0","0","0","0","0","0","0","0"
"*02u47*","Chris Taylor","(N/A)","OF","9092","FA","35","0","0","55%","0%","0","0","0","0","0","0","0","0","0","0","0","0","0","0","0"
"*026rz*","Gio Urshela","(N/A)","3B","9384","FA","34","0","0","54%","-1%","0","0","0","0","0","0","0","0","0","0","0","0","0","0","0"
"*06f0q*","Kristian Campbell","BOS","2B","2348","FA","24","0","0","44%","0%","0","0","0","0","0","0","0","0","0","0","0","0","0","0","0"
"*05j8p*","Mishael Deson","(N/A)","OF","3278","FA","24","0","0","43%","0%","0","0","0","0","0","0","0","0","0","0","0","0","0","0","0"
"*04de1*","Triston Casas","BOS","1B","2462","FA","26","0","0","39%","0%","0","0","0","0","0","0","0","0","0","0","0","0","0","0","0"
"*01c5o*","Jason Heyward","(N/A)","OF","4805","FA","36","0","0","37%","-1%","0","0","0","0","0","0","0","0","0","0","0","0","0","0","0"
"*05r5e*","Angel Genao","CLE","3B,SS","4110","FA","22","0","0","35%","+1%","0","0","0","0","0","0","0","0","0","0","0","0","0","0","0"
"*05js4*","Yohandy Morales","WSH","1B,3B","6608","FA","24","0","0","34%","0%","0","0","0","0","0","0","0","0","0","0","0","0","0","0","0"
"*02w16*","Anthony Santander","TOR","UT","8424","FA","31","0","0","32%","-1%","0","0","0","0","0","0","0","0","0","0","0","0","0","0","0"
"*062pp*","Xavier Isaac","TB","UT","5012","FA","22","0","0","31%","0%","0","0","0","0","0","0","0","0","0","0","0","0","0","0","0"
"*05tdk*","Druw Jones","ARI","OF","5172","FA","22","0","0","30%","0%","0","0","0","0","0","0","0","0","0","0","0","0","0","0","0"
"*06mff*","Justin Gonzales","BOS","OF","4232","FA","19","0","0","30%","0%","0","0","0","0","0","0","0","0","0","0","0","0","0","0","0"
"*05yak*","Xavier Neyens","HOU","3B","6821","W <small>(Tue)</small>","19","0","0","30%","0%","0","0","0","0","0","0","0","0","0","0","0","0","0","0","0"
"*0724c*","Francisco Renteria","PHI","OF","7815","FA","17","0","0","29%","0%","0","0","0","0","0","0","0","0","0","0","0","0","0","0","0"
"*06p5z*","Devin Fitz-Gerald","WSH","SS","3777","FA","20","0","0","29%","0%","0","0","0","0","0","0","0","0","0","0","0","0","0","0","0"
"*06cq7*","Seaver King","WSH","SS","5320","FA","23","0","0","29%","0%","0","0","0","0","0","0","0","0","0","0","0","0","0","0","0"
"*05rc5*","Termarr Johnson","PIT","2B","5156","FA","22","0","0","28%","0%","0","0","0","0","0","0","0","0","0","0","0","0","0","0","0"
"*061wh*","Jefferson Rojas","CHC","2B,SS","8123","FA","21","0","0","28%","0%","0","0","0","0","0","0","0","0","0","0","0","0","0","0","0"
"*067zb*","Jace LaViolette","CLE","OF","5430","FA","22","0","0","28%","0%","0","0","0","0","0","0","0","0","0","0","0","0","0","0","0"
"*06qyu*","Gavin Fien","WSH","3B,SS","3750","FA","19","0","0","27%","0%","0","0","0","0","0","0","0","0","0","0","0","0","0","0","0"
"*06c1j*","Cam Cannarella","MIA","OF","2372","FA","22","0","0","25%","+2%","0","0","0","0","0","0","0","0","0","0","0","0","0","0","0"
"*06kkf*","Braylon Payne","MIL","OF","7230","FA","19","0","0","25%","0%","0","0","0","0","0","0","0","0","0","0","0","0","0","0","0"
"*071wa*","Wandy Asigen","NYM","SS","1565","FA","16","0","0","25%","0%","0","0","0","0","0","0","0","0","0","0","0","0","0","0","0"
"*06481*","Jacob Reimer","NYM","3B","7801","FA","22","0","0","25%","0%","0","0","0","0","0","0","0","0","0","0","0","0","0","0","0"
"*061gx*","Jacob Melton","TB","OF","6313","FA","25","0","0","25%","0%","0","0","0","0","0","0","0","0","0","0","0","0","0","0","0"
"*067z9*","Kayson Cunningham","ARI","SS","2998","FA","21","0","0","24%","0%","0","0","0","0","0","0","0","0","0","0","0","0","0","0","0"
"*064o4*","Demetrio Crisantes","ARI","2B","2920","FA","21","0","0","23%","+1%","0","0","0","0","0","0","0","0","0","0","0","0","0","0","0"
"*06cqi*","Josh Hammond","KC","3B,SS","4542","FA","19","0","0","23%","0%","0","0","0","0","0","0","0","0","0","0","0","0","0","0","0"
"*06mvg*","Murf Gray","PIT","3B","4358","FA","22","0","0","23%","+2%","0","0","0","0","0","0","0","0","0","0","0","0","0","0","0"
"*06kui*","Roldy Brito","COL","2B,OF","2127","FA","19","0","0","22%","0%","0","0","0","0","0","0","0","0","0","0","0","0","0","0","0"
"*05wrt*","Tre' Morgan","TB","1B","6640","FA","24","0","0","22%","0%","0","0","0","0","0","0","0","0","0","0","0","0","0","0","0"
"*06hua*","Bo Davidson","SF","OF","3070","FA","24","0","0","22%","0%","0","0","0","0","0","0","0","0","0","0","0","0","0","0","0"
"*06rvt*","Charles Davalan","LAD","OF","3064","FA","22","0","0","22%","0%","0","0","0","0","0","0","0","0","0","0","0","0","0","0","0"
"*0724b*","Angeibel Gomez","KC","OF","4196","FA","17","0","0","22%","+1%","0","0","0","0","0","0","0","0","0","0","0","0","0","0","0"
"*06mnk*","Tyson Lewis","CIN","SS","5613","FA","20","0","0","22%","0%","0","0","0","0","0","0","0","0","0","0","0","0","0","0","0"
"*041ai*","Gavin Lux","TB","OF,UT","5810","FA","28","0","0","21%","0%","0","0","0","0","0","0","0","0","0","0","0","0","0","0","0"
"*05ubi*","Brock Wilken","MIL","3B","9789","FA","24","0","0","21%","0%","0","0","0","0","0","0","0","0","0","0","0","0","0","0","0"
"*06rgw*","Juan Sanchez","TOR","3B,SS","8369","FA","18","0","0","21%","0%","0","0","0","0","0","0","0","0","0","0","0","0","0","0","0"
"*06fwm*","Jonathon Long","CHC","1B","5705","FA","24","0","0","21%","0%","0","0","0","0","0","0","0","0","0","0","0","0","0","0","0"
"*06ps4*","Cris Rodriguez","DET","OF","8019","FA","18","0","0","21%","0%","0","0","0","0","0","0","0","0","0","0","0","0","0","0","0"
"*06agr*","Slade Caldwell","ARI","OF","2315","FA","20","0","0","21%","0%","0","0","0","0","0","0","0","0","0","0","0","0","0","0","0"
"*06rq4*","Alexander Frias","MIL","OF","3918","FA","18","0","0","21%","+1%","0","0","0","0","0","0","0","0","0","0","0","0","0","0","0"
"*06r8u*","Shotaro Morii","ATH","SS","6643","FA","19","0","0","21%","0%","0","0","0","0","0","0","0","0","0","0","0","0","0","0","0"
"*06c7b*","Wehiwa Aloy","BAL","SS","1355","FA","22","0","0","20%","0%","0","0","0","0","0","0","0","0","0","0","0","0","0","0","0"
"*06o8q*","Ronny Cruz","WSH","SS","2972","FA","19","0","0","20%","0%","0","0","0","0","0","0","0","0","0","0","0","0","0","0","0"
"*06y9r*","Taitn Gray","TB","C","4361","FA","18","0","0","20%","0%","0","0","0","0","0","0","0","0","0","0","0","0","0","0","0"
"*06kjz*","Chase Harlan","LAD","3B","4568","FA","20","0","0","20%","0%","0","0","0","0","0","0","0","0","0","0","0","0","0","0","0"
"*071wb*","Johenssy Colome","ATH","SS","2773","FA","17","0","0","20%","0%","0","0","0","0","0","0","0","0","0","0","0","0","0","0","0"
"*06c5r*","Caden Bodine","TB","C","1966","FA","22","0","0","20%","+1%","0","0","0","0","0","0","0","0","0","0","0","0","0","0","0"
"*06yjs*","Ethan Frey","HOU","OF","3916","FA","22","0","0","18%","0%","0","0","0","0","0","0","0","0","0","0","0","0","0","0","0"
"*06ps3*","Yorger Bautista","SEA","OF","1772","FA","18","0","0","18%","0%","0","0","0","0","0","0","0","0","0","0","0","0","0","0","0"
"*062jb*","Blake Burke","MIL","1B","2217","FA","23","0","0","18%","+1%","0","0","0","0","0","0","0","0","0","0","0","0","0","0","0"
"*05yib*","Nelson Rada","LAA","OF","7677","FA","20","0","0","18%","0%","0","0","0","0","0","0","0","0","0","0","0","0","0","0","0"
"*06c0z*","Devin Taylor","ATH","OF","9094","FA","22","0","0","18%","0%","0","0","0","0","0","0","0","0","0","0","0","0","0","0","0"
"*06582*","Luke Adams","MIL","1B,3B","1233","FA","22","0","0","18%","0%","0","0","0","0","0","0","0","0","0","0","0","0","0","0","0"
"*05wy1*","Brayden Taylor","TB","2B,3B","9090","FA","24","0","0","17%","0%","0","0","0","0","0","0","0","0","0","0","0","0","0","0","0"
"*05r64*","Thayron Liranzo","DET","C","5660","FA","23","0","0","17%","0%","0","0","0","0","0","0","0","0","0","0","0","0","0","0","0"
"*06423*","Aroon Escobar","PHI","2B","3582","FA","21","0","0","17%","0%","0","0","0","0","0","0","0","0","0","0","0","0","0","0","0"
"*05yd3*","Gavin Kilen","SF","SS","5297","FA","22","0","0","16%","0%","0","0","0","0","0","0","0","0","0","0","0","0","0","0","0"
"*06625*","Joendry Vargas","LAD","SS","9452","FA","20","0","0","16%","0%","0","0","0","0","0","0","0","0","0","0","0","0","0","0","0"
"*06mps*","Marek Houston","MIN","SS","4930","FA","22","0","0","16%","0%","0","0","0","0","0","0","0","0","0","0","0","0","0","0","0"
"*04ysv*","Adael Amador","COL","2B","1386","FA","23","0","0","16%","0%","0","0","0","0","0","0","0","0","0","0","0","0","0","0","0"
"*06ahe*","Kemp Alderman","MIA","OF","1298","FA","23","0","0","16%","0%","0","0","0","0","0","0","0","0","0","0","0","0","0","0","0"
"*06r9b*","Johan De Los Santos","PIT","2B,SS","3189","FA","18","0","0","16%","0%","0","0","0","0","0","0","0","0","0","0","0","0","0","0","0"
"*06dq9*","Aidan Smith","TB","OF","8726","FA","22","0","0","15%","0%","0","0","0","0","0","0","0","0","0","0","0","0","0","0","0"
"*06yxh*","Cooper Flemming","TB","SS","3788","FA","19","0","0","15%","0%","0","0","0","0","0","0","0","0","0","0","0","0","0","0","0"
"*06jfc*","Hayden Alvarez","LAA","OF","1375","FA","19","0","0","15%","+1%","0","0","0","0","0","0","0","0","0","0","0","0","0","0","0"
"*066mo*","Robert Calaz","COL","OF","2303","FA","20","0","0","15%","0%","0","0","0","0","0","0","0","0","0","0","0","0","0","0","0"
"*062cy*","Sean Gamble","KC","SS","3995","FA","20","0","0","14%","0%","0","0","0","0","0","0","0","0","0","0","0","0","0","0","0"
"*066j0*","JD Dix","ARI","2B","3364","FA","20","0","0","14%","0%","0","0","0","0","0","0","0","0","0","0","0","0","0","0","0"
"*06c7i*","Tai Peete","STL","OF","7250","FA","20","0","0","14%","0%","0","0","0","0","0","0","0","0","0","0","0","0","0","0","0"
"*0596f*","Heston Kjerstad","BAL","OF","5340","FA","27","0","0","14%","0%","0","0","0","0","0","0","0","0","0","0","0","0","0","0","0"
"*07261*","Emanuel Luna","STL","OF","5801","FA","17","0","0","14%","0%","0","0","0","0","0","0","0","0","0","0","0","0","0","0","0"
"*06qhh*","Dorian Soto","BOS","SS","8820","FA","18","0","0","14%","0%","0","0","0","0","0","0","0","0","0","0","0","0","0","0","0"
"*06se8*","Daniel Pierce","TB","SS","7467","FA","19","0","0","13%","0%","0","0","0","0","0","0","0","0","0","0","0","0","0","0","0"
"*06kxe*","Kellon Lindsey","LAD","SS","5646","FA","20","0","0","13%","0%","0","0","0","0","0","0","0","0","0","0","0","0","0","0","0"
"*066mx*","Starlyn Caba","MIA","SS","2255","FA","20","0","0","13%","0%","0","0","0","0","0","0","0","0","0","0","0","0","0","0","0"
"*01spl*","Jurickson Profar","ATL","OF","7620","FA","33","0","0","13%","0%","0","0","0","0","0","0","0","0","0","0","0","0","0","0","0"
"*05rhb*","Hendry Mendez","MIN","OF","6324","FA","22","0","0","13%","0%","0","0","0","0","0","0","0","0","0","0","0","0","0","0","0"
"*05gbe*","Robert Hassell","PIT","OF","4608","FA","24","0","0","13%","0%","0","0","0","0","0","0","0","0","0","0","0","0","0","0","0"
"*06kkn*","Cristian Arguelles","COL","OF","1489","FA","19","0","0","13%","+3%","0","0","0","0","0","0","0","0","0","0","0","0","0","0","0"
"*06qwv*","Kane Kepley","CHC","OF","5282","FA","22","0","0","13%","0%","0","0","0","0","0","0","0","0","0","0","0","0","0","0","0"
"*067yf*","Dakota Jordan","SF","OF","5188","FA","23","0","0","13%","0%","0","0","0","0","0","0","0","0","0","0","0","0","0","0","0"
"*06yd4*","Sebastian Dos Santos","STL","SS","3400","FA","18","0","0","12%","0%","0","0","0","0","0","0","0","0","0","0","0","0","0","0","0"
"*06mpr*","Brendan Summerhill","TB","OF","8994","FA","22","0","0","12%","0%","0","0","0","0","0","0","0","0","0","0","0","0","0","0","0"
"*06nln*","Enddy Azocar","BOS","OF","1608","FA","19","0","0","12%","0%","0","0","0","0","0","0","0","0","0","0","0","0","0","0","0"
"*06oh1*","Ching-Hsien Ko","LAD","OF","5369","FA","19","0","0","12%","0%","0","0","0","0","0","0","0","0","0","0","0","0","0","0","0"
"*06alr*","Brady Ebel","MIL","SS","3500","FA","19","0","0","12%","+2%","0","0","0","0","0","0","0","0","0","0","0","0","0","0","0"
"*06mnl*","Wyatt Sanford","PIT","2B,SS","8401","FA","20","0","0","12%","0%","0","0","0","0","0","0","0","0","0","0","0","0","0","0","0"
"*05rcw*","Leo Bernal","STL","C","1874","FA","22","0","0","12%","0%","0","0","0","0","0","0","0","0","0","0","0","0","0","0","0"
"*06qz8*","Slater de Brun","TB","OF","10020","FA","19","0","0","12%","0%","0","0","0","0","0","0","0","0","0","0","0","0","0","0","0"
"*06psm*","Andrew Salas","MIA","OF","8298","FA","18","0","0","12%","0%","0","0","0","0","0","0","0","0","0","0","0","0","0","0","0"
"*06yyn*","Franklin Primera","BOS","C","7616","FA","19","0","0","12%","0%","0","0","0","0","0","0","0","0","0","0","0","0","0","0","0"
"*066mn*","Yoeilin Cespedes","BOS","2B","2592","FA","20","0","0","12%","0%","0","0","0","0","0","0","0","0","0","0","0","0","0","0","0"
"*06cql*","Kendall George","LAD","OF","4118","FA","21","0","0","12%","0%","0","0","0","0","0","0","0","0","0","0","0","0","0","0","0"
"*061rf*","Jesus Baez","STL","3B,SS","1617","FA","21","0","0","12%","0%","0","0","0","0","0","0","0","0","0","0","0","0","0","0","0"
"*06mpb*","Jared Thomas","COL","OF","9153","FA","23","0","0","11%","0%","0","0","0","0","0","0","0","0","0","0","0","0","0","0","0"
"*066mz*","Brailer Guerrero","TB","OF","4419","FA","20","0","0","11%","0%","0","0","0","0","0","0","0","0","0","0","0","0","0","0","0"
"*06cmf*","Mitch Voit","NYM","2B","9592","FA","21","0","0","11%","0%","0","0","0","0","0","0","0","0","0","0","0","0","0","0","0"
"*05yeg*","Roch Cholowsky","CHW","SS","2662","FA","21","0","0","11%","0%","0","0","0","0","0","0","0","0","0","0","0","0","0","0","0"
"*06mnj*","Griffin Burkholder","PHI","OF","2221","FA","20","0","0","11%","0%","0","0","0","0","0","0","0","0","0","0","0","0","0","0","0"
"*06k81*","Yairo Padilla","STL","SS","7120","FA","19","0","0","11%","0%","0","0","0","0","0","0","0","0","0","0","0","0","0","0","0"
"*06icj*","Yolfran Castillo","TEX","3B,SS","2518","FA","19","0","0","11%","0%","0","0","0","0","0","0","0","0","0","0","0","0","0","0","0"
"*05oek*","Elijah Green","WSH","OF","4364","FA","22","0","0","11%","0%","0","0","0","0","0","0","0","0","0","0","0","0","0","0","0"
"*04ooy*","Marco Luciano","NYY","OF","5776","FA","24","0","0","11%","0%","0","0","0","0","0","0","0","0","0","0","0","0","0","0","0"
"*06pg4*","Deniel Ortiz","STL","1B,3B","7035","FA","21","0","0","11%","0%","0","0","0","0","0","0","0","0","0","0","0","0","0","0","0"
"*06mne*","Luke Dickerson","WSH","2B,SS","3339","FA","20","0","0","11%","0%","0","0","0","0","0","0","0","0","0","0","0","0","0","0","0"
"*06ho7*","Paulino Santana","TEX","OF","8416","FA","19","0","0","11%","0%","0","0","0","0","0","0","0","0","0","0","0","0","0","0","0"
"*0630n*","Aron Estrada","BAL","2B,OF","3621","FA","21","0","0","11%","0%","0","0","0","0","0","0","0","0","0","0","0","0","0","0","0"
"*05yed*","Eric Bitonti","MIL","1B","1930","FA","20","0","0","11%","0%","0","0","0","0","0","0","0","0","0","0","0","0","0","0","0"
"*06v5z*","Ryan Wideman","SD","OF","9775","FA","22","0","0","10%","0%","0","0","0","0","0","0","0","0","0","0","0","0","0","0","0"
"*06qhe*","Diego Tornes","ATL","OF","9240","FA","18","0","0","10%","0%","0","0","0","0","0","0","0","0","0","0","0","0","0","0","0"
"*05yat*","Quentin Young","MIN","SS","9955","FA","19","0","0","10%","0%","0","0","0","0","0","0","0","0","0","0","0","0","0","0","0"
"*06hoc*","Raudi Rodriguez","LAA","OF","8086","FA","23","0","0","10%","0%","0","0","0","0","0","0","0","0","0","0","0","0","0","0","0"
"*06ibn*","Robert Arias","CLE","OF","1514","FA","19","0","0","10%","0%","0","0","0","0","0","0","0","0","0","0","0","0","0","0","0"
"*05gec*","Roderick Arias","NYY","SS","1515","FA","21","0","0","10%","0%","0","0","0","0","0","0","0","0","0","0","0","0","0","0","0"
"*06dnc*","Brandon Winokur","MIN","3B,SS,OF","9859","FA","21","0","0","10%","0%","0","0","0","0","0","0","0","0","0","0","0","0","0","0","0"
"*06zi7*","Josiah Ragsdale","MIL","OF","7684","FA","22","0","0","9%","+2%","0","0","0","0","0","0","0","0","0","0","0","0","0","0","0"
"*06col*","Austin Overn","TB","OF","7078","FA","23","0","0","9%","0%","0","0","0","0","0","0","0","0","0","0","0","0","0","0","0"
"*072hk*","Ricki Moneys","MIL","SS","6524","FA","17","0","0","9%","0%","0","0","0","0","0","0","0","0","0","0","0","0","0","0","0"
"*06vxu*","Josh Owens","TEX","SS,SP","7089","FA","19","0","0","9%","0%","0","0","0","0","0","0","0","0","0","0","0","0","0","0","0"
"*06qlr*","Parks Harber","SF","3B","4561","FA","24","0","0","9%","0%","0","0","0","0","0","0","0","0","0","0","0","0","0","0","0"
"*072ds*","Santiago Solarte","MIA","SS","8791","FA","17","0","0","9%","0%","0","0","0","0","0","0","0","0","0","0","0","0","0","0","0"
"*05tcd*","Gavin Cross","KC","OF","2933","FA","25","0","0","9%","0%","0","0","0","0","0","0","0","0","0","0","0","0","0","0","0"
"*066mk*","Welbyn Francisca","CLE","SS","3876","FA","20","0","0","9%","0%","0","0","0","0","0","0","0","0","0","0","0","0","0","0","0"
"*06am1*","Henry Godbout","BOS","2B","4186","FA","22","0","0","9%","0%","0","0","0","0","0","0","0","0","0","0","0","0","0","0","0"
"*06utc*","Nick Becker","SEA","SS","1793","FA","19","0","0","9%","0%","0","0","0","0","0","0","0","0","0","0","0","0","0","0","0"
"*05m1c*","Miguel Bleis","BOS","OF","1956","FA","22","0","0","9%","0%","0","0","0","0","0","0","0","0","0","0","0","0","0","0","0"
"*05y7y*","Mikey Romero","BOS","2B,3B,SS","8159","FA","22","0","0","9%","0%","0","0","0","0","0","0","0","0","0","0","0","0","0","0","0"
"*067z8*","Jose Perdomo","ATL","SS","7330","FA","19","0","0","9%","0%","0","0","0","0","0","0","0","0","0","0","0","0","0","0","0"
"*06o0e*","Marco Dinges","MIL","C","3356","FA","22","0","0","9%","0%","0","0","0","0","0","0","0","0","0","0","0","0","0","0","0"
"*06r9r*","Darell Morel","PIT","SS","6619","FA","18","0","0","9%","-1%","0","0","0","0","0","0","0","0","0","0","0","0","0","0","0"
"*05yci*","Tony Blanco Jr.","PIT","1B","1943","FA","21","0","0","9%","0%","0","0","0","0","0","0","0","0","0","0","0","0","0","0","0"
"*05rbd*","Manuel Pena","ARI","1B","7291","FA","22","0","0","9%","0%","0","0","0","0","0","0","0","0","0","0","0","0","0","0","0"
"*05jrf*","Chase Davis","STL","OF","3083","FA","24","0","0","9%","0%","0","0","0","0","0","0","0","0","0","0","0","0","0","0","0"
"*06y9u*","Jaden Fauske","CHW","OF","3681","FA","19","0","0","9%","0%","0","0","0","0","0","0","0","0","0","0","0","0","0","0","0"
"*05gwo*","Cristian Hernandez","MIA","SS","4710","FA","22","0","0","8%","0%","0","0","0","0","0","0","0","0","0","0","0","0","0","0","0"
"*062z3*","Brooks Baldwin","CHW","OF","1649","FA","25","0","0","8%","0%","0","0","0","0","0","0","0","0","0","0","0","0","0","0","0"
"*06y4f*","Jordan Yost","DET","SS","9947","FA","19","0","0","8%","0%","0","0","0","0","0","0","0","0","0","0","0","0","0","0","0"
"*06ieq*","Luke Stevenson","SEA","C","8907","FA","22","0","0","8%","0%","0","0","0","0","0","0","0","0","0","0","0","0","0","0","0"
"*066mq*","Yophery Rodriguez","BOS","OF","8098","FA","20","0","0","8%","0%","0","0","0","0","0","0","0","0","0","0","0","0","0","0","0"
"*04pmv*","Brennen Davis","SEA","OF","3082","FA","26","0","0","8%","0%","0","0","0","0","0","0","0","0","0","0","0","0","0","0","0"
"*06rvw*","Jhomnardo Reyes","MIN","OF","7845","FA","18","0","0","8%","0%","0","0","0","0","0","0","0","0","0","0","0","0","0","0","0"
"*06328*","PJ Morlando","MIA","OF","6653","FA","21","0","0","8%","0%","0","0","0","0","0","0","0","0","0","0","0","0","0","0","0"
"*06c1m*","Sammy Stafura","PIT","SS","8862","FA","21","0","0","8%","+1%","0","0","0","0","0","0","0","0","0","0","0","0","0","0","0"
"*06y9v*","Ryan Mitchell","STL","SS","6487","FA","19","0","0","8%","0%","0","0","0","0","0","0","0","0","0","0","0","0","0","0","0"
"*05u2o*","George Wolkow","CHW","OF","9878","FA","20","0","0","8%","0%","0","0","0","0","0","0","0","0","0","0","0","0","0","0","0"
"*04g7l*","Kristian Robinson","ARI","OF","7979","FA","25","0","0","7%","0%","0","0","0","0","0","0","0","0","0","0","0","0","0","0","0"
"*06kkk*","Walker Janek","HOU","C","5050","FA","23","0","0","7%","0%","0","0","0","0","0","0","0","0","0","0","0","0","0","0","0"
"*06nv7*","Victor Figueroa","BAL","1B","3760","FA","22","0","0","7%","0%","0","0","0","0","0","0","0","0","0","0","0","0","0","0","0"
"*06fus*","Easton Shelton","LAD","1B","8616","FA","20","0","0","7%","+4%","0","0","0","0","0","0","0","0","0","0","0","0","0","0","0"
"*06v26*","Marconi German","WSH","2B,SS","4130","FA","18","0","0","7%","0%","0","0","0","0","0","0","0","0","0","0","0","0","0","0","0"
"*06zql*","Wilberson De Pena","NYY","OF","3206","FA","19","0","0","7%","+1%","0","0","0","0","0","0","0","0","0","0","0","0","0","0","0"
"*072p5*","Albert Fermin","HOU","SS","3713","FA","17","0","0","7%","0%","0","0","0","0","0","0","0","0","0","0","0","0","0","0","0"
"*060fx*","Roc Riggio","COL","2B","7894","FA","24","0","0","7%","0%","0","0","0","0","0","0","0","0","0","0","0","0","0","0","0"
"*07248*","Victor Valdez","TB","SS","9406","FA","17","0","0","7%","0%","0","0","0","0","0","0","0","0","0","0","0","0","0","0","0"
"*064da*","Nacho Alvarez","ATL","3B","1379","FA","23","0","0","7%","0%","0","0","0","0","0","0","0","0","0","0","0","0","0","0","0"
"*07247*","Elian Rosario","TEX","3B","8195","FA","17","0","0","7%","0%","0","0","0","0","0","0","0","0","0","0","0","0","0","0","0"
"*05t5m*","Jacob Berry","MIA","2B,3B,OF","1884","FA","25","0","0","7%","0%","0","0","0","0","0","0","0","0","0","0","0","0","0","0","0"
"*05jrc*","Kevin Parada","NYM","C","7160","FA","24","0","0","7%","0%","0","0","0","0","0","0","0","0","0","0","0","0","0","0","0"
"*06qxu*","Juan Martinez","MIL","2B,3B","6045","FA","19","0","0","7%","0%","0","0","0","0","0","0","0","0","0","0","0","0","0","0","0"
"*05ygg*","Won-Bin Cho","STL","OF","2657","FA","22","0","0","7%","0%","0","0","0","0","0","0","0","0","0","0","0","0","0","0","0"
"*0568a*","Maximo Acosta","MIA","3B","1216","FA","23","0","0","7%","0%","0","0","0","0","0","0","0","0","0","0","0","0","0","0","0"
"*05g3k*","Yanquiel Fernandez","NYY","UT","3732","FA","23","0","0","7%","0%","0","0","0","0","0","0","0","0","0","0","0","0","0","0","0"
"*06qhx*","Rafe Perich","TEX","3B","7403","FA","24","0","0","7%","+1%","0","0","0","0","0","0","0","0","0","0","0","0","0","0","0"
"*066lf*","Bryan Rincon","PHI","SS","7901","FA","22","0","0","7%","0%","0","0","0","0","0","0","0","0","0","0","0","0","0","0","0"
"*05mxd*","Cristhian Vaquero","WSH","OF","9440","FA","21","0","0","7%","0%","0","0","0","0","0","0","0","0","0","0","0","0","0","0","0"
"*05rf5*","Carlos Jorge","CIN","OF","5191","FA","22","0","0","7%","0%","0","0","0","0","0","0","0","0","0","0","0","0","0","0","0"
"*066l0*","Zach Ehrhard","LAD","OF","3521","FA","23","0","0","7%","+1%","0","0","0","0","0","0","0","0","0","0","0","0","0","0","0"
"*050s0*","Kyren Paris","LAA","OF","7170","FA","24","0","0","7%","0%","0","0","0","0","0","0","0","0","0","0","0","0","0","0","0"
"*05rdr*","Samuel Zavala","CHW","OF","9990","FA","22","0","0","7%","0%","0","0","0","0","0","0","0","0","0","0","0","0","0","0","0"
"*066j2*","Grady Emerson","TB","SS","3548","FA","18","0","0","7%","0%","0","0","0","0","0","0","0","0","0","0","0","0","0","0","0"
"*0724a*","Angel Nunez Jr.","CIN","OF","6889","FA","17","0","0","6%","0%","0","0","0","0","0","0","0","0","0","0","0","0","0","0","0"
"*05tuw*","Trey Sweeney","DET","SS","9017","FA","26","0","0","6%","0%","0","0","0","0","0","0","0","0","0","0","0","0","0","0","0"
"*06mhy*","Brandon Compton","MIA","OF","2782","FA","22","0","0","6%","0%","0","0","0","0","0","0","0","0","0","0","0","0","0","0","0"
"*066s4*","Hector Osorio","TEX","OF","7056","FA","21","0","0","6%","0%","0","0","0","0","0","0","0","0","0","0","0","0","0","0","0"
"*068nf*","Lucas Ramirez","LAA","OF","7715","FA","20","0","0","6%","0%","0","0","0","0","0","0","0","0","0","0","0","0","0","0","0"
"*061zn*","Jansel Luis","ARI","2B,3B","5794","FA","21","0","0","6%","0%","0","0","0","0","0","0","0","0","0","0","0","0","0","0","0"
"*06c3v*","Yeremy Cabrera","WSH","OF","2287","FA","21","0","0","6%","0%","0","0","0","0","0","0","0","0","0","0","0","0","0","0","0"
"*05w8l*","William Bergolla","CHW","SS","1869","FA","21","0","0","6%","0%","0","0","0","0","0","0","0","0","0","0","0","0","0","0","0"
"*06qhg*","Maykel Coret","TB","OF","2844","FA","18","0","0","6%","0%","0","0","0","0","0","0","0","0","0","0","0","0","0","0","0"
"*06pi9*","Dillon Lewis","MIA","OF","5605","FA","23","0","0","6%","0%","0","0","0","0","0","0","0","0","0","0","0","0","0","0","0"
"*06hyt*","Adolfo Sanchez","CIN","OF","8339","FA","19","0","0","6%","0%","0","0","0","0","0","0","0","0","0","0","0","0","0","0","0"
"*06icc*","Eduardo Beltre","MIN","OF","1827","FA","19","0","0","6%","0%","0","0","0","0","0","0","0","0","0","0","0","0","0","0","0"
"*06qsf*","Gabriel Davalillo","LAA","C","3066","FA","18","0","0","6%","0%","0","0","0","0","0","0","0","0","0","0","0","0","0","0","0"
"*06se7*","Alex Lodise","ATL","SS","5683","FA","22","0","0","6%","0%","0","0","0","0","0","0","0","0","0","0","0","0","0","0","0"
"*06cgg*","Billy Amick","MIN","1B,3B","1395","FA","23","0","0","6%","0%","0","0","0","0","0","0","0","0","0","0","0","0","0","0","0"
"*062l0*","Jadher Areinamo","TB","2B,SS","1480","FA","22","0","0","6%","0%","0","0","0","0","0","0","0","0","0","0","0","0","0","0","0"
"*072pa*","Diego Frontado","MIL","SS","3936","FA","17","0","0","6%","0%","0","0","0","0","0","0","0","0","0","0","0","0","0","0","0"
"*06f1h*","Alfonsin Rosario","CLE","OF","8189","FA","22","0","0","6%","0%","0","0","0","0","0","0","0","0","0","0","0","0","0","0","0"
"*05rez*","Brando Mayea","NYY","OF","6132","FA","20","0","0","6%","0%","0","0","0","0","0","0","0","0","0","0","0","0","0","0","0"
"*06ica*","Joswa Lugo","LAA","SS","5787","FA","19","0","0","6%","0%","0","0","0","0","0","0","0","0","0","0","0","0","0","0","0"
"*06cn0*","Ramon Ramirez","KC","C","7723","FA","21","0","0","6%","0%","0","0","0","0","0","0","0","0","0","0","0","0","0","0","0"
"*07262*","Juan Rijo","SEA","OF","7896","FA","17","0","0","6%","0%","0","0","0","0","0","0","0","0","0","0","0","0","0","0","0"
"*061mj*","Jeral Perez","CHW","2B,SS","7372","FA","21","0","0","6%","0%","0","0","0","0","0","0","0","0","0","0","0","0","0","0","0"
"*066nq*","Dillon Head","MIA","OF","4625","FA","21","0","0","6%","0%","0","0","0","0","0","0","0","0","0","0","0","0","0","0","0"
"*06uwm*","Luis Arana","MIA","3B,SS","1464","FA","18","0","0","6%","0%","0","0","0","0","0","0","0","0","0","0","0","0","0","0","0"
"*05ych*","Yasser Mercedes","MIN","OF","6374","FA","21","0","0","5%","0%","0","0","0","0","0","0","0","0","0","0","0","0","0","0","0"
"*066nf*","Colin Houck","NYM","3B,SS","4926","FA","21","0","0","5%","0%","0","0","0","0","0","0","0","0","0","0","0","0","0","0","0"
"*066mw*","Rayner Arias","SF","OF","1513","FA","20","0","0","5%","0%","0","0","0","0","0","0","0","0","0","0","0","0","0","0","0"
"*05y7u*","Malcolm Moore","TEX","C","6584","FA","22","0","0","5%","0%","0","0","0","0","0","0","0","0","0","0","0","0","0","0","0"
"*06z9d*","Aidan West","LAD","SS","9726","FA","19","0","0","5%","0%","0","0","0","0","0","0","0","0","0","0","0","0","0","0","0"
"*041q6*","Nolan Jones","CHW","OF","5184","FA","28","0","0","5%","0%","0","0","0","0","0","0","0","0","0","0","0","0","0","0","0"
"*06kk8*","Dylan Dreiling","TEX","OF","3423","FA","23","0","0","5%","0%","0","0","0","0","0","0","0","0","0","0","0","0","0","0","0"
"*06kxm*","Dauri Fernandez","CLE","SS","3718","FA","19","0","0","5%","0%","0","0","0","0","0","0","0","0","0","0","0","0","0","0","0"
"*06j3h*","Cole Mathis","NYM","3B","6104","FA","23","0","0","5%","0%","0","0","0","0","0","0","0","0","0","0","0","0","0","0","0"
"*04ok3*","Michael Toglia","CIN","1B","9214","FA","27","0","0","5%","0%","0","0","0","0","0","0","0","0","0","0","0","0","0","0","0"
"*06kkg*","Kyle DeBarge","MIN","2B,SS","3209","FA","23","0","0","5%","0%","0","0","0","0","0","0","0","0","0","0","0","0","0","0","0"
"*072ib*","Vahn Lackey","MIN","C","5436","FA","21","0","0","5%","0%","0","0","0","0","0","0","0","0","0","0","0","0","0","0","0"
"*06lfg*","Chris Suero","NYM","C,OF","8979","FA","22","0","0","5%","0%","0","0","0","0","0","0","0","0","0","0","0","0","0","0","0"
"*05yck*","Fernando Cruz","CHC","SS","2954","FA","19","0","0","5%","0%","0","0","0","0","0","0","0","0","0","0","0","0","0","0","0"
"*06kka*","Kale Fountain","SD","1B","3853","FA","20","0","0","5%","0%","0","0","0","0","0","0","0","0","0","0","0","0","0","0","0"
"*04mms*","Orelvis Martinez","(N/A)","2B","6058","FA","24","0","0","5%","0%","0","0","0","0","0","0","0","0","0","0","0","0","0","0","0"
"*066me*","Luis Guanipa","ATL","OF","4403","FA","20","0","0","5%","0%","0","0","0","0","0","0","0","0","0","0","0","0","0","0","0"
"*06yjd*","Aaron Walton","CLE","OF","9648","FA","22","0","0","5%","0%","0","0","0","0","0","0","0","0","0","0","0","0","0","0","0"
"*060g1*","Jake Gelof","LAD","2B,3B","4108","FA","24","0","0","5%","0%","0","0","0","0","0","0","0","0","0","0","0","0","0","0","0"
"*05yha*","Mac Horvath","TB","2B,OF","4921","FA","25","0","0","5%","0%","0","0","0","0","0","0","0","0","0","0","0","0","0","0","0"
"*04aov*","Tirso Ornelas","SD","OF","7015","FA","26","0","0","5%","0%","0","0","0","0","0","0","0","0","0","0","0","0","0","0","0"
"*06alw*","Coy James","WSH","SS","5044","FA","19","0","0","5%","0%","0","0","0","0","0","0","0","0","0","0","0","0","0","0","0"
"*067y4*","Drew Burress","ATH","OF","2233","FA","21","0","0","5%","0%","0","0","0","0","0","0","0","0","0","0","0","0","0","0","0"
"*066t4*","Walker Martin","SF","3B,SS","6008","FA","22","0","0","5%","0%","0","0","0","0","0","0","0","0","0","0","0","0","0","0","0"
"*06kv2*","Handelfry Encarnacion","MIL","OF","3558","FA","19","0","0","5%","0%","0","0","0","0","0","0","0","0","0","0","0","0","0","0","0"
"*059bs*","Bryan Ramos","BAL","3B","7738","FA","24","0","0","5%","0%","0","0","0","0","0","0","0","0","0","0","0","0","0","0","0"
"*0689z*","Colton Ledbetter","STL","OF","5545","FA","24","0","0","5%","0%","0","0","0","0","0","0","0","0","0","0","0","0","0","0","0"
"*06ro7*","Breyson Guedez","ATH","OF","4410","FA","18","0","0","4%","0%","0","0","0","0","0","0","0","0","0","0","0","0","0","0","0"
"*04p0h*","Diego Cartaya","(N/A)","C","2451","FA","24","0","0","4%","0%","0","0","0","0","0","0","0","0","0","0","0","0","0","0","0"
"*05jq9*","Cayden Wallace","WSH","3B","9628","FA","24","0","0","4%","0%","0","0","0","0","0","0","0","0","0","0","0","0","0","0","0"
"*062hy*","Enmanuel Bonilla","TOR","OF","1996","FA","20","0","0","4%","0%","0","0","0","0","0","0","0","0","0","0","0","0","0","0","0"
"*06qgp*","Joseph Sullivan","HOU","OF","8989","FA","24","0","0","4%","0%","0","0","0","0","0","0","0","0","0","0","0","0","0","0","0"
"*06dnb*","Mike Boeve","MIL","1B","1970","FA","24","0","0","4%","0%","0","0","0","0","0","0","0","0","0","0","0","0","0","0","0"
"*05rjo*","Ricky Cabrera","CIN","3B","2283","FA","21","0","0","4%","0%","0","0","0","0","0","0","0","0","0","0","0","0","0","0","0"
"*06r5o*","Brailyn Antunez","MIL","OF","1449","FA","18","0","0","4%","0%","0","0","0","0","0","0","0","0","0","0","0","0","0","0","0"
"*06ksc*","Dean Curley","CLE","SS","3005","FA","22","0","0","4%","0%","0","0","0","0","0","0","0","0","0","0","0","0","0","0","0"
"*06icg*","Edgar Montero","ATH","SS","6537","FA","19","0","0","4%","0%","0","0","0","0","0","0","0","0","0","0","0","0","0","0","0"
"*04yrs*","Jhonkensy Noel","(N/A)","OF","6854","FA","25","0","0","4%","0%","0","0","0","0","0","0","0","0","0","0","0","0","0","0","0"
"*070c6*","Blaine Bullard","TOR","OF","2200","FA","19","0","0","4%","0%","0","0","0","0","0","0","0","0","0","0","0","0","0","0","0"
"*06dna*","Isaiah Drake","ATL","OF","3422","FA","21","0","0","4%","0%","0","0","0","0","0","0","0","0","0","0","0","0","0","0","0"
"*05yfw*","Braiden Ward","BOS","OF","9652","FA","27","0","0","4%","0%","0","0","0","0","0","0","0","0","0","0","0","0","0","0","0"
"*06ute*","Mason Neville","CIN","OF","6811","FA","22","0","0","4%","0%","0","0","0","0","0","0","0","0","0","0","0","0","0","0","0"
"*062jx*","Jared Serna","MIA","2B,SS","8566","FA","24","0","0","4%","0%","0","0","0","0","0","0","0","0","0","0","0","0","0","0","0"
"*05ua8*","Cooper Kinney","TB","2B,3B","5327","FA","23","0","0","4%","0%","0","0","0","0","0","0","0","0","0","0","0","0","0","0","0"
"*06ibu*","Luis Cova","MIA","OF","2893","FA","19","0","0","4%","0%","0","0","0","0","0","0","0","0","0","0","0","0","0","0","0"
"*0603l*","RJ Schreck","TOR","OF","8502","FA","26","0","0","4%","0%","0","0","0","0","0","0","0","0","0","0","0","0","0","0","0"
"*0622o*","Axiel Plaz","PIT","C","7534","FA","20","0","0","4%","0%","0","0","0","0","0","0","0","0","0","0","0","0","0","0","0"
"*06l57*","Justin Lebron","CIN","SS","5543","FA","21","0","0","4%","0%","0","0","0","0","0","0","0","0","0","0","0","0","0","0","0"
"*05gdv*","Pedro Leon","PHI","OF","5583","FA","28","0","0","4%","0%","0","0","0","0","0","0","0","0","0","0","0","0","0","0","0"
"*06zgv*","Bruin Agbayani","MIN","2B","1249","FA","19","0","0","4%","0%","0","0","0","0","0","0","0","0","0","0","0","0","0","0","0"
"*060if*","Josh Kasevich","TOR","SS","5234","FA","25","0","0","4%","0%","0","0","0","0","0","0","0","0","0","0","0","0","0","0","0"
"*06vxv*","James Quinn-Irons","TB","OF","7656","FA","22","0","0","4%","0%","0","0","0","0","0","0","0","0","0","0","0","0","0","0","0"
"*07249*","Jeancer Custodio","PIT","OF","3016","FA","17","0","0","4%","0%","0","0","0","0","0","0","0","0","0","0","0","0","0","0","0"
"*06mpu*","Max Belyeu","COL","OF","1830","FA","22","0","0","4%","0%","0","0","0","0","0","0","0","0","0","0","0","0","0","0","0"
"*05ygt*","Yordany De Los Santos","PIT","2B,SS","3199","FA","21","0","0","4%","0%","0","0","0","0","0","0","0","0","0","0","0","0","0","0","0"
"*072zq*","Angeni Fernandez","MIL","SS","3715","FA","16","0","0","4%","0%","0","0","0","0","0","0","0","0","0","0","0","0","0","0","0"
"*06hys*","Dawel Joseph","SEA","3B","5195","FA","19","0","0","4%","0%","0","0","0","0","0","0","0","0","0","0","0","0","0","0","0"
"*072ob*","Fabricio Blanco","TB","SS","1945","FA","17","0","0","4%","0%","0","0","0","0","0","0","0","0","0","0","0","0","0","0","0"
"*06akw*","Asbel Gonzalez","KC","OF","4239","FA","20","0","0","4%","0%","0","0","0","0","0","0","0","0","0","0","0","0","0","0","0"
"*063dm*","Cristofer Torin","ARI","2B,SS","9239","FA","21","0","0","4%","0%","0","0","0","0","0","0","0","0","0","0","0","0","0","0","0"
"*067zd*","Korbyn Dickerson","SEA","OF","3338","FA","22","0","0","4%","0%","0","0","0","0","0","0","0","0","0","0","0","0","0","0","0"
"*06ih0*","Jacob Lombard","MIA","SS","5700","FA","18","0","0","4%","0%","0","0","0","0","0","0","0","0","0","0","0","0","0","0","0"
"*05t9m*","Lonnie White","PIT","OF","9755","FA","23","0","0","4%","0%","0","0","0","0","0","0","0","0","0","0","0","0","0","0","0"
"*06rrd*","Young Woong Kim","(N/A)","3B","9894","FA","22","0","0","4%","0%","0","0","0","0","0","0","0","0","0","0","0","0","0","0","0"
"*06yy8*","Jake Munroe","LAA","3B","6724","FA","22","0","0","4%","0%","0","0","0","0","0","0","0","0","0","0","0","0","0","0","0"
"*05t9f*","Jay Allen","CIN","OF","1330","FA","23","0","0","4%","0%","0","0","0","0","0","0","0","0","0","0","0","0","0","0","0"
"*04yic*","Matthew Lugo","KC","OF","5788","FA","25","0","0","4%","0%","0","0","0","0","0","0","0","0","0","0","0","0","0","0","0"
"*05j7n*","Carlos Colmenarez","TB","3B,SS","2772","FA","22","0","0","4%","0%","0","0","0","0","0","0","0","0","0","0","0","0","0","0","0"
"*050vp*","Jose Ramos","NYM","OF","7745","FA","25","0","0","4%","0%","0","0","0","0","0","0","0","0","0","0","0","0","0","0","0"
"*05wy2*","Anthony Gutierrez","TEX","OF","4452","FA","21","0","0","4%","0%","0","0","0","0","0","0","0","0","0","0","0","0","0","0","0"
"*06ypo*","Luke Hill","CLE","3B","4837","FA","22","0","0","4%","0%","0","0","0","0","0","0","0","0","0","0","0","0","0","0","0"
"*06ltg*","Payton Eeles","BAL","2B,SS","3517","FA","26","0","0","4%","0%","0","0","0","0","0","0","0","0","0","0","0","0","0","0","0"
"*06zfn*","Jaiden Lo Re","BAL","SS","5674","FA","19","0","0","4%","+1%","0","0","0","0","0","0","0","0","0","0","0","0","0","0","0"
"*05g3l*","Hedbert Perez","TOR","OF","7368","FA","23","0","0","4%","0%","0","0","0","0","0","0","0","0","0","0","0","0","0","0","0"
"*06o08*","Sam Petersen","WSH","OF","7423","FA","23","0","0","4%","0%","0","0","0","0","0","0","0","0","0","0","0","0","0","0","0"
"*05jql*","A.J. Vukovich","ARI","OF","9602","FA","25","0","0","3%","0%","0","0","0","0","0","0","0","0","0","0","0","0","0","0","0"
"*06ibm*","Jorge Quintana","SD","SS","7660","FA","19","0","0","3%","0%","0","0","0","0","0","0","0","0","0","0","0","0","0","0","0"
"*062ec*","Carson DeMartini","PHI","3B,SS","3220","FA","23","0","0","3%","0%","0","0","0","0","0","0","0","0","0","0","0","0","0","0","0"
"*06yqy*","Landyn Vidourek","COL","OF","9544","FA","22","0","0","3%","0%","0","0","0","0","0","0","0","0","0","0","0","0","0","0","0"
"*06z7i*","Tim Piasentin","TOR","3B","7457","FA","19","0","0","3%","0%","0","0","0","0","0","0","0","0","0","0","0","0","0","0","0"
"*06yk0*","Conor Essenburg","ATL","OF,SP","3613","FA","19","0","0","3%","0%","0","0","0","0","0","0","0","0","0","0","0","0","0","0","0"
"*05uy1*","Justyn-Henry Malloy","TB","UT","5895","FA","26","0","0","3%","0%","0","0","0","0","0","0","0","0","0","0","0","0","0","0","0"
"*0527f*","Kevin Made","WSH","2B,SS","5855","FA","23","0","0","3%","0%","0","0","0","0","0","0","0","0","0","0","0","0","0","0","0"
"*06xwb*","Michael Oliveto","DET","C","6981","FA","19","0","0","3%","0%","0","0","0","0","0","0","0","0","0","0","0","0","0","0","0"
"*068z1*","Pablo Guerrero","TEX","1B","4426","FA","19","0","0","3%","0%","0","0","0","0","0","0","0","0","0","0","0","0","0","0","0"
"*06r2s*","Michael Martinez","ATL","OF","6056","FA","19","0","0","3%","0%","0","0","0","0","0","0","0","0","0","0","0","0","0","0","0"
"*06q33*","Brendan Tunink","LAD","OF","9330","FA","20","0","0","3%","0%","0","0","0","0","0","0","0","0","0","0","0","0","0","0","0"
"*06r8g*","Wilder Dalis","COL","3B,SS","3031","FA","19","0","0","3%","0%","0","0","0","0","0","0","0","0","0","0","0","0","0","0","0"
"*05131*","Tyler Fitzgerald","LAD","2B","3781","FA","28","0","0","3%","0%","0","0","0","0","0","0","0","0","0","0","0","0","0","0","0"
"*06hio*","Yovanny Rodriguez","NYM","C","8101","FA","19","0","0","3%","0%","0","0","0","0","0","0","0","0","0","0","0","0","0","0","0"
"*06mcb*","Alirio Ferrebus","PHI","C,1B","3737","FA","20","0","0","3%","0%","0","0","0","0","0","0","0","0","0","0","0","0","0","0","0"
"*06hj6*","Teruaki Sato","(N/A)","3B","8455","FA","27","0","0","3%","0%","0","0","0","0","0","0","0","0","0","0","0","0","0","0","0"
"*072hf*","Joniel Hernandez","SD","SS","4731","FA","17","0","0","3%","0%","0","0","0","0","0","0","0","0","0","0","0","0","0","0","0"
"*05gsp*","Jud Fabian","BAL","OF","3647","FA","25","0","0","3%","0%","0","0","0","0","0","0","0","0","0","0","0","0","0","0","0"
"*05y3x*","Creed Willems","BAL","C,1B","9796","FA","23","0","0","3%","0%","0","0","0","0","0","0","0","0","0","0","0","0","0","0","0"
"*06qnu*","Jason Schiavone","HOU","C","8484","FA","23","0","0","3%","0%","0","0","0","0","0","0","0","0","0","0","0","0","0","0","0"
"*067xh*","Homer Bush Jr.","TB","OF","2239","FA","24","0","0","3%","0%","0","0","0","0","0","0","0","0","0","0","0","0","0","0","0"
"*06qhb*","Harold Rivas","BOS","OF","7920","FA","18","0","0","3%","0%","0","0","0","0","0","0","0","0","0","0","0","0","0","0","0"
"*06qsc*","Juan Cabada","CHC","2B","2256","FA","18","0","0","3%","0%","0","0","0","0","0","0","0","0","0","0","0","0","0","0","0"
"*06rib*","Elorky Rodriguez","TEX","OF","8028","FA","18","0","0","3%","0%","0","0","0","0","0","0","0","0","0","0","0","0","0","0","0"
"*06ykk*","Kaeden Kent","NYY","SS","5280","FA","22","0","0","3%","0%","0","0","0","0","0","0","0","0","0","0","0","0","0","0","0"
"*06jd5*","Richard Matic","NYY","3B","6107","FA","19","0","0","3%","0%","0","0","0","0","0","0","0","0","0","0","0","0","0","0","0"
"*06me6*","Jose Anderson","MIL","OF","1412","FA","19","0","0","3%","0%","0","0","0","0","0","0","0","0","0","0","0","0","0","0","0"
"*041qh*","Jose Miranda","(N/A)","3B","6475","FA","28","0","0","3%","0%","0","0","0","0","0","0","0","0","0","0","0","0","0","0","0"
"*072id*","Eric Booth Jr","BAL","OF","2007","FA","18","0","0","3%","0%","0","0","0","0","0","0","0","0","0","0","0","0","0","0","0"
"*06nua*","Emilien Pitre","TB","2B,SS","7524","FA","23","0","0","3%","0%","0","0","0","0","0","0","0","0","0","0","0","0","0","0","0"
"*061v7*","Echedry Vargas","MIA","3B","9445","FA","21","0","0","3%","0%","0","0","0","0","0","0","0","0","0","0","0","0","0","0","0"
"*06ibi*","Caleb Lomavita","WSH","C","5698","FA","23","0","0","3%","0%","0","0","0","0","0","0","0","0","0","0","0","0","0","0","0"
"*04ol2*","Liover Peguero","PHI","SS","7260","FA","25","0","0","3%","0%","0","0","0","0","0","0","0","0","0","0","0","0","0","0","0"
"*06ibq*","Yandel Ricardo","KC","SS","7874","FA","19","0","0","3%","0%","0","0","0","0","0","0","0","0","0","0","0","0","0","0","0"
"*06lp5*","Brendan Jones","MIA","OF","5167","FA","24","0","0","3%","0%","0","0","0","0","0","0","0","0","0","0","0","0","0","0","0"
"*05js9*","Kala'i Rosario","MIN","OF","8204","FA","24","0","0","3%","0%","0","0","0","0","0","0","0","0","0","0","0","0","0","0","0"
"*06al9*","Colby Shelton","CHW","SS","8615","FA","23","0","0","3%","0%","0","0","0","0","0","0","0","0","0","0","0","0","0","0","0"
"*0647z*","Austin Charles","KC","3B,SS","2617","FA","22","0","0","3%","0%","0","0","0","0","0","0","0","0","0","0","0","0","0","0","0"
"*04n1t*","Austin Hendrick","CIN","OF","4654","FA","25","0","0","3%","0%","0","0","0","0","0","0","0","0","0","0","0","0","0","0","0"
"*05tde*","Dominic Keegan","BAL","C","5246","FA","25","0","0","3%","0%","0","0","0","0","0","0","0","0","0","0","0","0","0","0","0"
"*06zi2*","Jackson Lovich","NYY","1B","5765","FA","22","0","0","3%","0%","0","0","0","0","0","0","0","0","0","0","0","0","0","0","0"
"*06o8p*","Cobb Hightower","BAL","SS","4825","FA","21","0","0","3%","0%","0","0","0","0","0","0","0","0","0","0","0","0","0","0","0"
"*05re4*","Nolan Schubart","CLE","1B","8506","FA","22","0","0","3%","0%","0","0","0","0","0","0","0","0","0","0","0","0","0","0","0"
"*0612z*","Trey Lipscomb","WSH","1B,3B,SS","5654","FA","26","0","0","3%","0%","0","0","0","0","0","0","0","0","0","0","0","0","0","0","0"
"*06qrv*","Owen Carey","ATL","OF","2404","FA","20","0","0","3%","0%","0","0","0","0","0","0","0","0","0","0","0","0","0","0","0"
"*01ubo*","Kris Bryant","COL","UT","2188","FA","34","0","0","3%","0%","0","0","0","0","0","0","0","0","0","0","0","0","0","0","0"
"*062k7*","Griff O'Ferrall","BAL","2B,SS","6923","FA","23","0","0","3%","0%","0","0","0","0","0","0","0","0","0","0","0","0","0","0","0"
"*06af4*","Carson Roccaforte","KC","OF","7989","FA","24","0","0","3%","0%","0","0","0","0","0","0","0","0","0","0","0","0","0","0","0"
"*05r96*","Victor Acosta","CIN","2B,SS","1217","FA","22","0","0","3%","0%","0","0","0","0","0","0","0","0","0","0","0","0","0","0","0"
"*056j0*","Jose Salas","MIN","1B,2B","8303","FA","23","0","0","3%","0%","0","0","0","0","0","0","0","0","0","0","0","0","0","0","0"
"*04n8x*","Jordan Groshans","ATL","3B","4393","FA","26","0","0","3%","0%","0","0","0","0","0","0","0","0","0","0","0","0","0","0","0"
"*06rud*","Kyle Lodise","CHW","SS","5684","FA","22","0","0","3%","0%","0","0","0","0","0","0","0","0","0","0","0","0","0","0","0"
"*060ih*","Ivan Melendez","(N/A)","1B","6308","FA","26","0","0","3%","0%","0","0","0","0","0","0","0","0","0","0","0","0","0","0","0"
"*06awf*","Luis Merejo","CLE","1B,OF","6377","FA","20","0","0","3%","0%","0","0","0","0","0","0","0","0","0","0","0","0","0","0","0"
"*05unp*","Leo Balcazar","CIN","2B,SS","1645","FA","22","0","0","3%","0%","0","0","0","0","0","0","0","0","0","0","0","0","0","0","0"
"*066eq*","Mitch Jebb","PIT","2B,OF","5071","FA","24","0","0","3%","0%","0","0","0","0","0","0","0","0","0","0","0","0","0","0","0"
"*0312v*","Mike Tauchman","NYM","OF","9068","FA","35","0","0","3%","0%","0","0","0","0","0","0","0","0","0","0","0","0","0","0","0"
"*066o8*","Jeremy Rodriguez","NYM","2B,3B,SS","8043","FA","20","0","0","3%","0%","0","0","0","0","0","0","0","0","0","0","0","0","0","0","0"
"*06qhf*","Wilfri De La Cruz","BAL","SS","3145","FA","18","0","0","3%","0%","0","0","0","0","0","0","0","0","0","0","0","0","0","0","0"
"*05xso*","Bryan Acuna","MIN","3B,SS","1219","FA","20","0","0","3%","0%","0","0","0","0","0","0","0","0","0","0","0","0","0","0","0"
"*05u9r*","Derek Curiel","PIT","OF","3003","FA","21","0","0","3%","0%","0","0","0","0","0","0","0","0","0","0","0","0","0","0","0"
"*06mea*","Rintaro Sasaki","MIA","1B","8451","FA","21","0","0","3%","0%","0","0","0","0","0","0","0","0","0","0","0","0","0","0","0"
"*06bfv*","Adrian Santana","TB","SS","8406","FA","21","0","0","3%","0%","0","0","0","0","0","0","0","0","0","0","0","0","0","0","0"
"*0599w*","Ed Howard","CHC","SS","4933","FA","24","0","0","3%","0%","0","0","0","0","0","0","0","0","0","0","0","0","0","0","0"
"*06300*","Brooks Brannon","BOS","C","2069","FA","22","0","0","3%","0%","0","0","0","0","0","0","0","0","0","0","0","0","0","0","0"
"*05y4t*","Jace Avina","NYY","OF","1597","FA","23","0","0","3%","0%","0","0","0","0","0","0","0","0","0","0","0","0","0","0","0"
"*06i06*","Victor Hurtado","WSH","OF","4985","FA","19","0","0","3%","0%","0","0","0","0","0","0","0","0","0","0","0","0","0","0","0"
"*05yim*","Jhonny Severino","PIT","2B,3B","8584","FA","21","0","0","3%","0%","0","0","0","0","0","0","0","0","0","0","0","0","0","0","0"
"*06cmg*","Cam Maldonado","SF","OF","5889","FA","22","0","0","3%","0%","0","0","0","0","0","0","0","0","0","0","0","0","0","0","0"
"*05rb5*","Christian Franklin","WSH","OF","3893","FA","26","0","0","3%","0%","0","0","0","0","0","0","0","0","0","0","0","0","0","0","0"
"*06cqm*","Myles Naylor","ATH","3B","6788","FA","21","0","0","3%","0%","0","0","0","0","0","0","0","0","0","0","0","0","0","0","0"
"*060fy*","Luis Baez","(N/A)","OF","1621","FA","22","0","0","3%","0%","0","0","0","0","0","0","0","0","0","0","0","0","0","0","0"
"*066mp*","Arnaldo Lantigua","CIN","OF","5472","FA","20","0","0","2%","0%","0","0","0","0","0","0","0","0","0","0","0","0","0","0","0"
"*06icz*","Carter Johnson","MIA","2B,SS","5138","FA","20","0","0","2%","0%","0","0","0","0","0","0","0","0","0","0","0","0","0","0","0"
"*05y7h*","Samuel Munoz","LAD","OF","6720","FA","21","0","0","2%","0%","0","0","0","0","0","0","0","0","0","0","0","0","0","0","0"
"*06dq5*","Braylin Morel","(N/A)","OF","6618","FA","20","0","0","2%","0%","0","0","0","0","0","0","0","0","0","0","0","0","0","0","0"
"*06zfm*","Eli Pitts","CIN","OF","7527","FA","19","0","0","2%","0%","0","0","0","0","0","0","0","0","0","0","0","0","0","0","0"
"*061z7*","Keiner Delgado","PIT","2B,3B","3259","FA","22","0","0","2%","0%","0","0","0","0","0","0","0","0","0","0","0","0","0","0","0"
"*06kx4*","A.J. Gracia","ATL","OF","4329","FA","21","0","0","2%","0%","0","0","0","0","0","0","0","0","0","0","0","0","0","0","0"
"*05y9c*","Dean Moss","TB","OF","6681","FA","20","0","0","2%","0%","0","0","0","0","0","0","0","0","0","0","0","0","0","0","0"
"*0638j*","Enmanuel Tejeda","NYY","2B","9117","FA","21","0","0","2%","0%","0","0","0","0","0","0","0","0","0","0","0","0","0","0","0"
"*072ho*","Gregory Pio","SEA","OF","7516","FA","17","0","0","2%","0%","0","0","0","0","0","0","0","0","0","0","0","0","0","0","0"
"*05y7w*","Gavin Turley","ATH","OF","9332","FA","22","0","0","2%","0%","0","0","0","0","0","0","0","0","0","0","0","0","0","0","0"
"*05toy*","Aaron Zavala","TEX","OF","9989","FA","26","0","0","2%","0%","0","0","0","0","0","0","0","0","0","0","0","0","0","0","0"
"*06mmt*","Jirvin Morillo","CIN","C","6647","FA","19","0","0","2%","0%","0","0","0","0","0","0","0","0","0","0","0","0","0","0","0"
"*06r1g*","Alejandro Blasco","CLE","OF","1954","FA","19","0","0","2%","0%","0","0","0","0","0","0","0","0","0","0","0","0","0","0","0"
"*06nu9*","Tyler Bell","COL","SS","1813","FA","21","0","0","2%","0%","0","0","0","0","0","0","0","0","0","0","0","0","0","0","0"
"*06hyp*","Adriel Radney","ARI","OF","7680","FA","19","0","0","2%","0%","0","0","0","0","0","0","0","0","0","0","0","0","0","0","0"
"*04eer*","Drew Waters","KC","OF","9669","FA","27","0","0","2%","0%","0","0","0","0","0","0","0","0","0","0","0","0","0","0","0"
"*064og*","Franyerber Montilla","DET","2B,SS","6567","FA","21","0","0","2%","0%","0","0","0","0","0","0","0","0","0","0","0","0","0","0","0"
"*06dqr*","Ethan Anderson","BAL","C,1B","1410","FA","22","0","0","2%","0%","0","0","0","0","0","0","0","0","0","0","0","0","0","0","0"
"*072hp*","Wilton Guerrero Jr","PIT","SS","4417","FA","17","0","0","2%","0%","0","0","0","0","0","0","0","0","0","0","0","0","0","0","0"
"*06ynn*","Trevor Cohen","SF","OF","2736","FA","22","0","0","2%","0%","0","0","0","0","0","0","0","0","0","0","0","0","0","0","0"
"*04ybm*","Warming Bernabel","(N/A)","1B","1872","FA","24","0","0","2%","0%","0","0","0","0","0","0","0","0","0","0","0","0","0","0","0"
"*05yig*","Johanfran Garcia","BOS","C","4045","FA","21","0","0","2%","0%","0","0","0","0","0","0","0","0","0","0","0","0","0","0","0"
"*041z2*","Jack Suwinski","LAD","OF","9009","FA","27","0","0","2%","0%","0","0","0","0","0","0","0","0","0","0","0","0","0","0","0"
"*04yi5*","Eddys Leonard","SF","2B,3B,OF","5586","FA","25","0","0","2%","0%","0","0","0","0","0","0","0","0","0","0","0","0","0","0","0"
"*06bsh*","Javier Mogollon","CHW","2B","6499","FA","20","0","0","2%","0%","0","0","0","0","0","0","0","0","0","0","0","0","0","0","0"
"*04w4e*","Johan Rojas","PHI","OF","8124","FA","25","0","0","2%","0%","0","0","0","0","0","0","0","0","0","0","0","0","0","0","0"
"*05ui6*","Victor Arias","TOR","OF","1517","FA","22","0","0","2%","0%","0","0","0","0","0","0","0","0","0","0","0","0","0","0","0"
"*060jp*","Eric Brown","MIL","2B","2160","FA","25","0","0","2%","0%","0","0","0","0","0","0","0","0","0","0","0","0","0","0","0"
"*066da*","Tim Elko","CHW","1B","3532","FA","27","0","0","2%","0%","0","0","0","0","0","0","0","0","0","0","0","0","0","0","0"
"*05ub1*","Peyton Graham","DET","2B","4338","FA","25","0","0","2%","0%","0","0","0","0","0","0","0","0","0","0","0","0","0","0","0"
"*05ua6*","Noah Miller","LAD","SS","6452","FA","23","0","0","2%","0%","0","0","0","0","0","0","0","0","0","0","0","0","0","0","0"
"*06r7c*","Ace Reese","SEA","OF","7790","FA","21","0","0","2%","0%","0","0","0","0","0","0","0","0","0","0","0","0","0","0","0"
"*06o0l*","Fenwick Trimble","MIA","OF","9303","FA","23","0","0","2%","0%","0","0","0","0","0","0","0","0","0","0","0","0","0","0","0"
"*06ynl*","Jake Cook","TOR","OF","2818","FA","23","0","0","2%","0%","0","0","0","0","0","0","0","0","0","0","0","0","0","0","0"
"*06ms2*","Chris Hacopian","WSH","3B","4495","FA","21","0","0","2%","0%","0","0","0","0","0","0","0","0","0","0","0","0","0","0","0"
"*06fzm*","Boston Baro","NYM","3B,SS","1691","FA","21","0","0","2%","0%","0","0","0","0","0","0","0","0","0","0","0","0","0","0","0"
"*06ibw*","Angel Feliz","WSH","SS","3697","FA","19","0","0","2%","0%","0","0","0","0","0","0","0","0","0","0","0","0","0","0","0"
"*06yju*","Jack Gurevitch","STL","1B","4443","FA","22","0","0","2%","0%","0","0","0","0","0","0","0","0","0","0","0","0","0","0","0"
"*06zfp*","Ty Harvey","SD","C","4604","FA","19","0","0","2%","0%","0","0","0","0","0","0","0","0","0","0","0","0","0","0","0"
"*06eys*","Anthony Huezo","HOU","OF","4949","FA","20","0","0","2%","0%","0","0","0","0","0","0","0","0","0","0","0","0","0","0","0"
"*06ajk*","Eli Serrano","NYM","OF","8569","FA","23","0","0","2%","0%","0","0","0","0","0","0","0","0","0","0","0","0","0","0","0"
"*05m1d*","Manuel Beltre","TOR","SS","1828","FA","22","0","0","2%","0%","0","0","0","0","0","0","0","0","0","0","0","0","0","0","0"
"*056j2*","Reginald Preciado","CHC","3B","7605","FA","23","0","0","2%","0%","0","0","0","0","0","0","0","0","0","0","0","0","0","0","0"
"*072hg*","Jose Luis Acevedo","BAL","SS","1200","FA","17","0","0","2%","0%","0","0","0","0","0","0","0","0","0","0","0","0","0","0","0"
"*05ge2*","Aaron Sabato","MIN","1B","8285","FA","27","0","0","2%","0%","0","0","0","0","0","0","0","0","0","0","0","0","0","0","0"
"*05uc8*","Tucker Toman","TOR","3B","9226","FA","22","0","0","2%","0%","0","0","0","0","0","0","0","0","0","0","0","0","0","0","0"
"*072ez*","Jay McQueen","TEX","OF","6241","FA","19","0","0","2%","0%","0","0","0","0","0","0","0","0","0","0","0","0","0","0","0"
"*05rax*","Izaac Pacheco","DET","3B","7108","FA","23","0","0","2%","0%","0","0","0","0","0","0","0","0","0","0","0","0","0","0","0"
"*06c2c*","Sheng-En Lin","CIN","UT,SP","5632","FA","20","0","0","2%","0%","0","0","0","0","0","0","0","0","0","0","0","0","0","0","0"
"*05iyv*","Pedro Pineda","ATH","OF","7497","FA","22","0","0","2%","0%","0","0","0","0","0","0","0","0","0","0","0","0","0","0","0"
"*06k7s*","Easton Carmichael","PIT","C","2418","FA","22","0","0","2%","0%","0","0","0","0","0","0","0","0","0","0","0","0","0","0","0"
"*06qsd*","Mani Cedeno","NYY","SS","2558","FA","17","0","0","2%","0%","0","0","0","0","0","0","0","0","0","0","0","0","0","0","0"
"*051eo*","Blaine Crim","(N/A)","1B","2919","FA","29","0","0","2%","0%","0","0","0","0","0","0","0","0","0","0","0","0","0","0","0"
"*06z4f*","Louis Andujar","BOS","3B","1429","FA","18","0","0","2%","0%","0","0","0","0","0","0","0","0","0","0","0","0","0","0","0"
"*06487*","Nate Furman","SF","2B","3954","FA","25","0","0","2%","0%","0","0","0","0","0","0","0","0","0","0","0","0","0","0","0"
"*06ek5*","Andrew Pinckney","WSH","OF","7486","FA","25","0","0","2%","0%","0","0","0","0","0","0","0","0","0","0","0","0","0","0","0"
"*05tzm*","Nathan Hickey","BOS","1B","4807","FA","26","0","0","2%","0%","0","0","0","0","0","0","0","0","0","0","0","0","0","0","0"
"*06rfp*","Juan Tomas","CHC","SS","9227","FA","18","0","0","2%","0%","0","0","0","0","0","0","0","0","0","0","0","0","0","0","0"
"*06ibp*","Francisco Vilorio","NYY","OF","9570","FA","19","0","0","2%","0%","0","0","0","0","0","0","0","0","0","0","0","0","0","0","0"
"*06200*","John Cruz","MIA","OF","2957","FA","20","0","0","2%","0%","0","0","0","0","0","0","0","0","0","0","0","0","0","0","0"
"*06qse*","Ayden Johnson","ATH","3B","5132","FA","18","0","0","2%","0%","0","0","0","0","0","0","0","0","0","0","0","0","0","0","0"
"*05u30*","Jared Jones","PIT","1B","5175","FA","22","0","0","2%","0%","0","0","0","0","0","0","0","0","0","0","0","0","0","0","0"
"*060uf*","John Peck","DET","3B,SS","7245","FA","24","0","0","2%","0%","0","0","0","0","0","0","0","0","0","0","0","0","0","0","0"
"*06249*","Marco Vargas","NYM","2B,SS","9455","FA","21","0","0","2%","0%","0","0","0","0","0","0","0","0","0","0","0","0","0","0","0"
"*04ni5*","Osleivis Basabe","SF","2B,3B,SS","1727","FA","25","0","0","2%","0%","0","0","0","0","0","0","0","0","0","0","0","0","0","0","0"
"*072ie*","Trevor Condon","STL","OF","2787","FA","18","0","0","2%","0%","0","0","0","0","0","0","0","0","0","0","0","0","0","0","0"
"*05ylo*","Justice Bigbie","DET","OF","1913","FA","27","0","0","2%","0%","0","0","0","0","0","0","0","0","0","0","0","0","0","0","0"
"*06hyr*","Daiber De Los Santos","MIN","SS","3183","FA","19","0","0","2%","0%","0","0","0","0","0","0","0","0","0","0","0","0","0","0","0"
"*072hh*","Jose Manon","ATL","SS","5910","FA","17","0","0","2%","0%","0","0","0","0","0","0","0","0","0","0","0","0","0","0","0"
"*0511w*","Aaron Schunk","ATL","SS","8513","FA","29","0","0","2%","0%","0","0","0","0","0","0","0","0","0","0","0","0","0","0","0"
"*06kvt*","Jared Grindlinger","LAA","1B,OF","4387","FA","17","0","0","2%","0%","0","0","0","0","0","0","0","0","0","0","0","0","0","0","0"
"*059tv*","Roberto Campos","DET","OF","2360","FA","23","0","0","2%","0%","0","0","0","0","0","0","0","0","0","0","0","0","0","0","0"
"*06zei*","Randy Guzman","NYM","1B","4479","FA","21","0","0","2%","0%","0","0","0","0","0","0","0","0","0","0","0","0","0","0","0"
"*072h7*","Jeyson Horton","LAA","SS","4920","FA","17","0","0","2%","0%","0","0","0","0","0","0","0","0","0","0","0","0","0","0","0"
"*06ytb*","Angel De Los Santos","DET","SS","3181","FA","18","0","0","2%","0%","0","0","0","0","0","0","0","0","0","0","0","0","0","0","0"
"*05r9e*","Dyan Jorge","COL","2B,SS","5192","FA","23","0","0","2%","0%","0","0","0","0","0","0","0","0","0","0","0","0","0","0","0"
"*072f7*","Cleiner Ramirez","NYM","OF","7699","FA","17","0","0","2%","0%","0","0","0","0","0","0","0","0","0","0","0","0","0","0","0"
"*060u1*","Jack Hurley","ARI","OF","4981","FA","24","0","0","2%","0%","0","0","0","0","0","0","0","0","0","0","0","0","0","0","0"
"*068nx*","Brendan Lawson","(N/A)","3B","5523","FA","20","0","0","2%","0%","0","0","0","0","0","0","0","0","0","0","0","0","0","0","0"
"*06nud*","Gage Miller","MIA","2B,3B","6444","FA","23","0","0","2%","+1%","0","0","0","0","0","0","0","0","0","0","0","0","0","0","0"
"*06r7g*","Teilon Serrano","MIN","OF","8575","FA","18","0","0","2%","0%","0","0","0","0","0","0","0","0","0","0","0","0","0","0","0"
"*06fzi*","Jaron Elkins","LAD","OF","3531","FA","21","0","0","2%","0%","0","0","0","0","0","0","0","0","0","0","0","0","0","0","0"
"*06iao*","Juan Flores","LAA","C","3808","FA","20","0","0","2%","0%","0","0","0","0","0","0","0","0","0","0","0","0","0","0","0"
"*04csx*","Wander Franco","(N/A)","SS","3890","FA","25","0","0","2%","0%","0","0","0","0","0","0","0","0","0","0","0","0","0","0","0"
"*03lua*","Brendan Rodgers","BOS","2B","7995","FA","29","0","0","2%","0%","0","0","0","0","0","0","0","0","0","0","0","0","0","0","0"
"*06k4x*","Tanner Thach","COL","1B","9142","FA","22","0","0","2%","0%","0","0","0","0","0","0","0","0","0","0","0","0","0","0","0"
"*05gs9*","Alex Binelas","PHI","1B","1920","FA","26","0","0","2%","0%","0","0","0","0","0","0","0","0","0","0","0","0","0","0","0"
"*070bu*","CJ Hughes","MIL","SS","4955","FA","18","0","0","2%","0%","0","0","0","0","0","0","0","0","0","0","0","0","0","0","0"
"*06jh5*","Stiven Martinez","BAL","OF","6071","FA","18","0","0","2%","0%","0","0","0","0","0","0","0","0","0","0","0","0","0","0","0"
"*06r5q*","Kenny Fenelon","MIL","OF","3708","FA","18","0","0","2%","0%","0","0","0","0","0","0","0","0","0","0","0","0","0","0","0"
"*06f1g*","Jay Harry","TOR","SS,OF","4592","FA","24","0","0","2%","0%","0","0","0","0","0","0","0","0","0","0","0","0","0","0","0"
"*05u1x*","Cutter Coffey","TOR","2B,3B","2729","FA","22","0","0","2%","0%","0","0","0","0","0","0","0","0","0","0","0","0","0","0","0"
"*051fl*","Cade Marlowe","LAA","OF","5954","FA","29","0","0","2%","0%","0","0","0","0","0","0","0","0","0","0","0","0","0","0","0"
"*06jgx*","Gabriel Rodriguez","CLE","SS","8037","FA","19","0","0","2%","0%","0","0","0","0","0","0","0","0","0","0","0","0","0","0","0"
"*067xn*","Nazzan Zanetello","BOS","2B,SS","9978","FA","21","0","0","2%","0%","0","0","0","0","0","0","0","0","0","0","0","0","0","0","0"
"*06437*","Ricardo Olivar","MIN","C,OF","6975","FA","24","0","0","2%","0%","0","0","0","0","0","0","0","0","0","0","0","0","0","0","0"
"*06yxm*","Boston Smith","CHW","C","8731","FA","23","0","0","2%","+1%","0","0","0","0","0","0","0","0","0","0","0","0","0","0","0"
"*05y6f*","Ben Cowles","CHC","2B,3B,SS","2896","FA","26","0","0","2%","0%","0","0","0","0","0","0","0","0","0","0","0","0","0","0","0"
"*06mpx*","Zion Rose","KC","OF","8216","FA","21","0","0","2%","0%","0","0","0","0","0","0","0","0","0","0","0","0","0","0","0"
"*06mx1*","Kavares Tears","SD","OF","9102","FA","23","0","0","2%","0%","0","0","0","0","0","0","0","0","0","0","0","0","0","0","0"
"*0662n*","Derniche Valdez","CHC","OF","9394","FA","20","0","0","2%","0%","0","0","0","0","0","0","0","0","0","0","0","0","0","0","0"
"*05gsf*","Aeverson Arteaga","SF","SS","1554","FA","23","0","0","2%","0%","0","0","0","0","0","0","0","0","0","0","0","0","0","0","0"
"*01cgt*","Wilmer Flores","(N/A)","UT","3819","FA","34","0","0","2%","0%","0","0","0","0","0","0","0","0","0","0","0","0","0","0","0"
"*0510z*","Korey Lee","CHW","C","5561","FA","28","0","0","2%","0%","0","0","0","0","0","0","0","0","0","0","0","0","0","0","0"
"*042af*","Enmanuel Valdez","PIT","1B","9395","FA","27","0","0","2%","0%","0","0","0","0","0","0","0","0","0","0","0","0","0","0","0"
"*06r3g*","Josue Brito","BOS","1B","2124","FA","19","0","0","2%","0%","0","0","0","0","0","0","0","0","0","0","0","0","0","0","0"
"*06ekm*","Devin Saltiban","PHI","2B,OF","8326","FA","21","0","0","2%","0%","0","0","0","0","0","0","0","0","0","0","0","0","0","0","0"
"*06hip*","Eduardo Herrera","CHW","1B","4774","FA","19","0","0","2%","0%","0","0","0","0","0","0","0","0","0","0","0","0","0","0","0"
"*050w8*","Keoni Cavaco","(N/A)","SS","2542","FA","25","0","0","2%","0%","0","0","0","0","0","0","0","0","0","0","0","0","0","0","0"
"*062yt*","Travis Honeyman","STL","OF","4903","FA","24","0","0","2%","0%","0","0","0","0","0","0","0","0","0","0","0","0","0","0","0"
"*06yn2*","Cody Miller","ATL","SS","6441","FA","22","0","0","2%","0%","0","0","0","0","0","0","0","0","0","0","0","0","0","0","0"
"*06pkg*","Sawyer Strosnider","MIL","OF","8948","FA","21","0","0","2%","0%","0","0","0","0","0","0","0","0","0","0","0","0","0","0","0"
"*04esz*","Chas McCormick","CHC","OF","6164","FA","31","0","0","2%","0%","0","0","0","0","0","0","0","0","0","0","0","0","0","0","0"
"*062ys*","Carlos Sanchez","CIN","3B,SS","8345","FA","21","0","0","2%","0%","0","0","0","0","0","0","0","0","0","0","0","0","0","0","0"
"*05ya3*","Brock Jones","TB","OF","5168","FA","25","0","0","2%","0%","0","0","0","0","0","0","0","0","0","0","0","0","0","0","0"
"*06ie9*","Jordan Sanchez","BAL","OF","8364","FA","20","0","0","2%","0%","0","0","0","0","0","0","0","0","0","0","0","0","0","0","0"
"*041se*","Abraham Toro","KC","1B","9241","FA","29","0","0","2%","0%","0","0","0","0","0","0","0","0","0","0","0","0","0","0","0"
"*05r6f*","Rayne Doncon","MIN","3B","3387","FA","22","0","0","2%","0%","0","0","0","0","0","0","0","0","0","0","0","0","0","0","0"
"*041mc*","Dylan Carlson","(N/A)","OF","2412","FA","27","0","0","2%","0%","4","1","0","0","0","0","0","0","0","2","0","0","0","0","3"
"*063dn*","Byron Chourio","MIN","OF","2663","FA","21","0","0","2%","0%","0","0","0","0","0","0","0","0","0","0","0","0","0","0","0"
"*06jgz*","Elvin Garcia","BAL","3B,SS","4036","FA","19","0","0","2%","0%","0","0","0","0","0","0","0","0","0","0","0","0","0","0","0"
"*06aq4*","Andres Valor","MIA","OF","9424","FA","20","0","0","2%","0%","0","0","0","0","0","0","0","0","0","0","0","0","0","0","0"
"*06rno*","Liberts Aponte","CIN","SS","1454","FA","18","0","0","2%","0%","0","0","0","0","0","0","0","0","0","0","0","0","0","0","0"
"*06qpp*","JoJo Jackson","NYY","OF","5032","FA","23","0","0","2%","0%","0","0","0","0","0","0","0","0","0","0","0","0","0","0","0"
"*072fl*","Jaider Suarez","KC","SS","8968","FA","17","0","0","2%","0%","0","0","0","0","0","0","0","0","0","0","0","0","0","0","0"
"*06er6*","Jacob Cozart","CLE","C","2900","FA","23","0","0","2%","0%","0","0","0","0","0","0","0","0","0","0","0","0","0","0","0"
"*072oa*","Juan Parra","PHI","SS","7190","FA","17","0","0","2%","+1%","0","0","0","0","0","0","0","0","0","0","0","0","0","0","0"
"*051e0*","Will Simpson","TB","1B","8696","FA","24","0","0","2%","0%","0","0","0","0","0","0","0","0","0","0","0","0","0","0","0"
"*03aay*","Thairo Estrada","(N/A)","2B","3626","FA","30","0","0","2%","0%","0","0","0","0","0","0","0","0","0","0","0","0","0","0","0"
"*05jqp*","Niko Kavadas","LAA","1B","5240","FA","27","0","0","2%","0%","0","0","0","0","0","0","0","0","0","0","0","0","0","0","0"
"*0657b*","Danny Serretti","ARI","3B","8576","FA","26","0","0","2%","0%","0","0","0","0","0","0","0","0","0","0","0","0","0","0","0"
"*06ciz*","Yassel Soler","ARI","3B","8793","FA","20","0","0","2%","0%","0","0","0","0","0","0","0","0","0","0","0","0","0","0","0"
"*06ek8*","Dameury Pena","MIN","2B","7274","FA","20","0","0","2%","0%","0","0","0","0","0","0","0","0","0","0","0","0","0","0","0"
"*06yq5*","Dixon Williams","ATL","2B","9804","FA","22","0","0","2%","0%","0","0","0","0","0","0","0","0","0","0","0","0","0","0","0"
"*072oz*","Randy Santana","DET","OF","8417","FA","17","0","0","2%","0%","0","0","0","0","0","0","0","0","0","0","0","0","0","0","0"
"*06zag*","Kade Snell","CHC","OF","8773","FA","23","0","0","2%","0%","0","0","0","0","0","0","0","0","0","0","0","0","0","0","0"
"*0648v*","Nathan Martorella","(N/A)","1B","6081","FA","25","0","0","2%","0%","0","0","0","0","0","0","0","0","0","0","0","0","0","0","0"
"*05ucg*","Jonathan Mejia","STL","2B,SS","6289","FA","21","0","0","2%","0%","0","0","0","0","0","0","0","0","0","0","0","0","0","0","0"
"*05ojj*","Matt Mervis","(N/A)","1B","6384","FA","28","0","0","2%","0%","0","0","0","0","0","0","0","0","0","0","0","0","0","0","0"
"*06653*","Rhylan Thomas","TOR","OF","9157","FA","26","0","0","2%","0%","0","0","0","0","0","0","0","0","0","0","0","0","0","0","0"
"*06428*","Alexander Albertus","CHW","3B","1273","FA","21","0","0","2%","0%","0","0","0","0","0","0","0","0","0","0","0","0","0","0","0"
"*05jqw*","Tyler Gentry","DET","OF","4116","FA","27","0","0","2%","0%","0","0","0","0","0","0","0","0","0","0","0","0","0","0","0"
"*06gid*","Sam Shaw","TOR","2B","8608","FA","21","0","0","2%","0%","0","0","0","0","0","0","0","0","0","0","0","0","0","0","0"
"*05ycp*","Freili Encarnacion","BOS","1B,3B","3557","FA","21","0","0","2%","0%","0","0","0","0","0","0","0","0","0","0","0","0","0","0","0"
"*04dws*","Ernesto Martinez, Jr.","NYY","1B","6082","FA","27","0","0","2%","0%","0","0","0","0","0","0","0","0","0","0","0","0","0","0","0"
"*06r9c*","Cristopher Polanco","TOR","SS","7549","FA","18","0","0","2%","0%","0","0","0","0","0","0","0","0","0","0","0","0","0","0","0"
"*06o0f*","Eddie Rynders","PIT","3B","8279","FA","20","0","0","2%","0%","0","0","0","0","0","0","0","0","0","0","0","0","0","0","0"
"*06r9a*","Warren Calcano","KC","SS","2305","FA","18","0","0","2%","0%","0","0","0","0","0","0","0","0","0","0","0","0","0","0","0"
"*06kjx*","Do Yeong Kim","(N/A)","3B","5301","FA","22","0","0","2%","0%","0","0","0","0","0","0","0","0","0","0","0","0","0","0","0"
"*06ql2*","Jadyn Fielder","HOU","OF","3746","FA","21","0","0","1%","0%","0","0","0","0","0","0","0","0","0","0","0","0","0","0","0"
"*066ms*","Angel Cepeda","CHC","3B,SS","2570","FA","20","0","0","1%","0%","0","0","0","0","0","0","0","0","0","0","0","0","0","0","0"
"*05t9j*","Wes Kath","CHW","1B","5236","FA","23","0","0","1%","0%","0","0","0","0","0","0","0","0","0","0","0","0","0","0","0"
"*05rb7*","Yeison Morrobel","TEX","OF","6666","FA","22","0","0","1%","0%","0","0","0","0","0","0","0","0","0","0","0","0","0","0","0"
"*06yuz*","Dylan Seward","(N/A)","SS","8591","FA","17","0","0","1%","0%","0","0","0","0","0","0","0","0","0","0","0","0","0","0","0"
"*06qzf*","Luis Fragoza","MIN","OF","3866","FA","19","0","0","1%","0%","0","0","0","0","0","0","0","0","0","0","0","0","0","0","0"
"*06biu*","Jose Mejia","ARI","3B","6290","FA","20","0","0","1%","0%","0","0","0","0","0","0","0","0","0","0","0","0","0","0","0"
"*064nj*","Nico Perez","LAD","2B","7389","FA","21","0","0","1%","0%","0","0","0","0","0","0","0","0","0","0","0","0","0","0","0"
"*06pk8*","Callan Moss","PIT","1B","6679","FA","22","0","0","1%","0%","0","0","0","0","0","0","0","0","0","0","0","0","0","0","0"
"*05m4a*","Cristian Santana","DET","1B","8408","FA","22","0","0","1%","0%","0","0","0","0","0","0","0","0","0","0","0","0","0","0","0"
"*06zgw*","Jack Wheeler","TEX","3B","9745","FA","20","0","0","1%","0%","0","0","0","0","0","0","0","0","0","0","0","0","0","0","0"
"*04lcq*","Ji-Hwan Bae","NYM","OF","1613","FA","27","0","0","1%","0%","0","0","0","0","0","0","0","0","0","0","0","0","0","0","0"
"*06rqj*","Hyun Seung Lee","PIT","3B","5558","FA","18","0","0","1%","0%","0","0","0","0","0","0","0","0","0","0","0","0","0","0","0"
"*050k4*","Arol Vera","LAA","2B,3B,SS","9523","FA","23","0","0","1%","0%","0","0","0","0","0","0","0","0","0","0","0","0","0","0","0"
"*0527e*","Ismael Mena","(N/A)","OF","6316","FA","23","0","0","1%","0%","0","0","0","0","0","0","0","0","0","0","0","0","0","0","0"
"*072jh*","Samil Serrano","WSH","OF","8574","FA","17","0","0","1%","0%","0","0","0","0","0","0","0","0","0","0","0","0","0","0","0"
"*062d1*","Ty Southisene","CHC","2B","8833","FA","21","0","0","1%","0%","0","0","0","0","0","0","0","0","0","0","0","0","0","0","0"
"*05uwb*","Reed Trimble","BAL","OF","9305","FA","26","0","0","1%","0%","0","0","0","0","0","0","0","0","0","0","0","0","0","0","0"
"*0622n*","Max Wagner","TEX","2B,3B","9609","FA","24","0","0","1%","0%","0","0","0","0","0","0","0","0","0","0","0","0","0","0","0"
"*05110*","Yiddi Cappe","(N/A)","2B","2384","FA","23","0","0","1%","0%","0","0","0","0","0","0","0","0","0","0","0","0","0","0","0"
"*04b08*","Nick Pratto","SD","1B","7603","FA","27","0","0","1%","0%","0","0","0","0","0","0","0","0","0","0","0","0","0","0","0"
"*06o0h*","Luis Escudero","NYY","2B","3587","FA","20","0","0","1%","0%","0","0","0","0","0","0","0","0","0","0","0","0","0","0","0"
"*06bkz*","Carlos Gutierrez","SF","OF","4453","FA","21","0","0","1%","0%","0","0","0","0","0","0","0","0","0","0","0","0","0","0","0"
"*06gjt*","Nelly Taylor","BOS","OF","9098","FA","23","0","0","1%","0%","0","0","0","0","0","0","0","0","0","0","0","0","0","0","0"
"*064nx*","Dylan O'Rae","MIL","2B,OF","6932","FA","22","0","0","1%","0%","0","0","0","0","0","0","0","0","0","0","0","0","0","0","0"
"*06jh6*","Ichiro Cano","CIN","1B,3B","2375","FA","21","0","0","1%","0%","0","0","0","0","0","0","0","0","0","0","0","0","0","0","0"
"*06qgs*","Ivan Brethowr","PIT","OF","2096","FA","23","0","0","1%","0%","0","0","0","0","0","0","0","0","0","0","0","0","0","0","0"
"*06658*","Ben Ross","MIN","3B,SS,OF","8221","FA","25","0","0","1%","0%","0","0","0","0","0","0","0","0","0","0","0","0","0","0","0"
"*04pqb*","Michael Siani","BAL","OF","8644","FA","27","0","0","1%","0%","1","0","0","0","0","0","0","0","0","0","0","0","0","0","1"
"*05u6l*","Luis Almeyda","BAL","3B,SS","1342","FA","20","0","0","1%","0%","0","0","0","0","0","0","0","0","0","0","0","0","0","0","0"
"*05gyh*","Wilman Diaz","(N/A)","2B","3329","FA","22","0","0","1%","0%","0","0","0","0","0","0","0","0","0","0","0","0","0","0","0"
"*06fut*","Matthew Etzel","MIA","OF","3631","FA","24","0","0","1%","0%","0","0","0","0","0","0","0","0","0","0","0","0","0","0","0"
"*03d7g*","Alex Verdugo","(N/A)","OF","9528","FA","30","0","0","1%","0%","0","0","0","0","0","0","0","0","0","0","0","0","0","0","0"
"*062e7*","Keaton Anthony","PHI","1B","1441","FA","25","0","0","1%","0%","0","0","0","0","0","0","0","0","0","0","0","0","0","0","0"
"*06lz2*","Daniel Dickinson","MIL","2B","3341","FA","22","0","0","1%","0%","0","0","0","0","0","0","0","0","0","0","0","0","0","0","0"
"*0526a*","Alex Ramirez","CHC","OF","7695","FA","23","0","0","1%","0%","0","0","0","0","0","0","0","0","0","0","0","0","0","0","0"
"*06v3y*","Jose Verdugo","SD","SS","9529","FA","18","0","0","1%","0%","0","0","0","0","0","0","0","0","0","0","0","0","0","0","0"
"*06rom*","Max Williams","MIA","OF","9812","FA","21","0","0","1%","0%","0","0","0","0","0","0","0","0","0","0","0","0","0","0","0"
"*04q4k*","Garrett Martin","NYY","OF","5995","FA","26","0","0","1%","0%","0","0","0","0","0","0","0","0","0","0","0","0","0","0","0"
"*06r7n*","Deivid Coronil","SD","3B","2858","FA","18","0","0","1%","0%","0","0","0","0","0","0","0","0","0","0","0","0","0","0","0"
"*06o02*","Khadim Diaw","MIN","C","3290","FA","22","0","0","1%","0%","0","0","0","0","0","0","0","0","0","0","0","0","0","0","0"
"*06tvm*","Landon Hairston","(N/A)","OF","4506","FA","20","0","0","1%","0%","0","0","0","0","0","0","0","0","0","0","0","0","0","0","0"
"*06485*","David McCabe","ATL","1B,3B","6146","FA","26","0","0","1%","0%","0","0","0","0","0","0","0","0","0","0","0","0","0","0","0"
"*06rsi*","Striker Pence","(N/A)","3B","7300","FA","17","0","0","1%","0%","0","0","0","0","0","0","0","0","0","0","0","0","0","0","0"
"*061yp*","Allan Castro","BOS","OF","2519","FA","23","0","0","1%","0%","0","0","0","0","0","0","0","0","0","0","0","0","0","0","0"
"*072oy*","Ronny Munoz","MIA","SS","6752","FA","17","0","0","1%","0%","0","0","0","0","0","0","0","0","0","0","0","0","0","0","0"
"*066j1*","Trey Snyder","NYM","2B,3B","8781","FA","20","0","0","1%","0%","0","0","0","0","0","0","0","0","0","0","0","0","0","0","0"
"*06ibr*","Ashly Andujar","COL","SS","1428","FA","18","0","0","1%","0%","0","0","0","0","0","0","0","0","0","0","0","0","0","0","0"
"*06dvu*","Lisbel Diaz","SF","OF","3318","FA","21","0","0","1%","0%","0","0","0","0","0","0","0","0","0","0","0","0","0","0","0"
"*061zu*","Thomas Sosa","BAL","OF","8816","FA","21","0","0","1%","0%","0","0","0","0","0","0","0","0","0","0","0","0","0","0","0"
"*061yx*","Wuilfredo Antunez","PHI","OF","1450","FA","24","0","0","1%","0%","0","0","0","0","0","0","0","0","0","0","0","0","0","0","0"
"*05gx3*","Jace Bohrofen","TOR","OF","1973","FA","24","0","0","1%","0%","0","0","0","0","0","0","0","0","0","0","0","0","0","0","0"
"*05y6v*","BJ Murray Jr.","CHC","1B,3B","6741","FA","26","0","0","1%","0%","0","0","0","0","0","0","0","0","0","0","0","0","0","0","0"
"*06fto*","Nehomar Ochoa","HOU","OF","6947","FA","20","0","0","1%","0%","0","0","0","0","0","0","0","0","0","0","0","0","0","0","0"
"*072pb*","Ariel Roque","BAL","OF","8176","FA","17","0","0","1%","0%","0","0","0","0","0","0","0","0","0","0","0","0","0","0","0"
"*05yiu*","Antonio Anderson","BOS","1B,3B","1404","FA","21","0","0","1%","0%","0","0","0","0","0","0","0","0","0","0","0","0","0","0","0"
"*06dpu*","Gustavo Campero","LAA","OF","2352","FA","28","0","0","1%","0%","0","0","0","0","0","0","0","0","0","0","0","0","0","0","0"
"*06yje*","Ethan Hedges","COL","3B","4638","FA","22","0","0","1%","0%","0","0","0","0","0","0","0","0","0","0","0","0","0","0","0"
"*06qhd*","Darwing Ozuna","ATH","OF","7096","FA","18","0","0","1%","0%","0","0","0","0","0","0","0","0","0","0","0","0","0","0","0"
"*05xu7*","Jordan Sprinkle","CHW","2B,3B,OF","8856","FA","25","0","0","1%","0%","0","0","0","0","0","0","0","0","0","0","0","0","0","0","0"
"*06ag6*","Rodney Green","ATH","OF","4371","FA","23","0","0","1%","0%","0","0","0","0","0","0","0","0","0","0","0","0","0","0","0"
"*06k7q*","Cole Messina","COL","C","6389","FA","23","0","0","1%","0%","0","0","0","0","0","0","0","0","0","0","0","0","0","0","0"
"*06hon*","Wilson Rodriguez","NYY","OF","8092","FA","21","0","0","1%","0%","0","0","0","0","0","0","0","0","0","0","0","0","0","0","0"
"*068y1*","Ronny Hernandez","BOS","C","4759","FA","21","0","0","1%","0%","0","0","0","0","0","0","0","0","0","0","0","0","0","0","0"
"*01sfi*","DJ LeMahieu","NYY","2B","5530","FA","38","0","0","1%","0%","0","0","0","0","0","0","0","0","0","0","0","0","0","0","0"
"*05j6w*","Adrian Pinto","TOR","2B","7505","FA","23","0","0","1%","0%","0","0","0","0","0","0","0","0","0","0","0","0","0","0","0"
"*06rgo*","Brayan Cortesia","WSH","SS","2868","FA","18","0","0","1%","0%","0","0","0","0","0","0","0","0","0","0","0","0","0","0","0"
"*05gds*","Cade Doughty","TOR","2B,3B,SS","3408","FA","25","0","0","1%","0%","0","0","0","0","0","0","0","0","0","0","0","0","0","0","0"
"*062e4*","Carter Graham","CIN","1B,3B","4335","FA","24","0","0","1%","0%","0","0","0","0","0","0","0","0","0","0","0","0","0","0","0"
"*050k3*","Erick Pena","(N/A)","OF","7280","FA","23","0","0","1%","0%","0","0","0","0","0","0","0","0","0","0","0","0","0","0","0"
"*06c3f*","Alessander De La Cruz","COL","OF","3120","FA","20","0","0","1%","0%","0","0","0","0","0","0","0","0","0","0","0","0","0","0","0"
"*066mg*","Enrique Jimenez","MIN","C,1B","5109","FA","20","0","0","1%","0%","0","0","0","0","0","0","0","0","0","0","0","0","0","0","0"
"*05aku*","Luis Suisbel","SEA","3B","8985","FA","23","0","0","1%","0%","0","0","0","0","0","0","0","0","0","0","0","0","0","0","0"
"*0633e*","Derek Bernard","COL","OF","1875","FA","20","0","0","1%","0%","0","0","0","0","0","0","0","0","0","0","0","0","0","0","0"
"*05uxv*","Anderson De Los Santos","BAL","1B,3B","3180","FA","22","0","0","1%","0%","0","0","0","0","0","0","0","0","0","0","0","0","0","0","0"
"*06ric*","Ramcell Medina","KC","SS","6270","FA","18","0","0","1%","0%","0","0","0","0","0","0","0","0","0","0","0","0","0","0","0"
"*066k3*","Javier Vaz","KC","2B,OF","9482","FA","25","0","0","1%","0%","0","0","0","0","0","0","0","0","0","0","0","0","0","0","0"
"*06mvf*","Nick Dumesnil","DET","OF","3452","FA","22","0","0","1%","0%","0","0","0","0","0","0","0","0","0","0","0","0","0","0","0"
"*05y31*","Paxton Kling","TEX","OF","5343","FA","23","0","0","1%","0%","0","0","0","0","0","0","0","0","0","0","0","0","0","0","0"
"*06q32*","Tytus Cissell","ARI","SS","2686","FA","20","0","0","1%","0%","0","0","0","0","0","0","0","0","0","0","0","0","0","0","0"
"*05t25*","Ronny Simon","PIT","2B,OF","8691","FA","26","0","0","1%","0%","0","0","0","0","0","0","0","0","0","0","0","0","0","0","0"
"*041qi*","Akil Baddoo","MIL","OF","1612","FA","27","0","0","1%","0%","0","0","0","0","0","0","0","0","0","0","0","0","0","0","0"
"*06ice*","Edward Lantigua","NYM","OF","5473","FA","19","0","0","1%","0%","0","0","0","0","0","0","0","0","0","0","0","0","0","0","0"
"*03qkh*","Paul DeJong","(N/A)","3B","3215","FA","32","0","0","1%","0%","0","0","0","0","0","0","0","0","0","0","0","0","0","0","0"
"*06iej*","Edgleen Perez","PIT","C","7359","FA","20","0","0","1%","0%","0","0","0","0","0","0","0","0","0","0","0","0","0","0","0"
"*06v3v*","Nauris De La Cruz","WSH","OF","3139","FA","18","0","0","1%","0%","0","0","0","0","0","0","0","0","0","0","0","0","0","0","0"
"*06yex*","Romeli Espinosa","PHI","SS","3600","FA","18","0","0","1%","0%","0","0","0","0","0","0","0","0","0","0","0","0","0","0","0"
"*06pg2*","Aaron Parker","TOR","C","7176","FA","23","0","0","1%","0%","0","0","0","0","0","0","0","0","0","0","0","0","0","0","0"
"*05ygp*","Braylin Tavera","BAL","OF","9075","FA","21","0","0","1%","0%","0","0","0","0","0","0","0","0","0","0","0","0","0","0","0"
"*06497*","Logan Wagner","LAD","2B,3B","9608","FA","22","0","0","1%","0%","0","0","0","0","0","0","0","0","0","0","0","0","0","0","0"
"*05raq*","Robert Moore","PHI","2B,3B","6588","FA","24","0","0","1%","0%","0","0","0","0","0","0","0","0","0","0","0","0","0","0","0"
"*0622s*","Tanner Schobel","MIN","3B,SS","8494","FA","25","0","0","1%","0%","0","0","0","0","0","0","0","0","0","0","0","0","0","0","0"
"*05nsi*","Wilfred Veras","(N/A)","OF","9526","FA","23","0","0","1%","0%","0","0","0","0","0","0","0","0","0","0","0","0","0","0","0"
"*02hma*","Tyler Austin","CHC","1B","1585","FA","34","0","0","1%","0%","0","0","0","0","0","0","0","0","0","0","0","0","0","0","0"
"*066b6*","Sabin Ceballos","SF","3B","2549","FA","23","0","0","1%","0%","0","0","0","0","0","0","0","0","0","0","0","0","0","0","0"
"*05m1f*","Danny De Andrade","MIN","2B,3B","3103","FA","22","0","0","1%","0%","0","0","0","0","0","0","0","0","0","0","0","0","0","0","0"
"*06248*","Ryan Lasko","ATH","OF","5505","FA","24","0","0","1%","0%","0","0","0","0","0","0","0","0","0","0","0","0","0","0","0"
"*0622u*","Maui Ahuna","SF","SS","1264","FA","24","0","0","1%","0%","0","0","0","0","0","0","0","0","0","0","0","0","0","0","0"
"*06c5i*","Kevin Bazzell","WSH","C","1778","FA","23","0","0","1%","0%","0","0","0","0","0","0","0","0","0","0","0","0","0","0","0"
"*06yzr*","Coleman Borthwick","SD","3B","2012","FA","18","0","0","1%","0%","0","0","0","0","0","0","0","0","0","0","0","0","0","0","0"
"*04q5b*","Jonah Bride","TEX","3B","2108","FA","30","0","0","1%","0%","0","0","0","0","0","0","0","0","0","0","0","0","0","0","0"
"*06qi6*","Jakob Christian","SF","1B,OF","2670","FA","23","0","0","1%","0%","0","0","0","0","0","0","0","0","0","0","0","0","0","0","0"
"*05aid*","Kenedy Corona","NYY","OF","2856","FA","26","0","0","1%","0%","0","0","0","0","0","0","0","0","0","0","0","0","0","0","0"
"*06cmq*","Elias Medina","LAD","OF","6262","FA","20","0","0","1%","0%","0","0","0","0","0","0","0","0","0","0","0","0","0","0","0"
"*05gcy*","Jose Rodriguez","(N/A)","2B","8048","FA","25","0","0","1%","0%","0","0","0","0","0","0","0","0","0","0","0","0","0","0","0"
"*05xou*","Cooper Bowman","(N/A)","2B,OF","2039","FA","26","0","0","1%","0%","0","0","0","0","0","0","0","0","0","0","0","0","0","0","0"
"*03qvr*","Seth Brown","(N/A)","OF","2172","FA","34","0","0","1%","0%","0","0","0","0","0","0","0","0","0","0","0","0","0","0","0"
"*06yyj*","Core Jackson","NYY","SS","5027","FA","22","0","0","1%","0%","0","0","0","0","0","0","0","0","0","0","0","0","0","0","0"
"*05r8d*","Ambioris Tavarez","ATL","2B,SS","9072","FA","22","0","0","1%","0%","0","0","0","0","0","0","0","0","0","0","0","0","0","0","0"
"*05xq6*","Gavin Conticello","ARI","OF","2803","FA","23","0","0","1%","0%","0","0","0","0","0","0","0","0","0","0","0","0","0","0","0"
"*06y9t*","Colin Yeaman","BAL","3B","9934","FA","22","0","0","1%","0%","0","0","0","0","0","0","0","0","0","0","0","0","0","0","0"
"*03022*","Hunter Renfroe","KC","OF","7813","FA","34","0","0","1%","0%","0","0","0","0","0","0","0","0","0","0","0","0","0","0","0"
"*05xnt*","Gleider Figuereo","TEX","3B","3753","FA","22","0","0","1%","0%","0","0","0","0","0","0","0","0","0","0","0","0","0","0","0"
"*05ycj*","Simon Juan","NYM","OF","5205","FA","21","0","0","1%","0%","0","0","0","0","0","0","0","0","0","0","0","0","0","0","0"
"*045on*","Eguy Rosario","(N/A)","SS","8194","FA","26","0","0","1%","0%","0","0","0","0","0","0","0","0","0","0","0","0","0","0","0"
"*05m6e*","Omar Alfonzo","PIT","C,1B","1318","FA","22","0","0","1%","0%","0","0","0","0","0","0","0","0","0","0","0","0","0","0","0"
"*06k7w*","Andreimi Antunez","TB","SS","1448","FA","19","0","0","1%","0%","0","0","0","0","0","0","0","0","0","0","0","0","0","0","0"
"*066ez*","Romeo Sanabria","SD","1B","8335","FA","24","0","0","1%","0%","0","0","0","0","0","0","0","0","0","0","0","0","0","0","0"
"*063zd*","Anyelo Encarnacion","STL","SS","3554","FA","22","0","0","1%","0%","0","0","0","0","0","0","0","0","0","0","0","0","0","0","0"
"*0603s*","Haydn McGeary","(N/A)","C,1B","6194","FA","26","0","0","1%","0%","0","0","0","0","0","0","0","0","0","0","0","0","0","0","0"
"*04loe*","Carlos Rodriguez","SD","OF","8102","FA","25","0","0","1%","0%","0","0","0","0","0","0","0","0","0","0","0","0","0","0","0"
"*06hvg*","Brett Callahan","DET","OF","2320","FA","24","0","0","1%","0%","0","0","0","0","0","0","0","0","0","0","0","0","0","0","0"
"*05h2x*","Ian Lewis","MIA","OF","5606","FA","23","0","0","1%","0%","0","0","0","0","0","0","0","0","0","0","0","0","0","0","0"
"*05r5f*","Diego Velasquez","SF","2B","9499","FA","22","0","0","1%","0%","0","0","0","0","0","0","0","0","0","0","0","0","0","0","0"
"*06rnt*","Hector Ramos","BOS","SS","7742","FA","18","0","0","1%","0%","0","0","0","0","0","0","0","0","0","0","0","0","0","0","0"
"*04267*","Hunter Bishop","(N/A)","OF","1929","FA","28","0","0","1%","0%","0","0","0","0","0","0","0","0","0","0","0","0","0","0","0"
"*066mr*","Esmil Valencia","MIA","OF","9410","FA","20","0","0","1%","0%","0","0","0","0","0","0","0","0","0","0","0","0","0","0","0"
"*06k4v*","Mason White","BOS","SS","9756","FA","22","0","0","1%","0%","0","0","0","0","0","0","0","0","0","0","0","0","0","0","0"
"*05yiq*","Leandro Arias","BAL","3B,SS","1508","FA","21","0","0","1%","0%","0","0","0","0","0","0","0","0","0","0","0","0","0","0","0"
"*06yjv*","Chris Arroyo","MIA","1B","1547","FA","21","0","0","1%","0%","0","0","0","0","0","0","0","0","0","0","0","0","0","0","0"
"*041m8*","Carter Kieboom","PHI","1B","5292","FA","28","0","0","1%","0%","0","0","0","0","0","0","0","0","0","0","0","0","0","0","0"
"*04tm2*","Alexander Vargas","(N/A)","3B,SS","9442","FA","24","0","0","1%","0%","0","0","0","0","0","0","0","0","0","0","0","0","0","0","0"
"*07300*","Dawvris Brito","BOS","SS","2120","FA","17","0","0","1%","0%","0","0","0","0","0","0","0","0","0","0","0","0","0","0","0"
"*04n1n*","Logan Davidson","TB","1B","3071","FA","28","0","0","1%","0%","0","0","0","0","0","0","0","0","0","0","0","0","0","0","0"
"*0603n*","Clark Elliott","ATH","OF","3536","FA","25","0","0","1%","0%","0","0","0","0","0","0","0","0","0","0","0","0","0","0","0"
"*066ml*","Daiverson Gutierrez","NYM","C","4454","FA","20","0","0","1%","0%","0","0","0","0","0","0","0","0","0","0","0","0","0","0","0"
"*04pq5*","DaShawn Keirsey","ATL","OF","5249","FA","29","0","0","1%","0%","0","0","0","0","0","0","0","0","0","0","0","0","0","0","0"
"*05yis*","Nick McLain","CHW","OF","6226","FA","23","0","0","1%","0%","0","0","0","0","0","0","0","0","0","0","0","0","0","0","0"
"*072if*","Ezequiel Melbourne","LAD","SS","6301","FA","17","0","0","1%","0%","0","0","0","0","0","0","0","0","0","0","0","0","0","0","0"
"*05uo0*","Ryan Fitzgerald","LAD","2B,SS","3780","FA","32","0","0","1%","0%","0","0","0","0","0","0","0","0","0","0","0","0","0","0","0"
"*05jrd*","Isaiah Greene","(N/A)","OF","4374","FA","24","0","0","1%","0%","0","0","0","0","0","0","0","0","0","0","0","0","0","0","0"
"*04enw*","Ryan Noda","BAL","1B","6852","FA","30","0","0","1%","0%","0","0","0","0","0","0","0","0","0","0","0","0","0","0","0"
"*06mpm*","Juan Ortuno","MIL","2B","7049","FA","19","0","0","1%","0%","0","0","0","0","0","0","0","0","0","0","0","0","0","0","0"
"*05mod*","Jesus Galiz","LAD","C","3974","FA","22","0","0","1%","0%","0","0","0","0","0","0","0","0","0","0","0","0","0","0","0"
"*05zda*","Ryder Helfrick","ARI","C","4644","FA","21","0","0","1%","0%","0","0","0","0","0","0","0","0","0","0","0","0","0","0","0"
"*04zjm*","Kody Hoese","(N/A)","3B","4868","FA","29","0","0","1%","0%","0","0","0","0","0","0","0","0","0","0","0","0","0","0","0"
"*06ibs*","Leonardo Pineda","TB","OF","7495","FA","19","0","0","1%","0%","0","0","0","0","0","0","0","0","0","0","0","0","0","0","0"
"*05rl2*","Peyton Stovall","CIN","1B,2B","8933","FA","23","0","0","1%","0%","0","0","0","0","0","0","0","0","0","0","0","0","0","0","0"
"*051br*","Brett Wisely","ATL","2B","9863","FA","27","0","0","1%","0%","0","0","0","0","0","0","0","0","0","0","0","0","0","0","0"
"*05ykx*","Frederick Bencosme","BAL","2B,SS","1836","FA","23","0","0","1%","0%","0","0","0","0","0","0","0","0","0","0","0","0","0","0","0"
"*06r1v*","Ramiro Dominguez","MIN","2B","3383","FA","19","0","0","1%","0%","0","0","0","0","0","0","0","0","0","0","0","0","0","0","0"
"*06rrv*","Angel Salio","CIN","3B","8321","FA","18","0","0","1%","0%","0","0","0","0","0","0","0","0","0","0","0","0","0","0","0"
"*06igw*","Tyler Spangler","PHI","SS","8838","FA","18","0","0","1%","0%","0","0","0","0","0","0","0","0","0","0","0","0","0","0","0"
"*072vu*","Manuel Bolivar","DET","C","1982","FA","17","0","0","1%","0%","0","0","0","0","0","0","0","0","0","0","0","0","0","0","0"
"*06f1m*","Chase Jaworsky","MIA","2B,SS","5064","FA","21","0","0","1%","0%","0","0","0","0","0","0","0","0","0","0","0","0","0","0","0"
"*06c3o*","Joshua Liranzo","BAL","3B,SS","5659","FA","19","0","0","1%","0%","0","0","0","0","0","0","0","0","0","0","0","0","0","0","0"
"*0731m*","Svert Reinoso","CLE","SS","7805","FA","17","0","0","1%","0%","0","0","0","0","0","0","0","0","0","0","0","0","0","0","0"
"*05jx9*","Axel Sanchez","SEA","SS","8341","FA","23","0","0","1%","0%","0","0","0","0","0","0","0","0","0","0","0","0","0","0","0"
"*05h2t*","Milan Tolentino","CLE","2B,3B,SS","9222","FA","24","0","0","1%","0%","0","0","0","0","0","0","0","0","0","0","0","0","0","0","0"
"*06roq*","Kien Vu","CIN","OF","9600","FA","22","0","0","1%","0%","0","0","0","0","0","0","0","0","0","0","0","0","0","0","0"
"*04azt*","Riley Adams","WSH","C","1235","FA","30","0","0","1%","0%","0","0","0","0","0","0","0","0","0","0","0","0","0","0","0"
"*05m1a*","Ariel Almonte","(N/A)","OF","1344","FA","22","0","0","1%","0%","0","0","0","0","0","0","0","0","0","0","0","0","0","0","0"
"*072ye*","Starlyn De La Cruz","ATL","OF","3143","FA","17","0","0","1%","0%","0","0","0","0","0","0","0","0","0","0","0","0","0","0","0"
"*0731j*","Joskairo Ramirez","BOS","OF","7712","FA","17","0","0","1%","0%","0","0","0","0","0","0","0","0","0","0","0","0","0","0","0"
"*06kvb*","Jose Castro","MIA","OF","2525","FA","19","0","0","1%","0%","0","0","0","0","0","0","0","0","0","0","0","0","0","0","0"
"*05k7s*","Armando Cruz","(N/A)","2B","2949","FA","22","0","0","1%","0%","0","0","0","0","0","0","0","0","0","0","0","0","0","0","0"
"*06dn8*","Spencer Nivens","KC","OF","6849","FA","24","0","0","1%","0%","0","0","0","0","0","0","0","0","0","0","0","0","0","0","0"
"*05ude*","Ryan Reckley","SF","2B,OF","7777","FA","21","0","0","1%","0%","0","0","0","0","0","0","0","0","0","0","0","0","0","0","0"
"*05u9p*","TJayy Walton","PHI","OF","9649","FA","21","0","0","1%","0%","0","0","0","0","0","0","0","0","0","0","0","0","0","0","0"
"*06rnu*","Sebastian Blanco","COL","SS","1950","FA","18","0","0","1%","0%","0","0","0","0","0","0","0","0","0","0","0","0","0","0","0"
"*06rfo*","Kendry Martinez","SEA","2B","6083","FA","18","0","0","1%","0%","0","0","0","0","0","0","0","0","0","0","0","0","0","0","0"
"*05kel*","Shalin Polanco","PIT","OF","7557","FA","22","0","0","1%","0%","0","0","0","0","0","0","0","0","0","0","0","0","0","0","0"
"*068vu*","Elian Soto","WSH","1B","8821","FA","20","0","0","1%","0%","0","0","0","0","0","0","0","0","0","0","0","0","0","0","0"
"*06rqr*","Isaias Castillo","NYY","OF","2495","FA","18","0","0","1%","0%","0","0","0","0","0","0","0","0","0","0","0","0","0","0","0"
"*066mf*","Filippo Di Turi","MIL","2B,3B,SS","3285","FA","20","0","0","1%","0%","0","0","0","0","0","0","0","0","0","0","0","0","0","0","0"
"*066mu*","Camilo Diaz","HOU","3B","3298","FA","20","0","0","1%","0%","0","0","0","0","0","0","0","0","0","0","0","0","0","0","0"
"*064oi*","Kelvin Hidalgo","COL","3B,SS","4816","FA","21","0","0","1%","0%","0","0","0","0","0","0","0","0","0","0","0","0","0","0","0"
"*06ew0*","Carson Rucker","DET","3B","8237","FA","21","0","0","1%","0%","0","0","0","0","0","0","0","0","0","0","0","0","0","0","0"
"*06fpn*","Brett Bateman","CHC","OF","1737","FA","24","0","0","1%","0%","0","0","0","0","0","0","0","0","0","0","0","0","0","0","0"
"*06f1a*","Tommy Hawke","CLE","OF","4615","FA","24","0","0","1%","0%","0","0","0","0","0","0","0","0","0","0","0","0","0","0","0"
"*06yt8*","Miguel Hernandez","STL","SS","4752","FA","18","0","0","1%","0%","0","0","0","0","0","0","0","0","0","0","0","0","0","0","0"
"*06qev*","Eli Lovich","CHC","OF","5764","FA","20","0","0","1%","0%","0","0","0","0","0","0","0","0","0","0","0","0","0","0","0"
"*05ilo*","D'Angelo Ortiz","BOS","1B,3B","7033","FA","22","0","0","1%","0%","0","0","0","0","0","0","0","0","0","0","0","0","0","0","0"
"*04elh*","Jacob Amaya","ARI","SS","1392","FA","27","0","0","1%","0%","0","0","0","0","0","0","0","0","0","0","0","0","0","0","0"
"*062e8*","Duce Gourson","PIT","1B,2B,3B","4324","FA","23","0","0","1%","0%","0","0","0","0","0","0","0","0","0","0","0","0","0","0","0"
"*061zq*","Waner Luciano","HOU","3B","5778","FA","21","0","0","1%","0%","0","0","0","0","0","0","0","0","0","0","0","0","0","0","0"
"*060qg*","Mairoshendrick Martinus","LAD","3B,SS,OF","6078","FA","21","0","0","1%","0%","0","0","0","0","0","0","0","0","0","0","0","0","0","0","0"
"*06z9u*","Gustavo Melendez","PIT","SS","6307","FA","18","0","0","1%","0%","0","0","0","0","0","0","0","0","0","0","0","0","0","0","0"
"*06dn4*","Brock Rodden","SEA","SS","7994","FA","26","0","0","1%","0%","0","0","0","0","0","0","0","0","0","0","0","0","0","0","0"
"*05m44*","Daniel Vazquez","KC","SS","9483","FA","22","0","0","1%","0%","0","0","0","0","0","0","0","0","0","0","0","0","0","0","0"
"*02mwg*","Jesse Winker","(N/A)","UT","9855","FA","32","0","0","1%","0%","0","0","0","0","0","0","0","0","0","0","0","0","0","0","0"
"*06ya5*","Miguel Caraballo","MIN","C","2390","FA","17","0","0","1%","0%","0","0","0","0","0","0","0","0","0","0","0","0","0","0","0"
"*04y45*","Dominic Fletcher","PIT","OF","3791","FA","28","0","0","1%","0%","0","0","0","0","0","0","0","0","0","0","0","0","0","0","0"
"*0730p*","Johan Geraldo","CHC","SS","4122","FA","17","0","0","1%","0%","0","0","0","0","0","0","0","0","0","0","0","0","0","0","0"
"*04tjk*","Jonathan Ornelas","ATH","SS","7014","FA","26","0","0","1%","0%","0","0","0","0","0","0","0","0","0","0","0","0","0","0","0"
"*05ydg*","Javier Osorio","DET","3B","7058","FA","21","0","0","1%","0%","0","0","0","0","0","0","0","0","0","0","0","0","0","0","0"
"*06oo3*","Josh Caron","SEA","C","2424","FA","22","0","0","1%","0%","0","0","0","0","0","0","0","0","0","0","0","0","0","0","0"
"*06cgi*","Carlos Virahonda","ARI","C","9576","FA","20","0","0","1%","0%","0","0","0","0","0","0","0","0","0","0","0","0","0","0","0"
"*06rm4*","Yilver De Paula","LAA","SS","3205","FA","18","0","0","1%","0%","0","0","0","0","0","0","0","0","0","0","0","0","0","0","0"
"*06dqc*","Garret Forrester","MIA","C","3846","FA","24","0","0","1%","0%","0","0","0","0","0","0","0","0","0","0","0","0","0","0","0"
"*05jrm*","Jordan Nwogu","CHC","OF","6915","FA","27","0","0","1%","0%","0","0","0","0","0","0","0","0","0","0","0","0","0","0","0"
"*057z9*","Brayan Buelvas","ATH","OF","2196","FA","24","0","0","1%","0%","0","0","0","0","0","0","0","0","0","0","0","0","0","0","0"
"*06rh2*","Jhoan De La Cruz","SD","SS","3129","FA","18","0","0","1%","0%","0","0","0","0","0","0","0","0","0","0","0","0","0","0","0"
"*05yh1*","Kenni Gomez","HOU","OF","4209","FA","21","0","0","1%","0%","0","0","0","0","0","0","0","0","0","0","0","0","0","0","0"
"*04rzr*","Malcom Nunez","(N/A)","3B","6907","FA","25","0","0","1%","0%","0","0","0","0","0","0","0","0","0","0","0","0","0","0","0"
"*05wbq*","Damiano Palmegiani","(N/A)","1B","7144","FA","26","0","0","1%","0%","0","0","0","0","0","0","0","0","0","0","0","0","0","0","0"
"*06r91*","Royelny Strop","STL","OF","8947","FA","18","0","0","1%","0%","0","0","0","0","0","0","0","0","0","0","0","0","0","0","0"
"*05uoi*","Peyton Wilson","KC","2B","9837","FA","26","0","0","1%","0%","0","0","0","0","0","0","0","0","0","0","0","0","0","0","0"
"*05lfx*","Trevor Hauver","TEX","OF","4612","FA","27","0","0","1%","0%","0","0","0","0","0","0","0","0","0","0","0","0","0","0","0"
"*06mhz*","Daniel Jackson","COL","C","5028","FA","21","0","0","1%","0%","0","0","0","0","0","0","0","0","0","0","0","0","0","0","0"
"*06pq6*","Caden Powell","HOU","3B,SS","7589","FA","22","0","0","1%","0%","0","0","0","0","0","0","0","0","0","0","0","0","0","0","0"
"*05yia*","Rosman Verdugo","SD","2B,3B","9531","FA","21","0","0","1%","0%","0","0","0","0","0","0","0","0","0","0","0","0","0","0","0"
"*051jv*","Euribiel Angeles","ATH","2B,3B,SS","1432","FA","24","0","0","1%","0%","0","0","0","0","0","0","0","0","0","0","0","0","0","0","0"
"*01s98*","Jose Iglesias","(N/A)","2B","4996","FA","36","0","0","1%","0%","0","0","0","0","0","0","0","0","0","0","0","0","0","0","0"
"*070ta*","Antonio Jimenez","NYM","SS","5098","FA","22","0","0","1%","0%","0","0","0","0","0","0","0","0","0","0","0","0","0","0","0"
"*04eit*","Corey Julks","DET","OF","5211","FA","30","0","0","1%","0%","0","0","0","0","0","0","0","0","0","0","0","0","0","0","0"
"*04ptr*","Willie MacIver","TOR","C","5824","FA","29","0","0","1%","0%","0","0","0","0","0","0","0","0","0","0","0","0","0","0","0"
"*05un1*","Eddinson Paulino","NYM","2B","7218","FA","24","0","0","1%","0%","0","0","0","0","0","0","0","0","0","0","0","0","0","0","0"
"*06qhc*","Warel Solano","TB","3B","8789","FA","18","0","0","1%","0%","0","0","0","0","0","0","0","0","0","0","0","0","0","0","0"
"*06gjf*","Jared Sundstrom","SEA","OF","8996","FA","25","0","0","1%","0%","0","0","0","0","0","0","0","0","0","0","0","0","0","0","0"
"*05t9o*","Tyler Whitaker","HOU","OF","9748","FA","23","0","0","1%","0%","0","0","0","0","0","0","0","0","0","0","0","0","0","0","0"
"*05rbc*","Starlin Aguilar","SEA","3B","1258","FA","22","0","0","1%","0%","0","0","0","0","0","0","0","0","0","0","0","0","0","0","0"
"*05rbt*","Gregory Barrios","TB","SS","1711","FA","22","0","0","1%","0%","0","0","0","0","0","0","0","0","0","0","0","0","0","0","0"
"*0626r*","Bryant Betancourt","COL","C","1894","FA","22","0","0","1%","0%","0","0","0","0","0","0","0","0","0","0","0","0","0","0","0"
"*04l97*","Aaron Bracho","(N/A)","3B","2054","FA","25","0","0","1%","0%","0","0","0","0","0","0","0","0","0","0","0","0","0","0","0"
"*06zlf*","Anthony DePino","CHW","1B","3221","FA","23","0","0","1%","0%","0","0","0","0","0","0","0","0","0","0","0","0","0","0","0"
"*06qig*","Alex McCoy","SD","OF","6165","FA","24","0","0","1%","0%","0","0","0","0","0","0","0","0","0","0","0","0","0","0","0"
"*05g2r*","Oscar Colas","(N/A)","OF","2739","FA","27","0","0","1%","0%","0","0","0","0","0","0","0","0","0","0","0","0","0","0","0"
"*0629a*","Austin Gauthier","LAD","2B","4099","FA","27","0","0","1%","0%","0","0","0","0","0","0","0","0","0","0","0","0","0","0","0"
"*06z7q*","Landon Hodge","CHW","C","4862","FA","19","0","0","1%","0%","0","0","0","0","0","0","0","0","0","0","0","0","0","0","0"
"*06igv*","Dexter McCleon Jr","(N/A)","1B","6157","FA","16","0","0","1%","0%","0","0","0","0","0","0","0","0","0","0","0","0","0","0","0"
"*072zx*","Enmanuel Merlo","MIN","SS","6379","FA","17","0","0","1%","0%","0","0","0","0","0","0","0","0","0","0","0","0","0","0","0"
"*03ner*","Juan Yepez","(N/A)","OF","9937","FA","28","0","0","1%","0%","0","0","0","0","0","0","0","0","0","0","0","0","0","0","0"
"*064nf*","Emaarion Boyd","MIA","OF","2044","FA","21","0","0","1%","0%","0","0","0","0","0","0","0","0","0","0","0","0","0","0","0"
"*0668r*","Ryan Burrowes","CHW","2B,3B,SS","2234","FA","21","0","0","1%","0%","0","0","0","0","0","0","0","0","0","0","0","0","0","0","0"
"*06hq3*","Will Bush","HOU","C,1B","2242","FA","22","0","0","1%","0%","0","0","0","0","0","0","0","0","0","0","0","0","0","0","0"
"*05js2*","David Calabrese","LAA","OF","2301","FA","23","0","0","1%","0%","0","0","0","0","0","0","0","0","0","0","0","0","0","0","0"
"*04ye6*","Eduardo Garcia","MIL","SS,OF","4034","FA","24","0","0","1%","0%","0","0","0","0","0","0","0","0","0","0","0","0","0","0","0"
"*06kyo*","Grant Knipp","SEA","C","5358","FA","24","0","0","1%","0%","0","0","0","0","0","0","0","0","0","0","0","0","0","0","0"
"*0648a*","Andrew Pintar","MIA","OF","7504","FA","25","0","0","1%","0%","0","0","0","0","0","0","0","0","0","0","0","0","0","0","0"
"*01tt9*","Anthony Rendon","LAA","3B","7812","FA","36","0","0","1%","0%","0","0","0","0","0","0","0","0","0","0","0","0","0","0","0"
"*066re*","Engelth Urena","NYY","1B","9376","FA","21","0","0","1%","0%","0","0","0","0","0","0","0","0","0","0","0","0","0","0","0"
"*04mkt*","Dairon Blanco","(N/A)","OF","1944","FA","33","0","0","1%","0%","0","0","0","0","0","0","0","0","0","0","0","0","0","0","0"
"*05yir*","Randy De Jesus","LAA","OF","3116","FA","21","0","0","1%","0%","0","0","0","0","0","0","0","0","0","0","0","0","0","0","0"
"*02hlw*","Brandon Drury","KC","2B","3431","FA","33","0","0","1%","0%","0","0","0","0","0","0","0","0","0","0","0","0","0","0","0"
"*0512p*","Hudson Head","(N/A)","OF","4626","FA","25","0","0","1%","0%","0","0","0","0","0","0","0","0","0","0","0","0","0","0","0"
"*06ax7*","Abrahan Ramirez","MIA","2B,3B","7692","FA","21","0","0","1%","0%","0","0","0","0","0","0","0","0","0","0","0","0","0","0","0"
"*0730d*","Logan Reddemann","COL","2B,OF","7779","FA","21","0","0","1%","0%","0","0","0","0","0","0","0","0","0","0","0","0","0","0","0"
"*04qou*","Misael Urbina","(N/A)","OF","9369","FA","24","0","0","1%","0%","0","0","0","0","0","0","0","0","0","0","0","0","0","0","0"
"*06mox*","Edgardo De Leon","MIA","1B","3170","FA","19","0","0","1%","0%","0","0","0","0","0","0","0","0","0","0","0","0","0","0","0"
"*05xyj*","Willy Vasquez","BAL","OF","9477","FA","24","0","0","1%","0%","0","0","0","0","0","0","0","0","0","0","0","0","0","0","0"
"*06ms6*","RJ Austin","BAL","2B","1583","FA","22","0","0","1%","0%","0","0","0","0","0","0","0","0","0","0","0","0","0","0","0"
"*066qd*","Jose Escobar","CHC","OF","3585","FA","21","0","0","1%","0%","0","0","0","0","0","0","0","0","0","0","0","0","0","0","0"
"*04dwv*","Jose Barrero","BAL","2B,OF","1703","FA","28","0","0","1%","0%","0","0","0","0","0","0","0","0","0","0","0","0","0","0","0"
"*041qk*","Garrett Hampson","CIN","OF,UT","4543","FA","31","0","0","1%","0%","0","0","0","0","0","0","0","0","0","0","0","0","0","0","0"
"*070dl*","Logan Hughes","HOU","OF","4959","FA","21","0","0","1%","0%","0","0","0","0","0","0","0","0","0","0","0","0","0","0","0"
"*066t9*","Juan Matheus","MIA","3B","6098","FA","22","0","0","1%","0%","0","0","0","0","0","0","0","0","0","0","0","0","0","0","0"
"*05158*","Blake Sabol","TB","C","8286","FA","28","0","0","1%","0%","0","0","0","0","0","0","0","0","0","0","0","0","0","0","0"
"*06qth*","Bennett Thompson","CLE","C","9162","FA","23","0","0","1%","0%","0","0","0","0","0","0","0","0","0","0","0","0","0","0","0"
"*06c2b*","Juan Baez","MIL","2B,3B","1620","FA","21","0","0","1%","0%","0","0","0","0","0","0","0","0","0","0","0","0","0","0","0"
"*0511z*","Matt Gorski","LAD","1B","4316","FA","28","0","0","1%","0%","0","0","0","0","0","0","0","0","0","0","0","0","0","0","0"
"*06ibl*","Leandro Romero","SEA","SS","8156","FA","19","0","0","1%","0%","0","0","0","0","0","0","0","0","0","0","0","0","0","0","0"
"*06482*","Matt Wood","MIL","C","9885","FA","25","0","0","1%","0%","0","0","0","0","0","0","0","0","0","0","0","0","0","0","0"
"*0622m*","Ryan Cermak","TB","OF","2581","FA","25","0","0","1%","0%","0","0","0","0","0","0","0","0","0","0","0","0","0","0","0"
"*060fw*","Rafael Lantigua","(N/A)","2B,3B","5475","FA","28","0","0","1%","0%","0","0","0","0","0","0","0","0","0","0","0","0","0","0","0"
"*06icf*","Naibel Mariano","CIN","SS","5935","FA","19","0","0","1%","0%","0","0","0","0","0","0","0","0","0","0","0","0","0","0","0"
"*06pid*","Eddie Micheletti Jr.","TOR","OF","6410","FA","24","0","0","1%","0%","0","0","0","0","0","0","0","0","0","0","0","0","0","0","0"
"*06aw7*","Andy Perez","COL","SS","7342","FA","22","0","0","1%","0%","0","0","0","0","0","0","0","0","0","0","0","0","0","0","0"
"*072hi*","Gabriel Rosario","BAL","1B,OF","8197","FA","17","0","0","1%","0%","0","0","0","0","0","0","0","0","0","0","0","0","0","0","0"
"*060q3*","Casey Saucke","CHW","OF","8456","FA","23","0","0","1%","0%","0","0","0","0","0","0","0","0","0","0","0","0","0","0","0"
"*069xx*","Logan Schmidt","CLE","1B,SP","8490","FA","18","0","0","1%","0%","0","0","0","0","0","0","0","0","0","0","0","0","0","0","0"
"*062zh*","Elis Cuevas","BAL","1B,OF","2982","FA","21","0","0","1%","0%","0","0","0","0","0","0","0","0","0","0","0","0","0","0","0"
"*05adw*","Yeiner Fernandez","LAD","C,2B,3B","3733","FA","23","0","0","1%","0%","0","0","0","0","0","0","0","0","0","0","0","0","0","0","0"
"*072wh*","Fernando Graterol","CHW","C","4347","FA","17","0","0","1%","0%","0","0","0","0","0","0","0","0","0","0","0","0","0","0","0"
"*06rh1*","Kenly Hunter","STL","OF","4977","FA","18","0","0","1%","0%","0","0","0","0","0","0","0","0","0","0","0","0","0","0","0"
"*0647r*","Lamar King","SD","C,1B","5316","FA","22","0","0","1%","0%","0","0","0","0","0","0","0","0","0","0","0","0","0","0","0"
"*06nuc*","Ivan Luciano","ARI","C","5774","FA","19","0","0","1%","0%","0","0","0","0","0","0","0","0","0","0","0","0","0","0","0"
"*041q7*","Ben Rortvedt","NYM","C","8180","FA","28","0","0","1%","0%","0","0","0","0","0","0","0","0","0","0","0","0","0","0","0"
"*06iad*","Brian Sanchez","PIT","OF","8343","FA","22","0","0","1%","0%","0","0","0","0","0","0","0","0","0","0","0","0","0","0","0"
"*0512w*","Shane Sasaki","CIN","OF","8452","FA","26","0","0","1%","0%","0","0","0","0","0","0","0","0","0","0","0","0","0","0","0"
"*04yik*","Sammy Siani","SEA","OF","8645","FA","25","0","0","1%","0%","0","0","0","0","0","0","0","0","0","0","0","0","0","0","0"
"*05xon*","T.J. White","WSH","OF","9760","FA","23","0","0","1%","0%","0","0","0","0","0","0","0","0","0","0","0","0","0","0","0"
"*041rv*","Cavan Biggio","HOU","UT","1915","FA","31","0","0","1%","0%","0","0","0","0","0","0","0","0","0","0","0","0","0","0","0"
"*064wi*","Brennan Milone","ATH","1B","6463","FA","25","0","0","1%","0%","0","0","0","0","0","0","0","0","0","0","0","0","0","0","0"
"*03pj2*","Kevin Newman","KC","3B","6816","FA","32","0","0","1%","0%","0","0","0","0","0","0","0","0","0","0","0","0","0","0","0"
"*06z0q*","Jack Winnay","BOS","3B","9858","FA","23","0","0","1%","0%","0","0","0","0","0","0","0","0","0","0","0","0","0","0","0"
"*025eo*","Mark Canha","(N/A)","OF","2371","FA","37","0","0","1%","0%","0","0","0","0","0","0","0","0","0","0","0","0","0","0","0"
"*05gs6*","Zach DeLoach","(N/A)","OF","3218","FA","27","0","0","1%","0%","0","0","0","0","0","0","0","0","0","0","0","0","0","0","0"
"*072ym*","Tyler Early","(N/A)","1B,SP,RP","3495","FA","14","0","0","1%","0%","0","0","0","0","0","0","0","0","0","0","0","0","0","0","0"
"*06ri4*","Reiner Herrera","CLE","C","4784","FA","20","0","0","1%","0%","0","0","0","0","0","0","0","0","0","0","0","0","0","0","0"
"*06oh3*","Robert Hipwell","SF","1B,3B","4848","FA","23","0","0","1%","0%","0","0","0","0","0","0","0","0","0","0","0","0","0","0","0"
"*05ycw*","Gabriel Martinez","(N/A)","OF","6030","FA","24","0","0","1%","0%","0","0","0","0","0","0","0","0","0","0","0","0","0","0","0"
"*05rci*","Alex Mooney","CLE","2B,3B,SS","6575","FA","24","0","0","1%","0%","0","0","0","0","0","0","0","0","0","0","0","0","0","0","0"
"*06dqq*","Ethan O'Donnell","MIA","OF","6921","FA","24","0","0","1%","0%","0","0","0","0","0","0","0","0","0","0","0","0","0","0","0"
"*03xlc*","Cristian Pache","NYM","OF","7101","FA","27","0","0","1%","0%","0","0","0","0","0","0","0","0","0","0","0","0","0","0","0"
"*061t0*","Nikau Pouaka-Grego","PHI","2B","7588","FA","21","0","0","1%","0%","0","0","0","0","0","0","0","0","0","0","0","0","0","0","0"
"*05294*","Junior Sanchez","(N/A)","3B","8371","FA","23","0","0","1%","0%","0","0","0","0","0","0","0","0","0","0","0","0","0","0","0"
"*03zc9*","Nick Senzel","(N/A)","3B,OF","8560","FA","31","0","0","1%","0%","0","0","0","0","0","0","0","0","0","0","0","0","0","0","0"
"*0731k*","Freyerso Vasquez","BOS","OF","9469","FA","17","0","0","1%","0%","0","0","0","0","0","0","0","0","0","0","0","0","0","0","0"
"*04ens*","Luis Vazquez","BAL","3B","9485","FA","26","0","0","1%","0%","0","0","0","0","0","0","0","0","0","0","0","0","0","0","0"
"*05keh*","Freddy Zamora","MIL","SS","9976","FA","27","0","0","1%","0%","0","0","0","0","0","0","0","0","0","0","0","0","0","0","0"
"*06rnp*","Haritzon Castillo","MIN","SS","2493","FA","18","0","0","1%","0%","0","0","0","0","0","0","0","0","0","0","0","0","0","0","0"
"*05yhd*","Abdias De La Cruz","ARI","OF","3118","FA","21","0","0","1%","0%","0","0","0","0","0","0","0","0","0","0","0","0","0","0","0"
"*06r95*","Elian De La Cruz","ARI","OF","3124","FA","18","0","0","1%","0%","0","0","0","0","0","0","0","0","0","0","0","0","0","0","0"
"*06gjp*","Maxton Martin","TEX","OF","6002","FA","21","0","0","1%","0%","0","0","0","0","0","0","0","0","0","0","0","0","0","0","0"
"*05jws*","Chris Newell","LAD","OF","6814","FA","25","0","0","1%","0%","0","0","0","0","0","0","0","0","0","0","0","0","0","0","0"
"*06dly*","John Spikerman","PHI","OF","8849","FA","23","0","0","1%","0%","0","0","0","0","0","0","0","0","0","0","0","0","0","0","0"
"*066mt*","Gian Zapata","ARI","OF","9982","FA","20","0","0","1%","0%","0","0","0","0","0","0","0","0","0","0","0","0","0","0","0"
"*05w8n*","Jake Fox","CLE","OF","3860","FA","23","0","0","1%","0%","0","0","0","0","0","0","0","0","0","0","0","0","0","0","0"
"*06qul*","Elijah Hainline","LAD","2B,SS","4504","FA","23","0","0","1%","0%","0","0","0","0","0","0","0","0","0","0","0","0","0","0","0"
"*06pq4*","DJ Layton","BAL","2B","5529","FA","20","0","0","1%","0%","0","0","0","0","0","0","0","0","0","0","0","0","0","0","0"
"*051wt*","Luis Rodriguez","(N/A)","OF","8061","FA","23","0","0","1%","0%","0","0","0","0","0","0","0","0","0","0","0","0","0","0","0"
"*072h0*","Landon Thome","CHW","2B","9161","FA","18","0","0","1%","0%","0","0","0","0","0","0","0","0","0","0","0","0","0","0","0"
"*06y7q*","Anderson Araujo","PHI","C","1467","FA","18","0","0","1%","0%","0","0","0","0","0","0","0","0","0","0","0","0","0","0","0"
"*0512s*","Dasan Brown","(N/A)","OF","2155","FA","24","0","0","1%","0%","0","0","0","0","0","0","0","0","0","0","0","0","0","0","0"
"*06584*","Jacob Burke","CHW","OF","2218","FA","25","0","0","1%","0%","0","0","0","0","0","0","0","0","0","0","0","0","0","0","0"
"*06z0p*","Jake Casey","TOR","OF","2467","FA","23","0","0","1%","0%","0","0","0","0","0","0","0","0","0","0","0","0","0","0","0"
"*04qox*","Antonio Gomez","NYY","C","4197","FA","24","0","0","1%","0%","0","0","0","0","0","0","0","0","0","0","0","0","0","0","0"
"*05r9h*","Jacob Hurtubise","MIL","OF","4986","FA","28","0","0","1%","0%","0","0","0","0","0","0","0","0","0","0","0","0","0","0","0"
"*06yq6*","Maximus Martin","BOS","SS","6001","FA","22","0","0","1%","0%","0","0","0","0","0","0","0","0","0","0","0","0","0","0","0"
"*061z0*","Oswaldo Osorio","LAD","2B,3B","7060","FA","21","0","0","1%","0%","0","0","0","0","0","0","0","0","0","0","0","0","0","0","0"
"*061tr*","Ruben Santana","(N/A)","1B,3B","8418","FA","21","0","0","1%","0%","0","0","0","0","0","0","0","0","0","0","0","0","0","0","0"
"*04oh1*","Connor Scott","KC","OF","8521","FA","26","0","0","1%","0%","0","0","0","0","0","0","0","0","0","0","0","0","0","0","0"
"*06ibt*","Jalvin Arias","PHI","OF","1505","FA","19","0","0","1%","0%","0","0","0","0","0","0","0","0","0","0","0","0","0","0","0"
"*05u32*","Diego Benitez","(N/A)","1B","1841","FA","21","0","0","1%","0%","0","0","0","0","0","0","0","0","0","0","0","0","0","0","0"
"*04hi6*","Alexander Canario","(N/A)","OF","2364","FA","26","0","0","1%","0%","0","0","0","0","0","0","0","0","0","0","0","0","0","0","0"
"*04ru8*","Jairo Pomares","(N/A)","OF","7564","FA","25","0","0","1%","0%","0","0","0","0","0","0","0","0","0","0","0","0","0","0","0"
"*05ydv*","Jorge Ruiz","LAA","OF","8251","FA","22","0","0","1%","0%","0","0","0","0","0","0","0","0","0","0","0","0","0","0","0"
"*04pm9*","Nick Schnell","(N/A)","OF","8493","FA","26","0","0","1%","0%","0","0","0","0","0","0","0","0","0","0","0","0","0","0","0"
"*06v4w*","Yunior Amparo","NYM","1B","1401","FA","19","0","0","1%","0%","0","0","0","0","0","0","0","0","0","0","0","0","0","0","0"
"*05gcu*","Daniel Cabrera","DET","OF","2274","FA","27","0","0","1%","0%","0","0","0","0","0","0","0","0","0","0","0","0","0","0","0"
"*06qvl*","Corey Cousin","KC","OF","2887","FA","19","0","0","1%","0%","0","0","0","0","0","0","0","0","0","0","0","0","0","0","0"
"*04eeg*","Jeter Downs","(N/A)","2B,3B","3416","FA","28","0","0","1%","0%","0","0","0","0","0","0","0","0","0","0","0","0","0","0","0"
"*06fqw*","Yahil Melendez","CHC","SS","6310","FA","20","0","0","1%","0%","0","0","0","0","0","0","0","0","0","0","0","0","0","0","0"
"*06uo6*","Daniel Rodriguez","TEX","SS","8021","FA","18","0","0","1%","0%","0","0","0","0","0","0","0","0","0","0","0","0","0","0","0"
"*04yew*","Steward Berroa","PHI","OF","1881","FA","27","0","0","1%","0%","7","0","1","1","0","0","0","1","0","4","0","0","0","0","6"
"*06ekr*","Dylan Campbell","CHW","OF","2343","FA","24","0","0","1%","0%","0","0","0","0","0","0","0","0","0","0","0","0","0","0","0"
"*05m6g*","Christian Cerda","ARI","C","2577","FA","23","0","0","1%","0%","0","0","0","0","0","0","0","0","0","0","0","0","0","0","0"
"*04axv*","Yoelkis Cespedes","(N/A)","OF","2593","FA","28","0","0","1%","0%","0","0","0","0","0","0","0","0","0","0","0","0","0","0","0"
"*05m19*","Maikol Hernandez","(N/A)","3B,SS","4746","FA","22","0","0","1%","0%","0","0","0","0","0","0","0","0","0","0","0","0","0","0","0"
"*05uav*","Cody Morissette","MIN","2B","6652","FA","26","0","0","1%","0%","0","0","0","0","0","0","0","0","0","0","0","0","0","0","0"
"*072xt*","Rubel Arias","LAD","OF","1516","FA","17","0","0","1%","0%","0","0","0","0","0","0","0","0","0","0","0","0","0","0","0"
"*050k5*","Jhon Diaz","TB","OF","3309","FA","23","0","0","1%","0%","0","0","0","0","0","0","0","0","0","0","0","0","0","0","0"
"*05y67*","Raylin Heredia","PHI","OF","4687","FA","22","0","0","1%","0%","0","0","0","0","0","0","0","0","0","0","0","0","0","0","0"
"*06c35*","Jose Pirela","CLE","OF","7520","FA","20","0","0","1%","0%","0","0","0","0","0","0","0","0","0","0","0","0","0","0","0"
"*066en*","Blake Wright","COL","2B,3B","9901","FA","24","0","0","1%","0%","0","0","0","0","0","0","0","0","0","0","0","0","0","0","0"
"*06ic7*","Andres Arias","TOR","OF","1491","FA","19","0","0","1%","0%","0","0","0","0","0","0","0","0","0","0","0","0","0","0","0"
"*05j70*","Yerlin Confidan","CIN","OF","2788","FA","23","0","0","1%","0%","0","0","0","0","0","0","0","0","0","0","0","0","0","0","0"
"*06iez*","Reynaldo De La Paz","(N/A)","OF","3152","FA","20","0","0","1%","0%","0","0","0","0","0","0","0","0","0","0","0","0","0","0","0"
"*066n9*","Dario Laverde","LAA","C","5515","FA","21","0","0","1%","0%","0","0","0","0","0","0","0","0","0","0","0","0","0","0","0"
"*04ppl*","Owen Miller","CHC","2B","6453","FA","29","0","0","1%","0%","0","0","0","0","0","0","0","0","0","0","0","0","0","0","0"
"*05t79*","Will Taylor","PIT","OF","9100","FA","23","0","0","1%","0%","0","0","0","0","0","0","0","0","0","0","0","0","0","0","0"
"*06jfp*","Jhonayker Ugarte","KC","3B,SS","9351","FA","19","0","0","1%","0%","0","0","0","0","0","0","0","0","0","0","0","0","0","0","0"
"*072o2*","Juan Caricote","TOR","C","2408","FA","17","0","0","1%","0%","0","0","0","0","0","0","0","0","0","0","0","0","0","0","0"
"*06z7o*","Drew Faurot","MIA","2B","3680","FA","22","0","0","1%","0%","0","0","0","0","0","0","0","0","0","0","0","0","0","0","0"
"*06jfb*","Dexters Peralta","NYY","SS","7318","FA","19","0","0","1%","0%","0","0","0","0","0","0","0","0","0","0","0","0","0","0","0"
"*07302*","Jose Rodriguez","MIL","SS","8103","FA","17","0","0","1%","0%","0","0","0","0","0","0","0","0","0","0","0","0","0","0","0"
"*0513m*","Christian Cairo","PHI","2B,3B,SS,OF","2299","FA","25","0","0","1%","0%","0","0","0","0","0","0","0","0","0","0","0","0","0","0","0"
"*04q26*","Vinny Capra","BOS","3B","2385","FA","30","0","0","1%","0%","0","0","0","0","0","0","0","0","0","0","0","0","0","0","0"
"*06er4*","J.D. Gonzalez","TB","C","4265","FA","20","0","0","1%","0%","0","0","0","0","0","0","0","0","0","0","0","0","0","0","0"
"*06rhk*","Santiago Leon","MIN","SS","5584","FA","18","0","0","1%","0%","0","0","0","0","0","0","0","0","0","0","0","0","0","0","0"
"*06rhw*","Raymer Medina","TB","SS","6271","FA","18","0","0","1%","0%","0","0","0","0","0","0","0","0","0","0","0","0","0","0","0"
"*056j6*","Adrian Placencia","LAA","2B","7530","FA","23","0","0","1%","0%","0","0","0","0","0","0","0","0","0","0","0","0","0","0","0"
"*070ks*","Angel Abreu","CLE","OF","1188","FA","17","0","0","1%","0%","0","0","0","0","0","0","0","0","0","0","0","0","0","0","0"
"*06ic5*","Angel Guzman","TOR","2B","4470","FA","19","0","0","1%","0%","0","0","0","0","0","0","0","0","0","0","0","0","0","0","0"
"*06fz4*","Kyle Henley","CIN","OF","4661","FA","21","0","0","1%","0%","0","0","0","0","0","0","0","0","0","0","0","0","0","0","0"
"*072ic*","Rocco Maniscalco","STL","SS","5902","FA","17","0","0","1%","0%","0","0","0","0","0","0","0","0","0","0","0","0","0","0","0"
"*072yf*","Garielvin Silverio","BOS","OF","8674","FA","17","0","0","1%","0%","0","0","0","0","0","0","0","0","0","0","0","0","0","0","0"
"*05uac*","Dru Baker","CHW","OF","1637","FA","26","0","0","1%","0%","0","0","0","0","0","0","0","0","0","0","0","0","0","0","0"
"*06o0g*","Ryan Campos","STL","C","2361","FA","23","0","0","1%","0%","0","0","0","0","0","0","0","0","0","0","0","0","0","0","0"
"*05ydi*","Alexis Hernandez","CHC","2B,SS","4699","FA","21","0","0","1%","0%","0","0","0","0","0","0","0","0","0","0","0","0","0","0","0"
"*06rmb*","Jose Pena","BAL","SS","7442","FA","17","0","0","1%","0%","0","0","0","0","0","0","0","0","0","0","0","0","0","0","0"
"*06cmc*","Alberto Rios","LAA","C","7906","FA","24","0","0","1%","0%","0","0","0","0","0","0","0","0","0","0","0","0","0","0","0"
"*05wxx*","Logan Tanner","CIN","C","9053","FA","25","0","0","1%","0%","0","0","0","0","0","0","0","0","0","0","0","0","0","0","0"
"*06ujq*","Drew Brutcher","HOU","OF","2183","FA","24","0","0","1%","0%","0","0","0","0","0","0","0","0","0","0","0","0","0","0","0"
"*06rkn*","Alejandro Cruz","CHW","2B,3B","2945","FA","19","0","0","1%","0%","0","0","0","0","0","0","0","0","0","0","0","0","0","0","0"
"*05wb2*","Matt Koperniak","(N/A)","OF","5391","FA","28","0","0","1%","0%","0","0","0","0","0","0","0","0","0","0","0","0","0","0","0"
"*06zrh*","Ryan Sprock","TOR","3B","8857","FA","21","0","0","1%","0%","0","0","0","0","0","0","0","0","0","0","0","0","0","0","0"
"*06akh*","Alfredo Alcantara","CIN","2B,3B","1285","FA","20","0","0","1%","0%","0","0","0","0","0","0","0","0","0","0","0","0","0","0","0"
"*061x3*","Marvin Alcantara","BOS","2B,SS","1293","FA","21","0","0","1%","0%","0","0","0","0","0","0","0","0","0","0","0","0","0","0","0"
"*06rw5*","Gustavo Baptista","CLE","C","1664","FA","18","0","0","1%","0%","0","0","0","0","0","0","0","0","0","0","0","0","0","0","0"
"*02c4r*","Jon Berti","(N/A)","3B","1887","FA","36","0","0","1%","0%","0","0","0","0","0","0","0","0","0","0","0","0","0","0","0"
"*060p1*","Yasmil Bucce","BAL","1B","2191","FA","21","0","0","1%","0%","0","0","0","0","0","0","0","0","0","0","0","0","0","0","0"
"*06cf4*","Roni Cabrera","KC","OF","2285","FA","20","0","0","1%","0%","0","0","0","0","0","0","0","0","0","0","0","0","0","0","0"
"*072x2*","Pedro Gomez","BAL","OF","4217","FA","17","0","0","1%","0%","0","0","0","0","0","0","0","0","0","0","0","0","0","0","0"
"*06am6*","Wilfredo Lara","MIA","SS","5491","FA","22","0","0","1%","0%","0","0","0","0","0","0","0","0","0","0","0","0","0","0","0"
"*06onq*","Nick Montgomery","ATL","C","6563","FA","20","0","0","1%","0%","0","0","0","0","0","0","0","0","0","0","0","0","0","0","0"
"*06fr1*","Nate Nankil","ATH","OF","6767","FA","23","0","0","1%","0%","0","0","0","0","0","0","0","0","0","0","0","0","0","0","0"
"*072zw*","Isaias Suarez","WSH","OF","8967","FA","17","0","0","1%","0%","0","0","0","0","0","0","0","0","0","0","0","0","0","0","0"
"*066or*","Jancel Villarroel","SF","C","9561","FA","21","0","0","1%","0%","0","0","0","0","0","0","0","0","0","0","0","0","0","0","0"
"*06fqe*","Braylen Wimmer","COL","2B,3B,OF","9843","FA","25","0","0","1%","0%","0","0","0","0","0","0","0","0","0","0","0","0","0","0","0"
"*06y7h*","Bobby Boser","ATH","SS","2015","FA","23","0","0","1%","0%","0","0","0","0","0","0","0","0","0","0","0","0","0","0","0"
"*0512d*","Tristin English","(N/A)","1B","3567","FA","29","0","0","1%","0%","0","0","0","0","0","0","0","0","0","0","0","0","0","0","0"
"*04al0*","Ronaldo Hernandez","(N/A)","C","4758","FA","28","0","0","1%","0%","0","0","0","0","0","0","0","0","0","0","0","0","0","0","0"
"*06yy9*","Lorenzo Meola","SF","2B","6356","FA","22","0","0","1%","0%","0","0","0","0","0","0","0","0","0","0","0","0","0","0","0"
"*06zlj*","Jase Mitchell","HOU","C","6484","FA","19","0","0","1%","0%","0","0","0","0","0","0","0","0","0","0","0","0","0","0","0"
"*06o0c*","Nick Mitchell","CLE","OF","6485","FA","22","0","0","1%","0%","0","0","0","0","0","0","0","0","0","0","0","0","0","0","0"
"*04y98*","Austin Shenton","(N/A)","1B,3B","8618","FA","28","0","0","1%","0%","0","0","0","0","0","0","0","0","0","0","0","0","0","0","0"
"*06r76*","Caden Sorrell","CHC","OF","8803","FA","21","0","0","1%","0%","0","0","0","0","0","0","0","0","0","0","0","0","0","0","0"
"*06qnl*","Jude Warwick","DET","2B,SS","9665","FA","20","0","0","1%","0%","0","0","0","0","0","0","0","0","0","0","0","0","0","0","0"
"*06c3t*","Mario Baez","ATL","2B","1624","FA","19","0","0","1%","0%","0","0","0","0","0","0","0","0","0","0","0","0","0","0","0"
"*0513p*","Colin Barber","(N/A)","OF","1670","FA","25","0","0","1%","0%","0","0","0","0","0","0","0","0","0","0","0","0","0","0","0"
"*03z62*","Bobby Dalbec","(N/A)","1B","3026","FA","31","0","0","1%","0%","0","0","0","0","0","0","0","0","0","0","0","0","0","0","0"
"*072zz*","Ruben Gallego","ARI","SS","3984","FA","17","0","0","1%","0%","0","0","0","0","0","0","0","0","0","0","0","0","0","0","0"
"*06bpz*","Pedro Ibarguen","MIL","OF","4992","FA","20","0","0","1%","0%","0","0","0","0","0","0","0","0","0","0","0","0","0","0","0"
"*06jfm*","Jemone Nuel","BAL","SS","6888","FA","19","0","0","1%","0%","0","0","0","0","0","0","0","0","0","0","0","0","0","0","0"
"*06ic3*","Emilio Sanchez","BAL","SS","8351","FA","19","0","0","1%","0%","0","0","0","0","0","0","0","0","0","0","0","0","0","0","0"
"*0529m*","Allan Cerda","(N/A)","OF","2576","FA","26","0","0","1%","0%","0","0","0","0","0","0","0","0","0","0","0","0","0","0","0"
"*060my*","Jared Dickey","ATH","OF","3340","FA","24","0","0","1%","0%","0","0","0","0","0","0","0","0","0","0","0","0","0","0","0"
"*05ad6*","George Feliz","SEA","OF","3699","FA","23","0","0","1%","0%","0","0","0","0","0","0","0","0","0","0","0","0","0","0","0"
"*03yuu*","Moises Gomez","(N/A)","OF","4214","FA","27","0","0","1%","0%","0","0","0","0","0","0","0","0","0","0","0","0","0","0","0"
"*06rhv*","Moises Marchan","KC","C","5927","FA","18","0","0","1%","0%","0","0","0","0","0","0","0","0","0","0","0","0","0","0","0"
"*06ic2*","Curley Martha","TEX","2B","5990","FA","19","0","0","1%","0%","0","0","0","0","0","0","0","0","0","0","0","0","0","0","0"
"*06ava*","Anibal Salas","DET","OF","8299","FA","20","0","0","1%","0%","0","0","0","0","0","0","0","0","0","0","0","0","0","0","0"
"*04egd*","Canaan Smith-Njigba","(N/A)","OF","8767","FA","27","0","0","1%","0%","0","0","0","0","0","0","0","0","0","0","0","0","0","0","0"
"*04mn3*","Travis Swaggerty","(N/A)","OF","9010","FA","28","0","0","1%","0%","0","0","0","0","0","0","0","0","0","0","0","0","0","0","0"
"*06rkw*","Carlos Taveras","MIN","OF","9079","FA","18","0","0","1%","0%","0","0","0","0","0","0","0","0","0","0","0","0","0","0","0"
"*06dn5*","Jake Cunningham","SD","OF","2997","FA","24","0","0","1%","0%","0","0","0","0","0","0","0","0","0","0","0","0","0","0","0"
"*0701l*","Matthew Ferrara","PHI","2B","3736","FA","19","0","0","1%","0%","0","0","0","0","0","0","0","0","0","0","0","0","0","0","0"
"*06cqh*","Chase Fuller","(N/A)","SS","3950","FA","17","0","0","1%","0%","0","0","0","0","0","0","0","0","0","0","0","0","0","0","0"
"*06kjv*","Vladi Guerrero","(N/A)","1B","4428","FA","19","0","0","1%","0%","0","0","0","0","0","0","0","0","0","0","0","0","0","0","0"
"*041t8*","Andrew Knizner","BOS","C","5359","FA","31","0","0","1%","0%","0","0","0","0","0","0","0","0","0","0","0","0","0","0","0"
"*06f1n*","Zach Levenson","STL","OF","5599","FA","24","0","0","1%","0%","0","0","0","0","0","0","0","0","0","0","0","0","0","0","0"
"*0401b*","Kevin Maitan","(N/A)","1B","5879","FA","26","0","0","1%","0%","0","0","0","0","0","0","0","0","0","0","0","0","0","0","0"
"*06onr*","Reyli Mariano","LAD","2B","5936","FA","19","0","0","1%","0%","0","0","0","0","0","0","0","0","0","0","0","0","0","0","0"
"*06cqq*","Starlyn Nunez","BOS","3B,SS","6911","FA","20","0","0","1%","0%","0","0","0","0","0","0","0","0","0","0","0","0","0","0","0"
"*06k7u*","Jesus Pinto","DET","OF","7508","FA","19","0","0","1%","0%","0","0","0","0","0","0","0","0","0","0","0","0","0","0","0"
"*061ye*","Geraldo Quintero","ATL","OF","7669","FA","24","0","0","1%","0%","0","0","0","0","0","0","0","0","0","0","0","0","0","0","0"
"*06hte*","Tre Richardson","STL","2B","7884","FA","24","0","0","1%","0%","0","0","0","0","0","0","0","0","0","0","0","0","0","0","0"
"*04pht*","Alberto Rodriguez","KC","OF","8001","FA","25","0","0","1%","0%","0","0","0","0","0","0","0","0","0","0","0","0","0","0","0"
"*01te5*","Donovan Solano","(N/A)","1B","8785","FA","38","0","0","1%","0%","0","0","0","0","0","0","0","0","0","0","0","0","0","0","0"
"*06me9*","Oliver Tejada","SF","OF","9113","FA","19","0","0","1%","0%","0","0","0","0","0","0","0","0","0","0","0","0","0","0","0"
"*06icb*","Bralyn Brazoban","PIT","OF","2080","FA","19","0","0","1%","0%","0","0","0","0","0","0","0","0","0","0","0","0","0","0","0"
"*06nui*","Casey Cook","TEX","2B","2817","FA","23","0","0","1%","0%","0","0","0","0","0","0","0","0","0","0","0","0","0","0","0"
"*05tay*","Tyler Hardman","NYY","1B","4565","FA","27","0","0","1%","0%","0","0","0","0","0","0","0","0","0","0","0","0","0","0","0"
"*067zc*","Luke Heyman","BOS","C","4804","FA","23","0","0","1%","0%","0","0","0","0","0","0","0","0","0","0","0","0","0","0","0"
"*06ek0*","Dylan Jasso","MIA","3B","5058","FA","23","0","0","1%","0%","0","0","0","0","0","0","0","0","0","0","0","0","0","0","0"
"*06ya0*","Stiven Marinez","NYY","SS","5946","FA","18","0","0","1%","0%","0","0","0","0","0","0","0","0","0","0","0","0","0","0","0"
"*04yd0*","Alexander Ramirez","(N/A)","OF","7696","FA","23","0","0","1%","0%","0","0","0","0","0","0","0","0","0","0","0","0","0","0","0"
"*06ftw*","Miguel Rodriguez","BAL","C","8074","FA","20","0","0","1%","0%","0","0","0","0","0","0","0","0","0","0","0","0","0","0","0"
"*06y89*","Ricardo Romero","CLE","2B","8162","FA","18","0","0","1%","0%","0","0","0","0","0","0","0","0","0","0","0","0","0","0","0"
"*06fqz*","Trevor Werner","KC","3B,OF","9724","FA","25","0","0","1%","0%","0","0","0","0","0","0","0","0","0","0","0","0","0","0","0"
"*06qnj*","Brandon Butterworth","BAL","2B,SS","2250","FA","23","0","0","1%","0%","0","0","0","0","0","0","0","0","0","0","0","0","0","0","0"
"*06z64*","Leni Done","NYY","3B","3390","FA","19","0","0","1%","0%","0","0","0","0","0","0","0","0","0","0","0","0","0","0","0"
"*06qtp*","Connor Hujsak","TB","OF","4963","FA","24","0","0","1%","0%","0","0","0","0","0","0","0","0","0","0","0","0","0","0","0"
"*06r2w*","Juan Mateo","ATL","3B","6096","FA","19","0","0","1%","0%","0","0","0","0","0","0","0","0","0","0","0","0","0","0","0"
"*05ung*","Tyler McDonough","BOS","SS","6183","FA","27","0","0","1%","0%","0","0","0","0","0","0","0","0","0","0","0","0","0","0","0"
"*06yq7*","Nick Monistere","HOU","SS","6526","FA","22","0","0","1%","0%","0","0","0","0","0","0","0","0","0","0","0","0","0","0","0"
"*051gu*","Josh Rivera","TOR","SS","7935","FA","25","0","0","1%","0%","0","0","0","0","0","0","0","0","0","0","0","0","0","0","0"
"*04ahd*","Yunior Severino","(N/A)","OF","8588","FA","26","0","0","1%","0%","0","0","0","0","0","0","0","0","0","0","0","0","0","0","0"
"*05uy0*","Ryan Spikes","TB","3B,OF","8850","FA","23","0","0","1%","0%","0","0","0","0","0","0","0","0","0","0","0","0","0","0","0"
"*066rw*","Alberto Barriga","ARI","C","1709","FA","21","0","0","1%","0%","0","0","0","0","0","0","0","0","0","0","0","0","0","0","0"
"*05t6h*","Victor Labrada","SEA","OF","5434","FA","26","0","0","1%","0%","0","0","0","0","0","0","0","0","0","0","0","0","0","0","0"
"*070by*","Truitt Madonna","SD","C","5859","FA","19","0","0","1%","0%","0","0","0","0","0","0","0","0","0","0","0","0","0","0","0"
"*072ji*","Michael Mesa","TOR","OF","6385","FA","17","0","0","1%","0%","0","0","0","0","0","0","0","0","0","0","0","0","0","0","0"
"*05jrj*","Carson Tucker","SD","2B","9321","FA","24","0","0","1%","0%","0","0","0","0","0","0","0","0","0","0","0","0","0","0","0"
"*06dmz*","Brock Vradenburg","(N/A)","1B","9598","FA","24","0","0","1%","0%","0","0","0","0","0","0","0","0","0","0","0","0","0","0","0"
"*06uow*","Marco Argudin","TEX","OF","1487","FA","20","0","0","0%","0%","0","0","0","0","0","0","0","0","0","0","0","0","0","0","0"
"*06ako*","Pedro Catuy","ARI","OF","2539","FA","20","0","0","0%","0%","0","0","0","0","0","0","0","0","0","0","0","0","0","0","0"
"*05jr2*","Elijah Dunham","LAA","OF","3457","FA","28","0","0","0%","0%","0","0","0","0","0","0","0","0","0","0","0","0","0","0","0"
"*060qt*","Carlos Jimenez","SEA","OF","5100","FA","23","0","0","0%","0%","0","0","0","0","0","0","0","0","0","0","0","0","0","0","0"
"*06ici*","Nestor Miranda","DET","UT","6477","FA","20","0","0","0%","0%","0","0","0","0","0","0","0","0","0","0","0","0","0","0","0"
"*040fw*","Rene Pinto","(N/A)","C","7512","FA","29","0","0","0%","0%","0","0","0","0","0","0","0","0","0","0","0","0","0","0","0"
"*06ic0*","Franklin Rojas","TOR","C","8119","FA","19","0","0","0%","0%","0","0","0","0","0","0","0","0","0","0","0","0","0","0","0"
"*0511s*","Davis Wendzel","(N/A)","SS","9717","FA","29","0","0","0%","0%","4","0","0","0","0","0","0","0","0","0","0","0","0","0","2"
"*06rta*","Anthony Abreu","MIA","3B","1189","FA","18","0","0","0%","0%","0","0","0","0","0","0","0","0","0","0","0","0","0","0","0"
"*04q23*","CJ Alexander","HOU","1B,3B","1308","FA","30","0","0","0%","0%","0","0","0","0","0","0","0","0","0","0","0","0","0","0","0"
"*04n1p*","Will Banfield","CIN","C","1656","FA","26","0","0","0%","0%","0","0","0","0","0","0","0","0","0","0","0","0","0","0","0"
"*06rhu*","Ruben Castillo","NYY","OF","2511","FA","18","0","0","0%","0%","0","0","0","0","0","0","0","0","0","0","0","0","0","0","0"
"*06486*","Brenner Cox","WSH","OF","2898","FA","22","0","0","0%","0%","0","0","0","0","0","0","0","0","0","0","0","0","0","0","0"
"*04yt7*","Jeremy De La Rosa","(N/A)","OF","3157","FA","24","0","0","0%","0%","0","0","0","0","0","0","0","0","0","0","0","0","0","0","0"
"*06qxw*","Francisco Espinoza","LAD","C","3603","FA","19","0","0","0%","0%","0","0","0","0","0","0","0","0","0","0","0","0","0","0","0"
"*065j9*","Sammy Hernandez","STL","C,1B","4761","FA","22","0","0","0%","0%","0","0","0","0","0","0","0","0","0","0","0","0","0","0","0"
"*06bpt*","Anthony Martinez","CLE","UT","6016","FA","22","0","0","0%","0%","0","0","0","0","0","0","0","0","0","0","0","0","0","0","0"
"*0723d*","Shota Morishita","(N/A)","OF","6651","FA","25","0","0","0%","0%","0","0","0","0","0","0","0","0","0","0","0","0","0","0","0"
"*06gij*","Avery Owusu-Asiedu","ARI","OF","7092","FA","23","0","0","0%","0%","0","0","0","0","0","0","0","0","0","0","0","0","0","0","0"
"*05ykv*","Esmith Pineda","CIN","OF","7489","FA","21","0","0","0%","0%","0","0","0","0","0","0","0","0","0","0","0","0","0","0","0"
"*061zl*","Rafael Ramirez","WSH","2B","7720","FA","21","0","0","0%","0%","0","0","0","0","0","0","0","0","0","0","0","0","0","0","0"
"*06rks*","Larry Suero","COL","3B","8981","FA","18","0","0","0%","0%","0","0","0","0","0","0","0","0","0","0","0","0","0","0","0"
"*060g5*","Payton Green","MIA","SS","4370","FA","23","0","0","0%","0%","0","0","0","0","0","0","0","0","0","0","0","0","0","0","0"
"*05jry*","Hudson Haskin","(N/A)","OF","4606","FA","27","0","0","0%","0%","0","0","0","0","0","0","0","0","0","0","0","0","0","0","0"
"*062kc*","Marcos Torres","TEX","OF","9264","FA","21","0","0","0%","0%","0","0","0","0","0","0","0","0","0","0","0","0","0","0","0"
"*01lum*","Justin Turner","(N/A)","1B","9336","FA","41","0","0","0%","0%","0","0","0","0","0","0","0","0","0","0","0","0","0","0","0"
"*05jsa*","Jake Vogel","(N/A)","OF","9589","FA","24","0","0","0%","0%","0","0","0","0","0","0","0","0","0","0","0","0","0","0","0"
"*06iex*","Myles Bailey","CHC","1B","1630","FA","21","0","0","0%","0%","0","0","0","0","0","0","0","0","0","0","0","0","0","0","0"
"*04ejn*","Sean Bouchard","(N/A)","OF","2022","FA","30","0","0","0%","0%","0","0","0","0","0","0","0","0","0","0","0","0","0","0","0"
"*0630g*","Joe Lampe","(N/A)","OF","5451","FA","25","0","0","0%","0%","0","0","0","0","0","0","0","0","0","0","0","0","0","0","0"
"*06rme*","Anthony Millan","HOU","OF","6433","FA","18","0","0","0%","0%","0","0","0","0","0","0","0","0","0","0","0","0","0","0","0"
"*06yk1*","Riley Nelson","CLE","1B","6803","FA","22","0","0","0%","0%","0","0","0","0","0","0","0","0","0","0","0","0","0","0","0"
"*04y9g*","Will Robertson","(N/A)","OF","7972","FA","28","0","0","0%","0%","0","0","0","0","0","0","0","0","0","0","0","0","0","0","0"
"*06yy3*","Nolan Sailors","KC","OF","8295","FA","23","0","0","0%","0%","0","0","0","0","0","0","0","0","0","0","0","0","0","0","0"
"*06z3u*","Isaiah Barkett","SF","3B","1680","FA","22","0","0","0%","0%","0","0","0","0","0","0","0","0","0","0","0","0","0","0","0"
"*06ytz*","Yovanny Duran","MIN","OF","3479","FA","18","0","0","0%","0%","0","0","0","0","0","0","0","0","0","0","0","0","0","0","0"
"*06ynm*","Nathan Hall","ARI","OF","4518","FA","22","0","0","0%","0%","0","0","0","0","0","0","0","0","0","0","0","0","0","0","0"
"*06gum*","Kehden Hettiger","PHI","C,1B","4800","FA","22","0","0","0%","0%","0","0","0","0","0","0","0","0","0","0","0","0","0","0","0"
"*06433*","Kody Huff","CLE","C","4951","FA","25","0","0","0%","0%","0","0","0","0","0","0","0","0","0","0","0","0","0","0","0"
"*06drq*","Tavian Josenberger","BAL","OF","5194","FA","24","0","0","0%","0%","0","0","0","0","0","0","0","0","0","0","0","0","0","0","0"
"*06pg3*","Braedon Karpathios","SD","OF","5232","FA","23","0","0","0%","0%","0","0","0","0","0","0","0","0","0","0","0","0","0","0","0"
"*06xy3*","Yaxson Lucena","STL","OF","5772","FA","19","0","0","0%","0%","0","0","0","0","0","0","0","0","0","0","0","0","0","0","0"
"*05ity*","Javier Rivas","PIT","3B,SS","7921","FA","23","0","0","0%","0%","0","0","0","0","0","0","0","0","0","0","0","0","0","0","0"
"*06ysh*","Jacob Seamon","(N/A)","OF","8533","FA","16","0","0","0%","0%","0","0","0","0","0","0","0","0","0","0","0","0","0","0","0"
"*072vv*","Leonardo Sevilla","ARI","SS","8590","FA","18","0","0","0%","0%","0","0","0","0","0","0","0","0","0","0","0","0","0","0","0"
"*04qg4*","Luis Toribio","(N/A)","3B","9237","FA","25","0","0","0%","0%","0","0","0","0","0","0","0","0","0","0","0","0","0","0","0"
"*064i9*","Peyton Williams","TOR","1B","9815","FA","25","0","0","0%","0%","0","0","0","0","0","0","0","0","0","0","0","0","0","0","0"
"*0622v*","Michael Carico","CHC","C","2407","FA","23","0","0","0%","0%","0","0","0","0","0","0","0","0","0","0","0","0","0","0","0"
"*02yhb*","Luis Castro","(N/A)","1B,3B,OF","2528","FA","30","0","0","0%","0%","0","0","0","0","0","0","0","0","0","0","0","0","0","0","0"
"*05li9*","Alex De Jesus","(N/A)","1B,3B","3110","FA","24","0","0","0%","0%","0","0","0","0","0","0","0","0","0","0","0","0","0","0","0"
"*066my*","Ludwing Espinoza","CHC","2B","3606","FA","20","0","0","0%","0%","0","0","0","0","0","0","0","0","0","0","0","0","0","0","0"
"*066td*","Derlin Figueroa","KC","1B,3B","3756","FA","22","0","0","0%","0%","0","0","0","0","0","0","0","0","0","0","0","0","0","0","0"
"*0512f*","Matt Fraizer","BOS","OF","3868","FA","28","0","0","0%","0%","0","0","0","0","0","0","0","0","0","0","0","0","0","0","0"
"*06qie*","Jack Penney","DET","2B,SS","7304","FA","23","0","0","0%","0%","0","0","0","0","0","0","0","0","0","0","0","0","0","0","0"
"*06op1*","Ian Petrutz","STL","OF","7435","FA","23","0","0","0%","0%","0","0","0","0","0","0","0","0","0","0","0","0","0","0","0"
"*06ibx*","Belfi Rivera","ARI","OF","7929","FA","19","0","0","0%","0%","0","0","0","0","0","0","0","0","0","0","0","0","0","0","0"
"*04053*","Matt Thaiss","HOU","C","9143","FA","31","0","0","0%","0%","0","0","0","0","0","0","0","0","0","0","0","0","0","0","0"
"*04xon*","Terrin Vavra","BAL","2B","9481","FA","29","0","0","0%","0%","0","0","0","0","0","0","0","0","0","0","0","0","0","0","0"
"*031b4*","Tyler Wade","(N/A)","OF,UT","9605","FA","31","0","0","0%","0%","0","0","0","0","0","0","0","0","0","0","0","0","0","0","0"
"*05ogp*","Ethan Wilson","(N/A)","OF","9832","FA","26","0","0","0%","0%","0","0","0","0","0","0","0","0","0","0","0","0","0","0","0"
"*06c3s*","Julio Zayas","NYM","C","9993","FA","20","0","0","0%","0%","0","0","0","0","0","0","0","0","0","0","0","0","0","0","0"
"*04ehx*","Mason McCoy","SD","SS","6167","FA","31","0","0","0%","0%","0","0","0","0","0","0","0","0","0","0","0","0","0","0","0"
"*05jpw*","Zavier Warren","(N/A)","1B,2B,3B,OF","9662","FA","27","0","0","0%","0%","0","0","0","0","0","0","0","0","0","0","0","0","0","0","0"
"*06jfl*","Luis De La Cruz","CLE","1B","3134","FA","19","0","0","0%","0%","0","0","0","0","0","0","0","0","0","0","0","0","0","0","0"
"*062e6*","Jaime Ferrer","MIN","C,1B,OF","3740","FA","23","0","0","0%","0%","0","0","0","0","0","0","0","0","0","0","0","0","0","0","0"
"*05rbu*","Daniel Guilarte","MIL","2B,3B,OF","4435","FA","22","0","0","0%","0%","0","0","0","0","0","0","0","0","0","0","0","0","0","0","0"
"*06c8a*","Angel Guzman","SF","1B","4469","FA","20","0","0","0%","0%","0","0","0","0","0","0","0","0","0","0","0","0","0","0","0"
"*06l5p*","Isaiah Jackson","BOS","OF","5031","FA","22","0","0","0%","0%","0","0","0","0","0","0","0","0","0","0","0","0","0","0","0"
"*06beq*","Jeremiah Jenkins","SF","1B","5078","FA","23","0","0","0%","0%","0","0","0","0","0","0","0","0","0","0","0","0","0","0","0"
"*06qzo*","Pablo Nunez","CIN","OF","6908","FA","19","0","0","0%","0%","0","0","0","0","0","0","0","0","0","0","0","0","0","0","0"
"*06mv3*","Kevin Roberts Jr.","BAL","OF","7958","FA","18","0","0","0%","0%","0","0","0","0","0","0","0","0","0","0","0","0","0","0","0"
"*06roz*","Adrian Rodriguez","(N/A)","3B","8000","FA","20","0","0","0%","0%","0","0","0","0","0","0","0","0","0","0","0","0","0","0","0"
"*06ro2*","Cristopher Acosta","MIL","SS","1212","FA","18","0","0","0%","0%","0","0","0","0","0","0","0","0","0","0","0","0","0","0","0"
"*025iy*","Jorge Alfaro","KC","C","1313","FA","33","0","0","0%","0%","0","0","0","0","0","0","0","0","0","0","0","0","0","0","0"
"*05yeh*","Pablo Aliendo","CIN","C,1B","1322","FA","25","0","0","0%","0%","0","0","0","0","0","0","0","0","0","0","0","0","0","0","0"
"*06hyq*","Kennew Blanco","TOR","SS","1948","FA","19","0","0","0%","0%","0","0","0","0","0","0","0","0","0","0","0","0","0","0","0"
"*0703b*","Matthew Boughton","CHW","SS","2026","FA","20","0","0","0%","0%","0","0","0","0","0","0","0","0","0","0","0","0","0","0","0"
"*066lz*","Andrew Cossetti","MIN","C","2873","FA","26","0","0","0%","0%","0","0","0","0","0","0","0","0","0","0","0","0","0","0","0"
"*06kk2*","Zander Darby","SF","2B","3053","FA","23","0","0","0%","0%","0","0","0","0","0","0","0","0","0","0","0","0","0","0","0"
"*07301*","Ricky Duran","ATH","SS","3477","FA","17","0","0","0%","0%","0","0","0","0","0","0","0","0","0","0","0","0","0","0","0"
"*05rk5*","Ronald Hernandez","NYM","C,1B","4757","FA","22","0","0","0%","0%","0","0","0","0","0","0","0","0","0","0","0","0","0","0","0"
"*072ih*","Hansel Jimenez","CIN","3B,SS","5114","FA","19","0","0","0%","0%","0","0","0","0","0","0","0","0","0","0","0","0","0","0","0"
"*04pmf*","Grant Lavigne","(N/A)","1B","5516","FA","26","0","0","0%","0%","0","0","0","0","0","0","0","0","0","0","0","0","0","0","0"
"*02t8m*","Tom Murphy","(N/A)","C","6739","FA","35","0","0","0%","0%","0","0","0","0","0","0","0","0","0","0","0","0","0","0","0"
"*05rf7*","John Rhodes","(N/A)","1B","7871","FA","25","0","0","0%","0%","0","0","0","0","0","0","0","0","0","0","0","0","0","0","0"
"*05vyr*","Jose Torres","COL","SS","9258","FA","26","0","0","0%","0%","0","0","0","0","0","0","0","0","0","0","0","0","0","0","0"
"*06qzl*","Javier Acevedo","PIT","C,1B","1199","FA","19","0","0","0%","0%","0","0","0","0","0","0","0","0","0","0","0","0","0","0","0"
"*06dqm*","Kevyn Castillo","LAA","OF","2501","FA","21","0","0","0%","0%","0","0","0","0","0","0","0","0","0","0","0","0","0","0","0"
"*06zlh*","Kerrington Cross","SD","3B","2934","FA","24","0","0","0%","0%","0","0","0","0","0","0","0","0","0","0","0","0","0","0","0"
"*05xyq*","Edward Duran","TOR","C","3473","FA","22","0","0","0%","0%","0","0","0","0","0","0","0","0","0","0","0","0","0","0","0"
"*04z94*","Maikol Escotto","(N/A)","2B,SS","3586","FA","24","0","0","0%","0%","0","0","0","0","0","0","0","0","0","0","0","0","0","0","0"
"*05uaf*","Max Ferguson","BOS","2B,OF","3712","FA","26","0","0","0%","0%","0","0","0","0","0","0","0","0","0","0","0","0","0","0","0"
"*05ydh*","Dayan Frias","CLE","1B,3B","3919","FA","24","0","0","0%","0%","0","0","0","0","0","0","0","0","0","0","0","0","0","0","0"
"*02i3v*","Joey Gallo","(N/A)","1B","3988","FA","32","0","0","0%","0%","0","0","0","0","0","0","0","0","0","0","0","0","0","0","0"
"*06k7z*","Deinys Gonzalez","TB","C","4251","FA","19","0","0","0%","0%","0","0","0","0","0","0","0","0","0","0","0","0","0","0","0"
"*06c3g*","Gabriel Lara","NYY","OF","5485","FA","20","0","0","0%","0%","0","0","0","0","0","0","0","0","0","0","0","0","0","0","0"
"*06ick*","Jose Ramos","ATH","OF","7746","FA","19","0","0","0%","0%","0","0","0","0","0","0","0","0","0","0","0","0","0","0","0"
"*06s3s*","Juan Rojas","HOU","3B","8127","FA","18","0","0","0%","0%","0","0","0","0","0","0","0","0","0","0","0","0","0","0","0"
"*05rij*","Luca Tresh","KC","C","9301","FA","26","0","0","0%","0%","0","0","0","0","0","0","0","0","0","0","0","0","0","0","0"
"*06f16*","Jay Beshears","MIA","1B,3B","1889","FA","24","0","0","0%","0%","0","0","0","0","0","0","0","0","0","0","0","0","0","0","0"
"*072vt*","Edelson Cabral","ATL","SS","2266","FA","17","0","0","0%","0%","0","0","0","0","0","0","0","0","0","0","0","0","0","0","0"
"*06hq8*","Caleb Cali","SEA","3B","2317","FA","25","0","0","0%","0%","0","0","0","0","0","0","0","0","0","0","0","0","0","0","0"
"*04yj9*","Julio Carreras","CIN","2B,3B","2444","FA","26","0","0","0%","0%","0","0","0","0","0","0","0","0","0","0","0","0","0","0","0"
"*066n0*","Ariel Castro","(N/A)","OF","2520","FA","20","0","0","0%","0%","0","0","0","0","0","0","0","0","0","0","0","0","0","0","0"
"*05uy3*","Cal Conley","ATL","2B,SS","2790","FA","27","0","0","0%","0%","0","0","0","0","0","0","0","0","0","0","0","0","0","0","0"
"*051c9*","DJ Gladney","NYY","OF","4175","FA","25","0","0","0%","0%","0","0","0","0","0","0","0","0","0","0","0","0","0","0","0"
"*06qrh*","Sir Jamison Jones","WSH","C","5185","FA","20","0","0","0%","0%","0","0","0","0","0","0","0","0","0","0","0","0","0","0","0"
"*06kxu*","Browm Martinez","WSH","OF","6018","FA","19","0","0","0%","0%","0","0","0","0","0","0","0","0","0","0","0","0","0","0","0"
"*05r5l*","Hans Montero","NYY","1B,2B","6543","FA","22","0","0","0%","0%","0","0","0","0","0","0","0","0","0","0","0","0","0","0","0"
"*066o7*","Felix Morrobel","LAA","2B","6665","FA","20","0","0","0%","0%","0","0","0","0","0","0","0","0","0","0","0","0","0","0","0"
"*06ag3*","Abraham Nunez","CHW","OF","6890","FA","20","0","0","0%","0%","0","0","0","0","0","0","0","0","0","0","0","0","0","0","0"
"*06owd*","Ronald Ramirez","DET","2B","7727","FA","19","0","0","0%","0%","0","0","0","0","0","0","0","0","0","0","0","0","0","0","0"
"*0731w*","Aiden Robbins","NYM","OF","7954","FA","21","0","0","0%","0%","0","0","0","0","0","0","0","0","0","0","0","0","0","0","0"
"*06mpz*","Tyler Rodriguez","MIL","OF","8089","FA","20","0","0","0%","0%","0","0","0","0","0","0","0","0","0","0","0","0","0","0","0"
"*068nc*","Jose Suarez","STL","OF","8972","FA","21","0","0","0%","0%","0","0","0","0","0","0","0","0","0","0","0","0","0","0","0"
"*06z51*","Moises Acacio","LAD","2B","1196","FA","18","0","0","0%","0%","0","0","0","0","0","0","0","0","0","0","0","0","0","0","0"
"*06ak2*","Kelvin Alcantara","SEA","OF","1292","FA","20","0","0","0%","0%","0","0","0","0","0","0","0","0","0","0","0","0","0","0","0"
"*06jfj*","Angel Arredondo","TEX","3B","1542","FA","19","0","0","0%","0%","0","0","0","0","0","0","0","0","0","0","0","0","0","0","0"
"*06fqt*","Scott Bandura","SF","OF","1655","FA","24","0","0","0%","0%","0","0","0","0","0","0","0","0","0","0","0","0","0","0","0"
"*07010*","Daniel Bucciero","ATH","3B","2192","FA","21","0","0","0%","0%","0","0","0","0","0","0","0","0","0","0","0","0","0","0","0"
"*041sb*","Conner Capel","COL","OF","2379","FA","29","0","0","0%","0%","0","0","0","0","0","0","0","0","0","0","0","0","0","0","0"
"*05jq6*","Corey Collins","NYM","1B","2761","FA","24","0","0","0%","0%","0","0","0","0","0","0","0","0","0","0","0","0","0","0","0"
"*04o4r*","Carlos De La Cruz","(N/A)","OF","3122","FA","26","0","0","0%","0%","0","0","0","0","0","0","0","0","0","0","0","0","0","0","0"
"*06xzv*","Diwarys Encarnacion","MIA","SS","3556","FA","20","0","0","0%","0%","0","0","0","0","0","0","0","0","0","0","0","0","0","0","0"
"*0624a*","Lizandro Espinoza","ATL","SS,OF","3605","FA","23","0","0","0%","0%","0","0","0","0","0","0","0","0","0","0","0","0","0","0","0"
"*06dqn*","Cole Fontenelle","LAA","3B","3836","FA","24","0","0","0%","0%","0","0","0","0","0","0","0","0","0","0","0","0","0","0","0"
"*04pkx*","Ismael Munguia","TOR","OF","6713","FA","27","0","0","0%","0%","0","0","0","0","0","0","0","0","0","0","0","0","0","0","0"
"*05tq0*","Mat Nelson","(N/A)","C","6801","FA","27","0","0","0%","0%","0","0","0","0","0","0","0","0","0","0","0","0","0","0","0"
"*04xf0*","Rainer Nunez","(N/A)","1B","6910","FA","25","0","0","0%","0%","0","0","0","0","0","0","0","0","0","0","0","0","0","0","0"
"*060gh*","Carlos Pacheco","ATH","OF","7105","FA","21","0","0","0%","0%","0","0","0","0","0","0","0","0","0","0","0","0","0","0","0"
"*06f0r*","Justin Riemer","ATH","2B,3B","7889","FA","24","0","0","0%","0%","0","0","0","0","0","0","0","0","0","0","0","0","0","0","0"
"*045oe*","Jeisson Rosario","(N/A)","OF","8200","FA","26","0","0","0%","0%","0","0","0","0","0","0","0","0","0","0","0","0","0","0","0"
"*06fz8*","Quincy Scott","TEX","1B","8524","FA","23","0","0","0%","0%","0","0","0","0","0","0","0","0","0","0","0","0","0","0","0"
"*0733t*","Oscar Tineo","DET","SS","9202","FA","17","0","0","0%","0%","0","0","0","0","0","0","0","0","0","0","0","0","0","0","0"
"*06qo3*","Sean Barnett","SD","UT,RP","1687","FA","23","0","0","0%","0%","0","0","0","0","0","0","0","0","0","0","0","0","0","0","0"
"*06rtc*","Yulian Barreto","SF","2B","1705","FA","18","0","0","0%","0%","0","0","0","0","0","0","0","0","0","0","0","0","0","0","0"
"*05gs5*","Hayden Cantrelle","CHC","2B,SS","2377","FA","27","0","0","0%","0%","0","0","0","0","0","0","0","0","0","0","0","0","0","0","0"
"*06qnh*","Connor Caskenette","MIA","C","2471","FA","24","0","0","0%","0%","0","0","0","0","0","0","0","0","0","0","0","0","0","0","0"
"*06htw*","Arturo Disla","TEX","1B","3362","FA","25","0","0","0%","0%","0","0","0","0","0","0","0","0","0","0","0","0","0","0","0"
"*066m8*","Darling Fernandez","ATH","OF","3717","FA","20","0","0","0%","0%","0","0","0","0","0","0","0","0","0","0","0","0","0","0","0"
"*06pq8*","Dylan Fien","ATH","C","3749","FA","20","0","0","0%","0%","0","0","0","0","0","0","0","0","0","0","0","0","0","0","0"
"*0701k*","Anthony Frobose","NYM","SS","3935","FA","19","0","0","0%","0%","0","0","0","0","0","0","0","0","0","0","0","0","0","0","0"
"*06huk*","Ryan Galanie","CHW","1B","3971","FA","26","0","0","0%","0%","0","0","0","0","0","0","0","0","0","0","0","0","0","0","0"
"*06gil*","Phillip Glasser","WSH","OF","4176","FA","26","0","0","0%","0%","0","0","0","0","0","0","0","0","0","0","0","0","0","0","0"
"*0647k*","Cade Hunter","CIN","C","4974","FA","25","0","0","0%","0%","0","0","0","0","0","0","0","0","0","0","0","0","0","0","0"
"*06rf7*","Nieves Izaguirre","PHI","SS","5021","FA","18","0","0","0%","0%","0","0","0","0","0","0","0","0","0","0","0","0","0","0","0"
"*0730o*","Jaims Martinez","CHC","SS","6036","FA","17","0","0","0%","0%","0","0","0","0","0","0","0","0","0","0","0","0","0","0","0"
"*04eex*","Cal Mitchell","(N/A)","OF","6482","FA","27","0","0","0%","0%","0","0","0","0","0","0","0","0","0","0","0","0","0","0","0"
"*05taz*","JT Schwartz","NYM","1B","8514","FA","26","0","0","0%","0%","0","0","0","0","0","0","0","0","0","0","0","0","0","0","0"
"*05uhx*","Jose Devers","CLE","SS","3283","FA","23","0","0","0%","0%","0","0","0","0","0","0","0","0","0","0","0","0","0","0","0"
"*06kvd*","Eriel Dihigo","COL","3B","3351","FA","19","0","0","0%","0%","0","0","0","0","0","0","0","0","0","0","0","0","0","0","0"
"*05y3t*","Junior Franco","ARI","OF","3884","FA","23","0","0","0%","0%","0","0","0","0","0","0","0","0","0","0","0","0","0","0","0"
"*06rnw*","Eliomar Garces","TB","SS","4007","FA","18","0","0","0%","0%","0","0","0","0","0","0","0","0","0","0","0","0","0","0","0"
"*067ww*","Angel Mateo","TB","OF","6092","FA","21","0","0","0%","0%","0","0","0","0","0","0","0","0","0","0","0","0","0","0","0"
"*06eks*","Quinn McDaniel","MIN","2B","6178","FA","23","0","0","0%","0%","0","0","0","0","0","0","0","0","0","0","0","0","0","0","0"
"*06op0*","Ryan Nicholson","LAA","1B","6828","FA","25","0","0","0%","0%","0","0","0","0","0","0","0","0","0","0","0","0","0","0","0"
"*04mmv*","Wilderd Patino","(N/A)","OF","7206","FA","25","0","0","0%","0%","0","0","0","0","0","0","0","0","0","0","0","0","0","0","0"
"*06s9y*","Jose Riera","CLE","2B","7891","FA","18","0","0","0%","0%","0","0","0","0","0","0","0","0","0","0","0","0","0","0","0"
"*04yif*","Chase Strumpf","(N/A)","2B,3B","8950","FA","28","0","0","0%","0%","0","0","0","0","0","0","0","0","0","0","0","0","0","0","0"
"*05luq*","Carson Taylor","ATL","1B","9091","FA","27","0","0","0%","0%","0","0","0","0","0","0","0","0","0","0","0","0","0","0","0"
"*06rgq*","Juan Villavicencio","PHI","SS","9563","FA","21","0","0","0%","0%","0","0","0","0","0","0","0","0","0","0","0","0","0","0","0"
"*05g47*","Darren Baker","CHW","2B,OF","1636","FA","27","0","0","0%","0%","0","0","0","0","0","0","0","0","0","0","0","0","0","0","0"
"*0414k*","Seth Beer","(N/A)","1B","1799","FA","29","0","0","0%","0%","0","0","0","0","0","0","0","0","0","0","0","0","0","0","0"
"*05tzh*","Branden Boissiere","WSH","1B","1974","FA","26","0","0","0%","0%","0","0","0","0","0","0","0","0","0","0","0","0","0","0","0"
"*06r3v*","Brooks Bryan","KC","C","2186","FA","22","0","0","0%","0%","0","0","0","0","0","0","0","0","0","0","0","0","0","0","0"
"*06kya*","Erick De La Cruz","ARI","OF","3125","FA","19","0","0","0%","0%","0","0","0","0","0","0","0","0","0","0","0","0","0","0","0"
"*05yh4*","Davis Diaz","ATH","C","3299","FA","23","0","0","0%","0%","0","0","0","0","0","0","0","0","0","0","0","0","0","0","0"
"*05jpr*","Cole Foster","(N/A)","3B","3850","FA","24","0","0","0%","0%","0","0","0","0","0","0","0","0","0","0","0","0","0","0","0"
"*06cqn*","Roynier Hernandez","COL","2B","4760","FA","21","0","0","0%","0%","0","0","0","0","0","0","0","0","0","0","0","0","0","0","0"
"*04e82*","Keston Hiura","(N/A)","1B","4853","FA","29","0","0","0%","0%","0","0","0","0","0","0","0","0","0","0","0","0","0","0","0"
"*0649d*","Josh Hood","SEA","3B,SS","4905","FA","26","0","0","0%","0%","0","0","0","0","0","0","0","0","0","0","0","0","0","0","0"
"*0512j*","Andre Lipcius","(N/A)","1B,2B","5652","FA","28","0","0","0%","0%","0","0","0","0","0","0","0","0","0","0","0","0","0","0","0"
"*06rpq*","Djean Macares","SF","OF","5828","FA","18","0","0","0%","0%","0","0","0","0","0","0","0","0","0","0","0","0","0","0","0"
"*066s6*","Alejandro Nunez","HOU","2B,3B,SS","6891","FA","21","0","0","0%","0%","0","0","0","0","0","0","0","0","0","0","0","0","0","0","0"
"*066m2*","Cristian Perez","DET","OF","7352","FA","19","0","0","0%","0%","0","0","0","0","0","0","0","0","0","0","0","0","0","0","0"
"*0648b*","Chandler Pollard","TEX","SS","7561","FA","22","0","0","0%","0%","0","0","0","0","0","0","0","0","0","0","0","0","0","0","0"
"*06fex*","Gerardo Rodriguez","BOS","C","8039","FA","20","0","0","0%","0%","0","0","0","0","0","0","0","0","0","0","0","0","0","0","0"
"*072yj*","Connor Salerno","(N/A)","1B,OF","8312","FA","17","0","0","0%","0%","0","0","0","0","0","0","0","0","0","0","0","0","0","0","0"
"*06ic9*","Yohendry Sanchez","SF","C","8386","FA","19","0","0","0%","0%","0","0","0","0","0","0","0","0","0","0","0","0","0","0","0"
"*06qi5*","Jackson Strong","DET","OF","8946","FA","22","0","0","0%","0%","0","0","0","0","0","0","0","0","0","0","0","0","0","0","0"
"*06ytw*","Juan Torres","NYY","2B","9260","FA","18","0","0","0%","0%","0","0","0","0","0","0","0","0","0","0","0","0","0","0","0"
"*06dqp*","Joe Vetrano","LAD","1B","9540","FA","24","0","0","0%","0%","0","0","0","0","0","0","0","0","0","0","0","0","0","0","0"
"*05jpt*","Luke Waddell","ATL","2B,SS","9604","FA","28","0","0","0%","0%","0","0","0","0","0","0","0","0","0","0","0","0","0","0","0"
"*03d6z*","Forrest Wall","(N/A)","OF","9626","FA","30","0","0","0%","0%","0","0","0","0","0","0","0","0","0","0","0","0","0","0","0"
"*05u2n*","Carter Young","BAL","3B,SS","9949","FA","25","0","0","0%","0%","0","0","0","0","0","0","0","0","0","0","0","0","0","0","0"
"*06kvr*","Luiyin Alastre","MIL","OF","1268","FA","20","0","0","0%","0%","0","0","0","0","0","0","0","0","0","0","0","0","0","0","0"
"*06l5d*","Eric Becker","CIN","2B","1791","FA","21","0","0","0%","0%","0","0","0","0","0","0","0","0","0","0","0","0","0","0","0"
"*06mfs*","Yeiferth Castillo","CLE","OF","2517","FA","19","0","0","0%","0%","0","0","0","0","0","0","0","0","0","0","0","0","0","0","0"
"*06hnr*","Pascanel Ferreras","HOU","2B,3B,SS","3742","FA","24","0","0","0%","0%","0","0","0","0","0","0","0","0","0","0","0","0","0","0","0"
"*06qu9*","Dub Gleed","TOR","1B,3B","4179","FA","23","0","0","0%","0%","0","0","0","0","0","0","0","0","0","0","0","0","0","0","0"
"*04ggs*","Joe Gray","(N/A)","OF","4355","FA","26","0","0","0%","0%","0","0","0","0","0","0","0","0","0","0","0","0","0","0","0"
"*06hn2*","Adonys Guzman","BOS","C","4467","FA","22","0","0","0%","0%","0","0","0","0","0","0","0","0","0","0","0","0","0","0","0"
"*06rlo*","Daniel Hernandez","WSH","C","4712","FA","18","0","0","0%","0%","0","0","0","0","0","0","0","0","0","0","0","0","0","0","0"
"*05xz1*","Jose Herrera","(N/A)","C","4779","FA","29","0","0","0%","0%","0","0","0","0","0","0","0","0","0","0","0","0","0","0","0"
"*06oo8*","Caden Kendle","MIN","OF","5272","FA","24","0","0","0%","0%","0","0","0","0","0","0","0","0","0","0","0","0","0","0","0"
"*06pgn*","Josh Kross","STL","C,1B","5409","FA","23","0","0","0%","0%","0","0","0","0","0","0","0","0","0","0","0","0","0","0","0"
"*06hpz*","Aidan Longwell","COL","1B","5712","FA","24","0","0","0%","0%","0","0","0","0","0","0","0","0","0","0","0","0","0","0","0"
"*06pgl*","Carter Mathison","PHI","OF","6105","FA","23","0","0","0%","0%","0","0","0","0","0","0","0","0","0","0","0","0","0","0","0"
"*06qt0*","David Mershon","LAA","2B,SS","6383","FA","23","0","0","0%","0%","0","0","0","0","0","0","0","0","0","0","0","0","0","0","0"
"*05u9s*","Ian Moller","TEX","C","6514","FA","23","0","0","0%","0%","0","0","0","0","0","0","0","0","0","0","0","0","0","0","0"
"*06tsw*","Marlon Quintero","LAA","C","7671","FA","19","0","0","0%","0%","0","0","0","0","0","0","0","0","0","0","0","0","0","0","0"
"*065jf*","Caleb Ricketts","PHI","C","7886","FA","26","0","0","0%","0%","0","0","0","0","0","0","0","0","0","0","0","0","0","0","0"
"*04am3*","Livan Soto","(N/A)","2B,SS","8824","FA","26","0","0","0%","0%","0","0","0","0","0","0","0","0","0","0","0","0","0","0","0"
"*070bv*","Justin Thomas","HOU","OF","9156","FA","22","0","0","0%","0%","0","0","0","0","0","0","0","0","0","0","0","0","0","0","0"
"*06mvb*","Almen Tolentino","MIA","C","9221","FA","19","0","0","0%","0%","0","0","0","0","0","0","0","0","0","0","0","0","0","0","0"
"*06fzk*","Jonah Advincula","CLE","OF","1247","FA","25","0","0","0%","0%","0","0","0","0","0","0","0","0","0","0","0","0","0","0","0"
"*03110*","Tim Anderson","(N/A)","2B","1419","FA","33","0","0","0%","0%","0","0","0","0","0","0","0","0","0","0","0","0","0","0","0"
"*072fm*","Randy Arias","HOU","SS","1512","FA","17","0","0","0%","0%","0","0","0","0","0","0","0","0","0","0","0","0","0","0","0"
"*06pgg*","Ariel Armas","CHC","C","1523","FA","23","0","0","0%","0%","0","0","0","0","0","0","0","0","0","0","0","0","0","0","0"
"*06rue*","Peyton Bonds","SF","OF","1990","FA","21","0","0","0%","0%","0","0","0","0","0","0","0","0","0","0","0","0","0","0","0"
"*06op2*","Jack Costello","SD","1B,OF","2876","FA","25","0","0","0%","0%","0","0","0","0","0","0","0","0","0","0","0","0","0","0","0"
"*0511u*","Grae Kessinger","PIT","1B,SS","5287","FA","28","0","0","0%","0%","0","0","0","0","0","0","0","0","0","0","0","0","0","0","0"
"*041r7*","Charles Leblanc","(N/A)","2B","5540","FA","30","0","0","0%","0%","0","0","0","0","0","0","0","0","0","0","0","0","0","0","0"
"*06y48*","Mason Ligenza","LAD","OF","5624","FA","19","0","0","0%","0%","0","0","0","0","0","0","0","0","0","0","0","0","0","0","0"
"*072ee*","Qrey Lott","SD","OF","5758","FA","21","0","0","0%","0%","0","0","0","0","0","0","0","0","0","0","0","0","0","0","0"
"*04epq*","Mason Martin","(N/A)","1B,OF","5999","FA","27","0","0","0%","0%","0","0","0","0","0","0","0","0","0","0","0","0","0","0","0"
"*06lvd*","Esteban Mejia","TEX","3B,SS","6284","FA","21","0","0","0%","0%","0","0","0","0","0","0","0","0","0","0","0","0","0","0","0"
"*0700k*","Jostin Ogando","BOS","1B","6957","FA","18","0","0","0%","0%","0","0","0","0","0","0","0","0","0","0","0","0","0","0","0"
"*06c2t*","Capri Ortiz","LAA","SS","7032","FA","21","0","0","0%","0%","0","0","0","0","0","0","0","0","0","0","0","0","0","0","0"
"*06c1o*","Yeiker Reyes","COL","OF","7860","FA","20","0","0","0%","0%","0","0","0","0","0","0","0","0","0","0","0","0","0","0","0"
"*06qzb*","Jorge Rodriguez","BOS","C","8047","FA","20","0","0","0%","0%","0","0","0","0","0","0","0","0","0","0","0","0","0","0","0"
"*06y07*","John Taylor","TEX","2B,SS","9096","FA","25","0","0","0%","0%","0","0","0","0","0","0","0","0","0","0","0","0","0","0","0"
"*06qrq*","Marshall Toole","TB","OF","9236","FA","23","0","0","0%","0%","0","0","0","0","0","0","0","0","0","0","0","0","0","0","0"
"*06c4t*","Deward Tovar","TEX","OF","9278","FA","20","0","0","0%","0%","0","0","0","0","0","0","0","0","0","0","0","0","0","0","0"
"*06z08*","Wyatt Vincent","NYM","OF","9572","FA","19","0","0","0%","0%","0","0","0","0","0","0","0","0","0","0","0","0","0","0","0"
"*06quo*","Trent Youngblood","ARI","OF","9958","FA","24","0","0","0%","0%","0","0","0","0","0","0","0","0","0","0","0","0","0","0","0"
"*05y6h*","Vaun Brown","(N/A)","OF","2173","FA","28","0","0","0%","0%","0","0","0","0","0","0","0","0","0","0","0","0","0","0","0"
"*066jm*","Nick Cimillo","PIT","1B","2680","FA","26","0","0","0%","0%","0","0","0","0","0","0","0","0","0","0","0","0","0","0","0"
"*06hpy*","Mark Coley II","MIL","OF","2745","FA","25","0","0","0%","0%","0","0","0","0","0","0","0","0","0","0","0","0","0","0","0"
"*06pgq*","Woody Hadeen","DET","2B,SS,OF","4497","FA","24","0","0","0%","0%","0","0","0","0","0","0","0","0","0","0","0","0","0","0","0"
"*06rol*","Brent Iredale","PIT","3B","5007","FA","23","0","0","0%","0%","0","0","0","0","0","0","0","0","0","0","0","0","0","0","0"
"*06rh0*","Hiverson Lopez","CLE","C","5818","FA","18","0","0","0%","0%","0","0","0","0","0","0","0","0","0","0","0","0","0","0","0"
"*06uwj*","Luis Morejon","COL","OF","6616","FA","18","0","0","0%","0%","0","0","0","0","0","0","0","0","0","0","0","0","0","0","0"
"*06zad*","Cameron Nelson","COL","OF","6798","FA","22","0","0","0%","0%","0","0","0","0","0","0","0","0","0","0","0","0","0","0","0"
"*06rmc*","Gerlyn Payano","MIL","OF","7226","FA","18","0","0","0%","0%","0","0","0","0","0","0","0","0","0","0","0","0","0","0","0"
"*06if1*","Enyervert Perez","ARI","1B,3B","7362","FA","20","0","0","0%","0%","0","0","0","0","0","0","0","0","0","0","0","0","0","0","0"
"*04z6j*","Alexfri Planez","(N/A)","OF","7532","FA","24","0","0","0%","0%","0","0","0","0","0","0","0","0","0","0","0","0","0","0","0"
"*06qi3*","Kai Roberts","SD","OF","7964","FA","25","0","0","0%","0%","0","0","0","0","0","0","0","0","0","0","0","0","0","0","0"
"*06v64*","Jake Schaffner","BOS","SS","8476","FA","21","0","0","0%","0%","0","0","0","0","0","0","0","0","0","0","0","0","0","0","0"
"*064r5*","Natanael Yuten","BOS","OF","9967","FA","21","0","0","0%","0%","0","0","0","0","0","0","0","0","0","0","0","0","0","0","0"
"*03yvj*","Lazaro Armenteros","(N/A)","OF","1528","FA","27","0","0","0%","0%","0","0","0","0","0","0","0","0","0","0","0","0","0","0","0"
"*051is*","Bryce Ball","(N/A)","1B","1650","FA","28","0","0","0%","0%","0","0","0","0","0","0","0","0","0","0","0","0","0","0","0"
"*06rt9*","Emmanuel Cedeno","TB","2B","2554","FA","18","0","0","0%","0%","0","0","0","0","0","0","0","0","0","0","0","0","0","0","0"
"*06sj6*","Tague Davis","(N/A)","1B","3094","FA","20","0","0","0%","0%","0","0","0","0","0","0","0","0","0","0","0","0","0","0","0"
"*03c7z*","Nick Gordon","(N/A)","2B","4314","FA","30","0","0","0%","0%","0","0","0","0","0","0","0","0","0","0","0","0","0","0","0"
"*04ycn*","Juan Guerrero","(N/A)","OF","4422","FA","24","0","0","0%","0%","0","0","0","0","0","0","0","0","0","0","0","0","0","0","0"
"*04uqb*","Gilberto Jimenez","(N/A)","OF","5113","FA","26","0","0","0%","0%","0","0","0","0","0","0","0","0","0","0","0","0","0","0","0"
"*06qrm*","Zach MacDonald","DET","OF","5822","FA","22","0","0","0%","0%","0","0","0","0","0","0","0","0","0","0","0","0","0","0","0"
"*04m8w*","J.P. Martinez","(N/A)","OF","6034","FA","30","0","0","0%","0%","0","0","0","0","0","0","0","0","0","0","0","0","0","0","0"
"*05txw*","Jared McKenzie","(N/A)","OF","6223","FA","25","0","0","0%","0%","0","0","0","0","0","0","0","0","0","0","0","0","0","0","0"
"*0731a*","Diego Pacheco","CIN","C","7106","FA","17","0","0","0%","0%","0","0","0","0","0","0","0","0","0","0","0","0","0","0","0"
"*06rvv*","Joyner Perez","MIN","OF","7377","FA","18","0","0","0%","0%","0","0","0","0","0","0","0","0","0","0","0","0","0","0","0"
"*06v27*","Yeferson Portolatin","STL","2B","7580","FA","18","0","0","0%","0%","0","0","0","0","0","0","0","0","0","0","0","0","0","0","0"
"*06lvo*","Eriandys Ramon","CHC","SS","7734","FA","23","0","0","0%","0%","0","0","0","0","0","0","0","0","0","0","0","0","0","0","0"
"*06rqf*","Kamuel Villar","COL","SS","9557","FA","18","0","0","0%","0%","0","0","0","0","0","0","0","0","0","0","0","0","0","0","0"
"*06zbh*","Ryan Weingartner","STL","SS","9702","FA","22","0","0","0%","0%","0","0","0","0","0","0","0","0","0","0","0","0","0","0","0"
"*061tn*","Agustin Acosta","LAD","OF","1207","FA","21","0","0","0%","0%","0","0","0","0","0","0","0","0","0","0","0","0","0","0","0"
"*06krv*","Jose Alpuria","ARI","OF","1356","FA","21","0","0","0%","0%","0","0","0","0","0","0","0","0","0","0","0","0","0","0","0"
"*05llu*","Werner Blakely","(N/A)","OF","1939","FA","24","0","0","0%","0%","0","0","0","0","0","0","0","0","0","0","0","0","0","0","0"
"*06ekn*","Connor Burns","CIN","C","2226","FA","24","0","0","0%","0%","0","0","0","0","0","0","0","0","0","0","0","0","0","0","0"
"*06c7h*","Luis De Leon","SD","2B","3175","FA","20","0","0","0%","0%","0","0","0","0","0","0","0","0","0","0","0","0","0","0","0"
"*03yth*","Estevan Florial","(N/A)","OF","3823","FA","28","0","0","0%","0%","0","0","0","0","0","0","0","0","0","0","0","0","0","0","0"
"*060in*","Noah Franco","(N/A)","1B","3887","FA","20","0","0","0%","0%","0","0","0","0","0","0","0","0","0","0","0","0","0","0","0"
"*03dgh*","Stone Garrett","(N/A)","OF","4085","FA","30","0","0","0%","0%","0","0","0","0","0","0","0","0","0","0","0","0","0","0","0"
"*03nrk*","Oscar Gonzalez","(N/A)","OF","4291","FA","28","0","0","0%","0%","0","0","0","0","0","0","0","0","0","0","0","0","0","0","0"
"*06f0m*","Calvin Harris","CHW","C","4580","FA","24","0","0","0%","0%","0","0","0","0","0","0","0","0","0","0","0","0","0","0","0"
"*066op*","Jesus Lopez","TEX","C","5730","FA","21","0","0","0%","0%","0","0","0","0","0","0","0","0","0","0","0","0","0","0","0"
"*02i3d*","Manuel Margot","(N/A)","OF","5931","FA","31","0","0","0%","0%","0","0","0","0","0","0","0","0","0","0","0","0","0","0","0"
"*05xdf*","Junior Marin","(N/A)","OF","5940","FA","22","0","0","0%","0%","0","0","0","0","0","0","0","0","0","0","0","0","0","0","0"
"*0513b*","Kyle McCann","COL","C","6148","FA","28","0","0","0%","0%","0","0","0","0","0","0","0","0","0","0","0","0","0","0","0"
"*06how*","Coby Morales","NYY","1B","6597","FA","24","0","0","0%","0%","0","0","0","0","0","0","0","0","0","0","0","0","0","0","0"
"*03qvs*","Emmanuel Rivera","(N/A)","3B","7932","FA","30","0","0","0%","0%","0","0","0","0","0","0","0","0","0","0","0","0","0","0","0"
"*05xov*","Caleb Roberts","MIN","OF","7961","FA","26","0","0","0%","0%","0","0","0","0","0","0","0","0","0","0","0","0","0","0","0"
"*067zp*","Jeffry Rosa","(N/A)","OF","8182","FA","21","0","0","0%","0%","0","0","0","0","0","0","0","0","0","0","0","0","0","0","0"
"*05jrw*","Bob Seymour","(N/A)","1B","8592","FA","27","0","0","0%","0%","0","0","0","0","0","0","0","0","0","0","0","0","0","0","0"
"*06fz7*","Colby Shade","MIA","OF","8595","FA","24","0","0","0%","0%","0","0","0","0","0","0","0","0","0","0","0","0","0","0","0"
"*066qb*","Jean Carlos Sio","SF","2B,SS","8706","FA","22","0","0","0%","0%","0","0","0","0","0","0","0","0","0","0","0","0","0","0","0"
"*066cd*","Hogan Windish","(N/A)","1B","9849","FA","27","0","0","0%","0%","0","0","0","0","0","0","0","0","0","0","0","0","0","0","0"
"*06mc3*","Iverson Allen","PIT","OF","1329","FA","18","0","0","0%","0%","0","0","0","0","0","0","0","0","0","0","0","0","0","0","0"
"*06yuf*","Blake Bowen","(N/A)","OF","2031","FA","18","0","0","0%","0%","0","0","0","0","0","0","0","0","0","0","0","0","0","0","0"
"*04pmj*","Josh Breaux","(N/A)","C","2085","FA","28","0","0","0%","0%","0","0","0","0","0","0","0","0","0","0","0","0","0","0","0"
"*05rct*","Danyer Cueva","(N/A)","SS","2980","FA","22","0","0","0%","0%","0","0","0","0","0","0","0","0","0","0","0","0","0","0","0"
"*05uhy*","Yohairo Cuevas","NYM","1B,OF","2987","FA","22","0","0","0%","0%","0","0","0","0","0","0","0","0","0","0","0","0","0","0","0"
"*06lwh*","Anderson Fermin","BOS","OF","3714","FA","19","0","0","0%","0%","0","0","0","0","0","0","0","0","0","0","0","0","0","0","0"
"*06i07*","Adrian Gil","CHW","C,1B","4141","FA","20","0","0","0%","0%","0","0","0","0","0","0","0","0","0","0","0","0","0","0","0"
"*06c5h*","Grant Jay","SEA","C","5065","FA","22","0","0","0%","0%","0","0","0","0","0","0","0","0","0","0","0","0","0","0","0"
"*05y75*","Damon Keith","MIL","OF","5251","FA","26","0","0","0%","0%","0","0","0","0","0","0","0","0","0","0","0","0","0","0","0"
"*066o6*","Cristopher Larez","NYM","3B","5495","FA","20","0","0","0%","0%","0","0","0","0","0","0","0","0","0","0","0","0","0","0","0"
"*06tsv*","Sami Manzueta","HOU","2B,3B","5915","FA","17","0","0","0%","0%","0","0","0","0","0","0","0","0","0","0","0","0","0","0","0"
"*03qkw*","Ryan McKenna","(N/A)","OF","6221","FA","29","0","0","0%","0%","0","0","0","0","0","0","0","0","0","0","0","0","0","0","0"
"*03seg*","Elehuris Montero","(N/A)","1B","6538","FA","27","0","0","0%","0%","0","0","0","0","0","0","0","0","0","0","0","0","0","0","0"
"*06uw7*","Dario Reynoso","SF","2B,3B","7866","FA","21","0","0","0%","0%","0","0","0","0","0","0","0","0","0","0","0","0","0","0","0"
"*06zlm*","Logan Sauve","ATH","C","8462","FA","23","0","0","0%","0%","0","0","0","0","0","0","0","0","0","0","0","0","0","0","0"
"*06c2s*","Anthony Scull","LAA","OF","8530","FA","22","0","0","0%","0%","0","0","0","0","0","0","0","0","0","0","0","0","0","0","0"
"*06xzu*","Yordani Soto","CHW","SS","8829","FA","17","0","0","0%","0%","0","0","0","0","0","0","0","0","0","0","0","0","0","0","0"
"*06fv4*","Charlie Szykowny","SF","1B,3B","9026","FA","26","0","0","0%","0%","0","0","0","0","0","0","0","0","0","0","0","0","0","0","0"
"*06z3n*","Aiden Taurek","SEA","OF","9069","FA","22","0","0","0%","0%","0","0","0","0","0","0","0","0","0","0","0","0","0","0","0"
"*06qnc*","Andrew Tess","BAL","C,1B","9137","FA","19","0","0","0%","0%","0","0","0","0","0","0","0","0","0","0","0","0","0","0","0"
"*04mln*","Luis Verdugo","SD","1B,3B","9530","FA","25","0","0","0%","0%","0","0","0","0","0","0","0","0","0","0","0","0","0","0","0"
"*04pvh*","David Villar","(N/A)","1B","9556","FA","29","0","0","0%","0%","0","0","0","0","0","0","0","0","0","0","0","0","0","0","0"
"*066m4*","Andy Acevedo","(N/A)","OF","1197","FA","20","0","0","0%","0%","0","0","0","0","0","0","0","0","0","0","0","0","0","0","0"
"*06ybb*","Anderson Areinamo","HOU","SS","1479","FA","19","0","0","0%","0%","0","0","0","0","0","0","0","0","0","0","0","0","0","0","0"
"*06zcw*","Emilio Barreras","MIA","3B","1702","FA","22","0","0","0%","0%","0","0","0","0","0","0","0","0","0","0","0","0","0","0","0"
"*06jfi*","Alfredo Benzan","ARI","OF","1861","FA","19","0","0","0%","0%","0","0","0","0","0","0","0","0","0","0","0","0","0","0","0"
"*06jfk*","Angel Brachi","MIA","2B","2053","FA","19","0","0","0%","0%","0","0","0","0","0","0","0","0","0","0","0","0","0","0","0"
"*04vnr*","Diego Castillo","TEX","SS","2492","FA","28","0","0","0%","0%","0","0","0","0","0","0","0","0","0","0","0","0","0","0","0"
"*042c1*","Rodolfo Castro","(N/A)","SS","2532","FA","27","0","0","0%","0%","0","0","0","0","0","0","0","0","0","0","0","0","0","0","0"
"*06rul*","Elaineiker Coronado","TOR","2B","2857","FA","18","0","0","0%","0%","0","0","0","0","0","0","0","0","0","0","0","0","0","0","0"
"*02bu2*","J.D. Davis","(N/A)","1B","3087","FA","33","0","0","0%","0%","0","0","0","0","0","0","0","0","0","0","0","0","0","0","0"
"*06idt*","Branny De Oleo","NYM","3B","3200","FA","21","0","0","0%","0%","0","0","0","0","0","0","0","0","0","0","0","0","0","0","0"
"*04mkz*","Jose Devers","(N/A)","2B","3282","FA","26","0","0","0%","0%","0","0","0","0","0","0","0","0","0","0","0","0","0","0","0"
"*06ibj*","Adbiel Feliz","PIT","2B,SS","3695","FA","19","0","0","0%","0%","0","0","0","0","0","0","0","0","0","0","0","0","0","0","0"
"*041yc*","Darick Hall","(N/A)","1B","4516","FA","31","0","0","0%","0%","0","0","0","0","0","0","0","0","0","0","0","0","0","0","0"
"*0657f*","Andrew Kachel","(N/A)","2B","5217","FA","25","0","0","0%","0%","0","0","0","0","0","0","0","0","0","0","0","0","0","0","0"
"*06bsa*","Erick Lara","TB","3B","5484","FA","20","0","0","0%","0%","0","0","0","0","0","0","0","0","0","0","0","0","0","0","0"
"*06aq6*","Fabian Lopez","(N/A)","SS","5725","FA","20","0","0","0%","0%","0","0","0","0","0","0","0","0","0","0","0","0","0","0","0"
"*06qqr*","Anthony Marquez","SF","SS","5959","FA","19","0","0","0%","0%","0","0","0","0","0","0","0","0","0","0","0","0","0","0","0"
"*05yax*","Sean McLain","LAD","SS","6227","FA","25","0","0","0%","0%","0","0","0","0","0","0","0","0","0","0","0","0","0","0","0"
"*066mm*","Raymond Mola","PIT","1B","6506","FA","20","0","0","0%","0%","0","0","0","0","0","0","0","0","0","0","0","0","0","0","0"
"*06r41*","David Ortiz","TEX","1B","7034","FA","18","0","0","0%","0%","0","0","0","0","0","0","0","0","0","0","0","0","0","0","0"
"*06hn6*","Charlie Pagliarini","SEA","2B","7125","FA","25","0","0","0%","0%","0","0","0","0","0","0","0","0","0","0","0","0","0","0","0"
"*041ra*","Joshua Palacios","PIT","OF","7132","FA","30","0","0","0%","0%","0","0","0","0","0","0","0","0","0","0","0","0","0","0","0"
"*06mpv*","Avinson Pinto","BOS","SS","7506","FA","19","0","0","0%","0%","0","0","0","0","0","0","0","0","0","0","0","0","0","0","0"
"*06yxg*","Jonathan Rangel","MIL","1B","7758","FA","19","0","0","0%","0%","0","0","0","0","0","0","0","0","0","0","0","0","0","0","0"
"*06pp3*","Carlos Renzullo","COL","OF","7818","FA","19","0","0","0%","0%","0","0","0","0","0","0","0","0","0","0","0","0","0","0","0"
"*03azu*","Pablo Reyes","LAA","OF,UT","7854","FA","32","0","0","0%","0%","0","0","0","0","0","0","0","0","0","0","0","0","0","0","0"
"*0664t*","Brett Squires","KC","1B","8858","FA","26","0","0","0%","0%","0","0","0","0","0","0","0","0","0","0","0","0","0","0","0"
"*04pug*","Cal Stevenson","DET","OF","8905","FA","29","0","0","0%","0%","0","0","0","0","0","0","0","0","0","0","0","0","0","0","0"
"*05j8l*","Adrian Sugastey","SF","C","8983","FA","24","0","0","0%","0%","0","0","0","0","0","0","0","0","0","0","0","0","0","0","0"
"*05wy0*","Carter Trice","CHC","OF","9302","FA","23","0","0","0%","0%","0","0","0","0","0","0","0","0","0","0","0","0","0","0","0"
"*05ri9*","Ethan Workinger","(N/A)","OF","9896","FA","24","0","0","0%","0%","0","0","0","0","0","0","0","0","0","0","0","0","0","0","0"
"*06kja*","Bohan Adderley","NYM","SS","1239","FA","19","0","0","0%","0%","0","0","0","0","0","0","0","0","0","0","0","0","0","0","0"
"*064nn*","Nick Biddison","PHI","3B","1906","FA","25","0","0","0%","0%","0","0","0","0","0","0","0","0","0","0","0","0","0","0","0"
"*05uy6*","Jorge Burgos","TOR","1B","2210","FA","24","0","0","0%","0%","0","0","0","0","0","0","0","0","0","0","0","0","0","0","0"
"*06l48*","Rubel Cespedes","(N/A)","3B","2591","FA","25","0","0","0%","0%","0","0","0","0","0","0","0","0","0","0","0","0","0","0","0"
"*06za1*","Ty Doucette","CIN","1B","3405","FA","22","0","0","0%","0%","0","0","0","0","0","0","0","0","0","0","0","0","0","0","0"
"*06pgs*","Jacob Friend","CIN","C","3928","FA","23","0","0","0%","0%","0","0","0","0","0","0","0","0","0","0","0","0","0","0","0"
"*05h2s*","Yhoswar Garcia","(N/A)","OF","4072","FA","24","0","0","0%","0%","0","0","0","0","0","0","0","0","0","0","0","0","0","0","0"
"*067xt*","Nick Goodwin","TOR","2B","4308","FA","24","0","0","0%","0%","0","0","0","0","0","0","0","0","0","0","0","0","0","0","0"
"*06pg5*","Jacob Jenkins-Cowart","MIA","OF","5081","FA","23","0","0","0%","0%","0","0","0","0","0","0","0","0","0","0","0","0","0","0","0"
"*04pmr*","Osiris Johnson","(N/A)","SS","5152","FA","25","0","0","0%","0%","0","0","0","0","0","0","0","0","0","0","0","0","0","0","0"
"*072dn*","Eddie King","PIT","OF","5311","FA","23","0","0","0%","0%","0","0","0","0","0","0","0","0","0","0","0","0","0","0","0"
"*05yc6*","Christian Knapczyk","CLE","2B","5348","FA","24","0","0","0%","0%","0","0","0","0","0","0","0","0","0","0","0","0","0","0","0"
"*06mdo*","Yorman Licourt","TOR","OF","5622","FA","22","0","0","0%","0%","0","0","0","0","0","0","0","0","0","0","0","0","0","0","0"
"*06zlk*","Jacob McCombs","MIN","OF","6161","FA","22","0","0","0%","0%","0","0","0","0","0","0","0","0","0","0","0","0","0","0","0"
"*06zbb*","Matthew Miura","STL","OF","6491","FA","22","0","0","0%","0%","0","0","0","0","0","0","0","0","0","0","0","0","0","0","0"
"*064wd*","Jorgelys Mota","WSH","3B","6689","FA","21","0","0","0%","0%","0","0","0","0","0","0","0","0","0","0","0","0","0","0","0"
"*02n1i*","Tomas Nido","DET","C","6831","FA","32","0","0","0%","0%","0","0","0","0","0","0","0","0","0","0","0","0","0","0","0"
"*072qy*","Jose Perdomo","ATH","C","7331","FA","17","0","0","0%","0%","0","0","0","0","0","0","0","0","0","0","0","0","0","0","0"
"*063dr*","Onil Perez","SF","C","7390","FA","23","0","0","0%","0%","0","0","0","0","0","0","0","0","0","0","0","0","0","0","0"
"*03xs7*","Yonathan Perlaza","(N/A)","OF","7405","FA","27","0","0","0%","0%","0","0","0","0","0","0","0","0","0","0","0","0","0","0","0"
"*06zbe*","Eric Snow","TOR","SS","8778","FA","22","0","0","0%","0%","0","0","0","0","0","0","0","0","0","0","0","0","0","0","0"
"*05yj6*","Yoffry Solano","MIA","2B","8790","FA","21","0","0","0%","0%","0","0","0","0","0","0","0","0","0","0","0","0","0","0","0"
"*06ukl*","Marcelo Alcala","CHW","OF","1281","FA","20","0","0","0%","0%","0","0","0","0","0","0","0","0","0","0","0","0","0","0","0"
"*06k8b*","Pascual Archila","TOR","OF","1475","FA","19","0","0","0%","0%","0","0","0","0","0","0","0","0","0","0","0","0","0","0","0"
"*0647o*","Silas Ardoin","BAL","C,1B","1478","FA","25","0","0","0%","0%","0","0","0","0","0","0","0","0","0","0","0","0","0","0","0"
"*06zcg*","Anson Aroz","LAD","OF","1539","FA","23","0","0","0%","0%","0","0","0","0","0","0","0","0","0","0","0","0","0","0","0"
"*0310e*","Christian Arroyo","NYM","1B","1548","FA","31","0","0","0%","0%","0","0","0","0","0","0","0","0","0","0","0","0","0","0","0"
"*01sci*","Christian Bethancourt","(N/A)","C","1899","FA","34","0","0","0%","0%","0","0","0","0","0","0","0","0","0","0","0","0","0","0","0"
"*06plb*","Carter Cunningham","TOR","1B","2996","FA","25","0","0","0%","0%","0","0","0","0","0","0","0","0","0","0","0","0","0","0","0"
"*066jj*","Casey Dana","(N/A)","OF","3041","FA","27","0","0","0%","0%","0","0","0","0","0","0","0","0","0","0","0","0","0","0","0"
"*04un0*","Jose De La Cruz","(N/A)","OF","3130","FA","24","0","0","0%","0%","0","0","0","0","0","0","0","0","0","0","0","0","0","0","0"
"*06yyt*","Edian Espinal","DET","2B","3591","FA","21","0","0","0%","0%","0","0","0","0","0","0","0","0","0","0","0","0","0","0","0"
"*066bv*","Tucker Flint","LAA","OF","3795","FA","25","0","0","0%","0%","0","0","0","0","0","0","0","0","0","0","0","0","0","0","0"
"*06ekv*","Stiven Flores","CHW","C","3817","FA","20","0","0","0%","0%","0","0","0","0","0","0","0","0","0","0","0","0","0","0","0"
"*06qhz*","Jon Jon Gazdar","STL","2B,3B,SS","4103","FA","24","0","0","0%","0%","0","0","0","0","0","0","0","0","0","0","0","0","0","0","0"
"*06msz*","Christian Gonzalez","CHW","OF","4245","FA","19","0","0","0%","0%","0","0","0","0","0","0","0","0","0","0","0","0","0","0","0"
"*05zd9*","Gavin Grahovac","LAA","1B","4339","FA","21","0","0","0%","0%","0","0","0","0","0","0","0","0","0","0","0","0","0","0","0"
"*06gjz*","Dakota Harris","STL","1B,2B,3B","4581","FA","24","0","0","0%","0%","0","0","0","0","0","0","0","0","0","0","0","0","0","0","0"
"*06uf2*","Luis Ramon King","KC","OF","5317","FA","18","0","0","0%","0%","0","0","0","0","0","0","0","0","0","0","0","0","0","0","0"
"*04ejw*","Bligh Madris","(N/A)","1B","5861","FA","30","0","0","0%","0%","0","0","0","0","0","0","0","0","0","0","0","0","0","0","0"
"*06zi3*","Jake McCutcheon","MIA","OF","6175","FA","22","0","0","0%","0%","0","0","0","0","0","0","0","0","0","0","0","0","0","0","0"
"*06rkt*","Armstrong Muhoozi","PIT","OF","6701","FA","19","0","0","0%","0%","0","0","0","0","0","0","0","0","0","0","0","0","0","0","0"
"*0630i*","Christopher Paciolla","(N/A)","3B","7112","FA","22","0","0","0%","0%","0","0","0","0","0","0","0","0","0","0","0","0","0","0","0"
"*072zi*","Alexandel Pio","PIT","SS","7515","FA","17","0","0","0%","0%","0","0","0","0","0","0","0","0","0","0","0","0","0","0","0"
"*05iyh*","Jeremy Rivas","(N/A)","2B,SS","7922","FA","23","0","0","0%","0%","0","0","0","0","0","0","0","0","0","0","0","0","0","0","0"
"*06qe1*","Johan Rodriguez","CLE","SS","8046","FA","19","0","0","0%","0%","0","0","0","0","0","0","0","0","0","0","0","0","0","0","0"
"*06201*","Jose Rodriguez","(N/A)","OF","8049","FA","21","0","0","0%","0%","0","0","0","0","0","0","0","0","0","0","0","0","0","0","0"
"*06ph4*","Javier Sanchez","TEX","1B","8363","FA","18","0","0","0%","0%","0","0","0","0","0","0","0","0","0","0","0","0","0","0","0"
"*06rml*","Jhon Simon","TEX","3B","8688","FA","18","0","0","0%","0%","0","0","0","0","0","0","0","0","0","0","0","0","0","0","0"
"*06qtl*","Anthony Stephan","CIN","OF","8890","FA","23","0","0","0%","0%","0","0","0","0","0","0","0","0","0","0","0","0","0","0","0"
"*06qew*","Bo Walker","ARI","OF","9619","FA","20","0","0","0%","0%","0","0","0","0","0","0","0","0","0","0","0","0","0","0","0"
"*06dn9*","Julian Brock","TEX","C","2135","FA","25","0","0","0%","0%","0","0","0","0","0","0","0","0","0","0","0","0","0","0","0"
"*03qko*","Trey Cabbage","(N/A)","OF","2259","FA","29","0","0","0%","0%","0","0","0","0","0","0","0","0","0","0","0","0","0","0","0"
"*061yk*","Marcos Castanon","SD","2B,3B","2478","FA","27","0","0","0%","0%","0","0","0","0","0","0","0","0","0","0","0","0","0","0","0"
"*061v8*","Luis Castillo","MIL","OF","2503","FA","22","0","0","0%","0%","0","0","0","0","0","0","0","0","0","0","0","0","0","0","0"
"*05gbh*","Juan Chacon","(N/A)","OF","2599","FA","23","0","0","0%","0%","0","0","0","0","0","0","0","0","0","0","0","0","0","0","0"
"*072wk*","Richard De Los Santos","COL","SS","3196","FA","17","0","0","0%","0%","0","0","0","0","0","0","0","0","0","0","0","0","0","0","0"
"*06ahg*","Casan Evans","(N/A)","SS","3633","FA","20","0","0","0%","0%","0","0","0","0","0","0","0","0","0","0","0","0","0","0","0"
"*06qu5*","Zach Evans","SD","2B,3B","3640","FA","24","0","0","0%","0%","0","0","0","0","0","0","0","0","0","0","0","0","0","0","0"
"*066kx*","Jalin Flores","STL","3B","3804","FA","22","0","0","0%","0%","0","0","0","0","0","0","0","0","0","0","0","0","0","0","0"
"*072eq*","TJ Ford","LAA","OF","3843","FA","20","0","0","0%","0%","0","0","0","0","0","0","0","0","0","0","0","0","0","0","0"
"*04ef3*","Adam Hall","(N/A)","OF","4513","FA","27","0","0","0%","0%","0","0","0","0","0","0","0","0","0","0","0","0","0","0","0"
"*02mwj*","Mitch Haniger","(N/A)","OF","4550","FA","35","0","0","0%","0%","0","0","0","0","0","0","0","0","0","0","0","0","0","0","0"
"*06j3g*","Cesar Hernandez","HOU","OF","4707","FA","23","0","0","0%","0%","0","0","0","0","0","0","0","0","0","0","0","0","0","0","0"
"*06qv7*","Cameron Leary","ATH","OF","5537","FA","24","0","0","0%","0%","0","0","0","0","0","0","0","0","0","0","0","0","0","0","0"
"*072p4*","Adrian Lunar","KC","C","5805","FA","17","0","0","0%","0%","0","0","0","0","0","0","0","0","0","0","0","0","0","0","0"
"*04b10*","Luis Mieses","(N/A)","OF","6416","FA","26","0","0","0%","0%","0","0","0","0","0","0","0","0","0","0","0","0","0","0","0"
"*05rdp*","Daniel Montesino","(N/A)","OF","6555","FA","22","0","0","0%","0%","0","0","0","0","0","0","0","0","0","0","0","0","0","0","0"
"*06yyl*","Jack Moroknek","WSH","OF","6654","FA","23","0","0","0%","0%","0","0","0","0","0","0","0","0","0","0","0","0","0","0","0"
"*04c8q*","Edward Olivares","(N/A)","OF","6976","FA","30","0","0","0%","0%","0","0","0","0","0","0","0","0","0","0","0","0","0","0","0"
"*06huj*","Jose Ortiz","SF","OF","7041","FA","21","0","0","0%","0%","0","0","0","0","0","0","0","0","0","0","0","0","0","0","0"
"*06k80*","Manni Ramirez","TEX","OF","7717","FA","19","0","0","0%","0%","0","0","0","0","0","0","0","0","0","0","0","0","0","0","0"
"*072zh*","Leonardo Reynoso","SEA","SS","7869","FA","17","0","0","0%","0%","0","0","0","0","0","0","0","0","0","0","0","0","0","0","0"
"*06pgd*","Ryan Stafford","BAL","C","8861","FA","23","0","0","0%","0%","0","0","0","0","0","0","0","0","0","0","0","0","0","0","0"
"*062hn*","Ronny Ugarte","COL","1B","9352","FA","21","0","0","0%","0%","0","0","0","0","0","0","0","0","0","0","0","0","0","0","0"
"*06z3z*","Damian Bravo","SF","OF","2078","FA","22","0","0","0%","0%","0","0","0","0","0","0","0","0","0","0","0","0","0","0","0"
"*06rqg*","Jhorman Bravo","BOS","SS","2079","FA","18","0","0","0%","0%","0","0","0","0","0","0","0","0","0","0","0","0","0","0","0"
"*06fqf*","Dustin Dickerson","KC","SS","3337","FA","25","0","0","0%","0%","0","0","0","0","0","0","0","0","0","0","0","0","0","0","0"
"*06r3r*","Brody Donay","TB","C,1B","3386","FA","22","0","0","0%","0%","0","0","0","0","0","0","0","0","0","0","0","0","0","0","0"
"*06amp*","Cam Fisher","(N/A)","1B,OF","3770","FA","25","0","0","0%","0%","0","0","0","0","0","0","0","0","0","0","0","0","0","0","0"
"*06pik*","Carter Frederick","KC","OF","3907","FA","24","0","0","0%","0%","0","0","0","0","0","0","0","0","0","0","0","0","0","0","0"
"*060pf*","Douglas Glod","(N/A)","OF","4182","FA","21","0","0","0%","0%","0","0","0","0","0","0","0","0","0","0","0","0","0","0","0"
"*05yip*","Martin Gonzalez","SEA","3B","4287","FA","21","0","0","0%","0%","0","0","0","0","0","0","0","0","0","0","0","0","0","0","0"
"*05154*","Ethan Hearn","CHC","C,1B","4630","FA","25","0","0","0%","0%","0","0","0","0","0","0","0","0","0","0","0","0","0","0","0"
"*041sv*","Payton Henry","PHI","C","4670","FA","29","0","0","0%","0%","0","0","0","0","0","0","0","0","0","0","0","0","0","0","0"
"*06qza*","Roybert Herrera","NYM","1B","4786","FA","19","0","0","0%","0%","0","0","0","0","0","0","0","0","0","0","0","0","0","0","0"
"*05was*","Ruben Ibarra","CIN","1B","4994","FA","27","0","0","0%","0%","0","0","0","0","0","0","0","0","0","0","0","0","0","0","0"
"*06fpi*","Brian Kalmer","(N/A)","1B","5222","FA","25","0","0","0%","0%","0","0","0","0","0","0","0","0","0","0","0","0","0","0","0"
"*06yyo*","Tyriq Kemp","KC","2B","5269","FA","23","0","0","0%","0%","0","0","0","0","0","0","0","0","0","0","0","0","0","0","0"
"*06htn*","Caleb Ketchup","(N/A)","OF","5288","FA","24","0","0","0%","0%","0","0","0","0","0","0","0","0","0","0","0","0","0","0","0"
"*064nd*","Guy Lipscomb Jr.","(N/A)","OF","5653","FA","25","0","0","0%","0%","0","0","0","0","0","0","0","0","0","0","0","0","0","0","0"
"*05ao9*","Estiven Machado","(N/A)","SS","5837","FA","23","0","0","0%","0%","0","0","0","0","0","0","0","0","0","0","0","0","0","0","0"
"*06mf0*","Jaset Martinez","CIN","1B","6037","FA","19","0","0","0%","0%","0","0","0","0","0","0","0","0","0","0","0","0","0","0","0"
"*04ei5*","Nick Maton","(N/A)","UT","6111","FA","29","0","0","0%","0%","0","0","0","0","0","0","0","0","0","0","0","0","0","0","0"
"*06cqb*","Carson McCusker","(N/A)","OF","6174","FA","28","0","0","0%","0%","0","0","0","0","0","0","0","0","0","0","0","0","0","0","0"
"*05uc5*","Ethan Murray","MIL","2B,3B,SS","6742","FA","26","0","0","0%","0%","0","0","0","0","0","0","0","0","0","0","0","0","0","0","0"
"*03pok*","Tyler Nevin","(N/A)","3B","6813","FA","29","0","0","0%","0%","0","0","0","0","0","0","0","0","0","0","0","0","0","0","0"
"*072yr*","Easton O'Quinn","(N/A)","3B","6931","FA","15","0","0","0%","0%","0","0","0","0","0","0","0","0","0","0","0","0","0","0","0"
"*05r5d*","Rickardo Perez","(N/A)","1B","7393","FA","22","0","0","0%","0%","0","0","0","0","0","0","0","0","0","0","0","0","0","0","0"
"*06asu*","German Ramirez","HOU","3B,SS","7703","FA","19","0","0","0%","0%","0","0","0","0","0","0","0","0","0","0","0","0","0","0","0"
"*05yin*","Yendry Rojas","(N/A)","SS","8134","FA","21","0","0","0%","0%","0","0","0","0","0","0","0","0","0","0","0","0","0","0","0"
"*05unx*","Johnfrank Salazar","STL","1B","8308","FA","22","0","0","0%","0%","0","0","0","0","0","0","0","0","0","0","0","0","0","0","0"
"*05xpn*","Riley Tirotta","PHI","1B,3B,OF","9210","FA","27","0","0","0%","0%","0","0","0","0","0","0","0","0","0","0","0","0","0","0","0"
"*061z2*","Erick Torres","KC","OF","9254","FA","21","0","0","0%","0%","0","0","0","0","0","0","0","0","0","0","0","0","0","0","0"
"*05une*","Jordan Viars","(N/A)","1B","9541","FA","23","0","0","0%","0%","0","0","0","0","0","0","0","0","0","0","0","0","0","0","0"
"*06oop*","Braylon Whitaker","BAL","OF","9746","FA","20","0","0","0%","0%","0","0","0","0","0","0","0","0","0","0","0","0","0","0","0"
"*06yzk*","Slate Alford","LAA","UT","1321","FA","23","0","0","0%","0%","0","0","0","0","0","0","0","0","0","0","0","0","0","0","0"
"*065np*","Nate Baez","BOS","C,1B","1627","FA","25","0","0","0%","0%","0","0","0","0","0","0","0","0","0","0","0","0","0","0","0"
"*0520t*","J.J. D'Orazio","LAA","C","3021","FA","24","0","0","0%","0%","0","0","0","0","0","0","0","0","0","0","0","0","0","0","0"
"*06lwi*","Jose Dickson","DET","SS","3342","FA","19","0","0","0%","0%","0","0","0","0","0","0","0","0","0","0","0","0","0","0","0"
"*072ey*","Carter Gwost","PIT","OF","4485","FA","19","0","0","0%","0%","0","0","0","0","0","0","0","0","0","0","0","0","0","0","0"
"*060x2*","Alberto Hernandez","HOU","2B","4696","FA","22","0","0","0%","0%","0","0","0","0","0","0","0","0","0","0","0","0","0","0","0"
"*06zep*","Jacob Humphrey","COL","OF","4967","FA","23","0","0","0%","0%","0","0","0","0","0","0","0","0","0","0","0","0","0","0","0"
"*04pyv*","Bryan Lavastida","ATH","C","5513","FA","27","0","0","0%","0%","0","0","0","0","0","0","0","0","0","0","0","0","0","0","0"
"*06r56*","Cristofer Lebron","STL","OF","5542","FA","19","0","0","0%","0%","0","0","0","0","0","0","0","0","0","0","0","0","0","0","0"
"*066mb*","Yerlin Luis","CLE","OF","5795","FA","20","0","0","0%","0%","0","0","0","0","0","0","0","0","0","0","0","0","0","0","0"
"*06amj*","Noah Mendlinger","STL","2B,OF","6340","FA","25","0","0","0%","0%","0","0","0","0","0","0","0","0","0","0","0","0","0","0","0"
"*0731n*","Karel Naranjo","CLE","SS","6771","FA","17","0","0","0%","0%","0","0","0","0","0","0","0","0","0","0","0","0","0","0","0"
"*066m5*","Maikol Orozco","DET","OF","7017","FA","20","0","0","0%","0%","0","0","0","0","0","0","0","0","0","0","0","0","0","0","0"
"*06ubv*","Alberth Palma","TB","SS","7140","FA","20","0","0","0%","0%","0","0","0","0","0","0","0","0","0","0","0","0","0","0","0"
"*06583*","Nick Peoples","WSH","OF","7310","FA","22","0","0","0%","0%","0","0","0","0","0","0","0","0","0","0","0","0","0","0","0"
"*0638i*","Reylin Perez","HOU","2B","7392","FA","21","0","0","0%","0%","0","0","0","0","0","0","0","0","0","0","0","0","0","0","0"
"*06rug*","Juan Rujano","STL","UT","8261","FA","18","0","0","0%","0%","0","0","0","0","0","0","0","0","0","0","0","0","0","0","0"
"*05uam*","Cody Schrier","MIA","1B","8504","FA","23","0","0","0%","0%","0","0","0","0","0","0","0","0","0","0","0","0","0","0","0"
"*06ahv*","Luke Shliger","DET","C","8629","FA","24","0","0","0%","0%","0","0","0","0","0","0","0","0","0","0","0","0","0","0","0"
"*064n2*","Seth Stephenson","DET","OF","8897","FA","25","0","0","0%","0%","0","0","0","0","0","0","0","0","0","0","0","0","0","0","0"
"*06z5o*","Abraham Bastidas","SD","2B","1734","FA","19","0","0","0%","0%","0","0","0","0","0","0","0","0","0","0","0","0","0","0","0"
"*0630m*","Justin Boyd","(N/A)","OF","2046","FA","25","0","0","0%","0%","0","0","0","0","0","0","0","0","0","0","0","0","0","0","0"
"*06rqh*","Heins Brito","CLE","SS","2123","FA","18","0","0","0%","0%","0","0","0","0","0","0","0","0","0","0","0","0","0","0","0"
"*066m9*","Manuel Cabrera","WSH","1B","2280","FA","20","0","0","0%","0%","0","0","0","0","0","0","0","0","0","0","0","0","0","0","0"
"*02zg5*","Daz Cameron","TOR","OF","2335","FA","29","0","0","0%","0%","0","0","0","0","0","0","0","0","0","0","0","0","0","0","0"
"*06gj4*","Drew Compton","(N/A)","1B","2783","FA","25","0","0","0%","0%","0","0","0","0","0","0","0","0","0","0","0","0","0","0","0"
"*06y9p*","Luis De Leon","HOU","C","3177","FA","19","0","0","0%","0%","0","0","0","0","0","0","0","0","0","0","0","0","0","0","0"
"*06o0b*","Randal Diaz","BAL","2B,3B,SS","3324","FA","23","0","0","0%","0%","0","0","0","0","0","0","0","0","0","0","0","0","0","0","0"
"*06qtx*","Joel Dragoo","PHI","OF","3421","FA","23","0","0","0%","0%","0","0","0","0","0","0","0","0","0","0","0","0","0","0","0"
"*06iyu*","Juan Espinal","ATL","OF","3595","FA","19","0","0","0%","0%","0","0","0","0","0","0","0","0","0","0","0","0","0","0","0"
"*06kvh*","Daniel Flames","TEX","2B","3783","FA","19","0","0","0%","0%","0","0","0","0","0","0","0","0","0","0","0","0","0","0","0"
"*06fwf*","Rio Foster","LAA","OF","3852","FA","23","0","0","0%","0%","0","0","0","0","0","0","0","0","0","0","0","0","0","0","0"
"*04l80*","Miguel Hiraldo","(N/A)","2B","4849","FA","25","0","0","0%","0%","0","0","0","0","0","0","0","0","0","0","0","0","0","0","0"
"*06hng*","Ryan Ignoffo","MIA","C","4997","FA","26","0","0","0%","0%","0","0","0","0","0","0","0","0","0","0","0","0","0","0","0"
"*05ygs*","Luis Meza","(N/A)","C","6404","FA","21","0","0","0%","0%","0","0","0","0","0","0","0","0","0","0","0","0","0","0","0"
"*0637m*","Willy Montero","NYY","OF","6550","FA","21","0","0","0%","0%","0","0","0","0","0","0","0","0","0","0","0","0","0","0","0"
"*06hsd*","Bernard Moon","CIN","2B","6571","FA","21","0","0","0%","0%","0","0","0","0","0","0","0","0","0","0","0","0","0","0","0"
"*03zxj*","Simon Muzziotti","(N/A)","OF","6751","FA","27","0","0","0%","0%","0","0","0","0","0","0","0","0","0","0","0","0","0","0","0"
"*064nl*","Kyle Nevin","LAD","1B,3B","6812","FA","24","0","0","0%","0%","0","0","0","0","0","0","0","0","0","0","0","0","0","0","0"
"*050ya*","Robert Perez Jr.","(N/A)","OF","7337","FA","26","0","0","0%","0%","0","0","0","0","0","0","0","0","0","0","0","0","0","0","0"
"*0503r*","Milkar Perez","(N/A)","1B","7388","FA","24","0","0","0%","0%","0","0","0","0","0","0","0","0","0","0","0","0","0","0","0"
"*06oon*","Tony Santa Maria","TB","2B,OF","8405","FA","24","0","0","0%","0%","0","0","0","0","0","0","0","0","0","0","0","0","0","0","0"
"*06qpv*","Jay Thomason","MIN","3B","9160","FA","24","0","0","0%","0%","0","0","0","0","0","0","0","0","0","0","0","0","0","0","0"
"*06j3i*","Will Turner","BOS","OF","9340","FA","23","0","0","0%","0%","0","0","0","0","0","0","0","0","0","0","0","0","0","0","0"
"*06zas*","JC Vanek","KC","1B","9438","FA","21","0","0","0%","0%","0","0","0","0","0","0","0","0","0","0","0","0","0","0","0"
"*03199*","Luke Voit","(N/A)","1B","9591","FA","35","0","0","0%","0%","0","0","0","0","0","0","0","0","0","0","0","0","0","0","0"
"*04em1*","Je'Von Ward","TOR","OF","9653","FA","26","0","0","0%","0%","0","0","0","0","0","0","0","0","0","0","0","0","0","0","0"
"*070d8*","Beau Ankeney","DET","1B","1437","FA","23","0","0","0%","0%","0","0","0","0","0","0","0","0","0","0","0","0","0","0","0"
"*05y44*","Mike Antico","COL","OF","1442","FA","28","0","0","0%","0%","0","0","0","0","0","0","0","0","0","0","0","0","0","0","0"
"*06rmd*","Meykel Baro","BAL","SS","1692","FA","17","0","0","0%","0%","0","0","0","0","0","0","0","0","0","0","0","0","0","0","0"
"*066ep*","Marcus Brown","HOU","2B,3B,SS","2167","FA","24","0","0","0%","0%","0","0","0","0","0","0","0","0","0","0","0","0","0","0","0"
"*06qns*","Ali Camarillo","ATH","SS","2332","FA","23","0","0","0%","0%","0","0","0","0","0","0","0","0","0","0","0","0","0","0","0"
"*06ru0*","Manuel Campos","ATL","SS","2359","FA","18","0","0","0%","0%","0","0","0","0","0","0","0","0","0","0","0","0","0","0","0"
"*06m61*","Jackson Castillo","NYY","OF","2496","FA","23","0","0","0%","0%","0","0","0","0","0","0","0","0","0","0","0","0","0","0","0"
"*06kvg*","Jose Cerice","KC","1B,3B","2579","FA","21","0","0","0%","0%","0","0","0","0","0","0","0","0","0","0","0","0","0","0","0"
"*06pie*","Ryan Cesarini","CLE","OF","2589","FA","23","0","0","0%","0%","0","0","0","0","0","0","0","0","0","0","0","0","0","0","0"
"*06lwn*","Nathanael Cijntje","PHI","OF","2678","FA","19","0","0","0%","0%","0","0","0","0","0","0","0","0","0","0","0","0","0","0","0"
"*060ur*","Maick Collado","CLE","1B,3B","2754","FA","23","0","0","0%","0%","0","0","0","0","0","0","0","0","0","0","0","0","0","0","0"
"*06rrw*","Dayber Cruceta","PHI","OF","2942","FA","18","0","0","0%","0%","0","0","0","0","0","0","0","0","0","0","0","0","0","0","0"
"*04yub*","Jordan Diaz","(N/A)","2B","3313","FA","25","0","0","0%","0%","0","0","0","0","0","0","0","0","0","0","0","0","0","0","0"
"*03vuk*","Yusniel Diaz","(N/A)","OF","3335","FA","29","0","0","0%","0%","0","0","0","0","0","0","0","0","0","0","0","0","0","0","0"
"*04es1*","Duke Ellis","NYY","OF","3540","FA","28","0","0","0%","0%","0","0","0","0","0","0","0","0","0","0","0","0","0","0","0"
"*05ua2*","Trey Faltine","CIN","2B","3659","FA","25","0","0","0%","0%","0","0","0","0","0","0","0","0","0","0","0","0","0","0","0"
"*06hu4*","Hunter Fitz-Gerald","SEA","1B","3778","FA","25","0","0","0%","0%","0","0","0","0","0","0","0","0","0","0","0","0","0","0","0"
"*067y3*","Will Gasparino","PHI","OF","4091","FA","21","0","0","0%","0%","0","0","0","0","0","0","0","0","0","0","0","0","0","0","0"
"*05xmx*","Esteban Gonzalez","CLE","OF","4260","FA","23","0","0","0%","0%","0","0","0","0","0","0","0","0","0","0","0","0","0","0","0"
"*0513i*","GJ Hill","COL","OF","4833","FA","25","0","0","0%","0%","0","0","0","0","0","0","0","0","0","0","0","0","0","0","0"
"*0649b*","Douglas Hodo III","BAL","OF","4866","FA","25","0","0","0%","0%","0","0","0","0","0","0","0","0","0","0","0","0","0","0","0"
"*04ppn*","Connor Kaiser","KC","2B","5220","FA","29","0","0","0%","0%","0","0","0","0","0","0","0","0","0","0","0","0","0","0","0"
"*06za8*","Matt Klein","COL","C","5342","FA","22","0","0","0%","0%","0","0","0","0","0","0","0","0","0","0","0","0","0","0","0"
"*0734f*","Timothy Mogen","SD","SS","6498","FA","17","0","0","0%","0%","0","0","0","0","0","0","0","0","0","0","0","0","0","0","0"
"*06kv3*","Frederi Montero","MIL","1B,3B","6542","FA","19","0","0","0%","0%","0","0","0","0","0","0","0","0","0","0","0","0","0","0","0"
"*06jfa*","Anderson Navas","PHI","C,1B","6786","FA","19","0","0","0%","0%","0","0","0","0","0","0","0","0","0","0","0","0","0","0","0"
"*064nz*","Jorel Ortega","MIN","2B","7021","FA","25","0","0","0%","0%","0","0","0","0","0","0","0","0","0","0","0","0","0","0","0"
"*06af5*","Jack Payton","SF","C","7235","FA","24","0","0","0%","0%","0","0","0","0","0","0","0","0","0","0","0","0","0","0","0"
"*06hnz*","Fernando Peguero","BAL","2B","7254","FA","21","0","0","0%","0%","0","0","0","0","0","0","0","0","0","0","0","0","0","0","0"
"*05lnl*","Kaden Polcovich","(N/A)","OF","7559","FA","27","0","0","0%","0%","0","0","0","0","0","0","0","0","0","0","0","0","0","0","0"
"*06kkl*","Jurdrick Profar","CHW","2B","7619","FA","19","0","0","0%","0%","0","0","0","0","0","0","0","0","0","0","0","0","0","0","0"
"*04qov*","Gabriel Rodriguez","(N/A)","SS","8035","FA","24","0","0","0%","0%","0","0","0","0","0","0","0","0","0","0","0","0","0","0","0"
"*06rid*","Enry Torres","CIN","C","9252","FA","18","0","0","0%","0%","0","0","0","0","0","0","0","0","0","0","0","0","0","0","0"
"*03qqd*","Seby Zavala","(N/A)","C","9991","FA","32","0","0","0%","0%","0","0","0","0","0","0","0","0","0","0","0","0","0","0","0"
"*06r7b*","Jarren Advincula","LAA","2B","1246","FA","21","0","0","0%","0%","0","0","0","0","0","0","0","0","0","0","0","0","0","0","0"
"*066nw*","Edwin Amparo","BAL","2B","1399","FA","0","0","0","0%","0%","0","0","0","0","0","0","0","0","0","0","0","0","0","0","0"
"*06kuh*","Israfell Bautista","TB","OF","1768","FA","19","0","0","0%","0%","0","0","0","0","0","0","0","0","0","0","0","0","0","0","0"
"*06kvf*","Edwin Brito","(N/A)","OF","2121","FA","19","0","0","0%","0%","0","0","0","0","0","0","0","0","0","0","0","0","0","0","0"
"*06h1x*","Sam Brown","WSH","1B","2171","FA","24","0","0","0%","0%","0","0","0","0","0","0","0","0","0","0","0","0","0","0","0"
"*06nl7*","Santiago Camacho","SF","C,1B","2330","FA","19","0","0","0%","0%","0","0","0","0","0","0","0","0","0","0","0","0","0","0","0"
"*0731y*","Carlos Castillo","LAA","OF","2488","FA","17","0","0","0%","0%","0","0","0","0","0","0","0","0","0","0","0","0","0","0","0"
"*0657w*","Everett Cooper III","WSH","2B","2822","FA","22","0","0","0%","0%","0","0","0","0","0","0","0","0","0","0","0","0","0","0","0"
"*041w5*","Jason Delay","BOS","C","3252","FA","31","0","0","0%","0%","0","0","0","0","0","0","0","0","0","0","0","0","0","0","0"
"*064os*","Manolfi Jimenez","PHI","OF","5120","FA","21","0","0","0%","0%","0","0","0","0","0","0","0","0","0","0","0","0","0","0","0"
"*05m6j*","Baek-ho Kang","(N/A)","C","5227","FA","26","0","0","0%","0%","0","0","0","0","0","0","0","0","0","0","0","0","0","0","0"
"*0518j*","Marcus Lee Sang","TEX","UT","5550","FA","25","0","0","0%","0%","0","0","0","0","0","0","0","0","0","0","0","0","0","0","0"
"*06qnf*","Jack Lines","TB","2B","5648","FA","20","0","0","0%","0%","0","0","0","0","0","0","0","0","0","0","0","0","0","0","0"
"*06que*","Ben McLaughlin","ARI","1B","6228","FA","24","0","0","0%","0%","0","0","0","0","0","0","0","0","0","0","0","0","0","0","0"
"*05175*","Darrien Miller","MIL","C","6443","FA","25","0","0","0%","0%","0","0","0","0","0","0","0","0","0","0","0","0","0","0","0"
"*06gjh*","Sam Mongelli","LAD","2B","6525","FA","25","0","0","0%","0%","0","0","0","0","0","0","0","0","0","0","0","0","0","0","0"
"*072yg*","Yadier Munoz","CHC","SS","6722","FA","17","0","0","0%","0%","0","0","0","0","0","0","0","0","0","0","0","0","0","0","0"
"*06cq3*","Andruw Musett","BOS","C","6746","FA","20","0","0","0%","0%","0","0","0","0","0","0","0","0","0","0","0","0","0","0","0"
"*05yhu*","Spencer Packard","SEA","1B,OF","7114","FA","28","0","0","0%","0%","0","0","0","0","0","0","0","0","0","0","0","0","0","0","0"
"*0734d*","Jean Paredes","TB","OF","7165","FA","17","0","0","0%","0%","0","0","0","0","0","0","0","0","0","0","0","0","0","0","0"
"*070ea*","Jacob Parker","(N/A)","OF","7181","FA","19","0","0","0%","0%","0","0","0","0","0","0","0","0","0","0","0","0","0","0","0"
"*060yx*","Yordalin Pena","STL","OF","7298","FA","21","0","0","0%","0%","0","0","0","0","0","0","0","0","0","0","0","0","0","0","0"
"*05aom*","Roismar Quintana","(N/A)","OF","7664","FA","23","0","0","0%","0%","0","0","0","0","0","0","0","0","0","0","0","0","0","0","0"
"*05yho*","Henry Ramos","KC","OF","7743","FA","21","0","0","0%","0%","0","0","0","0","0","0","0","0","0","0","0","0","0","0","0"
"*06ra9*","Josmir Reyes","NYM","C","7849","FA","19","0","0","0%","0%","0","0","0","0","0","0","0","0","0","0","0","0","0","0","0"
"*06rnv*","Gabriel Rodriguez","PIT","OF","8038","FA","18","0","0","0%","0%","0","0","0","0","0","0","0","0","0","0","0","0","0","0","0"
"*05uwz*","Corey Rosier","(N/A)","OF","8219","FA","26","0","0","0%","0%","0","0","0","0","0","0","0","0","0","0","0","0","0","0","0"
"*06hor*","Stone Russell","KC","1B,3B","8270","FA","22","0","0","0%","0%","0","0","0","0","0","0","0","0","0","0","0","0","0","0","0"
"*066mh*","Carlos Silva","(N/A)","C","8660","FA","20","0","0","0%","0%","0","0","0","0","0","0","0","0","0","0","0","0","0","0","0"
"*06fzf*","Bryson Ware","PHI","OF","9656","FA","25","0","0","0%","0%","0","0","0","0","0","0","0","0","0","0","0","0","0","0","0"
"*05yhw*","Jack Winkler","ATH","2B","9857","FA","27","0","0","0%","0%","0","0","0","0","0","0","0","0","0","0","0","0","0","0","0"
"*060qi*","Adam Zebrowski","ATL","C","9995","FA","25","0","0","0%","0%","0","0","0","0","0","0","0","0","0","0","0","0","0","0","0"
"*06ifk*","Jhorvic Abreus","CLE","2B","1195","FA","20","0","0","0%","0%","0","0","0","0","0","0","0","0","0","0","0","0","0","0","0"
"*05rcu*","Fran Alduey","(N/A)","3B","1301","FA","22","0","0","0%","0%","0","0","0","0","0","0","0","0","0","0","0","0","0","0","0"
"*05rgp*","Yhoangel Aponte","(N/A)","OF","1456","FA","22","0","0","0%","0%","0","0","0","0","0","0","0","0","0","0","0","0","0","0","0"
"*06ic6*","Vladimir Asencio","(N/A)","OF","1560","FA","19","0","0","0%","0%","0","0","0","0","0","0","0","0","0","0","0","0","0","0","0"
"*0603r*","Jesus Bastidas","(N/A)","3B,SS","1735","FA","27","0","0","0%","0%","0","0","0","0","0","0","0","0","0","0","0","0","0","0","0"
"*06yzj*","Richie Bonomolo","NYY","OF","2001","FA","22","0","0","0%","0%","0","0","0","0","0","0","0","0","0","0","0","0","0","0","0"
"*06yzh*","Logan Braunschweig","ATL","OF","2076","FA","23","0","0","0%","0%","0","0","0","0","0","0","0","0","0","0","0","0","0","0","0"
"*06uut*","Yojancel Cabrera","LAA","OF","2288","FA","18","0","0","0%","0%","0","0","0","0","0","0","0","0","0","0","0","0","0","0","0"
"*062jz*","Ricardo Cova","SEA","OF","2894","FA","22","0","0","0%","0%","0","0","0","0","0","0","0","0","0","0","0","0","0","0","0"
"*05yel*","Daniel Cuvet","WSH","3B","3018","FA","21","0","0","0%","0%","0","0","0","0","0","0","0","0","0","0","0","0","0","0","0"
"*05mrj*","Zach Daniels","(N/A)","OF","3048","FA","27","0","0","0%","0%","0","0","0","0","0","0","0","0","0","0","0","0","0","0","0"
"*0603k*","Gavin Dugas","(N/A)","3B","3448","FA","26","0","0","0%","0%","0","0","0","0","0","0","0","0","0","0","0","0","0","0","0"
"*066je*","E.J. Exposito","DET","2B,3B","3642","FA","25","0","0","0%","0%","0","0","0","0","0","0","0","0","0","0","0","0","0","0","0"
"*06rkv*","Wandi Feliz","COL","OF","3703","FA","18","0","0","0%","0%","0","0","0","0","0","0","0","0","0","0","0","0","0","0","0"
"*06r5y*","Rafael Flores","TOR","OF","3813","FA","19","0","0","0%","0%","0","0","0","0","0","0","0","0","0","0","0","0","0","0","0"
"*072ff*","Noah Franklin","TEX","C","3897","FA","19","0","0","0%","0%","0","0","0","0","0","0","0","0","0","0","0","0","0","0","0"
"*025jv*","Yuli Gurriel","(N/A)","UT","4445","FA","42","0","0","0%","0%","0","0","0","0","0","0","0","0","0","0","0","0","0","0","0"
"*05yiy*","Yilber Herrera","MIN","3B","4788","FA","21","0","0","0%","0%","0","0","0","0","0","0","0","0","0","0","0","0","0","0","0"
"*05yic*","Victor Izturis","CLE","C","5023","FA","21","0","0","0%","0%","0","0","0","0","0","0","0","0","0","0","0","0","0","0","0"
"*021t6*","Martin Maldonado","SD","C","5891","FA","39","0","0","0%","0%","0","0","0","0","0","0","0","0","0","0","0","0","0","0","0"
"*06bj4*","Anyelo Marquez","LAA","2B","5960","FA","20","0","0","0%","0%","0","0","0","0","0","0","0","0","0","0","0","0","0","0","0"
"*062k8*","Cade McGee","STL","2B,3B","6195","FA","23","0","0","0%","0%","0","0","0","0","0","0","0","0","0","0","0","0","0","0","0"
"*0510b*","Rafael Morel","(N/A)","OF","6620","FA","24","0","0","0%","0%","0","0","0","0","0","0","0","0","0","0","0","0","0","0","0"
"*05rgo*","Yeuni Munoz","(N/A)","OF","6723","FA","22","0","0","0%","0%","0","0","0","0","0","0","0","0","0","0","0","0","0","0","0"
"*061u3*","Yerald Nin","ARI","2B,SS","6843","FA","20","0","0","0%","0%","0","0","0","0","0","0","0","0","0","0","0","0","0","0","0"
"*060uv*","Leandro Pineda","WSH","OF","7494","FA","24","0","0","0%","0%","0","0","0","0","0","0","0","0","0","0","0","0","0","0","0"
"*06kxw*","Queni Pineda","NYY","C","7498","FA","19","0","0","0%","0%","0","0","0","0","0","0","0","0","0","0","0","0","0","0","0"
"*06fr0*","Dominic Pitelli","CIN","2B,SS","7523","FA","24","0","0","0%","0%","0","0","0","0","0","0","0","0","0","0","0","0","0","0","0"
"*06dqt*","Joe Redfield","(N/A)","OF","7780","FA","24","0","0","0%","0%","0","0","0","0","0","0","0","0","0","0","0","0","0","0","0"
"*04mlm*","Keyber Rodriguez","TEX","3B","8056","FA","25","0","0","0%","0%","0","0","0","0","0","0","0","0","0","0","0","0","0","0","0"
"*062l3*","Anderdson Rojas","ARI","3B","8113","FA","22","0","0","0%","0%","0","0","0","0","0","0","0","0","0","0","0","0","0","0","0"
"*025f7*","Eddie Rosario","(N/A)","UT","8193","FA","34","0","0","0%","0%","0","0","0","0","0","0","0","0","0","0","0","0","0","0","0"
"*06cp6*","Juan Sierra","HOU","OF","8651","FA","20","0","0","0%","0%","0","0","0","0","0","0","0","0","0","0","0","0","0","0","0"
"*01srk*","Jon Singleton","(N/A)","UT","8702","FA","34","0","0","0%","0%","0","0","0","0","0","0","0","0","0","0","0","0","0","0","0"
"*06qvm*","Brock Tibbitts","TOR","C","9185","FA","23","0","0","0%","0%","0","0","0","0","0","0","0","0","0","0","0","0","0","0","0"
"*04ycm*","Felix Valerio","(N/A)","2B","9417","FA","25","0","0","0%","0%","0","0","0","0","0","0","0","0","0","0","0","0","0","0","0"
"*06qq0*","Ethan Wagner","HOU","OF","9607","FA","20","0","0","0%","0%","0","0","0","0","0","0","0","0","0","0","0","0","0","0","0"
"*06zqo*","Kyle Walker","HOU","2B","9623","FA","23","0","0","0%","0%","0","0","0","0","0","0","0","0","0","0","0","0","0","0","0"
"*06mhw*","Jesus Alexander","(N/A)","1B","1309","FA","20","0","0","0%","0%","0","0","0","0","0","0","0","0","0","0","0","0","0","0","0"
"*06fzo*","Braden Barry","(N/A)","OF","1717","FA","24","0","0","0%","0%","0","0","0","0","0","0","0","0","0","0","0","0","0","0","0"
"*06kqz*","Chase Brunson","WSH","OF","2181","FA","21","0","0","0%","0%","0","0","0","0","0","0","0","0","0","0","0","0","0","0","0"
"*057p6*","Nerwilian Cedeno","(N/A)","OF","2559","FA","24","0","0","0%","0%","0","0","0","0","0","0","0","0","0","0","0","0","0","0","0"
"*03vum*","Gilberto Celestino","(N/A)","OF","2565","FA","27","0","0","0%","0%","0","0","0","0","0","0","0","0","0","0","0","0","0","0","0"
"*072dk*","Logan Dawson","PHI","SS","3097","FA","20","0","0","0%","0%","0","0","0","0","0","0","0","0","0","0","0","0","0","0","0"
"*05ygu*","Jose De Jesus","(N/A)","OF","3114","FA","21","0","0","0%","0%","0","0","0","0","0","0","0","0","0","0","0","0","0","0","0"
"*027ow*","Adam Duvall","(N/A)","OF","3487","FA","37","0","0","0%","0%","0","0","0","0","0","0","0","0","0","0","0","0","0","0","0"
"*05nir*","Javier Francisco","(N/A)","SS","3880","FA","23","0","0","0%","0%","0","0","0","0","0","0","0","0","0","0","0","0","0","0","0"
"*02hka*","Ben Gamel","ATL","UT","3998","FA","34","0","0","0%","0%","0","0","0","0","0","0","0","0","0","0","0","0","0","0","0"
"*05yah*","Luke Gold","(N/A)","1B","4190","FA","25","0","0","0%","0%","0","0","0","0","0","0","0","0","0","0","0","0","0","0","0"
"*0648x*","Tres Gonzalez","(N/A)","OF","4300","FA","25","0","0","0%","0%","0","0","0","0","0","0","0","0","0","0","0","0","0","0","0"
"*067yr*","Brady Harris","(N/A)","SS","4579","FA","18","0","0","0%","0%","0","0","0","0","0","0","0","0","0","0","0","0","0","0","0"
"*04y96*","Will Holland","(N/A)","SS,OF","4885","FA","28","0","0","0%","0%","0","0","0","0","0","0","0","0","0","0","0","0","0","0","0"
"*04n0j*","D'Shawn Knowles","(N/A)","OF","5363","FA","25","0","0","0%","0%","0","0","0","0","0","0","0","0","0","0","0","0","0","0","0"
"*067z5*","Shugo Maki","(N/A)","2B","5884","FA","28","0","0","0%","0%","0","0","0","0","0","0","0","0","0","0","0","0","0","0","0"
"*06c34*","Yorfran Medina","(N/A)","1B","6274","FA","21","0","0","0%","0%","0","0","0","0","0","0","0","0","0","0","0","0","0","0","0"
"*04mjm*","Shervyen Newton","(N/A)","SS","6820","FA","27","0","0","0%","0%","0","0","0","0","0","0","0","0","0","0","0","0","0","0","0"
"*03sgb*","Jhailyn Ortiz","(N/A)","OF","7040","FA","27","0","0","0%","0%","0","0","0","0","0","0","0","0","0","0","0","0","0","0","0"
"*02i3m*","Harold Ramirez","(N/A)","UT","7704","FA","31","0","0","0%","0%","0","0","0","0","0","0","0","0","0","0","0","0","0","0","0"
"*05rds*","Luis Ravelo","(N/A)","SS","7769","FA","22","0","0","0%","0%","0","0","0","0","0","0","0","0","0","0","0","0","0","0","0"
"*04pn0*","Cole Roederer","(N/A)","OF","8104","FA","26","0","0","0%","0%","0","0","0","0","0","0","0","0","0","0","0","0","0","0","0"
"*04eoq*","Alan Trejo","(N/A)","SS","9298","FA","30","0","0","0%","0%","0","0","0","0","0","0","0","0","0","0","0","0","0","0","0"
"*05rc2*","Malvin Valdez","(N/A)","OF","9403","FA","22","0","0","0%","0%","0","0","0","0","0","0","0","0","0","0","0","0","0","0","0"
"*04mm0*","Francisco Acuna","SD","SS","1220","FA","26","0","0","0%","0%","0","0","0","0","0","0","0","0","0","0","0","0","0","0","0"
"*06zeh*","Darwin Almanzar","MIN","3B","1337","FA","18","0","0","0%","0%","0","0","0","0","0","0","0","0","0","0","0","0","0","0","0"
"*06phb*","Edgar Alvarez","CHC","OF","1371","FA","25","0","0","0%","0%","0","0","0","0","0","0","0","0","0","0","0","0","0","0","0"
"*05rdo*","Abel Bastidas","(N/A)","2B,3B","1733","FA","22","0","0","0%","0%","0","0","0","0","0","0","0","0","0","0","0","0","0","0","0"
"*06mw4*","Moises Bolivar","LAD","3B","1984","FA","19","0","0","0%","0%","0","0","0","0","0","0","0","0","0","0","0","0","0","0","0"
"*06mdm*","Juan Brown","CIN","OF","2164","FA","19","0","0","0%","0%","0","0","0","0","0","0","0","0","0","0","0","0","0","0","0"
"*06l0k*","Jose Castro","NYY","OF","2526","FA","20","0","0","0%","0%","0","0","0","0","0","0","0","0","0","0","0","0","0","0","0"
"*06kva*","Greylin De La Paz","LAA","3B","3150","FA","19","0","0","0%","0%","0","0","0","0","0","0","0","0","0","0","0","0","0","0","0"
"*06med*","Joan Delgado","(N/A)","OF","3258","FA","21","0","0","0%","0%","0","0","0","0","0","0","0","0","0","0","0","0","0","0","0"
"*066md*","Kevin Ereu","(N/A)","1B","3574","FA","20","0","0","0%","0%","0","0","0","0","0","0","0","0","0","0","0","0","0","0","0"
"*070du*","Rylan Galvan","CHW","C","3993","FA","23","0","0","0%","0%","0","0","0","0","0","0","0","0","0","0","0","0","0","0","0"
"*049vk*","David Garcia","MIL","C","4030","FA","26","0","0","0%","0%","0","0","0","0","0","0","0","0","0","0","0","0","0","0","0"
"*06mdg*","Junior Garcia","ATL","OF","4050","FA","21","0","0","0%","0%","0","0","0","0","0","0","0","0","0","0","0","0","0","0","0"
"*06ywe*","Eric Genther","NYY","OF","4115","FA","24","0","0","0%","0%","0","0","0","0","0","0","0","0","0","0","0","0","0","0","0"
"*06kve*","Edward Guribe","STL","3B","4444","FA","19","0","0","0%","0%","0","0","0","0","0","0","0","0","0","0","0","0","0","0","0"
"*064o9*","Yonatan Henriquez","NYM","OF","4668","FA","21","0","0","0%","0%","0","0","0","0","0","0","0","0","0","0","0","0","0","0","0"
"*06plp*","Merphy Hernandez","MIN","OF","4750","FA","19","0","0","0%","0%","0","0","0","0","0","0","0","0","0","0","0","0","0","0","0"
"*03qs6*","Sam Hilliard","(N/A)","OF","4840","FA","32","0","0","0%","0%","0","0","0","0","0","0","0","0","0","0","0","0","0","0","0"
"*06quf*","Keith Jones II","TEX","OF","5163","FA","24","0","0","0%","0%","0","0","0","0","0","0","0","0","0","0","0","0","0","0","0"
"*06hi7*","Jorge Lara","ARI","2B","5489","FA","20","0","0","0%","0%","0","0","0","0","0","0","0","0","0","0","0","0","0","0","0"
"*06dn1*","Nick Lorusso","NYM","1B,3B","5757","FA","25","0","0","0%","0%","0","0","0","0","0","0","0","0","0","0","0","0","0","0","0"
"*04qnf*","Orlando Martinez","TEX","OF","6059","FA","28","0","0","0%","0%","0","0","0","0","0","0","0","0","0","0","0","0","0","0","0"
"*06cmz*","Jose Monzon","TB","3B","6569","FA","20","0","0","0%","0%","0","0","0","0","0","0","0","0","0","0","0","0","0","0","0"
"*06ds8*","Demetrio Nadal","(N/A)","OF","6761","FA","22","0","0","0%","0%","0","0","0","0","0","0","0","0","0","0","0","0","0","0","0"
"*061z8*","Josi Novas","KC","3B,SS","6882","FA","21","0","0","0%","0%","0","0","0","0","0","0","0","0","0","0","0","0","0","0","0"
"*05uob*","Luis Pino","STL","OF","7501","FA","22","0","0","0%","0%","0","0","0","0","0","0","0","0","0","0","0","0","0","0","0"
"*062h6*","Nelson Quiroz","LAD","C","7676","FA","24","0","0","0%","0%","0","0","0","0","0","0","0","0","0","0","0","0","0","0","0"
"*04awg*","Julio Rodriguez","(N/A)","C","8053","FA","29","0","0","0%","0%","0","0","0","0","0","0","0","0","0","0","0","0","0","0","0"
"*06ekk*","Kevin Sim","(N/A)","1B","8677","FA","24","0","0","0%","0%","0","0","0","0","0","0","0","0","0","0","0","0","0","0","0"
"*05jq1*","D'Andre Smith","NYM","OF","8738","FA","25","0","0","0%","0%","0","0","0","0","0","0","0","0","0","0","0","0","0","0","0"
"*06c88*","Gabriel Terrero","(N/A)","2B","9133","FA","20","0","0","0%","0%","0","0","0","0","0","0","0","0","0","0","0","0","0","0","0"
"*01sb1*","Trayce Thompson","(N/A)","OF","9176","FA","35","0","0","0%","0%","0","0","0","0","0","0","0","0","0","0","0","0","0","0","0"
"*0657s*","Tyresse Turner","CLE","3B","9339","FA","26","0","0","0%","0%","0","0","0","0","0","0","0","0","0","0","0","0","0","0","0"
"*05126*","Yordys Valdes","(N/A)","2B","9390","FA","24","0","0","0%","0%","0","0","0","0","0","0","0","0","0","0","0","0","0","0","0"
"*06cf5*","Jhocsuanth Vargas","TEX","C","9451","FA","19","0","0","0%","0%","0","0","0","0","0","0","0","0","0","0","0","0","0","0","0"
"*06gjr*","John Wimmer","LAA","SS","9844","FA","21","0","0","0%","0%","0","0","0","0","0","0","0","0","0","0","0","0","0","0","0"
"*06xv5*","Cesar Acosta","NYM","C","1210","FA","17","0","0","0%","0%","0","0","0","0","0","0","0","0","0","0","0","0","0","0","0"
"*06uv7*","Hyun Min Ahn","(N/A)","OF","1263","FA","22","0","0","0%","0%","0","0","0","0","0","0","0","0","0","0","0","0","0","0","0"
"*072fb*","Landon Arroyos","HOU","SS","1552","FA","19","0","0","0%","0%","0","0","0","0","0","0","0","0","0","0","0","0","0","0","0"
"*04ycp*","Drew Avans","COL","OF","1587","FA","30","0","0","0%","0%","0","0","0","0","0","0","0","0","0","0","0","0","0","0","0"
"*066mj*","Anthony Baptist","(N/A)","OF","1663","FA","20","0","0","0%","0%","0","0","0","0","0","0","0","0","0","0","0","0","0","0","0"
"*062hw*","Juan Benjamin","CLE","2B,3B","1848","FA","23","0","0","0%","0%","0","0","0","0","0","0","0","0","0","0","0","0","0","0","0"
"*04yrm*","Braylon Bishop","(N/A)","OF","1928","FA","23","0","0","0%","0%","0","0","0","0","0","0","0","0","0","0","0","0","0","0","0"
"*070c3*","Ely Brown","CHW","OF","2159","FA","22","0","0","0%","0%","0","0","0","0","0","0","0","0","0","0","0","0","0","0","0"
"*06rhx*","Angel Carmona","ATL","SS","2419","FA","18","0","0","0%","0%","0","0","0","0","0","0","0","0","0","0","0","0","0","0","0"
"*03d6t*","Michael Chavis","CIN","1B,3B","2631","FA","30","0","0","0%","0%","0","0","0","0","0","0","0","0","0","0","0","0","0","0","0"
"*06z12*","Brady Counsell","ARI","3B,OF","2885","FA","23","0","0","0%","0%","0","0","0","0","0","0","0","0","0","0","0","0","0","0","0"
"*0668a*","Jordan Dissin","PHI","C","3363","FA","24","0","0","0%","0%","0","0","0","0","0","0","0","0","0","0","0","0","0","0","0"
"*0512b*","Logan Driscoll","TB","C","3425","FA","28","0","0","0%","0%","0","0","0","0","0","0","0","0","0","0","0","0","0","0","0"
"*060w3*","Yamal Encarnacion","HOU","OF","3564","FA","22","0","0","0%","0%","0","0","0","0","0","0","0","0","0","0","0","0","0","0","0"
"*06kvp*","Henry Ford","SEA","3B","3840","FA","22","0","0","0%","0%","0","0","0","0","0","0","0","0","0","0","0","0","0","0","0"
"*05uhz*","Cristian Gonzalez","(N/A)","SS","4247","FA","24","0","0","0%","0%","0","0","0","0","0","0","0","0","0","0","0","0","0","0","0"
"*06qsx*","Mason Guerra","ATL","1B","4416","FA","23","0","0","0%","0%","0","0","0","0","0","0","0","0","0","0","0","0","0","0","0"
"*07306*","Carter Hadnot","(N/A)","SS","4498","FA","18","0","0","0%","0%","0","0","0","0","0","0","0","0","0","0","0","0","0","0","0"
"*06qux*","Matt Halbach","CHC","1B","4508","FA","23","0","0","0%","0%","0","0","0","0","0","0","0","0","0","0","0","0","0","0","0"
"*04yin*","Yonny Hernandez","NYM","2B,SS","4766","FA","28","0","0","0%","0%","0","0","0","0","0","0","0","0","0","0","0","0","0","0","0"
"*06ooa*","Tommy Hopfe","COL","2B,OF","4911","FA","23","0","0","0%","0%","0","0","0","0","0","0","0","0","0","0","0","0","0","0","0"
"*06qpo*","Ryan Jackson","SD","2B,3B,SS","5036","FA","24","0","0","0%","0%","0","0","0","0","0","0","0","0","0","0","0","0","0","0","0"
"*06r4y*","Brodie Johnston","(N/A)","3B","5159","FA","20","0","0","0%","0%","0","0","0","0","0","0","0","0","0","0","0","0","0","0","0"
"*06avz*","Ramon Landaeta","ATH","C","5454","FA","20","0","0","0%","0%","0","0","0","0","0","0","0","0","0","0","0","0","0","0","0"
"*06qr4*","Brady Marget","TB","1B","5929","FA","23","0","0","0%","0%","0","0","0","0","0","0","0","0","0","0","0","0","0","0","0"
"*06ifp*","Jonathan Martinez","CLE","2B","6040","FA","19","0","0","0%","0%","0","0","0","0","0","0","0","0","0","0","0","0","0","0","0"
"*06qu4*","Ryan McCrystal","CIN","C,1B","6170","FA","23","0","0","0%","0%","0","0","0","0","0","0","0","0","0","0","0","0","0","0","0"
"*0507o*","Ramon Mendoza","STL","3B","6349","FA","25","0","0","0%","0%","0","0","0","0","0","0","0","0","0","0","0","0","0","0","0"
"*06k89*","Robin Ortiz","CHC","OF","7046","FA","19","0","0","0%","0%","0","0","0","0","0","0","0","0","0","0","0","0","0","0","0"
"*066ry*","Daniel Pena","MIN","C","7275","FA","21","0","0","0%","0%","0","0","0","0","0","0","0","0","0","0","0","0","0","0","0"
"*06mie*","Tre Phelps","PIT","OF","7448","FA","22","0","0","0%","0%","0","0","0","0","0","0","0","0","0","0","0","0","0","0","0"
"*070d1*","Logan Poteet","CHC","C","7585","FA","22","0","0","0%","0%","0","0","0","0","0","0","0","0","0","0","0","0","0","0","0"
"*06ma4*","Richard Ramirez","PIT","C,1B","7725","FA","21","0","0","0%","0%","0","0","0","0","0","0","0","0","0","0","0","0","0","0","0"
"*06ic4*","Yensi Rivas","(N/A)","3B","7925","FA","19","0","0","0%","0%","0","0","0","0","0","0","0","0","0","0","0","0","0","0","0"
"*064nu*","Adrian Rodriguez","ARI","SS","7998","FA","22","0","0","0%","0%","0","0","0","0","0","0","0","0","0","0","0","0","0","0","0"
"*05l1n*","Juan Santander","(N/A)","1B","8425","FA","23","0","0","0%","0%","0","0","0","0","0","0","0","0","0","0","0","0","0","0","0"
"*06v3x*","Yorber Semprun","NYM","2B","8557","FA","18","0","0","0%","0%","0","0","0","0","0","0","0","0","0","0","0","0","0","0","0"
"*06qvj*","Kodey Shojinaga","PHI","C,1B","8632","FA","23","0","0","0%","0%","0","0","0","0","0","0","0","0","0","0","0","0","0","0","0"
"*06yxn*","Austin Smith","TOR","OF","8730","FA","23","0","0","0%","0%","0","0","0","0","0","0","0","0","0","0","0","0","0","0","0"
"*06c2d*","Dashyll Tejeda","WSH","OF","9116","FA","20","0","0","0%","0%","0","0","0","0","0","0","0","0","0","0","0","0","0","0","0"
"*05zq3*","Jacob Walsh","WSH","1B","9636","FA","23","0","0","0%","0%","0","0","0","0","0","0","0","0","0","0","0","0","0","0","0"
"*06tvn*","Bino Watters","(N/A)","OF","9680","FA","20","0","0","0%","0%","0","0","0","0","0","0","0","0","0","0","0","0","0","0","0"
"*06rsv*","Julio Acosta","CHC","OF","1215","FA","18","0","0","0%","0%","0","0","0","0","0","0","0","0","0","0","0","0","0","0","0"
"*06rwq*","Yeison Acosta","BAL","C","1218","FA","18","0","0","0%","0%","0","0","0","0","0","0","0","0","0","0","0","0","0","0","0"
"*06qzu*","Luis Aguilera","DET","SS","1262","FA","19","0","0","0%","0%","0","0","0","0","0","0","0","0","0","0","0","0","0","0","0"
"*061zp*","Nicandro Aybar","TB","OF","1602","FA","21","0","0","0%","0%","0","0","0","0","0","0","0","0","0","0","0","0","0","0","0"
"*06z3v*","Junior Barajas","SF","C","1667","FA","22","0","0","0%","0%","0","0","0","0","0","0","0","0","0","0","0","0","0","0","0"
"*06hrp*","Jayson Bass","MIN","1B","1730","FA","20","0","0","0%","0%","0","0","0","0","0","0","0","0","0","0","0","0","0","0","0"
"*06zs7*","Freiker Betencourt","CHC","OF","1898","FA","18","0","0","0%","0%","0","0","0","0","0","0","0","0","0","0","0","0","0","0","0"
"*06qy8*","Pedro Blanco","ARI","1B","1949","FA","19","0","0","0%","0%","0","0","0","0","0","0","0","0","0","0","0","0","0","0","0"
"*02n8i*","David Bote","LAD","2B,3B","2019","FA","33","0","0","0%","0%","0","0","0","0","0","0","0","0","0","0","0","0","0","0","0"
"*06rtb*","Alam Bruno","ARI","SS","2178","FA","18","0","0","0%","0%","0","0","0","0","0","0","0","0","0","0","0","0","0","0","0"
"*05y2j*","Noah Cardenas","MIN","C","2394","FA","26","0","0","0%","0%","0","0","0","0","0","0","0","0","0","0","0","0","0","0","0"
"*06zb1*","Michael Dattalo","STL","3B","3062","FA","22","0","0","0%","0%","0","0","0","0","0","0","0","0","0","0","0","0","0","0","0"
"*06ahf*","Jake DeLeo","(N/A)","OF","3217","FA","25","0","0","0%","0%","0","0","0","0","0","0","0","0","0","0","0","0","0","0","0"
"*031ui*","Lewin Diaz","(N/A)","1B","3317","FA","29","0","0","0%","0%","0","0","0","0","0","0","0","0","0","0","0","0","0","0","0"
"*06qio*","Carter Dorighi","SEA","1B,2B,3B","3396","FA","23","0","0","0%","0%","0","0","0","0","0","0","0","0","0","0","0","0","0","0","0"
"*05j8v*","Luis Durango","NYY","OF","3480","FA","23","0","0","0%","0%","0","0","0","0","0","0","0","0","0","0","0","0","0","0","0"
"*070cb*","Elijah Farley","HOU","OF","3668","FA","20","0","0","0%","0%","0","0","0","0","0","0","0","0","0","0","0","0","0","0","0"
"*06yxf*","Jhon Gil","LAD","C","4145","FA","18","0","0","0%","0%","0","0","0","0","0","0","0","0","0","0","0","0","0","0","0"
"*070eg*","Jack Goodman","DET","SS","4307","FA","22","0","0","0%","0%","0","0","0","0","0","0","0","0","0","0","0","0","0","0","0"
"*064qc*","Eduardo Guerrero","LAD","2B,3B,SS","4420","FA","21","0","0","0%","0%","0","0","0","0","0","0","0","0","0","0","0","0","0","0","0"
"*0440c*","Abrahan Gutierrez","NYY","C","4450","FA","26","0","0","0%","0%","0","0","0","0","0","0","0","0","0","0","0","0","0","0","0"
"*066b5*","Tayden Hall","MIL","1B","4525","FA","23","0","0","0%","0%","0","0","0","0","0","0","0","0","0","0","0","0","0","0","0"
"*05jq0*","Colby Halter","ATH","2B,3B","4528","FA","24","0","0","0%","0%","0","0","0","0","0","0","0","0","0","0","0","0","0","0","0"
"*060g6*","Hunter Hines","WSH","1B","4844","FA","23","0","0","0%","0%","0","0","0","0","0","0","0","0","0","0","0","0","0","0","0"
"*0421c*","Cooper Hummel","(N/A)","OF","4966","FA","31","0","0","0%","0%","0","0","0","0","0","0","0","0","0","0","0","0","0","0","0"
"*061tq*","Jean Joseph","TOR","OF","5197","FA","21","0","0","0%","0%","0","0","0","0","0","0","0","0","0","0","0","0","0","0","0"
"*05190*","Corey Joyce","TEX","2B,SS","5200","FA","27","0","0","0%","0%","0","0","0","0","0","0","0","0","0","0","0","0","0","0","0"
"*066di*","Kevin Kilpatrick Jr.","ATL","OF","5300","FA","25","0","0","0%","0%","0","0","0","0","0","0","0","0","0","0","0","0","0","0","0"
"*06icu*","Bennett Lee","DET","C","5551","FA","24","0","0","0%","0%","0","0","0","0","0","0","0","0","0","0","0","0","0","0","0"
"*07319*","Enrique Lovera","MIL","OF","5763","FA","17","0","0","0%","0%","0","0","0","0","0","0","0","0","0","0","0","0","0","0","0"
"*064eu*","Andy Lugo","MIN","1B,3B","5783","FA","22","0","0","0%","0%","0","0","0","0","0","0","0","0","0","0","0","0","0","0","0"
"*06mn9*","Cesar Lugo","CHC","OF","5784","FA","19","0","0","0%","0%","0","0","0","0","0","0","0","0","0","0","0","0","0","0","0"
"*070dk*","Starlin Mieses","BAL","OF","6417","FA","18","0","0","0%","0%","0","0","0","0","0","0","0","0","0","0","0","0","0","0","0"
"*072cn*","Rylan Mills","MIL","C","6461","FA","20","0","0","0%","0%","0","0","0","0","0","0","0","0","0","0","0","0","0","0","0"
"*04py7*","Coco Montes","(N/A)","2B,3B","6553","FA","29","0","0","0%","0%","0","0","0","0","0","0","0","0","0","0","0","0","0","0","0"
"*070eh*","Tyson Moran","KC","SS","6611","FA","20","0","0","0%","0%","0","0","0","0","0","0","0","0","0","0","0","0","0","0","0"
"*05jpj*","Casey Opitz","CHC","C","7004","FA","27","0","0","0%","0%","0","0","0","0","0","0","0","0","0","0","0","0","0","0","0"
"*06ful*","Angel Perez","PIT","1B","7343","FA","20","0","0","0%","0%","0","0","0","0","0","0","0","0","0","0","0","0","0","0","0"
"*06uw6*","Chris Rembert","PIT","2B","7809","FA","21","0","0","0%","0%","0","0","0","0","0","0","0","0","0","0","0","0","0","0","0"
"*06l46*","Luis Rives","HOU","OF","7949","FA","21","0","0","0%","0%","0","0","0","0","0","0","0","0","0","0","0","0","0","0","0"
"*06qzs*","Eduardo Rojas","LAD","C","8117","FA","19","0","0","0%","0%","0","0","0","0","0","0","0","0","0","0","0","0","0","0","0"
"*04prp*","Kendall Simmons","(N/A)","3B","8684","FA","26","0","0","0%","0%","0","0","0","0","0","0","0","0","0","0","0","0","0","0","0"
"*070cx*","Brayden Smith","STL","2B","8733","FA","22","0","0","0%","0%","0","0","0","0","0","0","0","0","0","0","0","0","0","0","0"
"*05gt5*","Alerick Soularie","(N/A)","SS","8830","FA","27","0","0","0%","0%","0","0","0","0","0","0","0","0","0","0","0","0","0","0","0"
"*05j6x*","Junior Tilien","ATL","OF","9194","FA","23","0","0","0%","0%","0","0","0","0","0","0","0","0","0","0","0","0","0","0","0"
"*05x06*","Miguel Ugueto","STL","OF","9354","FA","23","0","0","0%","0%","0","0","0","0","0","0","0","0","0","0","0","0","0","0","0"
"*06l47*","Hyungchan Um","KC","C","9358","FA","22","0","0","0%","0%","0","0","0","0","0","0","0","0","0","0","0","0","0","0","0"
"*05j8z*","Jheremy Vargas","MIL","2B","9450","FA","23","0","0","0%","0%","0","0","0","0","0","0","0","0","0","0","0","0","0","0","0"
"*066fe*","Curtis Washington Jr.","SEA","OF","9666","FA","26","0","0","0%","0%","0","0","0","0","0","0","0","0","0","0","0","0","0","0","0"
"*0345w*","Jamie Westbrook","(N/A)","2B","9733","FA","31","0","0","0%","0%","0","0","0","0","0","0","0","0","0","0","0","0","0","0","0"
"*06gik*","Jeron Williams","HOU","SS","9807","FA","25","0","0","0%","0%","0","0","0","0","0","0","0","0","0","0","0","0","0","0","0"
"*02yh9*","Sergio Alcantara","(N/A)","3B,SS","1295","FA","30","0","0","0%","0%","0","0","0","0","0","0","0","0","0","0","0","0","0","0","0"
"*06ifj*","Felix Amparo","BAL","2B","1400","FA","20","0","0","0%","0%","0","0","0","0","0","0","0","0","0","0","0","0","0","0","0"
"*06pgm*","Jackson Appel","CHW","C","1457","FA","24","0","0","0%","0%","0","0","0","0","0","0","0","0","0","0","0","0","0","0","0"
"*061qu*","Nolan Beltran","PHI","SS","1826","FA","21","0","0","0%","0%","0","0","0","0","0","0","0","0","0","0","0","0","0","0","0"
"*06ms1*","Caden Bogenpohl","PHI","OF","1971","FA","21","0","0","0%","0%","0","0","0","0","0","0","0","0","0","0","0","0","0","0","0"
"*066cl*","Mario Camilletti","CHW","3B","2336","FA","27","0","0","0%","0%","0","0","0","0","0","0","0","0","0","0","0","0","0","0","0"
"*04gge*","Leandro Cedeno","(N/A)","1B","2557","FA","27","0","0","0%","0%","0","0","0","0","0","0","0","0","0","0","0","0","0","0","0"
"*06z15*","Wallace Clark","ARI","3B","2698","FA","24","0","0","0%","0%","0","0","0","0","0","0","0","0","0","0","0","0","0","0","0"
"*05150*","Jackson Cluff","NYM","SS","2722","FA","29","0","0","0%","0%","0","0","0","0","0","0","0","0","0","0","0","0","0","0","0"
"*06gvf*","Cole Conn","ATH","C","2792","FA","25","0","0","0%","0%","0","0","0","0","0","0","0","0","0","0","0","0","0","0","0"
"*072di*","Diego Contreras","SEA","SS","2804","FA","18","0","0","0%","0%","0","0","0","0","0","0","0","0","0","0","0","0","0","0","0"
"*072ig*","Yensi De La Cruz","HOU","OF","3147","FA","19","0","0","0%","0%","0","0","0","0","0","0","0","0","0","0","0","0","0","0","0"
"*05yif*","Fraymi De Leon","(N/A)","2B,3B,SS","3172","FA","21","0","0","0%","0%","0","0","0","0","0","0","0","0","0","0","0","0","0","0","0"
"*07035*","Justin DeCriscio","SD","3B","3213","FA","23","0","0","0%","0%","0","0","0","0","0","0","0","0","0","0","0","0","0","0","0"
"*066f6*","Cameron Decker","LAD","1B","3236","FA","22","0","0","0%","0%","0","0","0","0","0","0","0","0","0","0","0","0","0","0","0"
"*04pmx*","Nick Decker","(N/A)","OF","3237","FA","26","0","0","0%","0%","0","0","0","0","0","0","0","0","0","0","0","0","0","0","0"
"*06aot*","John Estevez","ATL","OF","3619","FA","20","0","0","0%","0%","0","0","0","0","0","0","0","0","0","0","0","0","0","0","0"
"*072ay*","Kaleb Freeman","CHW","2B","3910","FA","23","0","0","0%","0%","0","0","0","0","0","0","0","0","0","0","0","0","0","0","0"
"*06k82*","Darison Garcia","KC","2B","4026","FA","19","0","0","0%","0%","0","0","0","0","0","0","0","0","0","0","0","0","0","0","0"
"*03c8a*","Dermis Garcia","(N/A)","1B","4032","FA","28","0","0","0%","0%","0","0","0","0","0","0","0","0","0","0","0","0","0","0","0"
"*06rt1*","Isaac Garcia","CIN","OF","4041","FA","18","0","0","0%","0%","0","0","0","0","0","0","0","0","0","0","0","0","0","0","0"
"*05136*","Seth Gray","(N/A)","1B,3B","4359","FA","28","0","0","0%","0%","0","0","0","0","0","0","0","0","0","0","0","0","0","0","0"
"*01seb*","Robbie Grossman","(N/A)","OF","4394","FA","36","0","0","0%","0%","0","0","0","0","0","0","0","0","0","0","0","0","0","0","0"
"*06akr*","David Guzman","TOR","OF","4472","FA","20","0","0","0%","0%","0","0","0","0","0","0","0","0","0","0","0","0","0","0","0"
"*04vnd*","David Hensley","(N/A)","2B,OF","4675","FA","30","0","0","0%","0%","0","0","0","0","0","0","0","0","0","0","0","0","0","0","0"
"*05tcc*","Zach Kokoska","COL","1B,OF","5379","FA","27","0","0","0%","0%","0","0","0","0","0","0","0","0","0","0","0","0","0","0","0"
"*072yq*","Jordan Leon","(N/A)","SS","5579","FA","16","0","0","0%","0%","0","0","0","0","0","0","0","0","0","0","0","0","0","0","0"
"*03qok*","Vimael Machin","COL","3B","5841","FA","32","0","0","0%","0%","0","0","0","0","0","0","0","0","0","0","0","0","0","0","0"
"*03qkb*","Mark Mathias","(N/A)","2B","6101","FA","31","0","0","0%","0%","0","0","0","0","0","0","0","0","0","0","0","0","0","0","0"
"*03a95*","Francisco Mejia","(N/A)","C","6285","FA","30","0","0","0%","0%","0","0","0","0","0","0","0","0","0","0","0","0","0","0","0"
"*06kxr*","Estivenzon Montero","NYY","OF","6539","FA","19","0","0","0%","0%","0","0","0","0","0","0","0","0","0","0","0","0","0","0","0"
"*06z49*","Estevan Moreno","SEA","SS","6623","FA","22","0","0","0%","0%","0","0","0","0","0","0","0","0","0","0","0","0","0","0","0"
"*0657p*","Zach Morgan","SF","C","6642","FA","26","0","0","0%","0%","0","0","0","0","0","0","0","0","0","0","0","0","0","0","0"
"*06gjn*","Jack Moss","HOU","1B","6682","FA","24","0","0","0%","0%","0","0","0","0","0","0","0","0","0","0","0","0","0","0","0"
"*05y3s*","Miguel Palma","NYY","C","7141","FA","24","0","0","0%","0%","0","0","0","0","0","0","0","0","0","0","0","0","0","0","0"
"*04q4g*","Jaylen Palmer","NYM","OF","7147","FA","25","0","0","0%","0%","0","0","0","0","0","0","0","0","0","0","0","0","0","0","0"
"*03mky*","Hoy Park","(N/A)","2B,OF","7173","FA","30","0","0","0%","0%","0","0","0","0","0","0","0","0","0","0","0","0","0","0","0"
"*060x3*","Antony Peguero","(N/A)","OF","7251","FA","21","0","0","0%","0%","0","0","0","0","0","0","0","0","0","0","0","0","0","0","0"
"*06k7x*","Aaron Pinero","TB","3B","7499","FA","19","0","0","0%","0%","0","0","0","0","0","0","0","0","0","0","0","0","0","0","0"
"*03dan*","Jakson Reetz","SEA","C","7791","FA","30","0","0","0%","0%","0","0","0","0","0","0","0","0","0","0","0","0","0","0","0"
"*06yy1*","Nick Rodriguez","LAA","2B","8078","FA","23","0","0","0%","0%","0","0","0","0","0","0","0","0","0","0","0","0","0","0","0"
"*06sbo*","Eybert Sanchez","ARI","SS","8354","FA","18","0","0","0%","0%","0","0","0","0","0","0","0","0","0","0","0","0","0","0","0"
"*04yrn*","Yolbert Sanchez","(N/A)","2B,3B","8387","FA","29","0","0","0%","0%","0","0","0","0","0","0","0","0","0","0","0","0","0","0","0"
"*072in*","Anthony Santa Cruz de Oviedo","LAA","1B,OF","8404","FA","19","0","0","0%","0%","0","0","0","0","0","0","0","0","0","0","0","0","0","0","0"
"*06nk6*","Cameron Sisneros","HOU","1B","8711","FA","25","0","0","0%","0%","0","0","0","0","0","0","0","0","0","0","0","0","0","0","0"
"*072cq*","AJ Soldra","LAD","OF","8792","FA","22","0","0","0%","0%","0","0","0","0","0","0","0","0","0","0","0","0","0","0","0"
"*06zfh*","James Taussig","CHW","OF","9070","FA","23","0","0","0%","0%","0","0","0","0","0","0","0","0","0","0","0","0","0","0","0"
"*05yie*","Anthuan Valencia","CIN","OF","9409","FA","21","0","0","0%","0%","0","0","0","0","0","0","0","0","0","0","0","0","0","0","0"
"*06zh7*","Conner Westenburg","SD","OF","9735","FA","22","0","0","0%","0%","0","0","0","0","0","0","0","0","0","0","0","0","0","0","0"
"*06qkx*","Tyler Wilson","NYY","1B,OF","9842","FA","24","0","0","0%","0%","0","0","0","0","0","0","0","0","0","0","0","0","0","0","0"
"*06ytu*","Santiago Almao","TEX","2B","1339","FA","18","0","0","0%","0%","0","0","0","0","0","0","0","0","0","0","0","0","0","0","0"
"*02bwt*","Austin Barnes","(N/A)","C","1683","FA","36","0","0","0%","0%","0","0","0","0","0","0","0","0","0","0","0","0","0","0","0"
"*06l3n*","Yoxander Benitez","SF","OF","1847","FA","19","0","0","0%","0%","0","0","0","0","0","0","0","0","0","0","0","0","0","0","0"
"*05jrl*","Drew Bowser","CHC","3B","2042","FA","24","0","0","0%","0%","0","0","0","0","0","0","0","0","0","0","0","0","0","0","0"
"*06yzu*","Will Brick","TOR","C","2107","FA","18","0","0","0%","0%","0","0","0","0","0","0","0","0","0","0","0","0","0","0","0"
"*06l5g*","Jake Brown","SEA","OF","2162","FA","21","0","0","0%","0%","0","0","0","0","0","0","0","0","0","0","0","0","0","0","0"
"*06lt9*","Carlos Caro","PIT","2B","2423","FA","21","0","0","0%","0%","0","0","0","0","0","0","0","0","0","0","0","0","0","0","0"
"*0734h*","Jesus Chavez","TEX","OF","2628","FA","17","0","0","0%","0%","0","0","0","0","0","0","0","0","0","0","0","0","0","0","0"
"*06agg*","Sebastian De Andrade","SEA","C","3104","FA","20","0","0","0%","0%","0","0","0","0","0","0","0","0","0","0","0","0","0","0","0"
"*051bu*","Cam Devanney","(N/A)","3B","3281","FA","29","0","0","0%","0%","0","0","0","0","0","0","0","0","0","0","0","0","0","0","0"
"*06rnx*","Luis Garcia","CLE","SS","4057","FA","18","0","0","0%","0%","0","0","0","0","0","0","0","0","0","0","0","0","0","0","0"
"*06mik*","Aldo Gaxiola","TOR","3B","4102","FA","20","0","0","0%","0%","0","0","0","0","0","0","0","0","0","0","0","0","0","0","0"
"*05tl6*","Diego Guzman","KC","3B","4473","FA","22","0","0","0%","0%","0","0","0","0","0","0","0","0","0","0","0","0","0","0","0"
"*06mmw*","Javier Herrera","LAD","OF","4777","FA","21","0","0","0%","0%","0","0","0","0","0","0","0","0","0","0","0","0","0","0","0"
"*06qtt*","Colby Jones","ATL","2B,3B,SS","5170","FA","22","0","0","0%","0%","0","0","0","0","0","0","0","0","0","0","0","0","0","0","0"
"*06z0y*","Skylar King","BOS","OF","5321","FA","22","0","0","0%","0%","0","0","0","0","0","0","0","0","0","0","0","0","0","0","0"
"*06k6s*","Sam Kulasingam","KC","2B","5420","FA","25","0","0","0%","0%","0","0","0","0","0","0","0","0","0","0","0","0","0","0","0"
"*02bvk*","Nick Martini","(N/A)","UT","6077","FA","36","0","0","0%","0%","0","0","0","0","0","0","0","0","0","0","0","0","0","0","0"
"*06yw9*","Connor McGinnis","NYY","2B","6198","FA","23","0","0","0%","0%","0","0","0","0","0","0","0","0","0","0","0","0","0","0","0"
"*05g4n*","Rodolfo Nolasco","(N/A)","OF","6860","FA","24","0","0","0%","0%","0","0","0","0","0","0","0","0","0","0","0","0","0","0","0"
"*03125*","Dom Nunez","CLE","C","6896","FA","31","0","0","0%","0%","0","0","0","0","0","0","0","0","0","0","0","0","0","0","0"
"*0730x*","Douglas Olivo","DET","OF","6984","FA","17","0","0","0%","0%","0","0","0","0","0","0","0","0","0","0","0","0","0","0","0"
"*070bo*","Dylan Palmer","PIT","2B","7146","FA","22","0","0","0%","0%","0","0","0","0","0","0","0","0","0","0","0","0","0","0","0"
"*06fpk*","Eddie Park","CHW","OF","7172","FA","24","0","0","0%","0%","0","0","0","0","0","0","0","0","0","0","0","0","0","0","0"
"*06rku*","Orlando Patino","CHW","OF","7204","FA","18","0","0","0%","0%","0","0","0","0","0","0","0","0","0","0","0","0","0","0","0"
"*06qo5*","Andy Polanco","SF","OF","7545","FA","21","0","0","0%","0%","0","0","0","0","0","0","0","0","0","0","0","0","0","0","0"
"*0515d*","Anthony Prato","(N/A)","2B,OF","7600","FA","28","0","0","0%","0%","0","0","0","0","0","0","0","0","0","0","0","0","0","0","0"
"*06rse*","Jose Ramirez","DET","OF","7710","FA","18","0","0","0%","0%","0","0","0","0","0","0","0","0","0","0","0","0","0","0","0"
"*06aki*","Heriberto Rincon","NYM","OF","7904","FA","20","0","0","0%","0%","0","0","0","0","0","0","0","0","0","0","0","0","0","0","0"
"*05tca*","Jake Rucker","MIN","2B","8238","FA","26","0","0","0%","0%","0","0","0","0","0","0","0","0","0","0","0","0","0","0","0"
"*072ik*","Aiden Ruiz","PIT","SS","8248","FA","19","0","0","0%","0%","0","0","0","0","0","0","0","0","0","0","0","0","0","0","0"
"*05yiz*","Adan Sanchez","(N/A)","C","8338","FA","21","0","0","0%","0%","0","0","0","0","0","0","0","0","0","0","0","0","0","0","0"
"*03pj8*","DJ Stewart","(N/A)","OF","8910","FA","32","0","0","0%","0%","0","0","0","0","0","0","0","0","0","0","0","0","0","0","0"
"*05yfd*","Tyler Tolve","ATL","C","9225","FA","26","0","0","0%","0%","0","0","0","0","0","0","0","0","0","0","0","0","0","0","0"
"*06zij*","Camden Troyer","NYY","OF","9313","FA","23","0","0","0%","0%","0","0","0","0","0","0","0","0","0","0","0","0","0","0","0"
"*05r3o*","Daniel Vellojin","TB","C","9511","FA","26","0","0","0%","0%","0","0","0","0","0","0","0","0","0","0","0","0","0","0","0"
"*06yw1*","Kyle West","NYY","1B","9732","FA","23","0","0","0%","0%","0","0","0","0","0","0","0","0","0","0","0","0","0","0","0"
"*06kk9*","Jay Abernathy","(N/A)","2B","1184","FA","20","0","0","0%","0%","0","0","0","0","0","0","0","0","0","0","0","0","0","0","0"
"*051m5*","Stiven Acevedo","(N/A)","OF","1202","FA","23","0","0","0%","0%","0","0","0","0","0","0","0","0","0","0","0","0","0","0","0"
"*06bn4*","Eliesbert Alejos","ARI","3B","1305","FA","20","0","0","0%","0%","0","0","0","0","0","0","0","0","0","0","0","0","0","0","0"
"*06r5i*","Dayquer Alfonzo","SD","1B","1316","FA","18","0","0","0%","0%","0","0","0","0","0","0","0","0","0","0","0","0","0","0","0"
"*06mi8*","Christopher Alvarado","BOS","3B","1364","FA","19","0","0","0%","0%","0","0","0","0","0","0","0","0","0","0","0","0","0","0","0"
"*022vw*","Tucker Barnhart","(N/A)","C","1689","FA","35","0","0","0%","0%","0","0","0","0","0","0","0","0","0","0","0","0","0","0","0"
"*05yiw*","Johan Barrios","(N/A)","SS","1712","FA","21","0","0","0%","0%","0","0","0","0","0","0","0","0","0","0","0","0","0","0","0"
"*052im*","Matthew Batten","(N/A)","1B,3B","1753","FA","31","0","0","0%","0%","0","0","0","0","0","0","0","0","0","0","0","0","0","0","0"
"*06o10*","Hector Campusano","BAL","2B","2363","FA","19","0","0","0%","0%","0","0","0","0","0","0","0","0","0","0","0","0","0","0","0"
"*06jbi*","Justin Capellan","NYY","C","2380","FA","20","0","0","0%","0%","0","0","0","0","0","0","0","0","0","0","0","0","0","0","0"
"*06qwx*","Gabriel Cesa","ATL","OF","2586","FA","19","0","0","0%","0%","0","0","0","0","0","0","0","0","0","0","0","0","0","0","0"
"*05ubr*","Michael Curialle","(N/A)","OF","3002","FA","25","0","0","0%","0%","0","0","0","0","0","0","0","0","0","0","0","0","0","0","0"
"*03mwy*","Yonathan Daza","(N/A)","OF","3102","FA","32","0","0","0%","0%","0","0","0","0","0","0","0","0","0","0","0","0","0","0","0"
"*06cp5*","Jancory De La Cruz","MIA","OF","3127","FA","20","0","0","0%","0%","0","0","0","0","0","0","0","0","0","0","0","0","0","0","0"
"*06con*","Angel Diaz","(N/A)","C","3294","FA","22","0","0","0%","0%","0","0","0","0","0","0","0","0","0","0","0","0","0","0","0"
"*06qr8*","Titus Dumitru","PIT","OF","3453","FA","23","0","0","0%","0%","0","0","0","0","0","0","0","0","0","0","0","0","0","0","0"
"*06qsp*","Brendan Durfee","SD","C","3481","FA","24","0","0","0%","0%","0","0","0","0","0","0","0","0","0","0","0","0","0","0","0"
"*06rln*","Max Durrington","ATH","2B","3483","FA","19","0","0","0%","0%","0","0","0","0","0","0","0","0","0","0","0","0","0","0","0"
"*06kuk*","Evan Estevez","SF","1B","3617","FA","18","0","0","0%","0%","0","0","0","0","0","0","0","0","0","0","0","0","0","0","0"
"*0657h*","Thomas Gavello","SF","2B,3B,OF","4100","FA","25","0","0","0%","0%","0","0","0","0","0","0","0","0","0","0","0","0","0","0","0"
"*06f17*","Bryan Gonzalez","LAD","C","4242","FA","21","0","0","0%","0%","0","0","0","0","0","0","0","0","0","0","0","0","0","0","0"
"*04gdv*","Luis Gonzalez","(N/A)","OF","4283","FA","30","0","0","0%","0%","0","0","0","0","0","0","0","0","0","0","0","0","0","0","0"
"*0317b*","Luis Guillorme","(N/A)","2B,3B","4442","FA","31","0","0","0%","0%","0","0","0","0","0","0","0","0","0","0","0","0","0","0","0"
"*06ek3*","Hunter Haas","(N/A)","1B,3B","4487","FA","24","0","0","0%","0%","0","0","0","0","0","0","0","0","0","0","0","0","0","0","0"
"*06kvm*","Kendrick Herrera","PIT","SS","4781","FA","19","0","0","0%","0%","0","0","0","0","0","0","0","0","0","0","0","0","0","0","0"
"*0701o*","Cam Lee","BAL","OF","5552","FA","20","0","0","0%","0%","0","0","0","0","0","0","0","0","0","0","0","0","0","0","0"
"*060gl*","Ahbram Liendo","BOS","3B,SS","5623","FA","22","0","0","0%","0%","0","0","0","0","0","0","0","0","0","0","0","0","0","0","0"
"*06do7*","Luke Mann","ATH","1B,3B","5905","FA","26","0","0","0%","0%","0","0","0","0","0","0","0","0","0","0","0","0","0","0","0"
"*05t7u*","Raudelis Martinez","BOS","1B","6065","FA","24","0","0","0%","0%","0","0","0","0","0","0","0","0","0","0","0","0","0","0","0"
"*05xow*","Jordan McCants","(N/A)","2B,SS","6149","FA","24","0","0","0%","0%","0","0","0","0","0","0","0","0","0","0","0","0","0","0","0"
"*06kul*","Adriander Mejia","BAL","C","6280","FA","19","0","0","0%","0%","0","0","0","0","0","0","0","0","0","0","0","0","0","0","0"
"*05yd8*","Chris Meyers","DET","1B,OF","6401","FA","27","0","0","0%","0%","0","0","0","0","0","0","0","0","0","0","0","0","0","0","0"
"*06qpg*","Lyle Miller-Green","PHI","1B","6459","FA","25","0","0","0%","0%","0","0","0","0","0","0","0","0","0","0","0","0","0","0","0"
"*058ta*","Darlin Moquete","(N/A)","OF","6591","FA","26","0","0","0%","0%","0","0","0","0","0","0","0","0","0","0","0","0","0","0","0"
"*05w80*","Diego Mosquera","NYM","OF","6677","FA","22","0","0","0%","0%","0","0","0","0","0","0","0","0","0","0","0","0","0","0","0"
"*06qi8*","Kole Myers","LAD","OF","6755","FA","25","0","0","0%","0%","0","0","0","0","0","0","0","0","0","0","0","0","0","0","0"
"*043f8*","Omar Narvaez","(N/A)","C","6774","FA","34","0","0","0%","0%","0","0","0","0","0","0","0","0","0","0","0","0","0","0","0"
"*066fv*","Keshawn Ogans","ATL","3B","6959","FA","24","0","0","0%","0%","0","0","0","0","0","0","0","0","0","0","0","0","0","0","0"
"*06tzv*","Cesar Paredes","LAA","SS","7163","FA","18","0","0","0%","0%","0","0","0","0","0","0","0","0","0","0","0","0","0","0","0"
"*06kvi*","Amauri Ramirez","HOU","OF","7697","FA","19","0","0","0%","0%","0","0","0","0","0","0","0","0","0","0","0","0","0","0","0"
"*03qlr*","Edwin Rios","(N/A)","3B","7909","FA","32","0","0","0%","0%","0","0","0","0","0","0","0","0","0","0","0","0","0","0","0"
"*05wdm*","Lizandro Rodriguez","(N/A)","2B","8058","FA","23","0","0","0%","0%","0","0","0","0","0","0","0","0","0","0","0","0","0","0","0"
"*066mi*","Tony Ruiz","(N/A)","1B","8255","FA","20","0","0","0%","0%","0","0","0","0","0","0","0","0","0","0","0","0","0","0","0"
"*06p5x*","Edwin Sanchez","HOU","1B,OF","8350","FA","21","0","0","0%","0%","0","0","0","0","0","0","0","0","0","0","0","0","0","0","0"
"*04j4f*","Luis Santana","(N/A)","3B","8414","FA","27","0","0","0%","0%","0","0","0","0","0","0","0","0","0","0","0","0","0","0","0"
"*06qn6*","Josh Springer","TEX","C","8855","FA","20","0","0","0%","0%","0","0","0","0","0","0","0","0","0","0","0","0","0","0","0"
"*05180*","C.J. Stubbs","TOR","C","8955","FA","29","0","0","0%","0%","0","0","0","0","0","0","0","0","0","0","0","0","0","0","0"
"*06zrc*","Josh Tate","PIT","OF","9063","FA","22","0","0","0%","0%","0","0","0","0","0","0","0","0","0","0","0","0","0","0","0"
"*06v4x*","Carson Tinney","MIN","C","9205","FA","21","0","0","0%","0%","0","0","0","0","0","0","0","0","0","0","0","0","0","0","0"
"*0642d*","Luis Torres","(N/A)","1B","9262","FA","22","0","0","0%","0%","0","0","0","0","0","0","0","0","0","0","0","0","0","0","0"
"*06mwb*","Yimy Tovar","SD","SS","9286","FA","20","0","0","0%","0%","0","0","0","0","0","0","0","0","0","0","0","0","0","0","0"
"*06zbl*","Jaxson West","TOR","C","9729","FA","22","0","0","0%","0%","0","0","0","0","0","0","0","0","0","0","0","0","0","0","0"
"*058ls*","Jose Acosta","(N/A)","2B","1214","FA","26","0","0","0%","0%","0","0","0","0","0","0","0","0","0","0","0","0","0","0","0"
"*06rt6*","Eliezer Alfonzo","BOS","2B","1317","FA","18","0","0","0%","0%","0","0","0","0","0","0","0","0","0","0","0","0","0","0","0"
"*06s3a*","Manuel Almeida","SEA","C","1341","FA","18","0","0","0%","0%","0","0","0","0","0","0","0","0","0","0","0","0","0","0","0"
"*03nrm*","Jonathan Arauz","(N/A)","2B","1469","FA","27","0","0","0%","0%","0","0","0","0","0","0","0","0","0","0","0","0","0","0","0"
"*06qia*","Nathan Archer","CHW","OF","1473","FA","23","0","0","0%","0%","0","0","0","0","0","0","0","0","0","0","0","0","0","0","0"
"*06jhk*","Joaquin Arias Jr.","TEX","OF","1490","FA","19","0","0","0%","0%","0","0","0","0","0","0","0","0","0","0","0","0","0","0","0"
"*06vy9*","Carlos Bello","NYY","2B","1818","FA","18","0","0","0%","0%","0","0","0","0","0","0","0","0","0","0","0","0","0","0","0"
"*06rtd*","Carlos Benavides","DET","C,1B","1831","FA","18","0","0","0%","0%","0","0","0","0","0","0","0","0","0","0","0","0","0","0","0"
"*05mrr*","Jack Blomgren","(N/A)","SS","1959","FA","27","0","0","0%","0%","0","0","0","0","0","0","0","0","0","0","0","0","0","0","0"
"*072cu*","Luke Cantwell","SD","1B","2378","FA","23","0","0","0%","0%","0","0","0","0","0","0","0","0","0","0","0","0","0","0","0"
"*06cq4*","Trent Caraway","(N/A)","3B","2392","FA","22","0","0","0%","0%","0","0","0","0","0","0","0","0","0","0","0","0","0","0","0"
"*06jh0*","Carlos Carrasquel","(N/A)","SS","2438","FA","19","0","0","0%","0%","0","0","0","0","0","0","0","0","0","0","0","0","0","0","0"
"*062yz*","Oliver Carrillo","(N/A)","1B","2449","FA","24","0","0","0%","0%","0","0","0","0","0","0","0","0","0","0","0","0","0","0","0"
"*062l1*","Jesus Castillo","PIT","1B,2B,3B","2497","FA","23","0","0","0%","0%","0","0","0","0","0","0","0","0","0","0","0","0","0","0","0"
"*06ezq*","Carlos Cauro","HOU","UT","2540","FA","21","0","0","0%","0%","0","0","0","0","0","0","0","0","0","0","0","0","0","0","0"
"*062dz*","Loidel Chapelli","(N/A)","2B","2613","FA","24","0","0","0%","0%","0","0","0","0","0","0","0","0","0","0","0","0","0","0","0"
"*064p1*","Kendry Chirinos","TOR","1B,3B","2653","FA","21","0","0","0%","0%","0","0","0","0","0","0","0","0","0","0","0","0","0","0","0"
"*06aql*","Shoei Darvish","(N/A)","OF","3057","FA","18","0","0","0%","0%","0","0","0","0","0","0","0","0","0","0","0","0","0","0","0"
"*06qrt*","Derek Datil","TB","OF","3060","FA","20","0","0","0%","0%","0","0","0","0","0","0","0","0","0","0","0","0","0","0","0"
"*06rsy*","Mayki De La Rosa","ARI","OF","3162","FA","18","0","0","0%","0%","0","0","0","0","0","0","0","0","0","0","0","0","0","0","0"
"*02y8t*","Aledmys Diaz","(N/A)","1B,3B,SS","3291","FA","35","0","0","0%","0%","0","0","0","0","0","0","0","0","0","0","0","0","0","0","0"
"*04pqr*","Nick Dunn","(N/A)","2B","3461","FA","29","0","0","0%","0%","0","0","0","0","0","0","0","0","0","0","0","0","0","0","0"
"*04mls*","Jeremy Eierman","(N/A)","SS","3524","FA","29","0","0","0%","0%","0","0","0","0","0","0","0","0","0","0","0","0","0","0","0"
"*06qto*","Brandon Eike","SEA","1B,3B","3525","FA","24","0","0","0%","0%","0","0","0","0","0","0","0","0","0","0","0","0","0","0","0"
"*04eet*","Drew Ellis","(N/A)","1B,3B","3539","FA","30","0","0","0%","0%","0","0","0","0","0","0","0","0","0","0","0","0","0","0","0"
"*06sj3*","Chase Fralick","(N/A)","C","3869","FA","20","0","0","0%","0%","0","0","0","0","0","0","0","0","0","0","0","0","0","0","0"
"*06zcs*","Bradley Frye","SD","3B","3940","FA","24","0","0","0%","0%","0","0","0","0","0","0","0","0","0","0","0","0","0","0","0"
"*03ml3*","Arquimedes Gamboa","(N/A)","SS","3996","FA","28","0","0","0%","0%","0","0","0","0","0","0","0","0","0","0","0","0","0","0","0"
"*066fk*","John Garcia","HOU","C","4046","FA","25","0","0","0%","0%","0","0","0","0","0","0","0","0","0","0","0","0","0","0","0"
"*06rro*","Johanse Gomez","BAL","OF","4207","FA","18","0","0","0%","0%","0","0","0","0","0","0","0","0","0","0","0","0","0","0","0"
"*050yj*","Bryan Gonzalez","(N/A)","1B","4241","FA","24","0","0","0%","0%","0","0","0","0","0","0","0","0","0","0","0","0","0","0","0"
"*0730q*","Eduardo Gonzalez","CHC","SS","4257","FA","17","0","0","0%","0%","0","0","0","0","0","0","0","0","0","0","0","0","0","0","0"
"*06zao*","Gage Harrelson","LAA","OF","4575","FA","22","0","0","0%","0%","0","0","0","0","0","0","0","0","0","0","0","0","0","0","0"
"*06r8n*","Max Hemenway","(N/A)","SS","4650","FA","18","0","0","0%","0%","0","0","0","0","0","0","0","0","0","0","0","0","0","0","0"
"*06s69*","Steven Herrera","MIA","2B","4787","FA","18","0","0","0%","0%","0","0","0","0","0","0","0","0","0","0","0","0","0","0","0"
"*04pro*","P.J. Hilson","PIT","OF","4842","FA","25","0","0","0%","0%","0","0","0","0","0","0","0","0","0","0","0","0","0","0","0"
"*0517g*","Jake Holton","SF","1B","4899","FA","28","0","0","0%","0%","0","0","0","0","0","0","0","0","0","0","0","0","0","0","0"
"*04era*","Korry Howell","(N/A)","OF","4938","FA","27","0","0","0%","0%","0","0","0","0","0","0","0","0","0","0","0","0","0","0","0"
"*06eo1*","Jakey Josepha","ARI","OF","5198","FA","22","0","0","0%","0%","0","0","0","0","0","0","0","0","0","0","0","0","0","0","0"
"*06z43*","Matt King","PIT","SS","5319","FA","23","0","0","0%","0%","0","0","0","0","0","0","0","0","0","0","0","0","0","0","0"
"*066cj*","Tatem Levins","TB","C","5601","FA","27","0","0","0%","0%","0","0","0","0","0","0","0","0","0","0","0","0","0","0","0"
"*04pr2*","Devin Mann","(N/A)","1B,3B","5903","FA","29","0","0","0%","0%","0","0","0","0","0","0","0","0","0","0","0","0","0","0","0"
"*05yi0*","Paul McIntosh","PHI","C","6213","FA","28","0","0","0%","0%","0","0","0","0","0","0","0","0","0","0","0","0","0","0","0"
"*0731x*","Sebastian Mendez","HOU","SS","6336","FA","17","0","0","0%","0%","0","0","0","0","0","0","0","0","0","0","0","0","0","0","0"
"*06ya1*","Adolfo Miranda","NYM","OF","6473","FA","19","0","0","0%","0%","0","0","0","0","0","0","0","0","0","0","0","0","0","0","0"
"*06aq9*","Carlos Monteverde","(N/A)","1B","6557","FA","20","0","0","0%","0%","0","0","0","0","0","0","0","0","0","0","0","0","0","0","0"
"*05xpz*","Austin Murr","PHI","OF","6740","FA","27","0","0","0%","0%","0","0","0","0","0","0","0","0","0","0","0","0","0","0","0"
"*067yo*","Austin Nye","(N/A)","C","6916","FA","20","0","0","0%","0%","0","0","0","0","0","0","0","0","0","0","0","0","0","0","0"
"*06ajp*","Juan Obispo","WSH","OF","6942","FA","20","0","0","0%","0%","0","0","0","0","0","0","0","0","0","0","0","0","0","0","0"
"*0664i*","Nathaniel Ochoa Leyva","(N/A)","OF","6944","FA","22","0","0","0%","0%","0","0","0","0","0","0","0","0","0","0","0","0","0","0","0"
"*04nh5*","Alexander Ovalles","(N/A)","OF","7076","FA","25","0","0","0%","0%","0","0","0","0","0","0","0","0","0","0","0","0","0","0","0"
"*03deh*","Kevin Padlo","(N/A)","1B","7121","FA","30","0","0","0%","0%","0","0","0","0","0","0","0","0","0","0","0","0","0","0","0"
"*06c5j*","Cannon Peebles","CLE","C","7247","FA","22","0","0","0%","0%","0","0","0","0","0","0","0","0","0","0","0","0","0","0","0"
"*06cew*","Sandro Pereira","HOU","2B","7334","FA","20","0","0","0%","0%","0","0","0","0","0","0","0","0","0","0","0","0","0","0","0"
"*06rqq*","Elias Perez","SEA","OF","7361","FA","18","0","0","0%","0%","0","0","0","0","0","0","0","0","0","0","0","0","0","0","0"
"*06qa3*","Rashawn Pinder","TEX","OF","7487","FA","19","0","0","0%","0%","0","0","0","0","0","0","0","0","0","0","0","0","0","0","0"
"*04b3d*","Israel Pineda","(N/A)","C","7492","FA","26","0","0","0%","0%","0","0","0","0","0","0","0","0","0","0","0","0","0","0","0"
"*051wn*","Elio Prado","(N/A)","OF","7596","FA","24","0","0","0%","0%","0","0","0","0","0","0","0","0","0","0","0","0","0","0","0"
"*0515g*","Luke Ritter","PHI","2B,3B,OF","7917","FA","29","0","0","0%","0%","0","0","0","0","0","0","0","0","0","0","0","0","0","0","0"
"*066ov*","Victor Rodrigues","LAD","C","7997","FA","21","0","0","0%","0%","0","0","0","0","0","0","0","0","0","0","0","0","0","0","0"
"*06rvx*","Maikol Rodriguez","SEA","OF","8067","FA","19","0","0","0%","0%","0","0","0","0","0","0","0","0","0","0","0","0","0","0","0"
"*06v32*","Samuell Sanchez","DET","OF","8379","FA","20","0","0","0%","0%","0","0","0","0","0","0","0","0","0","0","0","0","0","0","0"
"*01s9d*","Miguel Sano","(N/A)","1B,3B","8402","FA","33","0","0","0%","0%","0","0","0","0","0","0","0","0","0","0","0","0","0","0","0"
"*05jpc*","Anthony Servideo","(N/A)","3B","8577","FA","27","0","0","0%","0%","0","0","0","0","0","0","0","0","0","0","0","0","0","0","0"
"*06ylq*","Kyle Sinzza","ARI","2B","8705","FA","19","0","0","0%","0%","0","0","0","0","0","0","0","0","0","0","0","0","0","0","0"
"*06qwa*","Myles Smith","(N/A)","OF","8754","FA","24","0","0","0%","0%","0","0","0","0","0","0","0","0","0","0","0","0","0","0","0"
"*06j8p*","Juarlin Soto","TOR","3B","8823","FA","19","0","0","0%","0%","0","0","0","0","0","0","0","0","0","0","0","0","0","0","0"
"*05rh8*","Alexander Suarez","(N/A)","OF","8964","FA","24","0","0","0%","0%","0","0","0","0","0","0","0","0","0","0","0","0","0","0","0"
"*05yhh*","Terrell Tatum","(N/A)","OF","9067","FA","27","0","0","0%","0%","0","0","0","0","0","0","0","0","0","0","0","0","0","0","0"
"*06rt0*","Deivis Velasquez","PHI","C","9498","FA","18","0","0","0%","0%","0","0","0","0","0","0","0","0","0","0","0","0","0","0","0"
"*06c7n*","Facundo Velasquez","STL","OF","9500","FA","20","0","0","0%","0%","0","0","0","0","0","0","0","0","0","0","0","0","0","0","0"
"*06mwd*","Dervy Ventura","SEA","2B","9517","FA","22","0","0","0%","0%","0","0","0","0","0","0","0","0","0","0","0","0","0","0","0"
"*04p9n*","Jared Walsh","(N/A)","1B","9638","FA","32","0","0","0%","0%","0","0","0","0","0","0","0","0","0","0","0","0","0","0","0"
"*06qr0*","Kasen Wells","SD","OF","9711","FA","22","0","0","0%","0%","0","0","0","0","0","0","0","0","0","0","0","0","0","0","0"
"*03qkr*","Austin Allen","(N/A)","C","1325","FA","32","0","0","0%","0%","0","0","0","0","0","0","0","0","0","0","0","0","0","0","0"
"*06yty*","Juan Alva","MIA","1B","1363","FA","20","0","0","0%","0%","0","0","0","0","0","0","0","0","0","0","0","0","0","0","0"
"*0420k*","Armando Alvarez","(N/A)","3B","1368","FA","32","0","0","0%","0%","0","0","0","0","0","0","0","0","0","0","0","0","0","0","0"
"*064r6*","Bryan Andrade","ATH","3B","1421","FA","21","0","0","0%","0%","0","0","0","0","0","0","0","0","0","0","0","0","0","0","0"
"*070ku*","Jose Astudillo","SF","OF","1570","FA","22","0","0","0%","0%","0","0","0","0","0","0","0","0","0","0","0","0","0","0","0"
"*06kug*","Tavano Baker","BOS","OF","1638","FA","19","0","0","0%","0%","0","0","0","0","0","0","0","0","0","0","0","0","0","0","0"
"*04eiz*","Rylan Bannon","(N/A)","3B,SS","1661","FA","30","0","0","0%","0%","0","0","0","0","0","0","0","0","0","0","0","0","0","0","0"
"*06qv2*","Derek Berg","PIT","C,1B","1863","FA","24","0","0","0%","0%","0","0","0","0","0","0","0","0","0","0","0","0","0","0","0"
"*04ylg*","Mike Brosseau","(N/A)","1B","2147","FA","32","0","0","0%","0%","0","0","0","0","0","0","0","0","0","0","0","0","0","0","0"
"*02bul*","Jake Cave","TB","OF","2543","FA","33","0","0","0%","0%","0","0","0","0","0","0","0","0","0","0","0","0","0","0","0"
"*06hwf*","Brady Cerkownyk","WSH","C","2580","FA","23","0","0","0%","0%","0","0","0","0","0","0","0","0","0","0","0","0","0","0","0"
"*06aqi*","Jeremy Ciriaco","COL","OF","2683","FA","19","0","0","0%","0%","0","0","0","0","0","0","0","0","0","0","0","0","0","0","0"
"*06ftn*","Jose Colmenares","CHW","2B,SS","2768","FA","24","0","0","0%","0%","0","0","0","0","0","0","0","0","0","0","0","0","0","0","0"
"*0730g*","Connor Comeau","TEX","3B,SS","2781","FA","17","0","0","0%","0%","0","0","0","0","0","0","0","0","0","0","0","0","0","0","0"
"*04ejt*","Mark Contreras","(N/A)","OF","2811","FA","31","0","0","0%","0%","0","0","0","0","0","0","0","0","0","0","0","0","0","0","0"
"*02k1f*","Franchy Cordero","(N/A)","UT","2836","FA","31","0","0","0%","0%","0","0","0","0","0","0","0","0","0","0","0","0","0","0","0"
"*03da6*","Isan Diaz","(N/A)","2B,SS","3305","FA","30","0","0","0%","0%","0","0","0","0","0","0","0","0","0","0","0","0","0","0","0"
"*06431*","Griffin Doersching","(N/A)","1B","3369","FA","27","0","0","0%","0%","0","0","0","0","0","0","0","0","0","0","0","0","0","0","0"
"*05jpq*","Jimmy Glowenke","(N/A)","SS","4183","FA","27","0","0","0%","0%","0","0","0","0","0","0","0","0","0","0","0","0","0","0","0"
"*06ysl*","Luis Hernandez","(N/A)","1B","4742","FA","18","0","0","0%","0%","0","0","0","0","0","0","0","0","0","0","0","0","0","0","0"
"*05y0w*","Bennett Hostetler","MIA","C","4924","FA","28","0","0","0%","0%","0","0","0","0","0","0","0","0","0","0","0","0","0","0","0"
"*04b12*","Diego Infante","(N/A)","OF","5000","FA","26","0","0","0%","0%","0","0","0","0","0","0","0","0","0","0","0","0","0","0","0"
"*0648l*","Kamren James","TB","OF","5046","FA","26","0","0","0%","0%","0","0","0","0","0","0","0","0","0","0","0","0","0","0","0"
"*06496*","Andrew Jenkins","DET","1B","5076","FA","25","0","0","0%","0%","0","0","0","0","0","0","0","0","0","0","0","0","0","0","0"
"*06qy1*","Albert Jimenez","SF","UT","5094","FA","19","0","0","0%","0%","0","0","0","0","0","0","0","0","0","0","0","0","0","0","0"
"*06rsw*","Luis Steven King","KC","SS","5318","FA","18","0","0","0%","0%","0","0","0","0","0","0","0","0","0","0","0","0","0","0","0"
"*06c0y*","Kleimir Lemos","(N/A)","1B","5576","FA","21","0","0","0%","0%","0","0","0","0","0","0","0","0","0","0","0","0","0","0","0"
"*06lwm*","Raily Liriano","ARI","OF","5662","FA","19","0","0","0%","0%","0","0","0","0","0","0","0","0","0","0","0","0","0","0","0"
"*03wkr*","Alejo Lopez","KC","2B,3B,OF","5717","FA","30","0","0","0%","0%","0","0","0","0","0","0","0","0","0","0","0","0","0","0","0"
"*04yd9*","Eduardo Lopez","(N/A)","1B","5724","FA","24","0","0","0%","0%","0","0","0","0","0","0","0","0","0","0","0","0","0","0","0"
"*04ymb*","William Lugo","(N/A)","2B,3B,SS","5790","FA","24","0","0","0%","0%","0","0","0","0","0","0","0","0","0","0","0","0","0","0","0"
"*04rvw*","Pedro Martinez","(N/A)","SS","6060","FA","25","0","0","0%","0%","0","0","0","0","0","0","0","0","0","0","0","0","0","0","0"
"*06qof*","Dalton McIntyre","ATL","OF","6214","FA","23","0","0","0%","0%","0","0","0","0","0","0","0","0","0","0","0","0","0","0","0"
"*05w7q*","Carlos Mendoza","TOR","2B,3B","6343","FA","26","0","0","0%","0%","0","0","0","0","0","0","0","0","0","0","0","0","0","0","0"
"*03ynb*","Daniel Montano","(N/A)","OF","6531","FA","27","0","0","0%","0%","0","0","0","0","0","0","0","0","0","0","0","0","0","0","0"
"*060ou*","Aneudis Mordan","(N/A)","1B","6614","FA","22","0","0","0%","0%","0","0","0","0","0","0","0","0","0","0","0","0","0","0","0"
"*051fb*","Andrew Navigato","DET","1B,SS","6787","FA","28","0","0","0%","0%","0","0","0","0","0","0","0","0","0","0","0","0","0","0","0"
"*031bm*","Jacob Nottingham","SEA","C","6879","FA","31","0","0","0%","0%","0","0","0","0","0","0","0","0","0","0","0","0","0","0","0"
"*06zar*","Luke Nowak","KC","OF","6886","FA","23","0","0","0%","0%","0","0","0","0","0","0","0","0","0","0","0","0","0","0","0"
"*06gj1*","Joe Olsavsky","ATL","1B,3B","6989","FA","24","0","0","0%","0%","0","0","0","0","0","0","0","0","0","0","0","0","0","0","0"
"*022vt*","Rafael Ortega","(N/A)","OF","7025","FA","35","0","0","0%","0%","0","0","0","0","0","0","0","0","0","0","0","0","0","0","0"
"*06r8h*","Angel Ortiz","ARI","OF","7030","FA","23","0","0","0%","0%","0","0","0","0","0","0","0","0","0","0","0","0","0","0","0"
"*052ib*","Viandel Pena","DET","2B","7295","FA","25","0","0","0%","0%","0","0","0","0","0","0","0","0","0","0","0","0","0","0","0"
"*06rjr*","Luis Puello","NYY","OF","7629","FA","20","0","0","0%","0%","0","0","0","0","0","0","0","0","0","0","0","0","0","0","0"
"*06nu8*","Cesar Quintas","SEA","1B,OF","7666","FA","23","0","0","0%","0%","0","0","0","0","0","0","0","0","0","0","0","0","0","0","0"
"*06qr3*","Eric Rataczak","(N/A)","OF","7768","FA","25","0","0","0%","0%","0","0","0","0","0","0","0","0","0","0","0","0","0","0","0"
"*04ofm*","Bladimir Restituyo","(N/A)","OF","7822","FA","25","0","0","0%","0%","0","0","0","0","0","0","0","0","0","0","0","0","0","0","0"
"*04lo8*","Jose Rojas","NYM","OF","8125","FA","33","0","0","0%","0%","0","0","0","0","0","0","0","0","0","0","0","0","0","0","0"
"*06fqu*","Caden Rose","BOS","OF","8214","FA","24","0","0","0%","0%","0","0","0","0","0","0","0","0","0","0","0","0","0","0","0"
"*05yhf*","Matt Rudick","NYM","UT","8240","FA","28","0","0","0%","0%","0","0","0","0","0","0","0","0","0","0","0","0","0","0","0"
"*06kuj*","Christian Saez","STL","1B","8292","FA","19","0","0","0%","0%","0","0","0","0","0","0","0","0","0","0","0","0","0","0","0"
"*06rrn*","Lisandro Sanchez","BAL","OF","8374","FA","18","0","0","0%","0%","0","0","0","0","0","0","0","0","0","0","0","0","0","0","0"
"*06c5l*","Anthony Silva","CLE","2B","8658","FA","23","0","0","0%","0%","0","0","0","0","0","0","0","0","0","0","0","0","0","0","0"
"*0512y*","Marcus Smith","CIN","OF","8753","FA","25","0","0","0%","0%","0","0","0","0","0","0","0","0","0","0","0","0","0","0","0"
"*06qty*","Jared Sprague-Lott","ATH","2B,3B","8854","FA","24","0","0","0%","0%","0","0","0","0","0","0","0","0","0","0","0","0","0","0","0"
"*06hue*","William Sullivan","(N/A)","1B","8992","FA","25","0","0","0%","0%","0","0","0","0","0","0","0","0","0","0","0","0","0","0","0"
"*032pz*","Raimel Tapia","(N/A)","OF","9056","FA","32","0","0","0%","0%","0","0","0","0","0","0","0","0","0","0","0","0","0","0","0"
"*041xd*","Cody Thomas","(N/A)","OF","9150","FA","31","0","0","0%","0%","0","0","0","0","0","0","0","0","0","0","0","0","0","0","0"
"*065nt*","Taylor Young","LAD","2B,3B","9956","FA","27","0","0","0%","0%","0","0","0","0","0","0","0","0","0","0","0","0","0","0","0"
"*06mmm*","Diorland Zambrano","CIN","1B,SS","9975","FA","19","0","0","0%","0%","0","0","0","0","0","0","0","0","0","0","0","0","0","0","0"
"*06rip*","Henniel Alcala","CHC","C","1279","FA","20","0","0","0%","0%","0","0","0","0","0","0","0","0","0","0","0","0","0","0","0"
"*06uvu*","Derik Alcantara","CHC","OF","1286","FA","21","0","0","0%","0%","0","0","0","0","0","0","0","0","0","0","0","0","0","0","0"
"*05y4h*","Brady Allen","(N/A)","OF","1326","FA","26","0","0","0%","0%","0","0","0","0","0","0","0","0","0","0","0","0","0","0","0"
"*0730r*","Franyel Almanzar","CHC","SS","1338","FA","17","0","0","0%","0%","0","0","0","0","0","0","0","0","0","0","0","0","0","0","0"
"*04eh1*","David Banuelos","MIN","UT","1662","FA","29","0","0","0%","0%","0","0","0","0","0","0","0","0","0","0","0","0","0","0","0"
"*06rvu*","Jose Barrios","MIN","2B","1713","FA","18","0","0","0%","0%","0","0","0","0","0","0","0","0","0","0","0","0","0","0","0"
"*072yk*","Kinon Bastian","(N/A)","2B,OF","1732","FA","17","0","0","0%","0%","0","0","0","0","0","0","0","0","0","0","0","0","0","0","0"
"*0512t*","Jamari Baylor","NYM","SS","1776","FA","25","0","0","0%","0%","0","0","0","0","0","0","0","0","0","0","0","0","0","0","0"
"*06id1*","Derek Bender","(N/A)","1B","1838","FA","23","0","0","0%","0%","0","0","0","0","0","0","0","0","0","0","0","0","0","0","0"
"*06qtz*","Canyon Brown","KC","C","2154","FA","22","0","0","0%","0%","0","0","0","0","0","0","0","0","0","0","0","0","0","0","0"
"*04pyz*","Ruben Cardenas","(N/A)","OF","2395","FA","28","0","0","0%","0%","0","0","0","0","0","0","0","0","0","0","0","0","0","0","0"
"*06rgr*","Victor Cardoza","PHI","OF","2398","FA","20","0","0","0%","0%","0","0","0","0","0","0","0","0","0","0","0","0","0","0","0"
"*05rhs*","Kenny Castillo","ARI","C","2500","FA","22","0","0","0%","0%","0","0","0","0","0","0","0","0","0","0","0","0","0","0","0"
"*039si*","Yu Chang","(N/A)","SS","2612","FA","30","0","0","0%","0%","0","0","0","0","0","0","0","0","0","0","0","0","0","0","0"
"*05uh8*","Jesus Chirinos","(N/A)","1B","2648","FA","25","0","0","0%","0%","0","0","0","0","0","0","0","0","0","0","0","0","0","0","0"
"*06ekf*","B.Y. Choi","(N/A)","2B","2660","FA","24","0","0","0%","0%","0","0","0","0","0","0","0","0","0","0","0","0","0","0","0"
"*072zv*","Jose Colina","CIN","OF","2750","FA","17","0","0","0%","0%","0","0","0","0","0","0","0","0","0","0","0","0","0","0","0"
"*052rt*","Darryl Collins","(N/A)","OF","2763","FA","24","0","0","0%","0%","0","0","0","0","0","0","0","0","0","0","0","0","0","0","0"
"*06ho8*","Caden Connor","CHW","1B,OF","2794","FA","25","0","0","0%","0%","0","0","0","0","0","0","0","0","0","0","0","0","0","0","0"
"*04n1v*","Stanley Consuegra","(N/A)","OF","2801","FA","25","0","0","0%","0%","0","0","0","0","0","0","0","0","0","0","0","0","0","0","0"
"*0637h*","Felix Cotes","TB","2B","2880","FA","20","0","0","0%","0%","0","0","0","0","0","0","0","0","0","0","0","0","0","0","0"
"*05w9u*","Narbe Cruz","HOU","2B,3B","2963","FA","25","0","0","0%","0%","0","0","0","0","0","0","0","0","0","0","0","0","0","0","0"
"*06qpl*","Yan Cruz","(N/A)","OF","2976","FA","19","0","0","0%","0%","0","0","0","0","0","0","0","0","0","0","0","0","0","0","0"
"*06qe2*","Edwin Darville","BOS","2B","3056","FA","19","0","0","0%","0%","0","0","0","0","0","0","0","0","0","0","0","0","0","0","0"
"*07036*","Zach Daudet","HOU","1B","3063","FA","23","0","0","0%","0%","0","0","0","0","0","0","0","0","0","0","0","0","0","0","0"
"*06ucw*","Drew Davies","CIN","1B","3073","FA","20","0","0","0%","0%","0","0","0","0","0","0","0","0","0","0","0","0","0","0","0"
"*06z5h*","Wanderly De La Cruz","CIN","OF","3144","FA","18","0","0","0%","0%","0","0","0","0","0","0","0","0","0","0","0","0","0","0","0"
"*04prm*","Niko Decolati","(N/A)","OF","3238","FA","28","0","0","0%","0%","0","0","0","0","0","0","0","0","0","0","0","0","0","0","0"
"*06quw*","Anthony Donofrio","SEA","OF","3392","FA","26","0","0","0%","0%","0","0","0","0","0","0","0","0","0","0","0","0","0","0","0"
"*060qh*","Willy Fanas","(N/A)","OF","3665","FA","22","0","0","0%","0%","0","0","0","0","0","0","0","0","0","0","0","0","0","0","0"
"*041qj*","Mario Feliciano","(N/A)","C","3689","FA","27","0","0","0%","0%","0","0","0","0","0","0","0","0","0","0","0","0","0","0","0"
"*05it8*","Cristian Feliz","(N/A)","OF","3698","FA","23","0","0","0%","0%","0","0","0","0","0","0","0","0","0","0","0","0","0","0","0"
"*06fqd*","Jackson Feltner","(N/A)","1B","3707","FA","24","0","0","0%","0%","0","0","0","0","0","0","0","0","0","0","0","0","0","0","0"
"*06sbt*","Feliz Genao","ARI","1B","4111","FA","18","0","0","0%","0%","0","0","0","0","0","0","0","0","0","0","0","0","0","0","0"
"*043cc*","Ricardo Genoves","(N/A)","C","4114","FA","27","0","0","0%","0%","0","0","0","0","0","0","0","0","0","0","0","0","0","0","0"
"*060wn*","Samuel Gil","DET","2B,3B","4148","FA","21","0","0","0%","0%","0","0","0","0","0","0","0","0","0","0","0","0","0","0","0"
"*04ae9*","Dalton Guthrie","(N/A)","OF","4448","FA","30","0","0","0%","0%","0","0","0","0","0","0","0","0","0","0","0","0","0","0","0"
"*06432*","Anthony Hall","(N/A)","OF","4514","FA","25","0","0","0%","0%","0","0","0","0","0","0","0","0","0","0","0","0","0","0","0"
"*05xps*","Quincy Hamilton","(N/A)","OF","4532","FA","28","0","0","0%","0%","0","0","0","0","0","0","0","0","0","0","0","0","0","0","0"
"*04pmh*","Jameson Hannah","(N/A)","OF","4554","FA","28","0","0","0%","0%","0","0","0","0","0","0","0","0","0","0","0","0","0","0","0"
"*061w2*","Diego Hernandez","(N/A)","OF","4714","FA","25","0","0","0%","0%","0","0","0","0","0","0","0","0","0","0","0","0","0","0","0"
"*06hrz*","Jackson Hornung","(N/A)","1B,OF","4919","FA","25","0","0","0%","0%","0","0","0","0","0","0","0","0","0","0","0","0","0","0","0"
"*060oz*","Alex Isola","(N/A)","1B,OF","5017","FA","28","0","0","0%","0%","0","0","0","0","0","0","0","0","0","0","0","0","0","0","0"
"*05y54*","Mike Jarvis","PIT","2B,OF","5056","FA","28","0","0","0%","0%","0","0","0","0","0","0","0","0","0","0","0","0","0","0","0"
"*06fze*","Ryan Johnson","(N/A)","SS","5155","FA","25","0","0","0%","0%","0","0","0","0","0","0","0","0","0","0","0","0","0","0","0"
"*066d6*","Bill Knight","SEA","OF","5354","FA","26","0","0","0%","0%","0","0","0","0","0","0","0","0","0","0","0","0","0","0","0"
"*06c77*","Ariel Lebron","HOU","OF","5541","FA","21","0","0","0%","0%","0","0","0","0","0","0","0","0","0","0","0","0","0","0","0"
"*06cf1*","Bairon Ledesma","(N/A)","2B","5546","FA","21","0","0","0%","0%","0","0","0","0","0","0","0","0","0","0","0","0","0","0","0"
"*072be*","Meridian Leffew","DET","3B","5566","FA","19","0","0","0%","0%","0","0","0","0","0","0","0","0","0","0","0","0","0","0","0"
"*0513n*","Brandon Lewis","PHI","1B","5603","FA","27","0","0","0%","0%","0","0","0","0","0","0","0","0","0","0","0","0","0","0","0"
"*066co*","Gavin Logan","ARI","C","5692","FA","26","0","0","0%","0%","0","0","0","0","0","0","0","0","0","0","0","0","0","0","0"
"*06bj6*","Daniel Lopez","KC","OF","5722","FA","20","0","0","0%","0%","0","0","0","0","0","0","0","0","0","0","0","0","0","0","0"
"*06tzx*","Johan Machado","MIA","3B,SS","5839","FA","18","0","0","0%","0%","0","0","0","0","0","0","0","0","0","0","0","0","0","0","0"
"*06ih7*","Chusei Mannami","(N/A)","1B","5906","FA","26","0","0","0%","0%","0","0","0","0","0","0","0","0","0","0","0","0","0","0","0"
"*06yya*","Bryce Martin-Grudzielanek","NYY","3B","6009","FA","23","0","0","0%","0%","0","0","0","0","0","0","0","0","0","0","0","0","0","0","0"
"*06qqs*","T.J. McCants","(N/A)","OF","6150","FA","25","0","0","0%","0%","0","0","0","0","0","0","0","0","0","0","0","0","0","0","0"
"*06ux2*","Frank Mieses","CHW","OF","6415","FA","18","0","0","0%","0%","0","0","0","0","0","0","0","0","0","0","0","0","0","0","0"
"*06c3p*","Yaikel Mijares","CLE","2B,3B","6420","FA","20","0","0","0%","0%","0","0","0","0","0","0","0","0","0","0","0","0","0","0","0"
"*06kvc*","Estivel Morillo","CLE","OF","6646","FA","19","0","0","0%","0%","0","0","0","0","0","0","0","0","0","0","0","0","0","0","0"
"*06k7v*","Cesar Mujica","PHI","C","6702","FA","19","0","0","0%","0%","0","0","0","0","0","0","0","0","0","0","0","0","0","0","0"
"*0512x*","Joe Naranjo","(N/A)","1B","6770","FA","25","0","0","0%","0%","0","0","0","0","0","0","0","0","0","0","0","0","0","0","0"
"*051wm*","Andrick Nava","MIL","C","6778","FA","24","0","0","0%","0%","0","0","0","0","0","0","0","0","0","0","0","0","0","0","0"
"*06v4y*","Cameron Nickens","STL","OF","6829","FA","23","0","0","0%","0%","0","0","0","0","0","0","0","0","0","0","0","0","0","0","0"
"*04pvt*","Nicholas Northcut","(N/A)","3B","6877","FA","27","0","0","0%","0%","0","0","0","0","0","0","0","0","0","0","0","0","0","0","0"
"*06ytv*","Fredderick Ovalle","PIT","2B","7075","FA","19","0","0","0%","0%","0","0","0","0","0","0","0","0","0","0","0","0","0","0","0"
"*0514c*","Stephen Paolini","(N/A)","OF","7156","FA","25","0","0","0%","0%","0","0","0","0","0","0","0","0","0","0","0","0","0","0","0"
"*06aku*","Eduardo Perez","HOU","UT","7360","FA","20","0","0","0%","0%","0","0","0","0","0","0","0","0","0","0","0","0","0","0","0"
"*06hj5*","Brandon Pimentel","(N/A)","1B","7477","FA","26","0","0","0%","0%","0","0","0","0","0","0","0","0","0","0","0","0","0","0","0"
"*06mpk*","Eduardo Ponce","SEA","C","7566","FA","19","0","0","0%","0%","0","0","0","0","0","0","0","0","0","0","0","0","0","0","0"
"*0519s*","Micah Pries","(N/A)","1B","7614","FA","28","0","0","0%","0%","0","0","0","0","0","0","0","0","0","0","0","0","0","0","0"
"*07037*","Shai Robinson","MIN","2B","7981","FA","22","0","0","0%","0%","0","0","0","0","0","0","0","0","0","0","0","0","0","0","0"
"*06f13*","Si-Hwan Roh","(N/A)","3B","8112","FA","25","0","0","0%","0%","0","0","0","0","0","0","0","0","0","0","0","0","0","0","0"
"*06bn1*","Yael Romero","CIN","1B","8166","FA","20","0","0","0%","0%","0","0","0","0","0","0","0","0","0","0","0","0","0","0","0"
"*070ev*","Rodny Rosario","CLE","3B","8209","FA","18","0","0","0%","0%","0","0","0","0","0","0","0","0","0","0","0","0","0","0","0"
"*06sbl*","Victor Santana","ARI","3B","8421","FA","18","0","0","0%","0%","0","0","0","0","0","0","0","0","0","0","0","0","0","0","0"
"*0731s*","Aneudi Severino","TOR","OF","8581","FA","17","0","0","0%","0%","0","0","0","0","0","0","0","0","0","0","0","0","0","0","0"
"*06kgn*","Franchely Silverio","HOU","SS","8672","FA","19","0","0","0%","0%","0","0","0","0","0","0","0","0","0","0","0","0","0","0","0"
"*051jn*","Karson Simas","CHC","2B","8679","FA","25","0","0","0%","0%","0","0","0","0","0","0","0","0","0","0","0","0","0","0","0"
"*06qpu*","Gavin Smith","TOR","SS","8743","FA","20","0","0","0%","0%","0","0","0","0","0","0","0","0","0","0","0","0","0","0","0"
"*06akn*","Yeycol Soriano","(N/A)","OF","8802","FA","20","0","0","0%","0%","0","0","0","0","0","0","0","0","0","0","0","0","0","0","0"
"*04pmi*","Josh Stowers","(N/A)","OF","8934","FA","29","0","0","0%","0%","0","0","0","0","0","0","0","0","0","0","0","0","0","0","0"
"*06zaf*","Justin Stransky","CHC","C","8936","FA","23","0","0","0%","0%","0","0","0","0","0","0","0","0","0","0","0","0","0","0","0"
"*06ro8*","Ronny Suarez","ARI","OF","8975","FA","18","0","0","0%","0%","0","0","0","0","0","0","0","0","0","0","0","0","0","0","0"
"*05xq5*","Drew Swift","ATH","SS","9019","FA","27","0","0","0%","0%","0","0","0","0","0","0","0","0","0","0","0","0","0","0","0"
"*06c7k*","Bracewell Taveras","STL","2B,3B","9078","FA","20","0","0","0%","0%","0","0","0","0","0","0","0","0","0","0","0","0","0","0","0"
"*06mv1*","Andres Torres","TB","C,1B","9248","FA","19","0","0","0%","0%","0","0","0","0","0","0","0","0","0","0","0","0","0","0","0"
"*06c2g*","Rafhlmil Torres","CIN","2B,SS","9267","FA","20","0","0","0%","0%","0","0","0","0","0","0","0","0","0","0","0","0","0","0","0"
"*0733y*","Eduardo Tusen","DET","SS","9343","FA","17","0","0","0%","0%","0","0","0","0","0","0","0","0","0","0","0","0","0","0","0"
"*063w1*","Javier Valdes","(N/A)","C","9389","FA","27","0","0","0%","0%","0","0","0","0","0","0","0","0","0","0","0","0","0","0","0"
"*0731l*","Isaac Velasquez","BOS","SS","9502","FA","16","0","0","0%","0%","0","0","0","0","0","0","0","0","0","0","0","0","0","0","0"
"*05mro*","Mac Wainwright","(N/A)","1B","9613","FA","23","0","0","0%","0%","0","0","0","0","0","0","0","0","0","0","0","0","0","0","0"
"*04prd*","Andy Weber","CHW","2B,SS","9691","FA","29","0","0","0%","0%","0","0","0","0","0","0","0","0","0","0","0","0","0","0","0"
"*062k2*","Hudson White","BOS","C","9753","FA","23","0","0","0%","0%","0","0","0","0","0","0","0","0","0","0","0","0","0","0","0"
"*051c1*","Eli Wilson","(N/A)","C","9831","FA","28","0","0","0%","0%","0","0","0","0","0","0","0","0","0","0","0","0","0","0","0"
"*06rwr*","Ryland Zaborowski","LAA","1B","9971","FA","24","0","0","0%","0%","0","0","0","0","0","0","0","0","0","0","0","0","0","0","0"
"*06qu3*","Zane Zielinski","SF","SS","10006","FA","24","0","0","0%","0%","0","0","0","0","0","0","0","0","0","0","0","0","0","0","0"
"*06uj5*","Angel Acosta","KC","2B","1209","FA","23","0","0","0%","0%","0","0","0","0","0","0","0","0","0","0","0","0","0","0","0"
"*06kyb*","Brayan Amoroso","STL","1B","1397","FA","19","0","0","0%","0%","0","0","0","0","0","0","0","0","0","0","0","0","0","0","0"
"*06hss*","Pablo Arosemena","CLE","1B","1538","FA","20","0","0","0%","0%","0","0","0","0","0","0","0","0","0","0","0","0","0","0","0"
"*0518l*","J.T. Arruda","(N/A)","2B,SS","1553","FA","28","0","0","0%","0%","0","0","0","0","0","0","0","0","0","0","0","0","0","0","0"
"*06qxx*","Christian Astudillo","BAL","C","1569","FA","19","0","0","0%","0%","0","0","0","0","0","0","0","0","0","0","0","0","0","0","0"
"*051e3*","Mahki Backstrom","(N/A)","1B","1611","FA","24","0","0","0%","0%","0","0","0","0","0","0","0","0","0","0","0","0","0","0","0"
"*06mif*","Andry Batista","TEX","OF","1741","FA","19","0","0","0%","0%","0","0","0","0","0","0","0","0","0","0","0","0","0","0","0"
"*06ky8*","Domingo Batista","(N/A)","OF","1744","FA","19","0","0","0%","0%","0","0","0","0","0","0","0","0","0","0","0","0","0","0","0"
"*0648w*","Jalen Battles","(N/A)","3B","1755","FA","26","0","0","0%","0%","0","0","0","0","0","0","0","0","0","0","0","0","0","0","0"
"*06qtu*","Bryce Boettcher","HOU","OF","1969","FA","24","0","0","0%","0%","0","0","0","0","0","0","0","0","0","0","0","0","0","0","0"
"*06gj9*","Jeremiah Boyd","ARI","C","2045","FA","26","0","0","0%","0%","0","0","0","0","0","0","0","0","0","0","0","0","0","0","0"
"*06rob*","Juan Brima","ARI","2B","2114","FA","18","0","0","0%","0%","0","0","0","0","0","0","0","0","0","0","0","0","0","0","0"
"*072yl*","Christopher Cabrera","(N/A)","1B,3B","2273","FA","14","0","0","0%","0%","0","0","0","0","0","0","0","0","0","0","0","0","0","0","0"
"*072eo*","Chase Call","HOU","OF","2318","FA","24","0","0","0%","0%","0","0","0","0","0","0","0","0","0","0","0","0","0","0","0"
"*04ym5*","Sergio Campana","(N/A)","OF","2340","FA","24","0","0","0%","0%","0","0","0","0","0","0","0","0","0","0","0","0","0","0","0"
"*06ams*","Byron Castillo","LAA","OF","2486","FA","20","0","0","0%","0%","0","0","0","0","0","0","0","0","0","0","0","0","0","0","0"
"*04q4n*","Frainyer Chavez","TEX","1B,2B,3B","2626","FA","27","0","0","0%","0%","0","0","0","0","0","0","0","0","0","0","0","0","0","0","0"
"*06z60*","Deinis Chourio","CIN","SS","2664","FA","18","0","0","0%","0%","0","0","0","0","0","0","0","0","0","0","0","0","0","0","0"
"*06pha*","Cam Clayton","MIA","1B,SS","2708","FA","24","0","0","0%","0%","0","0","0","0","0","0","0","0","0","0","0","0","0","0","0"
"*05ubz*","Darnel Collins","KC","1B","2762","FA","22","0","0","0%","0%","0","0","0","0","0","0","0","0","0","0","0","0","0","0","0"
"*06hfd*","Carlos Concepcion","SF","OF","2784","FA","20","0","0","0%","0%","0","0","0","0","0","0","0","0","0","0","0","0","0","0","0"
"*06uwx*","Dayson Croes","SF","2B,3B","2925","FA","26","0","0","0%","0%","0","0","0","0","0","0","0","0","0","0","0","0","0","0","0"
"*05xq1*","Colin Davis","(N/A)","OF","3084","FA","27","0","0","0%","0%","0","0","0","0","0","0","0","0","0","0","0","0","0","0","0"
"*06quq*","Brady Day","PHI","3B","3098","FA","24","0","0","0%","0%","0","0","0","0","0","0","0","0","0","0","0","0","0","0","0"
"*06amh*","Luis De Los Santos","(N/A)","SS","3192","FA","28","0","0","0%","0%","0","0","0","0","0","0","0","0","0","0","0","0","0","0","0"
"*06z58*","Rosniell De Paula","COL","SS","3204","FA","17","0","0","0%","0%","0","0","0","0","0","0","0","0","0","0","0","0","0","0","0"
"*06bs5*","Enderson Delgado","DET","C","3255","FA","21","0","0","0%","0%","0","0","0","0","0","0","0","0","0","0","0","0","0","0","0"
"*06rpc*","Yorvit Diaz","ATH","3B","3334","FA","18","0","0","0%","0%","0","0","0","0","0","0","0","0","0","0","0","0","0","0","0"
"*0734g*","Carlos Done","TEX","OF","3389","FA","17","0","0","0%","0%","0","0","0","0","0","0","0","0","0","0","0","0","0","0","0"
"*0514l*","Cam Eden","(N/A)","OF","3507","FA","28","0","0","0%","0%","0","0","0","0","0","0","0","0","0","0","0","0","0","0","0"
"*04z95*","Albert Fabian","SD","OF","3644","FA","24","0","0","0%","0%","0","0","0","0","0","0","0","0","0","0","0","0","0","0","0"
"*03o3v*","Sandro Fabian","(N/A)","OF","3649","FA","28","0","0","0%","0%","0","0","0","0","0","0","0","0","0","0","0","0","0","0","0"
"*04vvz*","Reivaj Garcia","(N/A)","2B,3B,SS","4062","FA","24","0","0","0%","0%","0","0","0","0","0","0","0","0","0","0","0","0","0","0","0"
"*061we*","Cesar Gonzalez","ATH","1B","4244","FA","21","0","0","0%","0%","0","0","0","0","0","0","0","0","0","0","0","0","0","0","0"
"*06jh1*","Gabriel Guanchez","SEA","C","4402","FA","19","0","0","0%","0%","0","0","0","0","0","0","0","0","0","0","0","0","0","0","0"
"*05yeq*","Adam Hackenberg","(N/A)","C","4492","FA","26","0","0","0%","0%","0","0","0","0","0","0","0","0","0","0","0","0","0","0","0"
"*06qoy*","Jalen Hairston","CIN","3B","4505","FA","22","0","0","0%","0%","0","0","0","0","0","0","0","0","0","0","0","0","0","0","0"
"*072bp*","Luke Hanson","TEX","3B","4560","FA","22","0","0","0%","0%","0","0","0","0","0","0","0","0","0","0","0","0","0","0","0"
"*06zb2*","Chase Heath","STL","C","4632","FA","23","0","0","0%","0%","0","0","0","0","0","0","0","0","0","0","0","0","0","0","0"
"*060pa*","Alexis Hernandez","TOR","OF","4700","FA","23","0","0","0%","0%","0","0","0","0","0","0","0","0","0","0","0","0","0","0","0"
"*06may*","Yandro Hernandez","(N/A)","OF","4765","FA","21","0","0","0%","0%","0","0","0","0","0","0","0","0","0","0","0","0","0","0","0"
"*06zhf*","Josh Hogue","MIA","OF","4875","FA","22","0","0","0%","0%","0","0","0","0","0","0","0","0","0","0","0","0","0","0","0"
"*070bi*","Tyler Howard","CLE","C","4935","FA","22","0","0","0%","0%","0","0","0","0","0","0","0","0","0","0","0","0","0","0","0"
"*06qo8*","Garrett Howe","CLE","2B,SS","4936","FA","24","0","0","0%","0%","0","0","0","0","0","0","0","0","0","0","0","0","0","0","0"
"*06zeu*","Nathan Humphreys","PHI","OF","4968","FA","23","0","0","0%","0%","0","0","0","0","0","0","0","0","0","0","0","0","0","0","0"
"*05jqg*","Sammy Infante","(N/A)","3B","5001","FA","25","0","0","0%","0%","0","0","0","0","0","0","0","0","0","0","0","0","0","0","0"
"*06qnn*","Camden Janik","PIT","OF","5052","FA","24","0","0","0%","0%","0","0","0","0","0","0","0","0","0","0","0","0","0","0","0"
"*04aui*","Cooper Johnson","TEX","C","5140","FA","28","0","0","0%","0%","0","0","0","0","0","0","0","0","0","0","0","0","0","0","0"
"*06yux*","Harry Chubb Jones Jr.","(N/A)","SS","5164","FA","17","0","0","0%","0%","0","0","0","0","0","0","0","0","0","0","0","0","0","0","0"
"*066cc*","Yeniel Laboy","(N/A)","3B","5433","FA","22","0","0","0%","0%","0","0","0","0","0","0","0","0","0","0","0","0","0","0","0"
"*06ifb*","Luis Lameda","MIL","2B","5448","FA","20","0","0","0%","0%","0","0","0","0","0","0","0","0","0","0","0","0","0","0","0"
"*0730k*","Rafeliz Lara","CLE","SS","5490","FA","17","0","0","0%","0%","0","0","0","0","0","0","0","0","0","0","0","0","0","0","0"
"*06lwe*","Victor Leal","MIN","C","5536","FA","19","0","0","0%","0%","0","0","0","0","0","0","0","0","0","0","0","0","0","0","0"
"*06rlq*","Jesus Lizardo","PIT","C","5669","FA","19","0","0","0%","0%","0","0","0","0","0","0","0","0","0","0","0","0","0","0","0"
"*05uc9*","Ethan Long","SD","1B","5703","FA","25","0","0","0%","0%","0","0","0","0","0","0","0","0","0","0","0","0","0","0","0"
"*04ps1*","Charles Mack","(N/A)","SS","5848","FA","26","0","0","0%","0%","0","0","0","0","0","0","0","0","0","0","0","0","0","0","0"
"*06zgq*","Kendrey Maduro","LAA","3B","5864","FA","22","0","0","0%","0%","0","0","0","0","0","0","0","0","0","0","0","0","0","0","0"
"*06r8b*","Bryan Martinez","LAA","OF","6019","FA","20","0","0","0%","0%","0","0","0","0","0","0","0","0","0","0","0","0","0","0","0"
"*057ah*","Yohander Martinez","(N/A)","SS","6074","FA","24","0","0","0%","0%","0","0","0","0","0","0","0","0","0","0","0","0","0","0","0"
"*03dub*","J.J. Matijevic","(N/A)","1B","6108","FA","30","0","0","0%","0%","0","0","0","0","0","0","0","0","0","0","0","0","0","0","0"
"*02k19*","Oscar Mercado","(N/A)","OF","6364","FA","31","0","0","0%","0%","0","0","0","0","0","0","0","0","0","0","0","0","0","0","0"
"*05171*","Cody Milligan","(N/A)","OF","6460","FA","27","0","0","0%","0%","0","0","0","0","0","0","0","0","0","0","0","0","0","0","0"
"*066dk*","Brody Moore","STL","2B,SS","6579","FA","26","0","0","0%","0%","0","0","0","0","0","0","0","0","0","0","0","0","0","0","0"
"*06yy6*","Conner O'Neal","LAD","C","6929","FA","23","0","0","0%","0%","0","0","0","0","0","0","0","0","0","0","0","0","0","0","0"
"*03ywx*","Chris Okey","(N/A)","C","6969","FA","31","0","0","0%","0%","0","0","0","0","0","0","0","0","0","0","0","0","0","0","0"
"*06zf9*","Andrews Opata","BOS","OF","7003","FA","22","0","0","0%","0%","0","0","0","0","0","0","0","0","0","0","0","0","0","0","0"
"*06sap*","Brainerh Palacios","TB","C","7129","FA","18","0","0","0%","0%","0","0","0","0","0","0","0","0","0","0","0","0","0","0","0"
"*05125*","Beau Philip","TOR","SS","7449","FA","27","0","0","0%","0%","0","0","0","0","0","0","0","0","0","0","0","0","0","0","0"
"*066s7*","Narciso Polanco","TB","2B,3B","7554","FA","21","0","0","0%","0%","0","0","0","0","0","0","0","0","0","0","0","0","0","0","0"
"*05g4c*","Ronny Polanco","(N/A)","3B","7556","FA","22","0","0","0%","0%","0","0","0","0","0","0","0","0","0","0","0","0","0","0","0"
"*041va*","Zach Remillard","(N/A)","3B","7810","FA","32","0","0","0%","0%","0","0","0","0","0","0","0","0","0","0","0","0","0","0","0"
"*06y1k*","Howard Reyes","DET","C","7841","FA","18","0","0","0%","0%","0","0","0","0","0","0","0","0","0","0","0","0","0","0","0"
"*072f0*","Jordan Rich","CHW","OF","7877","FA","19","0","0","0%","0%","0","0","0","0","0","0","0","0","0","0","0","0","0","0","0"
"*04pq6*","Alfonso Rivas","(N/A)","1B,OF","7918","FA","29","0","0","0%","0%","0","0","0","0","0","0","0","0","0","0","0","0","0","0","0"
"*06aks*","Yosneiker Rivas","SF","2B","7926","FA","20","0","0","0%","0%","0","0","0","0","0","0","0","0","0","0","0","0","0","0","0"
"*05yb6*","CJ Rodriguez","ATH","C","8011","FA","26","0","0","0%","0%","0","0","0","0","0","0","0","0","0","0","0","0","0","0","0"
"*06fww*","Chris Roller","(N/A)","OF","8137","FA","29","0","0","0%","0%","0","0","0","0","0","0","0","0","0","0","0","0","0","0","0"
"*05y3c*","Jaden Rudd","(N/A)","OF","8239","FA","23","0","0","0%","0%","0","0","0","0","0","0","0","0","0","0","0","0","0","0","0"
"*06jbk*","Kleyver Salazar","BOS","C","8309","FA","20","0","0","0%","0%","0","0","0","0","0","0","0","0","0","0","0","0","0","0","0"
"*0519a*","Jadiel Sanchez","(N/A)","OF","8361","FA","25","0","0","0%","0%","0","0","0","0","0","0","0","0","0","0","0","0","0","0","0"
"*0620y*","Dangelo Sarmiento","(N/A)","2B","8449","FA","21","0","0","0%","0%","0","0","0","0","0","0","0","0","0","0","0","0","0","0","0"
"*06hoj*","Jacob Sharp","TOR","C","8600","FA","24","0","0","0%","0%","0","0","0","0","0","0","0","0","0","0","0","0","0","0","0"
"*05ycm*","Tommy Specht","(N/A)","OF","8843","FA","22","0","0","0%","0%","0","0","0","0","0","0","0","0","0","0","0","0","0","0","0"
"*06qjr*","Colin Summerhill","(N/A)","1B","8995","FA","24","0","0","0%","0%","0","0","0","0","0","0","0","0","0","0","0","0","0","0","0"
"*05ri0*","Felix Tena","(N/A)","OF","9123","FA","22","0","0","0%","0%","0","0","0","0","0","0","0","0","0","0","0","0","0","0","0"
"*05rk1*","Enmanuel Terrero","(N/A)","OF","9131","FA","23","0","0","0%","0%","0","0","0","0","0","0","0","0","0","0","0","0","0","0","0"
"*05xol*","Andy Thomas","SD","C,1B","9149","FA","28","0","0","0%","0%","0","0","0","0","0","0","0","0","0","0","0","0","0","0","0"
"*06qks*","Colin Tuft","BAL","C","9325","FA","23","0","0","0%","0%","0","0","0","0","0","0","0","0","0","0","0","0","0","0","0"
"*066cv*","Michael Turner","CHW","C","9338","FA","27","0","0","0%","0%","0","0","0","0","0","0","0","0","0","0","0","0","0","0","0"
"*061ob*","Imanol Vargas","(N/A)","1B","9449","FA","28","0","0","0%","0%","0","0","0","0","0","0","0","0","0","0","0","0","0","0","0"
"*06kxx*","Carlos Villarroel","NYY","C","9560","FA","19","0","0","0%","0%","0","0","0","0","0","0","0","0","0","0","0","0","0","0","0"
"*03dpa*","Jason Vosler","(N/A)","1B","9596","FA","32","0","0","0%","0%","0","0","0","0","0","0","0","0","0","0","0","0","0","0","0"
"*07303*","Grant Westphal","(N/A)","OF","9736","FA","17","0","0","0%","0%","0","0","0","0","0","0","0","0","0","0","0","0","0","0","0"
"*04pt3*","Chris Williams","(N/A)","C","9803","FA","29","0","0","0%","0%","0","0","0","0","0","0","0","0","0","0","0","0","0","0","0"
"*0515n*","Eric Yang","(N/A)","C,RP","9928","FA","28","0","0","0%","0%","0","0","0","0","0","0","0","0","0","0","0","0","0","0","0"
"*05yny*","Wyatt Young","NYM","2B","9957","FA","26","0","0","0%","0%","0","0","0","0","0","0","0","0","0","0","0","0","0","0","0"
"*06rhh*","Jesus Abreu","(N/A)","C","1191","FA","20","0","0","0%","0%","0","0","0","0","0","0","0","0","0","0","0","0","0","0","0"
"*06yr8*","Fabian Alcantara","SD","OF","1288","FA","20","0","0","0%","0%","0","0","0","0","0","0","0","0","0","0","0","0","0","0","0"
"*06r8a*","Colin Anderson","(N/A)","3B","1409","FA","16","0","0","0%","0%","0","0","0","0","0","0","0","0","0","0","0","0","0","0","0"
"*05u1v*","Cade Arrambide","(N/A)","C","1541","FA","20","0","0","0%","0%","0","0","0","0","0","0","0","0","0","0","0","0","0","0","0"
"*064w9*","Yosander Asencio","(N/A)","OF","1561","FA","21","0","0","0%","0%","0","0","0","0","0","0","0","0","0","0","0","0","0","0","0"
"*06mbr*","J.T. Bain","TOR","OF","1632","FA","19","0","0","0%","0%","0","0","0","0","0","0","0","0","0","0","0","0","0","0","0"
"*06qe0*","Sebastian Baquera","TEX","C","1665","FA","19","0","0","0%","0%","0","0","0","0","0","0","0","0","0","0","0","0","0","0","0"
"*0420f*","Trenton Brooks","HOU","UT","2145","FA","31","0","0","0%","0%","0","0","0","0","0","0","0","0","0","0","0","0","0","0","0"
"*072j4*","Blaine Brown","(N/A)","OF,SP","2151","FA","20","0","0","0%","0%","0","0","0","0","0","0","0","0","0","0","0","0","0","0","0"
"*06hsw*","Jaeden Calderon","PHI","1B","2312","FA","20","0","0","0%","0%","0","0","0","0","0","0","0","0","0","0","0","0","0","0","0"
"*06qvk*","Peyton Carr","(N/A)","1B,3B","2433","FA","24","0","0","0%","0%","0","0","0","0","0","0","0","0","0","0","0","0","0","0","0"
"*06quz*","Yanuel Casiano","CIN","C","2468","FA","19","0","0","0%","0%","0","0","0","0","0","0","0","0","0","0","0","0","0","0","0"
"*06r5h*","Darian Castillo","SD","2B","2489","FA","19","0","0","0%","0%","0","0","0","0","0","0","0","0","0","0","0","0","0","0","0"
"*06rqb*","Eddison Charles","NYY","OF","2618","FA","18","0","0","0%","0%","0","0","0","0","0","0","0","0","0","0","0","0","0","0","0"
"*06rsz*","Isais Chavez","(N/A)","C","2627","FA","18","0","0","0%","0%","0","0","0","0","0","0","0","0","0","0","0","0","0","0","0"
"*0730f*","James Clark","(N/A)","SS","2691","FA","18","0","0","0%","0%","0","0","0","0","0","0","0","0","0","0","0","0","0","0","0"
"*06z3x*","Brayden Corn","SEA","OF","2845","FA","22","0","0","0%","0%","0","0","0","0","0","0","0","0","0","0","0","0","0","0","0"
"*05u3s*","Juan Corniel","(N/A)","2B,SS","2849","FA","23","0","0","0%","0%","0","0","0","0","0","0","0","0","0","0","0","0","0","0","0"
"*065j2*","Matt Coutney","LAA","1B","2890","FA","27","0","0","0%","0%","0","0","0","0","0","0","0","0","0","0","0","0","0","0","0"
"*067zq*","Darlyn De Leon","CHC","OF","3168","FA","21","0","0","0%","0%","0","0","0","0","0","0","0","0","0","0","0","0","0","0","0"
"*04ob8*","Tyler Dearden","(N/A)","OF","3233","FA","28","0","0","0%","0%","0","0","0","0","0","0","0","0","0","0","0","0","0","0","0"
"*0516r*","Clay Dungan","SD","2B,SS,OF","3456","FA","30","0","0","0%","0%","0","0","0","0","0","0","0","0","0","0","0","0","0","0","0"
"*04s8l*","Yoyner Fajardo","(N/A)","OF","3657","FA","27","0","0","0%","0%","0","0","0","0","0","0","0","0","0","0","0","0","0","0","0"
"*0624b*","Christopher Familia","(N/A)","OF","3661","FA","26","0","0","0%","0%","0","0","0","0","0","0","0","0","0","0","0","0","0","0","0"
"*04y7p*","Eduarqui Fernandez","(N/A)","OF","3719","FA","24","0","0","0%","0%","0","0","0","0","0","0","0","0","0","0","0","0","0","0","0"
"*06bpy*","Roderick Flores","MIL","2B","3815","FA","19","0","0","0%","0%","0","0","0","0","0","0","0","0","0","0","0","0","0","0","0"
"*05148*","Garrett Frechette","(N/A)","1B","3906","FA","25","0","0","0%","0%","0","0","0","0","0","0","0","0","0","0","0","0","0","0","0"
"*06qst*","J.R. Freethy","TOR","2B,OF","3911","FA","23","0","0","0%","0%","0","0","0","0","0","0","0","0","0","0","0","0","0","0","0"
"*06mep*","Kevin Garcia","MIL","C","4052","FA","19","0","0","0%","0%","0","0","0","0","0","0","0","0","0","0","0","0","0","0","0"
"*066j9*","Andy Garriola","CHC","OF","4086","FA","26","0","0","0%","0%","0","0","0","0","0","0","0","0","0","0","0","0","0","0","0"
"*04nx4*","Mateo Gil","(N/A)","SS","4147","FA","26","0","0","0%","0%","0","0","0","0","0","0","0","0","0","0","0","0","0","0","0"
"*06cqt*","Cristopfer Gonzalez","(N/A)","OF","4249","FA","21","0","0","0%","0%","0","0","0","0","0","0","0","0","0","0","0","0","0","0","0"
"*06cmy*","Josue Gonzalez","NYY","1B","4280","FA","22","0","0","0%","0%","0","0","0","0","0","0","0","0","0","0","0","0","0","0","0"
"*06guj*","Jace Grady","(N/A)","OF","4331","FA","25","0","0","0%","0%","0","0","0","0","0","0","0","0","0","0","0","0","0","0","0"
"*04zo1*","Jaxx Groshans","(N/A)","C","4392","FA","28","0","0","0%","0%","0","0","0","0","0","0","0","0","0","0","0","0","0","0","0"
"*05xyu*","Kevin Guerrero","(N/A)","OF","4423","FA","22","0","0","0%","0%","0","0","0","0","0","0","0","0","0","0","0","0","0","0","0"
"*06tfy*","Oliver Guerrero","TEX","UT","4425","FA","18","0","0","0%","0%","0","0","0","0","0","0","0","0","0","0","0","0","0","0","0"
"*06hsh*","Garret Guillemette","HOU","C,1B","4437","FA","24","0","0","0%","0%","0","0","0","0","0","0","0","0","0","0","0","0","0","0","0"
"*06r70*","Lash Henderson","(N/A)","OF","4653","FA","17","0","0","0%","0%","0","0","0","0","0","0","0","0","0","0","0","0","0","0","0"
"*066rt*","Julio Henriquez","MIA","1B","4666","FA","21","0","0","0%","0%","0","0","0","0","0","0","0","0","0","0","0","0","0","0","0"
"*06aq3*","Angelo Hernandez","(N/A)","UT","4703","FA","20","0","0","0%","0%","0","0","0","0","0","0","0","0","0","0","0","0","0","0","0"
"*04ppq*","Jimmy Herron","(N/A)","OF","4792","FA","30","0","0","0%","0%","0","0","0","0","0","0","0","0","0","0","0","0","0","0","0"
"*066k7*","Jose Izarra","LAD","2B","5022","FA","24","0","0","0%","0%","0","0","0","0","0","0","0","0","0","0","0","0","0","0","0"
"*06y9q*","Brayden Jaksa","(N/A)","C","5043","FA","19","0","0","0%","0%","0","0","0","0","0","0","0","0","0","0","0","0","0","0","0"
"*066ls*","Justin Janas","(N/A)","OF","5049","FA","25","0","0","0%","0%","0","0","0","0","0","0","0","0","0","0","0","0","0","0","0"
"*06com*","Ismael Javier","(N/A)","SS","5060","FA","20","0","0","0%","0%","0","0","0","0","0","0","0","0","0","0","0","0","0","0","0"
"*06hw2*","Brayden Jobert","(N/A)","1B,OF","5130","FA","25","0","0","0%","0%","0","0","0","0","0","0","0","0","0","0","0","0","0","0","0"
"*06cqg*","Keon Johnson","HOU","SS","5145","FA","18","0","0","0%","0%","0","0","0","0","0","0","0","0","0","0","0","0","0","0","0"
"*05u2t*","Jayson Jones","CHW","SS","5176","FA","22","0","0","0%","0%","0","0","0","0","0","0","0","0","0","0","0","0","0","0","0"
"*0513a*","Nick Kahle","(N/A)","C","5219","FA","28","0","0","0%","0%","0","0","0","0","0","0","0","0","0","0","0","0","0","0","0"
"*06za7*","Dylan King","CIN","C","5310","FA","24","0","0","0%","0%","0","0","0","0","0","0","0","0","0","0","0","0","0","0","0"
"*05j90*","Oswaldo Linares","SD","C","5639","FA","23","0","0","0%","0%","0","0","0","0","0","0","0","0","0","0","0","0","0","0","0"
"*05rdn*","Enderso Lira","(N/A)","C","5656","FA","22","0","0","0%","0%","0","0","0","0","0","0","0","0","0","0","0","0","0","0","0"
"*06rl2*","Francisco Loreto","PIT","3B","5756","FA","19","0","0","0%","0%","0","0","0","0","0","0","0","0","0","0","0","0","0","0","0"
"*06yn1*","Dallas Macias","ATL","OF","5844","FA","22","0","0","0%","0%","0","0","0","0","0","0","0","0","0","0","0","0","0","0","0"
"*06jgy*","Jose Marcano","TEX","C","5920","FA","19","0","0","0%","0%","0","0","0","0","0","0","0","0","0","0","0","0","0","0","0"
"*062cz*","Roman Martin","ATH","SS","6006","FA","21","0","0","0%","0%","0","0","0","0","0","0","0","0","0","0","0","0","0","0","0"
"*03dwo*","Rudy Martin","TOR","OF","6007","FA","30","0","0","0%","0%","0","0","0","0","0","0","0","0","0","0","0","0","0","0","0"
"*06mbp*","Larry Martinez","TB","1B","6050","FA","20","0","0","0%","0%","0","0","0","0","0","0","0","0","0","0","0","0","0","0","0"
"*06kx7*","Randy Martinez","CLE","1B","6064","FA","19","0","0","0%","0%","0","0","0","0","0","0","0","0","0","0","0","0","0","0","0"
"*051c0*","Brandon Martorano","(N/A)","C","6080","FA","28","0","0","0%","0%","0","0","0","0","0","0","0","0","0","0","0","0","0","0","0"
"*06muy*","Carlos Matias","TB","OF","6106","FA","19","0","0","0%","0%","0","0","0","0","0","0","0","0","0","0","0","0","0","0","0"
"*0669q*","Ryan McCarty","PIT","2B,OF","6153","FA","27","0","0","0%","0%","0","0","0","0","0","0","0","0","0","0","0","0","0","0","0"
"*05xyv*","Daniel McElveny","(N/A)","C","6190","FA","23","0","0","0%","0%","0","0","0","0","0","0","0","0","0","0","0","0","0","0","0"
"*05y0v*","Brennon McNair","(N/A)","OF","6238","FA","23","0","0","0%","0%","0","0","0","0","0","0","0","0","0","0","0","0","0","0","0"
"*06hst*","Daniel Mielcarek","LAD","UT","6414","FA","20","0","0","0%","0%","0","0","0","0","0","0","0","0","0","0","0","0","0","0","0"
"*05yag*","Tucker Mitchell","TEX","C","6488","FA","25","0","0","0%","0%","0","0","0","0","0","0","0","0","0","0","0","0","0","0","0"
"*070e7*","Ethan Moore","(N/A)","SS","6581","FA","19","0","0","0%","0%","0","0","0","0","0","0","0","0","0","0","0","0","0","0","0"
"*0582y*","Jeferson Morales","(N/A)","OF","6602","FA","27","0","0","0%","0%","0","0","0","0","0","0","0","0","0","0","0","0","0","0","0"
"*06ekg*","Yoiber Ocopio","SD","C","6949","FA","21","0","0","0%","0%","0","0","0","0","0","0","0","0","0","0","0","0","0","0","0"
"*06huf*","Brennan Orf","(N/A)","1B","7013","FA","24","0","0","0%","0%","0","0","0","0","0","0","0","0","0","0","0","0","0","0","0"
"*04q7h*","Ezequiel Pagan","(N/A)","OF","7123","FA","26","0","0","0%","0%","0","0","0","0","0","0","0","0","0","0","0","0","0","0","0"
"*06dne*","Marcos Paz","(N/A)","1B,SP","7238","FA","19","0","0","0%","0%","0","0","0","0","0","0","0","0","0","0","0","0","0","0","0"
"*03mkv*","Carlos Perez","(N/A)","C,1B","7350","FA","29","0","0","0%","0%","0","0","0","0","0","0","0","0","0","0","0","0","0","0","0"
"*06v31*","Antonio Pimentel","PIT","OF","7476","FA","20","0","0","0%","0%","0","0","0","0","0","0","0","0","0","0","0","0","0","0","0"
"*0662k*","Jack Pineda","KC","SS","7493","FA","26","0","0","0%","0%","0","0","0","0","0","0","0","0","0","0","0","0","0","0","0"
"*06jh2*","Jesus Premoli","(N/A)","3B","7607","FA","19","0","0","0%","0%","0","0","0","0","0","0","0","0","0","0","0","0","0","0","0"
"*06xzw*","Dariel Ramon","TOR","3B,SS","7733","FA","20","0","0","0%","0%","0","0","0","0","0","0","0","0","0","0","0","0","0","0","0"
"*0731p*","Wilber Reinoso","CLE","SS","7806","FA","17","0","0","0%","0%","0","0","0","0","0","0","0","0","0","0","0","0","0","0","0"
"*0657q*","Brett Roberts","(N/A)","SS","7960","FA","25","0","0","0%","0%","0","0","0","0","0","0","0","0","0","0","0","0","0","0","0"
"*06gj8*","Cole Roberts","(N/A)","SS","7963","FA","25","0","0","0%","0%","0","0","0","0","0","0","0","0","0","0","0","0","0","0","0"
"*06zie*","Sam Robertson","NYM","3B,OF","7970","FA","22","0","0","0%","0%","0","0","0","0","0","0","0","0","0","0","0","0","0","0","0"
"*06mv8*","Kevin Robledo","MIA","C","7982","FA","19","0","0","0%","0%","0","0","0","0","0","0","0","0","0","0","0","0","0","0","0"
"*06zai*","Zach Rogacki","COL","C,OF","8105","FA","23","0","0","0%","0%","0","0","0","0","0","0","0","0","0","0","0","0","0","0","0"
"*06qoa*","Nick Roselli","(N/A)","2B,OF","8217","FA","23","0","0","0%","0%","0","0","0","0","0","0","0","0","0","0","0","0","0","0","0"
"*06if7*","Yoiber Ruiz","(N/A)","C","8260","FA","20","0","0","0%","0%","0","0","0","0","0","0","0","0","0","0","0","0","0","0","0"
"*06uvz*","Nate Savoie","(N/A)","OF","8467","FA","20","0","0","0%","0%","0","0","0","0","0","0","0","0","0","0","0","0","0","0","0"
"*05y6u*","Phillip Sikes","(N/A)","OF","8653","FA","27","0","0","0%","0%","0","0","0","0","0","0","0","0","0","0","0","0","0","0","0"
"*066m3*","Edwin Solano","(N/A)","SS","8786","FA","20","0","0","0%","0%","0","0","0","0","0","0","0","0","0","0","0","0","0","0","0"
"*06bj8*","Joseph Tailor","(N/A)","2B","9031","FA","20","0","0","0%","0%","0","0","0","0","0","0","0","0","0","0","0","0","0","0","0"
"*06mms*","Carlos Tavares","WSH","1B","9071","FA","20","0","0","0%","0%","0","0","0","0","0","0","0","0","0","0","0","0","0","0","0"
"*066pq*","Keduar Trujillo","HOU","1B","9316","FA","22","0","0","0%","0%","0","0","0","0","0","0","0","0","0","0","0","0","0","0","0"
"*072qu*","Kotaro Tsunematsu","CHC","OF","9318","FA","22","0","0","0%","0%","0","0","0","0","0","0","0","0","0","0","0","0","0","0","0"
"*06sau*","Adrian Valdez","BOS","OF","9391","FA","18","0","0","0%","0%","0","0","0","0","0","0","0","0","0","0","0","0","0","0","0"
"*04j4e*","Leonel Valera","(N/A)","SS","9416","FA","27","0","0","0%","0%","0","0","0","0","0","0","0","0","0","0","0","0","0","0","0"
"*072ys*","Macgraw VanWormer","(N/A)","OF","9436","FA","16","0","0","0%","0%","0","0","0","0","0","0","0","0","0","0","0","0","0","0","0"
"*06ejz*","Will Verdung","ATL","1B,3B","9533","FA","23","0","0","0%","0%","0","0","0","0","0","0","0","0","0","0","0","0","0","0","0"
"*072eu*","Josh Wakefield","HOU","OF","9616","FA","22","0","0","0%","0%","0","0","0","0","0","0","0","0","0","0","0","0","0","0","0"
"*06zim*","Wilson Weber","MIA","C","9693","FA","24","0","0","0%","0%","0","0","0","0","0","0","0","0","0","0","0","0","0","0","0"
"*041q5*","Andy Yerzy","STL","C","9938","FA","28","0","0","0%","0%","0","0","0","0","0","0","0","0","0","0","0","0","0","0","0"
"*046y2*","Chavez Young","(N/A)","OF","9950","FA","29","0","0","0%","0%","0","0","0","0","0","0","0","0","0","0","0","0","0","0","0"
"*06hu2*","Chase Adkison","LAD","C","1241","FA","26","0","0","0%","0%","0","0","0","0","0","0","0","0","0","0","0","0","0","0","0"
"*04pwa*","Ross Adolph","(N/A)","OF","1243","FA","29","0","0","0%","0%","0","0","0","0","0","0","0","0","0","0","0","0","0","0","0"
"*051b7*","Carter Aldrete","(N/A)","2B","1300","FA","28","0","0","0%","0%","0","0","0","0","0","0","0","0","0","0","0","0","0","0","0"
"*02my8*","Anthony Alford","(N/A)","OF","1319","FA","32","0","0","0%","0%","0","0","0","0","0","0","0","0","0","0","0","0","0","0","0"
"*06c4v*","Hancel Almonte","(N/A)","1B","1347","FA","20","0","0","0%","0%","0","0","0","0","0","0","0","0","0","0","0","0","0","0","0"
"*06rhg*","Jeremy Almonte","MIA","C","1348","FA","20","0","0","0%","0%","0","0","0","0","0","0","0","0","0","0","0","0","0","0","0"
"*05r66*","Juan Alonso","(N/A)","OF","1353","FA","22","0","0","0%","0%","0","0","0","0","0","0","0","0","0","0","0","0","0","0","0"
"*04psp*","Jake Anchia","(N/A)","C","1402","FA","29","0","0","0%","0%","0","0","0","0","0","0","0","0","0","0","0","0","0","0","0"
"*04of1*","Diosbel Arias","(N/A)","SS","1498","FA","30","0","0","0%","0%","0","0","0","0","0","0","0","0","0","0","0","0","0","0","0"
"*06mt3*","Gregori Arias","MIA","SS","1502","FA","19","0","0","0%","0%","0","0","0","0","0","0","0","0","0","0","0","0","0","0","0"
"*06bt5*","Luis Arias","WSH","3B","1510","FA","21","0","0","0%","0%","0","0","0","0","0","0","0","0","0","0","0","0","0","0","0"
"*06c2i*","Andru Arthur","STL","OF","1555","FA","20","0","0","0%","0%","0","0","0","0","0","0","0","0","0","0","0","0","0","0","0"
"*06rqw*","Junior Aybar","BAL","OF","1601","FA","20","0","0","0%","0%","0","0","0","0","0","0","0","0","0","0","0","0","0","0","0"
"*06rwa*","Aiverson Barazarte","ATH","1B","1668","FA","18","0","0","0%","0%","0","0","0","0","0","0","0","0","0","0","0","0","0","0","0"
"*06hhf*","Noah Barber","KC","OF","1671","FA","21","0","0","0%","0%","0","0","0","0","0","0","0","0","0","0","0","0","0","0","0"
"*06afa*","Charlie Bates","(N/A)","SS","1739","FA","20","0","0","0%","0%","0","0","0","0","0","0","0","0","0","0","0","0","0","0","0"
"*06yt9*","Sterling Bazil","DET","SS","1777","FA","18","0","0","0%","0%","0","0","0","0","0","0","0","0","0","0","0","0","0","0","0"
"*03qpz*","Matt Beaty","(N/A)","1B","1782","FA","33","0","0","0%","0%","0","0","0","0","0","0","0","0","0","0","0","0","0","0","0"
"*0700v*","Rony Bello","WSH","2B","1822","FA","18","0","0","0%","0%","0","0","0","0","0","0","0","0","0","0","0","0","0","0","0"
"*04ptb*","Jax Biggers","HOU","2B","1914","FA","29","0","0","0%","0%","0","0","0","0","0","0","0","0","0","0","0","0","0","0","0"
"*072fe*","Fabian Bonilla","BOS","OF","1998","FA","19","0","0","0%","0%","0","0","0","0","0","0","0","0","0","0","0","0","0","0","0"
"*06ywi*","Robbie Burnett","NYY","OF","2224","FA","23","0","0","0%","0%","0","0","0","0","0","0","0","0","0","0","0","0","0","0","0"
"*06ife*","Sebastian Cadiz","CLE","1B","2293","FA","20","0","0","0%","0%","0","0","0","0","0","0","0","0","0","0","0","0","0","0","0"
"*06zww*","Yamvier Carrero","ATL","SS","2445","FA","19","0","0","0%","0%","0","0","0","0","0","0","0","0","0","0","0","0","0","0","0"
"*06yu0*","Kleiver Chauran","TB","2B,3B","2624","FA","20","0","0","0%","0%","0","0","0","0","0","0","0","0","0","0","0","0","0","0","0"
"*05gs2*","Parker Chavers","(N/A)","OF","2625","FA","28","0","0","0%","0%","0","0","0","0","0","0","0","0","0","0","0","0","0","0","0"
"*06ftv*","Sheng-Ping Chen","(N/A)","SS","2633","FA","25","0","0","0%","0%","0","0","0","0","0","0","0","0","0","0","0","0","0","0","0"
"*06rpe*","Levi Clark","(N/A)","C","2694","FA","20","0","0","0%","0%","0","0","0","0","0","0","0","0","0","0","0","0","0","0","0"
"*06qjo*","Harold Coll","LAA","2B,3B","2753","FA","24","0","0","0%","0%","0","0","0","0","0","0","0","0","0","0","0","0","0","0","0"
"*051a8*","Daniel Cope","(N/A)","UT","2826","FA","29","0","0","0%","0%","0","0","0","0","0","0","0","0","0","0","0","0","0","0","0"
"*072bm*","Juan Cruz","WSH","1B","2960","FA","21","0","0","0%","0%","0","0","0","0","0","0","0","0","0","0","0","0","0","0","0"
"*06if2*","Pedro Dalmagro","CLE","C","3035","FA","20","0","0","0%","0%","0","0","0","0","0","0","0","0","0","0","0","0","0","0","0"
"*05itw*","Kelvin Diaz","(N/A)","2B","3315","FA","23","0","0","0%","0%","0","0","0","0","0","0","0","0","0","0","0","0","0","0","0"
"*0513e*","Evan Edwards","(N/A)","1B","3513","FA","29","0","0","0%","0%","0","0","0","0","0","0","0","0","0","0","0","0","0","0","0"
"*05ydw*","Luis Encarnacion","(N/A)","1B","3562","FA","23","0","0","0%","0%","0","0","0","0","0","0","0","0","0","0","0","0","0","0","0"
"*06idi*","Aneudi Escanio","(N/A)","SS","3579","FA","21","0","0","0%","0%","0","0","0","0","0","0","0","0","0","0","0","0","0","0","0"
"*06vya*","Alan Escobar","CHW","OF","3581","FA","17","0","0","0%","0%","0","0","0","0","0","0","0","0","0","0","0","0","0","0","0"
"*06zwv*","Rainer Espinoza","SF","OF","3609","FA","17","0","0","0%","0%","0","0","0","0","0","0","0","0","0","0","0","0","0","0","0"
"*06lwg*","Jose Familia","(N/A)","SS","3662","FA","18","0","0","0%","0%","0","0","0","0","0","0","0","0","0","0","0","0","0","0","0"
"*064n4*","Cade Fergus","(N/A)","OF","3711","FA","25","0","0","0%","0%","0","0","0","0","0","0","0","0","0","0","0","0","0","0","0"
"*06nlp*","Ilan Fernandez","BOS","3B","3720","FA","19","0","0","0%","0%","0","0","0","0","0","0","0","0","0","0","0","0","0","0","0"
"*0734e*","Brayan Figueroa","ARI","SS","3755","FA","17","0","0","0%","0%","0","0","0","0","0","0","0","0","0","0","0","0","0","0","0"
"*06z67*","Edgardo Figueroa","WSH","C","3757","FA","18","0","0","0%","0%","0","0","0","0","0","0","0","0","0","0","0","0","0","0","0"
"*06s9z*","Jealmy Frias","CIN","OF","3920","FA","18","0","0","0%","0%","0","0","0","0","0","0","0","0","0","0","0","0","0","0","0"
"*05t6m*","Yosy Galan","(N/A)","OF","3970","FA","25","0","0","0%","0%","0","0","0","0","0","0","0","0","0","0","0","0","0","0","0"
"*06o0w*","Angel Garcia","BAL","OF","4015","FA","19","0","0","0%","0%","0","0","0","0","0","0","0","0","0","0","0","0","0","0","0"
"*0666b*","Manuel German","KC","1B","4129","FA","21","0","0","0%","0%","0","0","0","0","0","0","0","0","0","0","0","0","0","0","0"
"*06qsq*","Austin Green","NYY","2B","4362","FA","24","0","0","0%","0%","0","0","0","0","0","0","0","0","0","0","0","0","0","0","0"
"*070ek*","Dylan Grego","SD","2B","4379","FA","22","0","0","0%","0%","0","0","0","0","0","0","0","0","0","0","0","0","0","0","0"
"*06dnd*","Jorge Hernandez","KC","2B,3B","4732","FA","20","0","0","0%","0%","0","0","0","0","0","0","0","0","0","0","0","0","0","0","0"
"*06if3*","Juan Hernandez","DET","3B","4735","FA","20","0","0","0%","0%","0","0","0","0","0","0","0","0","0","0","0","0","0","0","0"
"*05j75*","Omar Hernandez","KC","C","4754","FA","24","0","0","0%","0%","0","0","0","0","0","0","0","0","0","0","0","0","0","0","0"
"*06nvj*","Turner Hill","SF","OF","4839","FA","27","0","0","0%","0%","0","0","0","0","0","0","0","0","0","0","0","0","0","0","0"
"*06mux*","Max Holy","HOU","2B,SS","4901","FA","24","0","0","0%","0%","0","0","0","0","0","0","0","0","0","0","0","0","0","0","0"
"*0516l*","TJ Hopkins","(N/A)","OF","4913","FA","29","0","0","0%","0%","0","0","0","0","0","0","0","0","0","0","0","0","0","0","0"
"*06c7d*","Frederik Jimenez","BOS","1B","5112","FA","21","0","0","0%","0%","0","0","0","0","0","0","0","0","0","0","0","0","0","0","0"
"*05mrw*","LJ Jones","(N/A)","OF","5181","FA","27","0","0","0%","0%","0","0","0","0","0","0","0","0","0","0","0","0","0","0","0"
"*06r89*","Aiden Kearney","(N/A)","3B","5244","FA","17","0","0","0%","0%","0","0","0","0","0","0","0","0","0","0","0","0","0","0","0"
"*05ubk*","Jacob Kendall","(N/A)","SS","5270","FA","19","0","0","0%","0%","0","0","0","0","0","0","0","0","0","0","0","0","0","0","0"
"*065v5*","Cortland Lawson","WSH","SS","5524","FA","26","0","0","0%","0%","0","0","0","0","0","0","0","0","0","0","0","0","0","0","0"
"*06plk*","Luis Leon","MIA","OF","5581","FA","20","0","0","0%","0%","0","0","0","0","0","0","0","0","0","0","0","0","0","0","0"
"*037ab*","Domingo Leyba","(N/A)","2B","5614","FA","30","0","0","0%","0%","0","0","0","0","0","0","0","0","0","0","0","0","0","0","0"
"*06opa*","Griffin Lockwood-Powell","LAD","C","5682","FA","28","0","0","0%","0%","0","0","0","0","0","0","0","0","0","0","0","0","0","0","0"
"*02c2o*","Jack Lopez","(N/A)","3B,SS","5729","FA","33","0","0","0%","0%","0","0","0","0","0","0","0","0","0","0","0","0","0","0","0"
"*06z66*","Juan Macero","LAD","3B","5831","FA","18","0","0","0%","0%","0","0","0","0","0","0","0","0","0","0","0","0","0","0","0"
"*04psx*","Elih Marrero","KC","C","5974","FA","29","0","0","0%","0%","0","0","0","0","0","0","0","0","0","0","0","0","0","0","0"
"*05ynw*","Shane McGuire","ATH","C,1B","6207","FA","27","0","0","0%","0%","0","0","0","0","0","0","0","0","0","0","0","0","0","0","0"
"*06ytp*","Caden Merritt","ATL","OF","6381","FA","19","0","0","0%","0%","0","0","0","0","0","0","0","0","0","0","0","0","0","0","0"
"*05xuf*","Gabriel Moncada","(N/A)","1B","6519","FA","24","0","0","0%","0%","0","0","0","0","0","0","0","0","0","0","0","0","0","0","0"
"*041xq*","Nate Mondou","SD","1B,2B","6521","FA","31","0","0","0%","0%","0","0","0","0","0","0","0","0","0","0","0","0","0","0","0"
"*06426*","Jose Monserrate","MIA","OF","6528","FA","21","0","0","0%","0%","0","0","0","0","0","0","0","0","0","0","0","0","0","0","0"
"*06z63*","Jose Montilla","KC","C","6568","FA","18","0","0","0%","0%","0","0","0","0","0","0","0","0","0","0","0","0","0","0","0"
"*05udf*","Ethan Murray","(N/A)","SS","6743","FA","20","0","0","0%","0%","0","0","0","0","0","0","0","0","0","0","0","0","0","0","0"
"*06o0o*","Noah Myers","TB","OF","6757","FA","26","0","0","0%","0%","0","0","0","0","0","0","0","0","0","0","0","0","0","0","0"
"*05y48*","Kay-Lan Nicasia","(N/A)","OF","6825","FA","24","0","0","0%","0%","0","0","0","0","0","0","0","0","0","0","0","0","0","0","0"
"*0657v*","Jankel Ortiz","(N/A)","SS","7038","FA","22","0","0","0%","0%","0","0","0","0","0","0","0","0","0","0","0","0","0","0","0"
"*06uv8*","Ricardo Paez","MIN","OF","7122","FA","19","0","0","0%","0%","0","0","0","0","0","0","0","0","0","0","0","0","0","0","0"
"*04ug2*","Ronaiker Palma","(N/A)","C","7143","FA","26","0","0","0%","0%","0","0","0","0","0","0","0","0","0","0","0","0","0","0","0"
"*06l55*","Luis Parababire","ATL","C","7159","FA","20","0","0","0%","0%","0","0","0","0","0","0","0","0","0","0","0","0","0","0","0"
"*06mv6*","Engel Paulino","MIL","OF","7219","FA","19","0","0","0%","0%","0","0","0","0","0","0","0","0","0","0","0","0","0","0","0"
"*031eg*","Mark Payton","(N/A)","OF","7236","FA","34","0","0","0%","0%","0","0","0","0","0","0","0","0","0","0","0","0","0","0","0"
"*05nny*","Odalys Peguero","(N/A)","SS","7261","FA","23","0","0","0%","0%","0","0","0","0","0","0","0","0","0","0","0","0","0","0","0"
"*05rkn*","Jefferson Pena","(N/A)","OF","7285","FA","22","0","0","0%","0%","0","0","0","0","0","0","0","0","0","0","0","0","0","0","0"
"*05r5t*","Jose Perez","TB","3B,OF","7375","FA","22","0","0","0%","0%","0","0","0","0","0","0","0","0","0","0","0","0","0","0","0"
"*05y6t*","Kenny Piper","TB","C","7518","FA","28","0","0","0%","0%","0","0","0","0","0","0","0","0","0","0","0","0","0","0","0"
"*06tmd*","Moises Polanco","MIL","2B","7553","FA","19","0","0","0%","0%","0","0","0","0","0","0","0","0","0","0","0","0","0","0","0"
"*06p5o*","Josueth Quinonez","DET","OF","7658","FA","19","0","0","0%","0%","0","0","0","0","0","0","0","0","0","0","0","0","0","0","0"
"*04m7n*","Esteban Quiroz","(N/A)","2B","7675","FA","34","0","0","0%","0%","0","0","0","0","0","0","0","0","0","0","0","0","0","0","0"
"*06ro4*","Eryks Rivero","MIL","OF","7942","FA","18","0","0","0%","0%","0","0","0","0","0","0","0","0","0","0","0","0","0","0","0"
"*06v23*","Alex Rodriguez","TEX","OF","8003","FA","0","0","0","0%","0%","0","0","0","0","0","0","0","0","0","0","0","0","0","0","0"
"*066na*","Luis Rodriguez","CLE","SS","8063","FA","21","0","0","0%","0%","0","0","0","0","0","0","0","0","0","0","0","0","0","0","0"
"*06k83*","Sebastian Rojas","ATH","OF","8131","FA","19","0","0","0%","0%","0","0","0","0","0","0","0","0","0","0","0","0","0","0","0"
"*064o2*","Maxwell Romero Jr.","WSH","C","8145","FA","25","0","0","0%","0%","0","0","0","0","0","0","0","0","0","0","0","0","0","0","0"
"*072eg*","Diego Rosa","ATH","C","8181","FA","19","0","0","0%","0%","0","0","0","0","0","0","0","0","0","0","0","0","0","0","0"
"*06c6s*","Ronald Rosario","BOS","C","8210","FA","23","0","0","0%","0%","0","0","0","0","0","0","0","0","0","0","0","0","0","0","0"
"*04aji*","Cristian Santana","(N/A)","3B","8407","FA","29","0","0","0%","0%","0","0","0","0","0","0","0","0","0","0","0","0","0","0","0"
"*06ak9*","Heribert Silva","CLE","OF","8664","FA","20","0","0","0%","0%","0","0","0","0","0","0","0","0","0","0","0","0","0","0","0"
"*06r52*","Randy Soto","TOR","C,1B","8826","FA","19","0","0","0%","0%","0","0","0","0","0","0","0","0","0","0","0","0","0","0","0"
"*05yd7*","Garrett Spain","MIN","OF","8837","FA","25","0","0","0%","0%","0","0","0","0","0","0","0","0","0","0","0","0","0","0","0"
"*06qsr*","Austin St. Laurent","SEA","2B,3B,SS","8859","FA","24","0","0","0%","0%","0","0","0","0","0","0","0","0","0","0","0","0","0","0","0"
"*05147*","Kellen Strahm","(N/A)","OF","8935","FA","29","0","0","0%","0%","0","0","0","0","0","0","0","0","0","0","0","0","0","0","0"
"*06pgb*","D'Marion Terrell","(N/A)","OF","9130","FA","20","0","0","0%","0%","0","0","0","0","0","0","0","0","0","0","0","0","0","0","0"
"*06saq*","Emile Torres","TB","OF","9251","FA","18","0","0","0%","0%","0","0","0","0","0","0","0","0","0","0","0","0","0","0","0"
"*06s47*","Luis Tovar","LAD","3B","9284","FA","18","0","0","0%","0%","0","0","0","0","0","0","0","0","0","0","0","0","0","0","0"
"*06fv2*","Cole Turney","(N/A)","OF","9341","FA","27","0","0","0%","0%","0","0","0","0","0","0","0","0","0","0","0","0","0","0","0"
"*03115*","Riley Unroe","CHW","OF","9362","FA","30","0","0","0%","0%","0","0","0","0","0","0","0","0","0","0","0","0","0","0","0"
"*06vy4*","Esnaider Vargas","WSH","OF","9447","FA","18","0","0","0%","0%","0","0","0","0","0","0","0","0","0","0","0","0","0","0","0"
"*06qfp*","Nomar Velasquez","CLE","OF","9504","FA","21","0","0","0%","0%","0","0","0","0","0","0","0","0","0","0","0","0","0","0","0"
"*070bh*","Will Vierling","PHI","C","9548","FA","22","0","0","0%","0%","0","0","0","0","0","0","0","0","0","0","0","0","0","0","0"
"*05xof*","Donta' Williams","(N/A)","OF","9805","FA","27","0","0","0%","0%","0","0","0","0","0","0","0","0","0","0","0","0","0","0","0"
"*06uwz*","Andrew Williamson","STL","OF","9818","FA","21","0","0","0%","0%","0","0","0","0","0","0","0","0","0","0","0","0","0","0","0"
"*05h9p*","Rixon Wingrove","(N/A)","1B","9853","FA","26","0","0","0%","0%","0","0","0","0","0","0","0","0","0","0","0","0","0","0","0"
"*064oa*","Roinny Aguiar","(N/A)","2B","1256","FA","22","0","0","0%","0%","0","0","0","0","0","0","0","0","0","0","0","0","0","0","0"
"*05rd7*","TT Bowens","(N/A)","1B","2035","FA","28","0","0","0%","0%","0","0","0","0","0","0","0","0","0","0","0","0","0","0","0"
"*0680a*","Mason Brassfield","(N/A)","OF","2072","FA","20","0","0","0%","0%","0","0","0","0","0","0","0","0","0","0","0","0","0","0","0"
"*041qn*","Bryson Brigman","(N/A)","2B","2113","FA","31","0","0","0%","0%","0","0","0","0","0","0","0","0","0","0","0","0","0","0","0"
"*05u9t*","Devonte Brown","(N/A)","OF","2157","FA","26","0","0","0%","0%","0","0","0","0","0","0","0","0","0","0","0","0","0","0","0"
"*0315r*","Willie Calhoun","(N/A)","UT","2316","FA","31","0","0","0%","0%","0","0","0","0","0","0","0","0","0","0","0","0","0","0","0"
"*06iew*","Hunter Carns","(N/A)","C","2422","FA","21","0","0","0%","0%","0","0","0","0","0","0","0","0","0","0","0","0","0","0","0"
"*05197*","Yan Contreras","(N/A)","SS","2813","FA","25","0","0","0%","0%","0","0","0","0","0","0","0","0","0","0","0","0","0","0","0"
"*05tzc*","Aaron Downs","(N/A)","3B","3415","FA","24","0","0","0%","0%","0","0","0","0","0","0","0","0","0","0","0","0","0","0","0"
"*05ra1*","Hayden Dunhurst","(N/A)","C","3458","FA","25","0","0","0%","0%","0","0","0","0","0","0","0","0","0","0","0","0","0","0","0"
"*05gdj*","Ewry Espinal","(N/A)","OF","3593","FA","23","0","0","0%","0%","0","0","0","0","0","0","0","0","0","0","0","0","0","0","0"
"*0510y*","Albert Feliz","(N/A)","1B","3696","FA","24","0","0","0%","0%","0","0","0","0","0","0","0","0","0","0","0","0","0","0","0"
"*05rcv*","Yemal Flores","(N/A)","SS","3821","FA","22","0","0","0%","0%","0","0","0","0","0","0","0","0","0","0","0","0","0","0","0"
"*05re3*","Adari Grant","(N/A)","SS","4342","FA","23","0","0","0%","0%","0","0","0","0","0","0","0","0","0","0","0","0","0","0","0"
"*06yuy*","Jordin Griffin","(N/A)","OF","4386","FA","17","0","0","0%","0%","0","0","0","0","0","0","0","0","0","0","0","0","0","0","0"
"*0406z*","Jonathan Guzman","(N/A)","SS","4476","FA","26","0","0","0%","0%","0","0","0","0","0","0","0","0","0","0","0","0","0","0","0"
"*05ub7*","Dominic Hellman","(N/A)","SS","4646","FA","22","0","0","0%","0%","0","0","0","0","0","0","0","0","0","0","0","0","0","0","0"
"*072il*","Cole Koeninger","(N/A)","SS,SP,RP","5374","FA","18","0","0","0%","0%","0","0","0","0","0","0","0","0","0","0","0","0","0","0","0"
"*06r4m*","Jorvorskie Lane Jr.","(N/A)","C","5458","FA","18","0","0","0%","0%","0","0","0","0","0","0","0","0","0","0","0","0","0","0","0"
"*05koi*","Luke Leto","(N/A)","SS","5596","FA","23","0","0","0%","0%","0","0","0","0","0","0","0","0","0","0","0","0","0","0","0"
"*06rt5*","Elias Marrero","(N/A)","UT","5973","FA","18","0","0","0%","0%","0","0","0","0","0","0","0","0","0","0","0","0","0","0","0"
"*05gs8*","Robby Martin","(N/A)","OF","6005","FA","26","0","0","0%","0%","0","0","0","0","0","0","0","0","0","0","0","0","0","0","0"
"*05y9b*","Michael Mullinax","(N/A)","OF","6708","FA","21","0","0","0%","0%","0","0","0","0","0","0","0","0","0","0","0","0","0","0","0"
"*060mi*","Owen Paino","(N/A)","SS","7127","FA","20","0","0","0%","0%","0","0","0","0","0","0","0","0","0","0","0","0","0","0","0"
"*070e9*","Mason Pike","(N/A)","SS","7471","FA","19","0","0","0%","0%","0","0","0","0","0","0","0","0","0","0","0","0","0","0","0"
"*05rk7*","Luis Reyes","(N/A)","1B","7851","FA","22","0","0","0%","0%","0","0","0","0","0","0","0","0","0","0","0","0","0","0","0"
"*066et*","Milo Rushford","(N/A)","OF","8266","FA","22","0","0","0%","0%","0","0","0","0","0","0","0","0","0","0","0","0","0","0","0"
"*072h2*","Carsten Sabathia","(N/A)","1B","8283","FA","22","0","0","0%","0%","0","0","0","0","0","0","0","0","0","0","0","0","0","0","0"
"*05tze*","Noah Smith","(N/A)","SS","8755","FA","23","0","0","0%","0%","0","0","0","0","0","0","0","0","0","0","0","0","0","0","0"
"*066qs*","Miguel Sosa","(N/A)","OF","8814","FA","22","0","0","0%","0%","0","0","0","0","0","0","0","0","0","0","0","0","0","0","0"
"*072yo*","Keelan Zumwalt","(N/A)","1B,SP","10018","FA","16","0","0","0%","0%","0","0","0","0","0","0","0","0","0","0","0","0","0","0","0"
"*06r7x*","Allen Ajoti","LAD","C","1266","FA","20","0","0","0%","0%","0","0","0","0","0","0","0","0","0","0","0","0","0","0","0"
"*06ukd*","Isael Arias","NYY","OF","1503","FA","20","0","0","0%","0%","0","0","0","0","0","0","0","0","0","0","0","0","0","0","0"
"*06uqf*","Jesmaylin Arias","SD","OF","1506","FA","19","0","0","0%","0%","0","0","0","0","0","0","0","0","0","0","0","0","0","0","0"
"*05r5y*","Luis Ariza","(N/A)","SS","1522","FA","22","0","0","0%","0%","0","0","0","0","0","0","0","0","0","0","0","0","0","0","0"
"*070ej*","Jack Barker","PHI","OF","1678","FA","21","0","0","0%","0%","0","0","0","0","0","0","0","0","0","0","0","0","0","0","0"
"*02ni1*","Franklin Barreto","(N/A)","OF","1704","FA","30","0","0","0%","0%","0","0","0","0","0","0","0","0","0","0","0","0","0","0","0"
"*06z5y*","Nicolas Barrios","MIL","OF","1715","FA","18","0","0","0%","0%","0","0","0","0","0","0","0","0","0","0","0","0","0","0","0"
"*06r6i*","Guillermo Batista","DET","3B","1749","FA","19","0","0","0%","0%","0","0","0","0","0","0","0","0","0","0","0","0","0","0","0"
"*06zcy*","John Bay","NYM","OF","1773","FA","25","0","0","0%","0%","0","0","0","0","0","0","0","0","0","0","0","0","0","0","0"
"*06uju*","David Beckles","(N/A)","1B","1794","FA","22","0","0","0%","0%","0","0","0","0","0","0","0","0","0","0","0","0","0","0","0"
"*05y4s*","JoJo Blackmon","(N/A)","OF","1934","FA","23","0","0","0%","0%","0","0","0","0","0","0","0","0","0","0","0","0","0","0","0"
"*06ak8*","Mason Bolivar","(N/A)","OF","1983","FA","19","0","0","0%","0%","0","0","0","0","0","0","0","0","0","0","0","0","0","0","0"
"*06avx*","Erick Brito","PHI","3B,SS","2122","FA","24","0","0","0%","0%","0","0","0","0","0","0","0","0","0","0","0","0","0","0","0"
"*06akp*","Anielson Buten","CIN","OF","2246","FA","20","0","0","0%","0%","0","0","0","0","0","0","0","0","0","0","0","0","0","0","0"
"*0730s*","Xavier Cadiz","CHC","SS","2294","FA","16","0","0","0%","0%","0","0","0","0","0","0","0","0","0","0","0","0","0","0","0"
"*03qmu*","Gabriel Cancel","(N/A)","3B,SS","2365","FA","29","0","0","0%","0%","0","0","0","0","0","0","0","0","0","0","0","0","0","0","0"
"*0731c*","Esterlin Casanova","BOS","SS","2457","FA","17","0","0","0%","0%","0","0","0","0","0","0","0","0","0","0","0","0","0","0","0"
"*0731t*","Sebastian Casanova","TOR","SS","2460","FA","17","0","0","0%","0%","0","0","0","0","0","0","0","0","0","0","0","0","0","0","0"
"*061wf*","Jose Contreras","(N/A)","OF","2808","FA","21","0","0","0%","0%","0","0","0","0","0","0","0","0","0","0","0","0","0","0","0"
"*06s48*","Michael Cordero","STL","3B","2839","FA","17","0","0","0%","0%","0","0","0","0","0","0","0","0","0","0","0","0","0","0","0"
"*05t5l*","Samil De La Rosa","(N/A)","OF","3164","FA","22","0","0","0%","0%","0","0","0","0","0","0","0","0","0","0","0","0","0","0","0"
"*06if6*","Breyias Dean","MIA","3B","3230","FA","20","0","0","0%","0%","0","0","0","0","0","0","0","0","0","0","0","0","0","0","0"
"*06r85*","Anthony Del Angel","(N/A)","3B","3243","FA","19","0","0","0%","0%","0","0","0","0","0","0","0","0","0","0","0","0","0","0","0"
"*02c5y*","Matt Duffy","(N/A)","3B","3445","FA","35","0","0","0%","0%","0","0","0","0","0","0","0","0","0","0","0","0","0","0","0"
"*061yf*","Kevin Dume","(N/A)","1B","3451","FA","21","0","0","0%","0%","0","0","0","0","0","0","0","0","0","0","0","0","0","0","0"
"*061zj*","Andy Encarnacion","ARI","OF","3553","FA","21","0","0","0%","0%","0","0","0","0","0","0","0","0","0","0","0","0","0","0","0"
"*06c2x*","Leonel Espinoza","CHC","OF","3604","FA","23","0","0","0%","0%","0","0","0","0","0","0","0","0","0","0","0","0","0","0","0"
"*06hex*","Trent Farquhar","PHI","2B,3B","3674","FA","25","0","0","0%","0%","0","0","0","0","0","0","0","0","0","0","0","0","0","0","0"
"*06ht7*","Tomas Frick","NYY","C","3925","FA","25","0","0","0%","0%","0","0","0","0","0","0","0","0","0","0","0","0","0","0","0"
"*06hw1*","Yirer Garcia","TB","C","4074","FA","20","0","0","0%","0%","0","0","0","0","0","0","0","0","0","0","0","0","0","0","0"
"*04pf6*","Yunior Garcia","(N/A)","OF","4075","FA","24","0","0","0%","0%","0","0","0","0","0","0","0","0","0","0","0","0","0","0","0"
"*03v3t*","Kyle Garlick","(N/A)","OF","4078","FA","34","0","0","0%","0%","0","0","0","0","0","0","0","0","0","0","0","0","0","0","0"
"*032ll*","Jake Gatewood","(N/A)","2B,3B,SS","4095","FA","30","0","0","0%","0%","0","0","0","0","0","0","0","0","0","0","0","0","0","0","0"
"*06rgp*","Vladi Gomez","NYM","2B","4225","FA","20","0","0","0%","0%","0","0","0","0","0","0","0","0","0","0","0","0","0","0","0"
"*06z4z*","Omar Guadamuz","CIN","3B","4399","FA","18","0","0","0%","0%","0","0","0","0","0","0","0","0","0","0","0","0","0","0","0"
"*06qs6*","Ben Hartl","CHW","C","4593","FA","23","0","0","0%","0%","0","0","0","0","0","0","0","0","0","0","0","0","0","0","0"
"*072bq*","Trevor Haskins","STL","SS","4607","FA","23","0","0","0%","0%","0","0","0","0","0","0","0","0","0","0","0","0","0","0","0"
"*06ff3*","Jesus Hernandez","MIA","2B,3B","4729","FA","22","0","0","0%","0%","0","0","0","0","0","0","0","0","0","0","0","0","0","0","0"
"*061zo*","Gery Holguin","(N/A)","1B,3B","4880","FA","20","0","0","0%","0%","0","0","0","0","0","0","0","0","0","0","0","0","0","0","0"
"*06zb7*","Nick Hollifield","WSH","C","4887","FA","23","0","0","0%","0%","0","0","0","0","0","0","0","0","0","0","0","0","0","0","0"
"*064nc*","Dom Johnson","(N/A)","OF","5141","FA","25","0","0","0%","0%","0","0","0","0","0","0","0","0","0","0","0","0","0","0","0"
"*061w0*","Levi Jordan","WSH","3B,SS","5190","FA","30","0","0","0%","0%","0","0","0","0","0","0","0","0","0","0","0","0","0","0","0"
"*05zh8*","Kade Kern","(N/A)","OF","5283","FA","24","0","0","0%","0%","0","0","0","0","0","0","0","0","0","0","0","0","0","0","0"
"*06ekc*","Aldalay Kolokie","(N/A)","OF","5384","FA","21","0","0","0%","0%","0","0","0","0","0","0","0","0","0","0","0","0","0","0","0"
"*04eid*","Mark Kolozsvary","PHI","C","5385","FA","30","0","0","0%","0%","0","0","0","0","0","0","0","0","0","0","0","0","0","0","0"
"*05udz*","Derwin Laya","(N/A)","3B","5526","FA","22","0","0","0%","0%","0","0","0","0","0","0","0","0","0","0","0","0","0","0","0"
"*06krr*","Yojackson Laya","LAD","SS","5527","FA","19","0","0","0%","0%","0","0","0","0","0","0","0","0","0","0","0","0","0","0","0"
"*0731v*","Jhoseph Leta","CLE","SS","5595","FA","17","0","0","0%","0%","0","0","0","0","0","0","0","0","0","0","0","0","0","0","0"
"*06qwi*","Kade Lewis","CLE","1B","5609","FA","21","0","0","0%","0%","0","0","0","0","0","0","0","0","0","0","0","0","0","0","0"
"*06ruf*","Alexey Lumpuy","CHC","OF","5798","FA","22","0","0","0%","0%","0","0","0","0","0","0","0","0","0","0","0","0","0","0","0"
"*03dag*","Jordan Luplow","(N/A)","OF","5809","FA","32","0","0","0%","0%","0","0","0","0","0","0","0","0","0","0","0","0","0","0","0"
"*06nz1*","Antonis Macias","TEX","2B","5843","FA","21","0","0","0%","0%","0","0","0","0","0","0","0","0","0","0","0","0","0","0","0"
"*06r44*","Steven Madero","DET","1B","5857","FA","19","0","0","0%","0%","0","0","0","0","0","0","0","0","0","0","0","0","0","0","0"
"*06qkd*","Alec Makarewicz","CHW","1B,3B","5883","FA","25","0","0","0%","0%","0","0","0","0","0","0","0","0","0","0","0","0","0","0","0"
"*06lwl*","Eddy Marmolejos","WSH","3B","5955","FA","19","0","0","0%","0%","0","0","0","0","0","0","0","0","0","0","0","0","0","0","0"
"*06uvt*","Luis Marquez","TEX","2B,SS","5967","FA","20","0","0","0%","0%","0","0","0","0","0","0","0","0","0","0","0","0","0","0","0"
"*066rs*","Modeifi Marte","ARI","1B","5987","FA","23","0","0","0%","0%","0","0","0","0","0","0","0","0","0","0","0","0","0","0","0"
"*03pj6*","Richie Martin","COL","3B,SS","6004","FA","31","0","0","0%","0%","0","0","0","0","0","0","0","0","0","0","0","0","0","0","0"
"*0733w*","Carlos Martinez","CLE","C","6021","FA","17","0","0","0%","0%","0","0","0","0","0","0","0","0","0","0","0","0","0","0","0"
"*06qzp*","Shendrion Martinus","CIN","3B","6079","FA","19","0","0","0%","0%","0","0","0","0","0","0","0","0","0","0","0","0","0","0","0"
"*06z5w*","Richer Mata","KC","1B","6090","FA","18","0","0","0%","0%","0","0","0","0","0","0","0","0","0","0","0","0","0","0","0"
"*070dd*","Logan Maxwell","NYY","OF","6129","FA","23","0","0","0%","0%","0","0","0","0","0","0","0","0","0","0","0","0","0","0","0"
"*06sbv*","Ismael Mejia","ARI","1B","6287","FA","18","0","0","0%","0%","0","0","0","0","0","0","0","0","0","0","0","0","0","0","0"
"*060yp*","Alberto Mendez","(N/A)","2B,3B","6320","FA","21","0","0","0%","0%","0","0","0","0","0","0","0","0","0","0","0","0","0","0","0"
"*051ew*","Kadon Morton","(N/A)","OF","6671","FA","25","0","0","0%","0%","0","0","0","0","0","0","0","0","0","0","0","0","0","0","0"
"*06qpx*","Jackson Nicklaus","(N/A)","1B","6830","FA","23","0","0","0%","0%","0","0","0","0","0","0","0","0","0","0","0","0","0","0","0"
"*05rit*","Frank Nigro","(N/A)","C","6838","FA","28","0","0","0%","0%","0","0","0","0","0","0","0","0","0","0","0","0","0","0","0"
"*06yan*","Jordan Ouanyou","CIN","1B","7073","FA","18","0","0","0%","0%","0","0","0","0","0","0","0","0","0","0","0","0","0","0","0"
"*056j4*","Jose Pastrano","(N/A)","SS","7199","FA","23","0","0","0%","0%","0","0","0","0","0","0","0","0","0","0","0","0","0","0","0"
"*06mp5*","Jhoan Peguero","BOS","OF","7257","FA","20","0","0","0%","0%","0","0","0","0","0","0","0","0","0","0","0","0","0","0","0"
"*05rjm*","Jonathan Peguero","(N/A)","C","7258","FA","22","0","0","0%","0%","0","0","0","0","0","0","0","0","0","0","0","0","0","0","0"
"*06rrs*","Sebastian Pena","SD","OF","7294","FA","18","0","0","0%","0%","0","0","0","0","0","0","0","0","0","0","0","0","0","0","0"
"*06qk4*","Garrett Pennington","DET","1B,OF","7305","FA","25","0","0","0%","0%","0","0","0","0","0","0","0","0","0","0","0","0","0","0","0"
"*04o0b*","Fabian Pertuz","(N/A)","SS","7413","FA","25","0","0","0%","0%","0","0","0","0","0","0","0","0","0","0","0","0","0","0","0"
"*06r4n*","Beau Peterson","HOU","3B","7425","FA","18","0","0","0%","0%","0","0","0","0","0","0","0","0","0","0","0","0","0","0","0"
"*06qht*","Ryan Picollo","SEA","OF","7464","FA","24","0","0","0%","0%","0","0","0","0","0","0","0","0","0","0","0","0","0","0","0"
"*06sbn*","Jose Pitre","ARI","OF","7525","FA","18","0","0","0%","0%","0","0","0","0","0","0","0","0","0","0","0","0","0","0","0"
"*05y0z*","Sam Praytor","(N/A)","C","7604","FA","27","0","0","0%","0%","0","0","0","0","0","0","0","0","0","0","0","0","0","0","0"
"*06r72*","Blake Ragsdale","(N/A)","SS","7682","FA","17","0","0","0%","0%","0","0","0","0","0","0","0","0","0","0","0","0","0","0","0"
"*066jw*","Blake Rambusch","SEA","2B,OF","7689","FA","26","0","0","0%","0%","0","0","0","0","0","0","0","0","0","0","0","0","0","0","0"
"*066lk*","Adam Retzbach","BAL","C,1B","7823","FA","25","0","0","0%","0%","0","0","0","0","0","0","0","0","0","0","0","0","0","0","0"
"*05j97*","Carlos Rodriguez","SD","C","8012","FA","23","0","0","0%","0%","0","0","0","0","0","0","0","0","0","0","0","0","0","0","0"
"*05un8*","Eddy Rodriguez","(N/A)","1B,OF","8026","FA","22","0","0","0%","0%","0","0","0","0","0","0","0","0","0","0","0","0","0","0","0"
"*048ye*","Ramon Rodriguez","MIL","C","8084","FA","27","0","0","0%","0%","0","0","0","0","0","0","0","0","0","0","0","0","0","0","0"
"*06ds9*","Kiko Romero","(N/A)","1B","8155","FA","25","0","0","0%","0%","0","0","0","0","0","0","0","0","0","0","0","0","0","0","0"
"*051kx*","Dalvy Rosario","(N/A)","OF","8191","FA","26","0","0","0%","0%","0","0","0","0","0","0","0","0","0","0","0","0","0","0","0"
"*06ilt*","Guillermo Rosario","PHI","1B","8198","FA","21","0","0","0%","0%","0","0","0","0","0","0","0","0","0","0","0","0","0","0","0"
"*06sar*","Kadil Rubio","TB","OF","8236","FA","18","0","0","0%","0%","0","0","0","0","0","0","0","0","0","0","0","0","0","0","0"
"*06r46*","Hector Salas","HOU","2B,3B","8302","FA","22","0","0","0%","0%","0","0","0","0","0","0","0","0","0","0","0","0","0","0","0"
"*066ny*","Luis Sanchez","ATL","2B,3B","8375","FA","22","0","0","0%","0%","0","0","0","0","0","0","0","0","0","0","0","0","0","0","0"
"*06xwc*","Yoander Santana","PIT","3B","8422","FA","18","0","0","0%","0%","0","0","0","0","0","0","0","0","0","0","0","0","0","0","0"
"*0517k*","Glenn Santiago","(N/A)","2B","8427","FA","25","0","0","0%","0%","0","0","0","0","0","0","0","0","0","0","0","0","0","0","0"
"*066nr*","Anson Seibert","WSH","3B","8543","FA","21","0","0","0%","0%","0","0","0","0","0","0","0","0","0","0","0","0","0","0","0"
"*06hs0*","Wooyeoul Shin","(N/A)","1B","8627","FA","24","0","0","0%","0%","0","0","0","0","0","0","0","0","0","0","0","0","0","0","0"
"*06quv*","Michael Snyder","(N/A)","1B,3B,OF","8780","FA","25","0","0","0%","0%","0","0","0","0","0","0","0","0","0","0","0","0","0","0","0"
"*04eh5*","Lamar Sparks","(N/A)","OF","8839","FA","27","0","0","0%","0%","0","0","0","0","0","0","0","0","0","0","0","0","0","0","0"
"*06tzu*","Junior Suriel","LAA","OF","9002","FA","17","0","0","0%","0%","0","0","0","0","0","0","0","0","0","0","0","0","0","0","0"
"*05ucj*","Ezequiel Surun","(N/A)","SS","9005","FA","22","0","0","0%","0%","0","0","0","0","0","0","0","0","0","0","0","0","0","0","0"
"*06rwe*","Ronald Terrero","BAL","2B","9136","FA","18","0","0","0%","0%","0","0","0","0","0","0","0","0","0","0","0","0","0","0","0"
"*06ht9*","Jordan Thompson","(N/A)","SS","9170","FA","24","0","0","0%","0%","0","0","0","0","0","0","0","0","0","0","0","0","0","0","0"
"*0730t*","Luis Tomas","CHC","SS","9228","FA","17","0","0","0%","0%","0","0","0","0","0","0","0","0","0","0","0","0","0","0","0"
"*06z68*","Carlos Torres","TEX","C","9250","FA","18","0","0","0%","0%","0","0","0","0","0","0","0","0","0","0","0","0","0","0","0"
"*06kx2*","Wuinder Torres","CLE","C","9271","FA","19","0","0","0%","0%","0","0","0","0","0","0","0","0","0","0","0","0","0","0","0"
"*06hx3*","Michael Trautwein","CIN","C","9293","FA","26","0","0","0%","0%","0","0","0","0","0","0","0","0","0","0","0","0","0","0","0"
"*06rjf*","Jose Urbina","ARI","C","9368","FA","20","0","0","0%","0%","0","0","0","0","0","0","0","0","0","0","0","0","0","0","0"
"*06akg*","Omar Urbina","BAL","1B","9371","FA","20","0","0","0%","0%","0","0","0","0","0","0","0","0","0","0","0","0","0","0","0"
"*03121*","Chad Wallach","ATH","C","9633","FA","34","0","0","0%","0%","0","0","0","0","0","0","0","0","0","0","0","0","0","0","0"
"*06c89*","Guillermo Williamson","(N/A)","1B","9819","FA","22","0","0","0%","0%","0","0","0","0","0","0","0","0","0","0","0","0","0","0","0"
"*06hj2*","Casey Yamauchi","ATH","2B","9923","FA","25","0","0","0%","0%","0","0","0","0","0","0","0","0","0","0","0","0","0","0","0"
"*06rlp*","Eduardo Acevedo","(N/A)","OF","1198","FA","20","0","0","0%","0%","0","0","0","0","0","0","0","0","0","0","0","0","0","0","0"
"*03dez*","Greg Allen","(N/A)","OF","1327","FA","33","0","0","0%","0%","0","0","0","0","0","0","0","0","0","0","0","0","0","0","0"
"*065nv*","Bubba Alleyne","(N/A)","OF","1334","FA","27","0","0","0%","0%","0","0","0","0","0","0","0","0","0","0","0","0","0","0","0"
"*066s2*","Leandro Alsinois","CHW","OF","1357","FA","21","0","0","0%","0%","0","0","0","0","0","0","0","0","0","0","0","0","0","0","0"
"*070dw*","Bryan Arendt","ATH","C","1484","FA","23","0","0","0%","0%","0","0","0","0","0","0","0","0","0","0","0","0","0","0","0"
"*06r1h*","Dariel Arias","CLE","OF","1495","FA","19","0","0","0%","0%","0","0","0","0","0","0","0","0","0","0","0","0","0","0","0"
"*06htr*","Bryce Arnold","(N/A)","2B,OF","1532","FA","25","0","0","0%","0%","0","0","0","0","0","0","0","0","0","0","0","0","0","0","0"
"*06r7y*","Esmeiquel Arrieche","TOR","C","1543","FA","19","0","0","0%","0%","0","0","0","0","0","0","0","0","0","0","0","0","0","0","0"
"*06r3e*","Samuel Arroyo","(N/A)","C","1551","FA","19","0","0","0%","0%","0","0","0","0","0","0","0","0","0","0","0","0","0","0","0"
"*06tle*","Johnny Ascanio","CIN","2B,3B","1557","FA","23","0","0","0%","0%","0","0","0","0","0","0","0","0","0","0","0","0","0","0","0"
"*06qvs*","Teo Banks","WSH","OF","1659","FA","23","0","0","0%","0%","0","0","0","0","0","0","0","0","0","0","0","0","0","0","0"
"*04prx*","Cameron Barstad","PIT","C","1719","FA","25","0","0","0%","0%","0","0","0","0","0","0","0","0","0","0","0","0","0","0","0"
"*06c2v*","Carlos Batista","(N/A)","OF","1743","FA","20","0","0","0%","0%","0","0","0","0","0","0","0","0","0","0","0","0","0","0","0"
"*04yj2*","Freuddy Batista","HOU","C","1747","FA","26","0","0","0%","0%","0","0","0","0","0","0","0","0","0","0","0","0","0","0","0"
"*06qjs*","Colton Becker","KC","3B,SS","1790","FA","25","0","0","0%","0%","0","0","0","0","0","0","0","0","0","0","0","0","0","0","0"
"*067yb*","Cristian Benavides","(N/A)","SS","1832","FA","21","0","0","0%","0%","0","0","0","0","0","0","0","0","0","0","0","0","0","0","0"
"*0519x*","Luke Berryhill","(N/A)","C","1886","FA","28","0","0","0%","0%","0","0","0","0","0","0","0","0","0","0","0","0","0","0","0"
"*06v28*","Yelinson Betances","LAA","OF","1893","FA","18","0","0","0%","0%","0","0","0","0","0","0","0","0","0","0","0","0","0","0","0"
"*070ce*","George Bilecki","SD","OF","1916","FA","22","0","0","0%","0%","0","0","0","0","0","0","0","0","0","0","0","0","0","0","0"
"*06r6p*","Wilmer Blanca","TOR","OF","1941","FA","19","0","0","0%","0%","0","0","0","0","0","0","0","0","0","0","0","0","0","0","0"
"*05rhc*","Luis Bolivar","(N/A)","OF","1981","FA","22","0","0","0%","0%","0","0","0","0","0","0","0","0","0","0","0","0","0","0","0"
"*03qkd*","Skye Bolt","(N/A)","OF","1986","FA","32","0","0","0%","0%","0","0","0","0","0","0","0","0","0","0","0","0","0","0","0"
"*0731r*","Oswaldo Bracho","CLE","OF","2055","FA","17","0","0","0%","0%","0","0","0","0","0","0","0","0","0","0","0","0","0","0","0"
"*04pvf*","Davis Bradshaw","(N/A)","OF","2060","FA","28","0","0","0%","0%","0","0","0","0","0","0","0","0","0","0","0","0","0","0","0"
"*031s7*","Jose Briceno","(N/A)","C","2104","FA","33","0","0","0%","0%","0","0","0","0","0","0","0","0","0","0","0","0","0","0","0"
"*06hug*","Bryan Broecker","TB","C","2139","FA","24","0","0","0%","0%","0","0","0","0","0","0","0","0","0","0","0","0","0","0","0"
"*05tuu*","Jonny Butler","(N/A)","OF","2249","FA","27","0","0","0%","0%","0","0","0","0","0","0","0","0","0","0","0","0","0","0","0"
"*05y78*","Austin Callahan","(N/A)","1B,2B,3B","2319","FA","25","0","0","0%","0%","0","0","0","0","0","0","0","0","0","0","0","0","0","0","0"
"*06qze*","Jose Camacho","LAA","1B","2327","FA","19","0","0","0%","0%","0","0","0","0","0","0","0","0","0","0","0","0","0","0","0"
"*06drp*","Clayton Campbell","DET","1B","2341","FA","22","0","0","0%","0%","0","0","0","0","0","0","0","0","0","0","0","0","0","0","0"
"*04nau*","Wilmin Candelario","(N/A)","SS","2368","FA","24","0","0","0%","0%","0","0","0","0","0","0","0","0","0","0","0","0","0","0","0"
"*04o38*","Neyfy Castillo","(N/A)","1B,OF","2507","FA","25","0","0","0%","0%","0","0","0","0","0","0","0","0","0","0","0","0","0","0","0"
"*02zma*","Harold Castro","(N/A)","3B,SS","2523","FA","32","0","0","0%","0%","0","0","0","0","0","0","0","0","0","0","0","0","0","0","0"
"*072aq*","Derek Cerda","CHW","OF","2578","FA","23","0","0","0%","0%","0","0","0","0","0","0","0","0","0","0","0","0","0","0","0"
"*052c2*","Jose Cordova","COL","C,1B","2843","FA","26","0","0","0%","0%","0","0","0","0","0","0","0","0","0","0","0","0","0","0","0"
"*06o0n*","Luis Corobo","MIL","C","2853","FA","19","0","0","0%","0%","0","0","0","0","0","0","0","0","0","0","0","0","0","0","0"
"*06v6c*","Luis Cruz","PIT","OF","2961","FA","18","0","0","0%","0%","0","0","0","0","0","0","0","0","0","0","0","0","0","0","0"
"*06r7q*","Steven Cruz","CLE","OF","2973","FA","19","0","0","0%","0%","0","0","0","0","0","0","0","0","0","0","0","0","0","0","0"
"*05y3n*","Dylan Cupp","(N/A)","SS","3000","FA","21","0","0","0%","0%","0","0","0","0","0","0","0","0","0","0","0","0","0","0","0"
"*04pw0*","Kyle Datres","(N/A)","3B","3061","FA","30","0","0","0%","0%","0","0","0","0","0","0","0","0","0","0","0","0","0","0","0"
"*06656*","Joshua Day","(N/A)","SS","3101","FA","26","0","0","0%","0%","0","0","0","0","0","0","0","0","0","0","0","0","0","0","0"
"*05yl3*","Daneurys De La Cruz","(N/A)","1B","3123","FA","25","0","0","0%","0%","0","0","0","0","0","0","0","0","0","0","0","0","0","0","0"
"*06cwu*","Darwin De Leon","(N/A)","2B","3169","FA","22","0","0","0%","0%","0","0","0","0","0","0","0","0","0","0","0","0","0","0","0"
"*06uy2*","Sebastian De Los Santos","CLE","OF","3197","FA","20","0","0","0%","0%","0","0","0","0","0","0","0","0","0","0","0","0","0","0","0"
"*05un0*","Angel Del Rosario","(N/A)","3B","3247","FA","23","0","0","0%","0%","0","0","0","0","0","0","0","0","0","0","0","0","0","0","0"
"*06sav*","Dencer Diaz","(N/A)","1B","3300","FA","18","0","0","0%","0%","0","0","0","0","0","0","0","0","0","0","0","0","0","0","0"
"*06riq*","Jairo Diaz","CHC","C","3306","FA","22","0","0","0%","0%","0","0","0","0","0","0","0","0","0","0","0","0","0","0","0"
"*0526b*","Victor Diaz","(N/A)","1B","3327","FA","24","0","0","0%","0%","0","0","0","0","0","0","0","0","0","0","0","0","0","0","0"
"*05ua1*","Brody Drost","(N/A)","OF","3428","FA","24","0","0","0%","0%","0","0","0","0","0","0","0","0","0","0","0","0","0","0","0"
"*065s0*","Edinson Duran","NYY","C","3472","FA","24","0","0","0%","0%","0","0","0","0","0","0","0","0","0","0","0","0","0","0","0"
"*06qod*","Alan Espinal","COL","C","3589","FA","24","0","0","0%","0%","0","0","0","0","0","0","0","0","0","0","0","0","0","0","0"
"*06qsm*","Ian Farrow","(N/A)","OF","3678","FA","24","0","0","0%","0%","0","0","0","0","0","0","0","0","0","0","0","0","0","0","0"
"*06rty*","Malvin Fernandez","ATL","3B","3728","FA","17","0","0","0%","0%","0","0","0","0","0","0","0","0","0","0","0","0","0","0","0"
"*06s4a*","Enmanuel Figuereo","BOS","OF","3752","FA","18","0","0","0%","0%","0","0","0","0","0","0","0","0","0","0","0","0","0","0","0"
"*06k6o*","Randy Flores","(N/A)","2B","3814","FA","25","0","0","0%","0%","0","0","0","0","0","0","0","0","0","0","0","0","0","0","0"
"*06qh3*","Joshua Francis","SEA","OF","3875","FA","19","0","0","0%","0%","0","0","0","0","0","0","0","0","0","0","0","0","0","0","0"
"*06alx*","Lucas Franco","(N/A)","SS","3885","FA","19","0","0","0%","0%","0","0","0","0","0","0","0","0","0","0","0","0","0","0","0"
"*06kld*","Jesus Freitez","COL","C","3913","FA","20","0","0","0%","0%","0","0","0","0","0","0","0","0","0","0","0","0","0","0","0"
"*070et*","Hayden Friese","ATL","1B","3929","FA","21","0","0","0%","0%","0","0","0","0","0","0","0","0","0","0","0","0","0","0","0"
"*06hf7*","Cole Gabrielson","NYY","OF","3958","FA","26","0","0","0%","0%","0","0","0","0","0","0","0","0","0","0","0","0","0","0","0"
"*06tzy*","Luis Galan","CLE","3B","3969","FA","17","0","0","0%","0%","0","0","0","0","0","0","0","0","0","0","0","0","0","0","0"
"*06tzt*","Jonierbis Garces","WSH","OF","4008","FA","18","0","0","0%","0%","0","0","0","0","0","0","0","0","0","0","0","0","0","0","0"
"*06r0q*","Dariel Garcia","COL","2B,OF","4025","FA","19","0","0","0%","0%","0","0","0","0","0","0","0","0","0","0","0","0","0","0","0"
"*0730h*","Jawel Garcia","WSH","OF","4043","FA","17","0","0","0%","0%","0","0","0","0","0","0","0","0","0","0","0","0","0","0","0"
"*021oi*","Leury Garcia","(N/A)","OF","4054","FA","35","0","0","0%","0%","0","0","0","0","0","0","0","0","0","0","0","0","0","0","0"
"*06z62*","Roni Garcia","NYM","2B","4065","FA","18","0","0","0%","0%","0","0","0","0","0","0","0","0","0","0","0","0","0","0","0"
"*06rrx*","Jhostin Genao","TEX","OF","4112","FA","18","0","0","0%","0%","0","0","0","0","0","0","0","0","0","0","0","0","0","0","0"
"*06mih*","Saul Gomez","BAL","1B","4224","FA","19","0","0","0%","0%","0","0","0","0","0","0","0","0","0","0","0","0","0","0","0"
"*06r1b*","Angel Gonzalez","MIL","OF","4237","FA","19","0","0","0%","0%","0","0","0","0","0","0","0","0","0","0","0","0","0","0","0"
"*066ow*","Carlos Gonzalez","SEA","1B","4243","FA","22","0","0","0%","0%","0","0","0","0","0","0","0","0","0","0","0","0","0","0","0"
"*06oob*","Gunner Gouldsmith","ATH","2B,SS","4323","FA","24","0","0","0%","0%","0","0","0","0","0","0","0","0","0","0","0","0","0","0","0"
"*06qjb*","Owen Gregg","TOR","SS","4378","FA","19","0","0","0%","0%","0","0","0","0","0","0","0","0","0","0","0","0","0","0","0"
"*06py1*","Alfredo Guanchez","ARI","3B","4401","FA","20","0","0","0%","0%","0","0","0","0","0","0","0","0","0","0","0","0","0","0","0"
"*05ud4*","Diego Guevara","(N/A)","OF","4431","FA","23","0","0","0%","0%","0","0","0","0","0","0","0","0","0","0","0","0","0","0","0"
"*06ry2*","Frandy Guillen","BAL","3B","4438","FA","18","0","0","0%","0%","0","0","0","0","0","0","0","0","0","0","0","0","0","0","0"
"*02i1a*","Ronald Guzman","(N/A)","1B","4481","FA","31","0","0","0%","0%","0","0","0","0","0","0","0","0","0","0","0","0","0","0","0"
"*05u2y*","Aiden Harris","(N/A)","3B","4578","FA","19","0","0","0%","0%","0","0","0","0","0","0","0","0","0","0","0","0","0","0","0"
"*0517w*","Wyatt Hendrie","(N/A)","C","4656","FA","27","0","0","0%","0%","0","0","0","0","0","0","0","0","0","0","0","0","0","0","0"
"*06bj7*","Osvaldo Heredia","MIA","OF","4686","FA","20","0","0","0%","0%","0","0","0","0","0","0","0","0","0","0","0","0","0","0","0"
"*02i19*","Elier Hernandez","(N/A)","OF","4719","FA","31","0","0","0%","0%","0","0","0","0","0","0","0","0","0","0","0","0","0","0","0"
"*042b0*","Miguel Hernandez","(N/A)","3B,SS","4751","FA","27","0","0","0%","0%","0","0","0","0","0","0","0","0","0","0","0","0","0","0","0"
"*06zeq*","Jonathan Hogart","PHI","OF","4873","FA","24","0","0","0%","0%","0","0","0","0","0","0","0","0","0","0","0","0","0","0","0"
"*05u2z*","Braden Holcomb","CHW","OF","4876","FA","21","0","0","0%","0%","0","0","0","0","0","0","0","0","0","0","0","0","0","0","0"
"*04py4*","Korey Holland","(N/A)","OF","4884","FA","26","0","0","0%","0%","0","0","0","0","0","0","0","0","0","0","0","0","0","0","0"
"*0637e*","Yanki Jean-Baptiste","(N/A)","1B","5070","FA","21","0","0","0%","0%","0","0","0","0","0","0","0","0","0","0","0","0","0","0","0"
"*04zaz*","Juan Jerez","(N/A)","2B","5087","FA","24","0","0","0%","0%","0","0","0","0","0","0","0","0","0","0","0","0","0","0","0"
"*06dqu*","Justin Johnson","KC","2B,3B","5144","FA","26","0","0","0%","0%","0","0","0","0","0","0","0","0","0","0","0","0","0","0","0"
"*06hpt*","Mikey Kane","(N/A)","1B,3B","5225","FA","25","0","0","0%","0%","0","0","0","0","0","0","0","0","0","0","0","0","0","0","0"
"*05yfr*","Nic Kent","COL","2B,3B","5281","FA","26","0","0","0%","0%","0","0","0","0","0","0","0","0","0","0","0","0","0","0","0"
"*06iba*","Ju Won Kim","(N/A)","SS","5303","FA","23","0","0","0%","0%","0","0","0","0","0","0","0","0","0","0","0","0","0","0","0"
"*05mrg*","Brady Lindsly","(N/A)","C","5647","FA","28","0","0","0%","0%","0","0","0","0","0","0","0","0","0","0","0","0","0","0","0"
"*06rhl*","Carlos Linarez","(N/A)","C","5651","FA","24","0","0","0%","0%","0","0","0","0","0","0","0","0","0","0","0","0","0","0","0"
"*05rdq*","Robert Lopez","(N/A)","C","5747","FA","22","0","0","0%","0%","0","0","0","0","0","0","0","0","0","0","0","0","0","0","0"
"*03dt6*","Drew Lugbauer","(N/A)","1B,3B","5781","FA","29","0","0","0%","0%","0","0","0","0","0","0","0","0","0","0","0","0","0","0","0"
"*05ogx*","Solomon Maguire","(N/A)","OF","5874","FA","23","0","0","0%","0%","0","0","0","0","0","0","0","0","0","0","0","0","0","0","0"
"*06gy9*","Jose Marcano","CLE","1B","5919","FA","20","0","0","0%","0%","0","0","0","0","0","0","0","0","0","0","0","0","0","0","0"
"*0518e*","Wendell Marrero","(N/A)","OF","5975","FA","25","0","0","0%","0%","0","0","0","0","0","0","0","0","0","0","0","0","0","0","0"
"*05y4u*","Donovan McIntyre","(N/A)","OF","6215","FA","23","0","0","0%","0%","0","0","0","0","0","0","0","0","0","0","0","0","0","0","0"
"*066q7*","Wady Mendez","(N/A)","OF","6338","FA","21","0","0","0%","0%","0","0","0","0","0","0","0","0","0","0","0","0","0","0","0"
"*06szo*","Estarling Mercado","NYM","1B","6360","FA","23","0","0","0%","0%","0","0","0","0","0","0","0","0","0","0","0","0","0","0","0"
"*062zi*","Jeffrey Mercedes","CLE","2B,3B","6368","FA","21","0","0","0%","0%","0","0","0","0","0","0","0","0","0","0","0","0","0","0","0"
"*05y7p*","Tyler Miller","PHI","1B","6457","FA","26","0","0","0%","0%","0","0","0","0","0","0","0","0","0","0","0","0","0","0","0"
"*06ih9*","Bo-gyeong Moon","(N/A)","1B","6572","FA","26","0","0","0%","0%","0","0","0","0","0","0","0","0","0","0","0","0","0","0","0"
"*064oy*","Franyer Noria","(N/A)","3B","6870","FA","21","0","0","0%","0%","0","0","0","0","0","0","0","0","0","0","0","0","0","0","0"
"*0603i*","Elijah Nunez","WSH","OF","6898","FA","24","0","0","0%","0%","0","0","0","0","0","0","0","0","0","0","0","0","0","0","0"
"*05y49*","Christian Olivo","CHC","3B","6983","FA","22","0","0","0%","0%","0","0","0","0","0","0","0","0","0","0","0","0","0","0","0"
"*06hod*","Johnny Olmstead","MIA","2B,SS","6988","FA","26","0","0","0%","0%","0","0","0","0","0","0","0","0","0","0","0","0","0","0","0"
"*066pr*","Victor Ortega","MIA","C","7028","FA","22","0","0","0%","0%","0","0","0","0","0","0","0","0","0","0","0","0","0","0","0"
"*066a5*","Devin Ortiz","WSH","3B","7036","FA","27","0","0","0%","0%","0","0","0","0","0","0","0","0","0","0","0","0","0","0","0"
"*06r34*","Azaeel Pacheco","ATH","C","7103","FA","19","0","0","0%","0%","0","0","0","0","0","0","0","0","0","0","0","0","0","0","0"
"*06r39*","Leider Padilla","LAD","OF","7118","FA","19","0","0","0%","0%","0","0","0","0","0","0","0","0","0","0","0","0","0","0","0"
"*06hpp*","Trey Paige","STL","1B,3B","7126","FA","25","0","0","0%","0%","0","0","0","0","0","0","0","0","0","0","0","0","0","0","0"
"*05t9c*","Aaron Palensky","(N/A)","OF","7136","FA","27","0","0","0%","0%","0","0","0","0","0","0","0","0","0","0","0","0","0","0","0"
"*05ud5*","Josh Pearson","(N/A)","OF","7243","FA","23","0","0","0%","0%","0","0","0","0","0","0","0","0","0","0","0","0","0","0","0"
"*06kle*","Rafy Peguero","LAD","OF","7262","FA","19","0","0","0%","0%","0","0","0","0","0","0","0","0","0","0","0","0","0","0","0"
"*06o11*","Ezequiel Pena","CHC","2B","7281","FA","19","0","0","0%","0%","0","0","0","0","0","0","0","0","0","0","0","0","0","0","0"
"*06jh7*","Joandrew Pena","(N/A)","1B","7287","FA","19","0","0","0%","0%","0","0","0","0","0","0","0","0","0","0","0","0","0","0","0"
"*05rhr*","Ramon Peralta","(N/A)","SS","7322","FA","22","0","0","0%","0%","0","0","0","0","0","0","0","0","0","0","0","0","0","0","0"
"*01suw*","Carlos Perez","DET","C","7349","FA","35","0","0","0%","0%","0","0","0","0","0","0","0","0","0","0","0","0","0","0","0"
"*021wh*","Roberto Perez","(N/A)","C","7395","FA","37","0","0","0%","0%","0","0","0","0","0","0","0","0","0","0","0","0","0","0","0"
"*060mh*","Vincent Perozo","NYM","C,1B","7407","FA","23","0","0","0%","0%","0","0","0","0","0","0","0","0","0","0","0","0","0","0","0"
"*06ru5*","Fidel Pinango","NYM","3B,OF","7484","FA","19","0","0","0%","0%","0","0","0","0","0","0","0","0","0","0","0","0","0","0","0"
"*06igh*","Roiner Quintana","HOU","2B,OF","7663","FA","21","0","0","0%","0%","0","0","0","0","0","0","0","0","0","0","0","0","0","0","0"
"*06mmy*","Alexi Quiroz","HOU","C","7673","FA","19","0","0","0%","0%","0","0","0","0","0","0","0","0","0","0","0","0","0","0","0"
"*05lg5*","Baron Radcliff","(N/A)","1B,OF","7678","FA","27","0","0","0%","0%","0","0","0","0","0","0","0","0","0","0","0","0","0","0","0"
"*05y5t*","Enmanuel Ramirez","(N/A)","OF","7701","FA","22","0","0","0%","0%","0","0","0","0","0","0","0","0","0","0","0","0","0","0","0"
"*06uhe*","Jose Ramos","SF","2B","7747","FA","23","0","0","0%","0%","0","0","0","0","0","0","0","0","0","0","0","0","0","0","0"
"*03yk5*","Michael Reed","(N/A)","OF","7785","FA","31","0","0","0%","0%","0","0","0","0","0","0","0","0","0","0","0","0","0","0","0"
"*02zm9*","Victor Reyes","(N/A)","OF","7859","FA","31","0","0","0%","0%","0","0","0","0","0","0","0","0","0","0","0","0","0","0","0"
"*05m6b*","Grant Richardson","(N/A)","OF","7881","FA","27","0","0","0%","0%","0","0","0","0","0","0","0","0","0","0","0","0","0","0","0"
"*06qgv*","Riangelo Richardson","CIN","2B","7883","FA","19","0","0","0%","0%","0","0","0","0","0","0","0","0","0","0","0","0","0","0","0"
"*0637i*","Dennys Riera","SF","3B","7890","FA","21","0","0","0%","0%","0","0","0","0","0","0","0","0","0","0","0","0","0","0","0"
"*06z5i*","Roy Rivero","KC","2B","7947","FA","18","0","0","0%","0%","0","0","0","0","0","0","0","0","0","0","0","0","0","0","0"
"*06696*","Blake Robertson","(N/A)","1B","7966","FA","25","0","0","0%","0%","0","0","0","0","0","0","0","0","0","0","0","0","0","0","0"
"*05ybf*","Jack Rogers","(N/A)","OF","8109","FA","27","0","0","0%","0%","0","0","0","0","0","0","0","0","0","0","0","0","0","0","0"
"*051el*","Nate Rombach","WSH","C","8143","FA","25","0","0","0%","0%","0","0","0","0","0","0","0","0","0","0","0","0","0","0","0"
"*06mi3*","Carlos Rondon","NYY","C","8168","FA","20","0","0","0%","0%","0","0","0","0","0","0","0","0","0","0","0","0","0","0","0"
"*0514y*","Dilan Rosario","(N/A)","SS","8192","FA","25","0","0","0%","0%","0","0","0","0","0","0","0","0","0","0","0","0","0","0","0"
"*06qu1*","Jackson Ross","WSH","1B,3B","8223","FA","26","0","0","0%","0%","0","0","0","0","0","0","0","0","0","0","0","0","0","0","0"
"*06rha*","Carlos Sanchez","MIA","C","8346","FA","21","0","0","0%","0%","0","0","0","0","0","0","0","0","0","0","0","0","0","0","0"
"*06v25*","Jose Santana","LAA","SS","8412","FA","18","0","0","0%","0%","0","0","0","0","0","0","0","0","0","0","0","0","0","0","0"
"*057w1*","Stephen Scott","(N/A)","C","8525","FA","29","0","0","0%","0%","0","0","0","0","0","0","0","0","0","0","0","0","0","0","0"
"*06ky3*","Brock Sell","(N/A)","OF","8549","FA","19","0","0","0%","0%","0","0","0","0","0","0","0","0","0","0","0","0","0","0","0"
"*06cqk*","Omar Serna","(N/A)","C","8568","FA","19","0","0","0%","0%","0","0","0","0","0","0","0","0","0","0","0","0","0","0","0"
"*05rzk*","Jose Serrano","(N/A)","1B","8572","FA","22","0","0","0%","0%","0","0","0","0","0","0","0","0","0","0","0","0","0","0","0"
"*072co*","JP Smith","MIN","1B","8746","FA","21","0","0","0%","0%","0","0","0","0","0","0","0","0","0","0","0","0","0","0","0"
"*05rcm*","Felix Stevens","(N/A)","OF","8899","FA","26","0","0","0%","0%","0","0","0","0","0","0","0","0","0","0","0","0","0","0","0"
"*04q3m*","Hunter Stovall","(N/A)","3B,SS","8932","FA","29","0","0","0%","0%","0","0","0","0","0","0","0","0","0","0","0","0","0","0","0"
"*064wk*","Jayden Stroman","(N/A)","SS,SP","8944","FA","19","0","0","0%","0%","0","0","0","0","0","0","0","0","0","0","0","0","0","0","0"
"*06hn5*","Graysen Tarlow","STL","C","9058","FA","25","0","0","0%","0%","0","0","0","0","0","0","0","0","0","0","0","0","0","0","0"
"*05jr3*","Jacob Teter","(N/A)","1B","9138","FA","27","0","0","0%","0%","0","0","0","0","0","0","0","0","0","0","0","0","0","0","0"
"*06z65*","Jhosman Theran","LAD","OF","9146","FA","18","0","0","0%","0%","0","0","0","0","0","0","0","0","0","0","0","0","0","0","0"
"*072ek*","Cardell Thibodeaux","ATL","OF","9147","FA","22","0","0","0%","0%","0","0","0","0","0","0","0","0","0","0","0","0","0","0","0"
"*05unh*","Gavin Tonkel","(N/A)","OF","9233","FA","23","0","0","0%","0%","0","0","0","0","0","0","0","0","0","0","0","0","0","0","0"
"*06r1i*","Osmar Torrealba","CLE","OF","9244","FA","19","0","0","0%","0%","0","0","0","0","0","0","0","0","0","0","0","0","0","0","0"
"*0730n*","Osmar Abel Torrealba","ATL","OF","9245","FA","17","0","0","0%","0%","0","0","0","0","0","0","0","0","0","0","0","0","0","0","0"
"*03dbl*","Nick Torres","(N/A)","OF","9266","FA","33","0","0","0%","0%","0","0","0","0","0","0","0","0","0","0","0","0","0","0","0"
"*05yhk*","River Town","(N/A)","OF","9287","FA","27","0","0","0%","0%","0","0","0","0","0","0","0","0","0","0","0","0","0","0","0"
"*065jd*","Caeden Trenkle","(N/A)","OF","9299","FA","25","0","0","0%","0%","0","0","0","0","0","0","0","0","0","0","0","0","0","0","0"
"*06ho9*","Stanley Tucker","BOS","OF","9323","FA","24","0","0","0%","0%","0","0","0","0","0","0","0","0","0","0","0","0","0","0","0"
"*06lwj*","Nestor Urbina","TOR","UT","9370","FA","19","0","0","0%","0%","0","0","0","0","0","0","0","0","0","0","0","0","0","0","0"
"*05j8n*","Jesus Valdez","ARI","2B,3B","9396","FA","28","0","0","0%","0%","0","0","0","0","0","0","0","0","0","0","0","0","0","0","0"
"*066kz*","Jonathan Vastine","SD","SS","9479","FA","23","0","0","0%","0%","0","0","0","0","0","0","0","0","0","0","0","0","0","0","0"
"*05xsw*","Miguel Villarroel","WSH","SS","9562","FA","24","0","0","0%","0%","0","0","0","0","0","0","0","0","0","0","0","0","0","0","0"
"*05ud3*","Nate Voss","(N/A)","C","9597","FA","22","0","0","0%","0%","0","0","0","0","0","0","0","0","0","0","0","0","0","0","0"
"*072hw*","Edgar Walker","PIT","OF","9621","FA","18","0","0","0%","0%","0","0","0","0","0","0","0","0","0","0","0","0","0","0","0"
"*06ujr*","Trace Willhoite","NYM","1B","9797","FA","25","0","0","0%","0%","0","0","0","0","0","0","0","0","0","0","0","0","0","0","0"
"*066ax*","Noah Williams","(N/A)","OF","9814","FA","22","0","0","0%","0%","0","0","0","0","0","0","0","0","0","0","0","0","0","0","0"
"*072yt*","Noah Wilson","(N/A)","OF","9835","FA","19","0","0","0%","0%","0","0","0","0","0","0","0","0","0","0","0","0","0","0","0"
"*06mef*","Albert Alberto","(N/A)","OF","1271","FA","20","0","0","0%","0%","0","0","0","0","0","0","0","0","0","0","0","0","0","0","0"
"*0642a*","Moises Alcala","ARI","C","1282","FA","23","0","0","0%","0%","0","0","0","0","0","0","0","0","0","0","0","0","0","0","0"
"*05uoo*","Ismael Alcantara","(N/A)","OF","1290","FA","27","0","0","0%","0%","0","0","0","0","0","0","0","0","0","0","0","0","0","0","0"
"*06r84*","Alexander Alzi","(N/A)","1B","1384","FA","19","0","0","0%","0%","0","0","0","0","0","0","0","0","0","0","0","0","0","0","0"
"*05wdl*","Carlos Amaya","(N/A)","C","1391","FA","24","0","0","0%","0%","0","0","0","0","0","0","0","0","0","0","0","0","0","0","0"
"*06v50*","Alan Angulo","KC","2B","1436","FA","18","0","0","0%","0%","0","0","0","0","0","0","0","0","0","0","0","0","0","0","0"
"*060p3*","Donovan Antonia","(N/A)","2B","1444","FA","22","0","0","0%","0%","0","0","0","0","0","0","0","0","0","0","0","0","0","0","0"
"*05yg0*","Daury Arias","(N/A)","OF","1496","FA","24","0","0","0%","0%","0","0","0","0","0","0","0","0","0","0","0","0","0","0","0"
"*06lfh*","Albertson Asigen","(N/A)","OF","1564","FA","24","0","0","0%","0%","0","0","0","0","0","0","0","0","0","0","0","0","0","0","0"
"*06c8r*","Paulo Asprilla","STL","C","1567","FA","20","0","0","0%","0%","0","0","0","0","0","0","0","0","0","0","0","0","0","0","0"
"*05r9x*","Brett Auerbach","(N/A)","2B,3B","1576","FA","27","0","0","0%","0%","0","0","0","0","0","0","0","0","0","0","0","0","0","0","0"
"*06qjv*","Trevor Austin","HOU","2B,3B","1584","FA","24","0","0","0%","0%","0","0","0","0","0","0","0","0","0","0","0","0","0","0","0"
"*06rtm*","Manuel Baez","SEA","C","1623","FA","21","0","0","0%","0%","0","0","0","0","0","0","0","0","0","0","0","0","0","0","0"
"*06uwn*","Brady Ballinger","DET","1B","1652","FA","21","0","0","0%","0%","0","0","0","0","0","0","0","0","0","0","0","0","0","0","0"
"*04aze*","Jordy Barley","(N/A)","SS","1681","FA","26","0","0","0%","0%","0","0","0","0","0","0","0","0","0","0","0","0","0","0","0"
"*06uxn*","Justin Barry","BOS","3B","1718","FA","19","0","0","0%","0%","0","0","0","0","0","0","0","0","0","0","0","0","0","0","0"
"*04pf7*","Danny Bautista","(N/A)","OF","1765","FA","25","0","0","0%","0%","0","0","0","0","0","0","0","0","0","0","0","0","0","0","0"
"*06cp7*","Gustavo Beltran","(N/A)","SS","1823","FA","21","0","0","0%","0%","0","0","0","0","0","0","0","0","0","0","0","0","0","0","0"
"*05y3b*","Dario Borrero","(N/A)","1B","2010","FA","22","0","0","0%","0%","0","0","0","0","0","0","0","0","0","0","0","0","0","0","0"
"*06qxy*","Anthwan Brea","BAL","OF","2081","FA","19","0","0","0%","0%","0","0","0","0","0","0","0","0","0","0","0","0","0","0","0"
"*06r08*","Miguel Briceno","MIN","OF","2106","FA","23","0","0","0%","0%","0","0","0","0","0","0","0","0","0","0","0","0","0","0","0"
"*0665n*","Archer Brookman","ATL","C","2140","FA","27","0","0","0%","0%","0","0","0","0","0","0","0","0","0","0","0","0","0","0","0"
"*0665m*","Colin Burgess","ATL","C","2207","FA","25","0","0","0%","0%","0","0","0","0","0","0","0","0","0","0","0","0","0","0","0"
"*05rcx*","Romtres Cabrera","(N/A)","OF","2284","FA","22","0","0","0%","0%","0","0","0","0","0","0","0","0","0","0","0","0","0","0","0"
"*070kt*","Yojanser Calzado","CIN","OF","2325","FA","19","0","0","0%","0%","0","0","0","0","0","0","0","0","0","0","0","0","0","0","0"
"*05r61*","Elio Campos","(N/A)","2B,3B","2358","FA","0","0","0","0%","0%","0","0","0","0","0","0","0","0","0","0","0","0","0","0","0"
"*06qrj*","Balian Caraballo","(N/A)","OF","2386","FA","20","0","0","0%","0%","0","0","0","0","0","0","0","0","0","0","0","0","0","0","0"
"*04erx*","Donovan Casey","(N/A)","OF","2466","FA","30","0","0","0%","0%","0","0","0","0","0","0","0","0","0","0","0","0","0","0","0"
"*03ytg*","Lorenzo Cedrola","(N/A)","OF","2561","FA","28","0","0","0%","0%","0","0","0","0","0","0","0","0","0","0","0","0","0","0","0"
"*05xox*","Logan Cerny","(N/A)","OF","2582","FA","26","0","0","0%","0%","0","0","0","0","0","0","0","0","0","0","0","0","0","0","0"
"*06r4f*","Robinson Chacon","KC","OF","2601","FA","19","0","0","0%","0%","0","0","0","0","0","0","0","0","0","0","0","0","0","0","0"
"*06qlo*","Owen Cobb","NYY","2B","2725","FA","25","0","0","0%","0%","0","0","0","0","0","0","0","0","0","0","0","0","0","0","0"
"*04b11*","Anderson Comas","(N/A)","OF","2779","FA","26","0","0","0%","0%","0","0","0","0","0","0","0","0","0","0","0","0","0","0","0"
"*061tl*","Kashon Conliffe","(N/A)","OF","2791","FA","21","0","0","0%","0%","0","0","0","0","0","0","0","0","0","0","0","0","0","0","0"
"*06ahp*","Jose Cordoba","(N/A)","OF","2842","FA","23","0","0","0%","0%","0","0","0","0","0","0","0","0","0","0","0","0","0","0","0"
"*06o0y*","Enmanuel Corniel","BAL","OF","2848","FA","19","0","0","0%","0%","0","0","0","0","0","0","0","0","0","0","0","0","0","0","0"
"*05y6z*","Trendon Craig","(N/A)","OF","2904","FA","26","0","0","0%","0%","0","0","0","0","0","0","0","0","0","0","0","0","0","0","0"
"*06qiq*","Dustin Crenshaw","SEA","3B,OF","2912","FA","24","0","0","0%","0%","0","0","0","0","0","0","0","0","0","0","0","0","0","0","0"
"*04nfi*","Fadriel Cruz","(N/A)","SS","2953","FA","25","0","0","0%","0%","0","0","0","0","0","0","0","0","0","0","0","0","0","0","0"
"*06su9*","Luis Cuevas","ATH","UT","2984","FA","18","0","0","0%","0%","0","0","0","0","0","0","0","0","0","0","0","0","0","0","0"
"*06igc*","Caden Dawson","(N/A)","OF","3096","FA","18","0","0","0%","0%","0","0","0","0","0","0","0","0","0","0","0","0","0","0","0"
"*04z6o*","Alex De Goti","(N/A)","2B,OF","3108","FA","31","0","0","0%","0%","0","0","0","0","0","0","0","0","0","0","0","0","0","0","0"
"*06rsn*","Raimundo De Los Santos","TOR","SS","3194","FA","21","0","0","0%","0%","0","0","0","0","0","0","0","0","0","0","0","0","0","0","0"
"*06quy*","Joe Delossantos","(N/A)","OF","3260","FA","25","0","0","0%","0%","0","0","0","0","0","0","0","0","0","0","0","0","0","0","0"
"*06gjk*","Austin Deming","(N/A)","3B","3264","FA","26","0","0","0%","0%","0","0","0","0","0","0","0","0","0","0","0","0","0","0","0"
"*05m6d*","Blayberg Diaz","MIL","C","3295","FA","23","0","0","0%","0%","0","0","0","0","0","0","0","0","0","0","0","0","0","0","0"
"*06uqp*","Carlos Done","MIL","OF","3388","FA","19","0","0","0%","0%","0","0","0","0","0","0","0","0","0","0","0","0","0","0","0"
"*06r6t*","Vinicius Dos Santos","SF","OF","3401","FA","19","0","0","0%","0%","0","0","0","0","0","0","0","0","0","0","0","0","0","0","0"
"*06z5z*","Jorge Drullard","BAL","2B","3430","FA","18","0","0","0%","0%","0","0","0","0","0","0","0","0","0","0","0","0","0","0","0"
"*06qip*","Connor Dykstra","SEA","C","3491","FA","25","0","0","0%","0%","0","0","0","0","0","0","0","0","0","0","0","0","0","0","0"
"*06hwv*","Edrick Felix","(N/A)","3B","3694","FA","24","0","0","0%","0%","0","0","0","0","0","0","0","0","0","0","0","0","0","0","0"
"*06hf8*","Jesus Fernandez","ATH","SS","3721","FA","20","0","0","0%","0%","0","0","0","0","0","0","0","0","0","0","0","0","0","0","0"
"*05rha*","Yosmi Fernandez","(N/A)","SS","3734","FA","22","0","0","0%","0%","0","0","0","0","0","0","0","0","0","0","0","0","0","0","0"
"*06ky1*","Diego Flores","NYY","1B","3803","FA","19","0","0","0%","0%","0","0","0","0","0","0","0","0","0","0","0","0","0","0","0"
"*06c3r*","Daniel Gaitor","(N/A)","OF","3966","FA","20","0","0","0%","0%","0","0","0","0","0","0","0","0","0","0","0","0","0","0","0"
"*06r2o*","Alonso Gallegos","(N/A)","SS","3985","FA","19","0","0","0%","0%","0","0","0","0","0","0","0","0","0","0","0","0","0","0","0"
"*06r1e*","Carlos Garces","CLE","OF","4006","FA","19","0","0","0%","0%","0","0","0","0","0","0","0","0","0","0","0","0","0","0","0"
"*06rn3*","Carlos Garcia","TOR","C,1B","4022","FA","19","0","0","0%","0%","0","0","0","0","0","0","0","0","0","0","0","0","0","0","0"
"*06kr2*","Josh Gibbs","(N/A)","SS","4137","FA","19","0","0","0%","0%","0","0","0","0","0","0","0","0","0","0","0","0","0","0","0"
"*06sbu*","Santiago Gil","ARI","C","4149","FA","18","0","0","0%","0%","0","0","0","0","0","0","0","0","0","0","0","0","0","0","0"
"*06ckp*","Santiago Gomez","NYY","2B","4223","FA","22","0","0","0%","0%","0","0","0","0","0","0","0","0","0","0","0","0","0","0","0"
"*04mkv*","Alvaro Gonzalez","(N/A)","2B","4234","FA","25","0","0","0%","0%","0","0","0","0","0","0","0","0","0","0","0","0","0","0","0"
"*06qxb*","Diego Gonzalez","CHC","C","4254","FA","19","0","0","0%","0%","0","0","0","0","0","0","0","0","0","0","0","0","0","0","0"
"*06qoo*","Fernando Gonzalez","SF","C","4261","FA","24","0","0","0%","0%","0","0","0","0","0","0","0","0","0","0","0","0","0","0","0"
"*061z9*","Ricardo Gonzalez","TB","SS","4294","FA","22","0","0","0%","0%","0","0","0","0","0","0","0","0","0","0","0","0","0","0","0"
"*06qk3*","Mac Guscette","ATL","C","4446","FA","24","0","0","0%","0%","0","0","0","0","0","0","0","0","0","0","0","0","0","0","0"
"*03xs6*","Jeison Guzman","(N/A)","SS","4475","FA","27","0","0","0%","0%","0","0","0","0","0","0","0","0","0","0","0","0","0","0","0"
"*06bl1*","Kevin Hacen","(N/A)","3B","4490","FA","20","0","0","0%","0%","0","0","0","0","0","0","0","0","0","0","0","0","0","0","0"
"*0422d*","Jim Haley","(N/A)","2B","4511","FA","31","0","0","0%","0%","0","0","0","0","0","0","0","0","0","0","0","0","0","0","0"
"*01sy8*","Billy Hamilton","(N/A)","OF","4531","FA","35","0","0","0%","0%","0","0","0","0","0","0","0","0","0","0","0","0","0","0","0"
"*06ru9*","Jake Hanley","(N/A)","1B","4552","FA","20","0","0","0%","0%","0","0","0","0","0","0","0","0","0","0","0","0","0","0","0"
"*067zs*","Diomedes Hernandez","NYY","C","4717","FA","21","0","0","0%","0%","0","0","0","0","0","0","0","0","0","0","0","0","0","0","0"
"*05y9q*","Ryan Higgins","(N/A)","3B","4822","FA","26","0","0","0%","0%","0","0","0","0","0","0","0","0","0","0","0","0","0","0","0"
"*06rgt*","Cristian Jauregui","PIT","OF","5059","FA","20","0","0","0%","0%","0","0","0","0","0","0","0","0","0","0","0","0","0","0","0"
"*05y4c*","Kobe Kato","(N/A)","2B","5237","FA","27","0","0","0%","0%","0","0","0","0","0","0","0","0","0","0","0","0","0","0","0"
"*0724f*","Brock Ketelsen","(N/A)","OF","5289","FA","19","0","0","0%","0%","0","0","0","0","0","0","0","0","0","0","0","0","0","0","0"
"*06r4w*","Terrence Kiel II","(N/A)","OF","5293","FA","20","0","0","0%","0%","0","0","0","0","0","0","0","0","0","0","0","0","0","0","0"
"*04n0l*","Kotaro Kiyomiya","(N/A)","1B","5339","FA","27","0","0","0%","0%","0","0","0","0","0","0","0","0","0","0","0","0","0","0","0"
"*06ig5*","Cam Kozeal","MIA","SS","5399","FA","21","0","0","0%","0%","0","0","0","0","0","0","0","0","0","0","0","0","0","0","0"
"*06plo*","Frandy Lafond","MIL","OF","5440","FA","19","0","0","0%","0%","0","0","0","0","0","0","0","0","0","0","0","0","0","0","0"
"*03qqr*","Josh Lester","(N/A)","1B,3B","5594","FA","32","0","0","0%","0%","0","0","0","0","0","0","0","0","0","0","0","0","0","0","0"
"*06idx*","Hector Liriano","(N/A)","OF","5661","FA","20","0","0","0%","0%","0","0","0","0","0","0","0","0","0","0","0","0","0","0","0"
"*066lm*","Jackson Loftin","(N/A)","SS,OF","5690","FA","26","0","0","0%","0%","0","0","0","0","0","0","0","0","0","0","0","0","0","0","0"
"*066fj*","Drake Logan","(N/A)","OF","5691","FA","25","0","0","0%","0%","0","0","0","0","0","0","0","0","0","0","0","0","0","0","0"
"*06r4j*","Anthony Longo","KC","C","5710","FA","19","0","0","0%","0%","0","0","0","0","0","0","0","0","0","0","0","0","0","0","0"
"*06r4l*","Sandy Luciano","KC","OF","5777","FA","19","0","0","0%","0%","0","0","0","0","0","0","0","0","0","0","0","0","0","0","0"
"*06l0u*","Erick Lugo","(N/A)","OF","5785","FA","19","0","0","0%","0%","0","0","0","0","0","0","0","0","0","0","0","0","0","0","0"
"*06mi7*","Jesus Lugo","(N/A)","OF","5786","FA","19","0","0","0%","0%","0","0","0","0","0","0","0","0","0","0","0","0","0","0","0"
"*06v4r*","Rylan Lujo","LAA","3B","5796","FA","21","0","0","0%","0%","0","0","0","0","0","0","0","0","0","0","0","0","0","0","0"
"*06rq3*","Diago Machado","SEA","OF","5835","FA","21","0","0","0%","0%","0","0","0","0","0","0","0","0","0","0","0","0","0","0","0"
"*0374g*","Jason Martin","(N/A)","OF","5996","FA","30","0","0","0%","0%","0","0","0","0","0","0","0","0","0","0","0","0","0","0","0"
"*0689m*","Alexander Martinez","(N/A)","C","6013","FA","21","0","0","0%","0%","0","0","0","0","0","0","0","0","0","0","0","0","0","0","0"
"*06z5x*","Carlos Martinez","MIA","C","6020","FA","18","0","0","0%","0%","0","0","0","0","0","0","0","0","0","0","0","0","0","0","0"
"*06meh*","Juan Martinez","CHW","1B,OF","6044","FA","19","0","0","0%","0%","0","0","0","0","0","0","0","0","0","0","0","0","0","0","0"
"*0730y*","Santiago Martinez","HOU","3B,SS","6069","FA","18","0","0","0%","0%","0","0","0","0","0","0","0","0","0","0","0","0","0","0","0"
"*06mva*","Yordani Martinez","MIA","2B","6075","FA","19","0","0","0%","0%","0","0","0","0","0","0","0","0","0","0","0","0","0","0","0"
"*06alp*","Ben McCabe","COL","C","6145","FA","26","0","0","0%","0%","0","0","0","0","0","0","0","0","0","0","0","0","0","0","0"
"*06qhv*","Cole McConnell","(N/A)","OF","6163","FA","25","0","0","0%","0%","0","0","0","0","0","0","0","0","0","0","0","0","0","0","0"
"*0310d*","Billy McKinney","(N/A)","OF","6225","FA","31","0","0","0%","0%","0","0","0","0","0","0","0","0","0","0","0","0","0","0","0"
"*06yzv*","Kyler Meccage","(N/A)","OF","6253","FA","17","0","0","0%","0%","0","0","0","0","0","0","0","0","0","0","0","0","0","0","0"
"*06v2a*","Raimel Medina","KC","OF","6269","FA","21","0","0","0%","0%","0","0","0","0","0","0","0","0","0","0","0","0","0","0","0"
"*06r4k*","Omar Mejia","KC","3B","6293","FA","19","0","0","0%","0%","0","0","0","0","0","0","0","0","0","0","0","0","0","0","0"
"*0620t*","Luis Mendez","COL","1B","6333","FA","23","0","0","0%","0%","0","0","0","0","0","0","0","0","0","0","0","0","0","0","0"
"*06aq7*","Richard Meran","NYY","OF","6357","FA","20","0","0","0%","0%","0","0","0","0","0","0","0","0","0","0","0","0","0","0","0"
"*06r8m*","Dylan Mercado","(N/A)","3B","6358","FA","16","0","0","0%","0%","0","0","0","0","0","0","0","0","0","0","0","0","0","0","0"
"*06r4d*","Frankeli Mesta","PIT","3B","6392","FA","19","0","0","0%","0%","0","0","0","0","0","0","0","0","0","0","0","0","0","0","0"
"*06p7c*","Jose Meza","LAD","1B,OF","6402","FA","23","0","0","0%","0%","0","0","0","0","0","0","0","0","0","0","0","0","0","0","0"
"*06sul*","Neurelin Montero","TEX","C","6546","FA","20","0","0","0%","0%","0","0","0","0","0","0","0","0","0","0","0","0","0","0","0"
"*066li*","Torin Montgomery","(N/A)","1B","6564","FA","25","0","0","0%","0%","0","0","0","0","0","0","0","0","0","0","0","0","0","0","0"
"*06alo*","Chase Mora","MIL","2B","6593","FA","22","0","0","0%","0%","0","0","0","0","0","0","0","0","0","0","0","0","0","0","0"
"*06qzt*","Jonathan Moya","DET","OF","6693","FA","19","0","0","0%","0%","0","0","0","0","0","0","0","0","0","0","0","0","0","0","0"
"*06hf5*","Josh Moylan","NYY","1B,3B","6695","FA","24","0","0","0%","0%","0","0","0","0","0","0","0","0","0","0","0","0","0","0","0"
"*06shr*","Rui Muneyama","(N/A)","SS","6712","FA","23","0","0","0%","0%","0","0","0","0","0","0","0","0","0","0","0","0","0","0","0"
"*03zxk*","Cristopher Navarro","(N/A)","3B","6781","FA","27","0","0","0%","0%","0","0","0","0","0","0","0","0","0","0","0","0","0","0","0"
"*05u37*","Brady Neal","CIN","C","6789","FA","21","0","0","0%","0%","0","0","0","0","0","0","0","0","0","0","0","0","0","0","0"
"*0731q*","Cesar Nivar","CLE","OF","6847","FA","17","0","0","0%","0%","0","0","0","0","0","0","0","0","0","0","0","0","0","0","0"
"*06rj5*","Andres Nolaya","BAL","C","6862","FA","21","0","0","0%","0%","0","0","0","0","0","0","0","0","0","0","0","0","0","0","0"
"*06r6q*","Zeus Nunez","(N/A)","UT","6913","FA","19","0","0","0%","0%","0","0","0","0","0","0","0","0","0","0","0","0","0","0","0"
"*03dg6*","Brian O'Keefe","(N/A)","C","6926","FA","33","0","0","0%","0%","0","0","0","0","0","0","0","0","0","0","0","0","0","0","0"
"*06r5g*","Michell Ojeda","PIT","2B","6968","FA","19","0","0","0%","0%","0","0","0","0","0","0","0","0","0","0","0","0","0","0","0"
"*06qxt*","Erny Orellana","LAD","OF","7011","FA","19","0","0","0%","0%","0","0","0","0","0","0","0","0","0","0","0","0","0","0","0"
"*0733x*","Diego Orro","DET","OF","7019","FA","17","0","0","0%","0%","0","0","0","0","0","0","0","0","0","0","0","0","0","0","0"
"*062z9*","German Ortiz","ATH","1B","7037","FA","21","0","0","0%","0%","0","0","0","0","0","0","0","0","0","0","0","0","0","0","0"
"*06rjq*","Manuel Palencia","NYY","C","7135","FA","23","0","0","0%","0%","0","0","0","0","0","0","0","0","0","0","0","0","0","0","0"
"*0517s*","Brandon Parker","(N/A)","OF","7178","FA","27","0","0","0%","0%","0","0","0","0","0","0","0","0","0","0","0","0","0","0","0"
"*06y7g*","Nic Partridge","(N/A)","3B","7195","FA","19","0","0","0%","0%","0","0","0","0","0","0","0","0","0","0","0","0","0","0","0"
"*06r4z*","Ty Peeples","(N/A)","OF","7249","FA","19","0","0","0%","0%","0","0","0","0","0","0","0","0","0","0","0","0","0","0","0"
"*02y27*","Jose Peraza","(N/A)","2B","7324","FA","32","0","0","0%","0%","0","0","0","0","0","0","0","0","0","0","0","0","0","0","0"
"*05ygk*","Juan Perez","(N/A)","C","7378","FA","21","0","0","0%","0%","0","0","0","0","0","0","0","0","0","0","0","0","0","0","0"
"*04n96*","Jose Peroza","(N/A)","3B","7406","FA","26","0","0","0%","0%","0","0","0","0","0","0","0","0","0","0","0","0","0","0","0"
"*060qn*","Kervin Pichardo","WSH","3B,SS","7461","FA","24","0","0","0%","0%","0","0","0","0","0","0","0","0","0","0","0","0","0","0","0"
"*06ujn*","C.J. Pittaro","ATH","1B,OF","7526","FA","24","0","0","0%","0%","0","0","0","0","0","0","0","0","0","0","0","0","0","0","0"
"*04psi*","Nick Podkul","(N/A)","3B","7540","FA","29","0","0","0%","0%","0","0","0","0","0","0","0","0","0","0","0","0","0","0","0"
"*06z3r*","Broedy Poppell","SF","C,OF","7573","FA","24","0","0","0%","0%","0","0","0","0","0","0","0","0","0","0","0","0","0","0","0"
"*06ytx*","Sandy Presbot","MIA","OF","7608","FA","18","0","0","0%","0%","0","0","0","0","0","0","0","0","0","0","0","0","0","0","0"
"*06het*","Luis Quesada","HOU","OF","7645","FA","21","0","0","0%","0%","0","0","0","0","0","0","0","0","0","0","0","0","0","0","0"
"*05y50*","Jean Ramirez","(N/A)","OF","7707","FA","25","0","0","0%","0%","0","0","0","0","0","0","0","0","0","0","0","0","0","0","0"
"*067zl*","Josias Ramirez","CHC","1B","7711","FA","21","0","0","0%","0%","0","0","0","0","0","0","0","0","0","0","0","0","0","0","0"
"*06gxb*","Raynier Ramirez","(N/A)","3B","7724","FA","21","0","0","0%","0%","0","0","0","0","0","0","0","0","0","0","0","0","0","0","0"
"*05yf5*","Nick Raposo","SEA","C","7762","FA","28","0","0","0%","0%","0","0","0","0","0","0","0","0","0","0","0","0","0","0","0"
"*02hhz*","Rangel Ravelo","(N/A)","1B","7770","FA","34","0","0","0%","0%","0","0","0","0","0","0","0","0","0","0","0","0","0","0","0"
"*072ej*","Canon Reeder","PIT","OF","7788","FA","23","0","0","0%","0%","0","0","0","0","0","0","0","0","0","0","0","0","0","0","0"
"*06o0s*","Peson Revierre","(N/A)","OF","7824","FA","19","0","0","0%","0%","0","0","0","0","0","0","0","0","0","0","0","0","0","0","0"
"*06kxy*","Christofer Reyes","NYY","2B","7832","FA","18","0","0","0%","0%","0","0","0","0","0","0","0","0","0","0","0","0","0","0","0"
"*06qkh*","Jan Luis Reyes","CHC","OF","7842","FA","20","0","0","0%","0%","0","0","0","0","0","0","0","0","0","0","0","0","0","0","0"
"*06vy6*","Elias Reyno","ATL","OF","7863","FA","18","0","0","0%","0%","0","0","0","0","0","0","0","0","0","0","0","0","0","0","0"
"*06r7a*","Kollin Ritchie","(N/A)","OF","7916","FA","21","0","0","0%","0%","0","0","0","0","0","0","0","0","0","0","0","0","0","0","0"
"*062l5*","Angel Rivera","(N/A)","C","7928","FA","23","0","0","0%","0%","0","0","0","0","0","0","0","0","0","0","0","0","0","0","0"
"*06imv*","Eliezer Rivero","LAA","1B","7941","FA","21","0","0","0%","0%","0","0","0","0","0","0","0","0","0","0","0","0","0","0","0"
"*06aq8*","Jonathan Rivero","PIT","C","7945","FA","20","0","0","0%","0%","0","0","0","0","0","0","0","0","0","0","0","0","0","0","0"
"*06r4i*","Marwin Rivero","KC","UT","7946","FA","19","0","0","0%","0%","0","0","0","0","0","0","0","0","0","0","0","0","0","0","0"
"*05gsk*","Robert Robertis","(N/A)","OF","7957","FA","23","0","0","0%","0%","0","0","0","0","0","0","0","0","0","0","0","0","0","0","0"
"*066lg*","Tyler Robertson","(N/A)","OF","7971","FA","26","0","0","0%","0%","0","0","0","0","0","0","0","0","0","0","0","0","0","0","0"
"*055c9*","Cristhian Rodriguez","(N/A)","3B","8020","FA","24","0","0","0%","0%","0","0","0","0","0","0","0","0","0","0","0","0","0","0","0"
"*05y7z*","Edryn Rodriguez","(N/A)","2B","8027","FA","23","0","0","0%","0%","0","0","0","0","0","0","0","0","0","0","0","0","0","0","0"
"*0614a*","Noelberth Romero","(N/A)","OF","8160","FA","24","0","0","0%","0%","0","0","0","0","0","0","0","0","0","0","0","0","0","0","0"
"*06hgv*","Poncho Ruiz","MIN","C","8254","FA","24","0","0","0%","0%","0","0","0","0","0","0","0","0","0","0","0","0","0","0","0"
"*06idu*","Yirber Ruiz","(N/A)","OF","8259","FA","21","0","0","0%","0%","0","0","0","0","0","0","0","0","0","0","0","0","0","0","0"
"*05t5i*","Lexer Saduy","(N/A)","OF","8288","FA","23","0","0","0%","0%","0","0","0","0","0","0","0","0","0","0","0","0","0","0","0"
"*05w8m*","Andruw Salcedo","(N/A)","C,1B","8310","FA","23","0","0","0%","0%","0","0","0","0","0","0","0","0","0","0","0","0","0","0","0"
"*06zh4*","AJ Salgado","NYM","1B","8314","FA","24","0","0","0%","0%","0","0","0","0","0","0","0","0","0","0","0","0","0","0","0"
"*06rwb*","Carlos Salmeron","ATH","OF","8322","FA","18","0","0","0%","0%","0","0","0","0","0","0","0","0","0","0","0","0","0","0","0"
"*062zg*","Heison Sanchez","(N/A)","2B","8358","FA","21","0","0","0%","0%","0","0","0","0","0","0","0","0","0","0","0","0","0","0","0"
"*03qnj*","Donny Sands","(N/A)","C","8399","FA","30","0","0","0%","0%","0","0","0","0","0","0","0","0","0","0","0","0","0","0","0"
"*061zm*","Jancel Santana","(N/A)","2B,SS","8410","FA","20","0","0","0%","0%","0","0","0","0","0","0","0","0","0","0","0","0","0","0","0"
"*06hep*","Luke Scherrer","PIT","1B","8483","FA","21","0","0","0%","0%","0","0","0","0","0","0","0","0","0","0","0","0","0","0","0"
"*0519j*","T.J. Schofield-Sam","(N/A)","1B","8498","FA","25","0","0","0%","0%","0","0","0","0","0","0","0","0","0","0","0","0","0","0","0"
"*06hj1*","Nick Schwartz","(N/A)","C","8515","FA","25","0","0","0%","0%","0","0","0","0","0","0","0","0","0","0","0","0","0","0","0"
"*06rw9*","Carlos Severino","PHI","SS","8582","FA","18","0","0","0%","0%","0","0","0","0","0","0","0","0","0","0","0","0","0","0","0"
"*06yt7*","Noah Sheffield","(N/A)","3B","8613","FA","20","0","0","0%","0%","0","0","0","0","0","0","0","0","0","0","0","0","0","0","0"
"*05yar*","Rouselle Shepard","(N/A)","SS","8619","FA","18","0","0","0%","0%","0","0","0","0","0","0","0","0","0","0","0","0","0","0","0"
"*06r4q*","Carter Shouse","(N/A)","OF","8636","FA","16","0","0","0%","0%","0","0","0","0","0","0","0","0","0","0","0","0","0","0","0"
"*0730w*","Roman Silgado","DET","C","8656","FA","17","0","0","0%","0%","0","0","0","0","0","0","0","0","0","0","0","0","0","0","0"
"*0731e*","Patrick Silva","PHI","3B","8666","FA","17","0","0","0%","0%","0","0","0","0","0","0","0","0","0","0","0","0","0","0","0"
"*06qh4*","Givian Sirvania","BOS","3B","8709","FA","18","0","0","0%","0%","0","0","0","0","0","0","0","0","0","0","0","0","0","0","0"
"*06l5a*","Alex Sosa","ATH","C","8804","FA","21","0","0","0%","0%","0","0","0","0","0","0","0","0","0","0","0","0","0","0","0"
"*06rlv*","Ivan Sosa","KC","OF","8811","FA","21","0","0","0%","0%","0","0","0","0","0","0","0","0","0","0","0","0","0","0","0"
"*06qp8*","Jake Steels","(N/A)","OF","8885","FA","24","0","0","0%","0%","0","0","0","0","0","0","0","0","0","0","0","0","0","0","0"
"*03pox*","Andrew Stevenson","(N/A)","OF","8904","FA","32","0","0","0%","0%","0","0","0","0","0","0","0","0","0","0","0","0","0","0","0"
"*06r86*","Ethan Stewart","(N/A)","OF","8911","FA","16","0","0","0%","0%","0","0","0","0","0","0","0","0","0","0","0","0","0","0","0"
"*072et*","Ivan Tatis","LAA","SS","9065","FA","20","0","0","0%","0%","0","0","0","0","0","0","0","0","0","0","0","0","0","0","0"
"*06r1j*","Romer Taveras","CLE","OF","9086","FA","19","0","0","0%","0%","0","0","0","0","0","0","0","0","0","0","0","0","0","0","0"
"*05ykw*","Angel Tejada","(N/A)","2B","9106","FA","22","0","0","0%","0%","0","0","0","0","0","0","0","0","0","0","0","0","0","0","0"
"*06nlm*","Efren Teran","CHW","SS","9127","FA","19","0","0","0%","0%","0","0","0","0","0","0","0","0","0","0","0","0","0","0","0"
"*06yzs*","Frank Thomas III","(N/A)","1B","9148","FA","17","0","0","0%","0%","0","0","0","0","0","0","0","0","0","0","0","0","0","0","0"
"*06ht6*","Jared Thomas","(N/A)","C","9152","FA","25","0","0","0%","0%","0","0","0","0","0","0","0","0","0","0","0","0","0","0","0"
"*06r88*","Evan Thompson","(N/A)","OF","9167","FA","15","0","0","0%","0%","0","0","0","0","0","0","0","0","0","0","0","0","0","0","0"
"*06qxs*","Humberto Tiberi","LAA","C","9187","FA","19","0","0","0%","0%","0","0","0","0","0","0","0","0","0","0","0","0","0","0","0"
"*06ms3*","Jeral Toledo","(N/A)","2B","9220","FA","23","0","0","0%","0%","0","0","0","0","0","0","0","0","0","0","0","0","0","0","0"
"*06ifm*","Wilian Trinidad","(N/A)","3B","9307","FA","20","0","0","0%","0%","0","0","0","0","0","0","0","0","0","0","0","0","0","0","0"
"*06uoe*","Giomar Ubiera","NYM","SS","9347","FA","18","0","0","0%","0%","0","0","0","0","0","0","0","0","0","0","0","0","0","0","0"
"*05u5c*","Francisco Urbaez","CIN","2B","9364","FA","28","0","0","0%","0%","0","0","0","0","0","0","0","0","0","0","0","0","0","0","0"
"*06uvw*","Antoni Urena","LAD","SS","9375","FA","19","0","0","0%","0%","0","0","0","0","0","0","0","0","0","0","0","0","0","0","0"
"*06igg*","Jefferson Valladares","(N/A)","C,1B","9420","FA","24","0","0","0%","0%","0","0","0","0","0","0","0","0","0","0","0","0","0","0","0"
"*066s5*","Alfredo Velasquez","BAL","2B,SS","9497","FA","21","0","0","0%","0%","0","0","0","0","0","0","0","0","0","0","0","0","0","0","0"
"*0733z*","Santiago Ventura","DET","OF","9521","FA","17","0","0","0%","0%","0","0","0","0","0","0","0","0","0","0","0","0","0","0","0"
"*06lew*","Jean Walters","ARI","2B","9645","FA","24","0","0","0%","0%","0","0","0","0","0","0","0","0","0","0","0","0","0","0","0"
"*06qgu*","Nayerich Waterfort","CIN","2B","9668","FA","20","0","0","0%","0%","0","0","0","0","0","0","0","0","0","0","0","0","0","0","0"
"*04eqg*","Kevin Watson","(N/A)","OF","9674","FA","27","0","0","0%","0%","0","0","0","0","0","0","0","0","0","0","0","0","0","0","0"
"*072hu*","Miguel Welch","BOS","SS","9709","FA","18","0","0","0%","0%","0","0","0","0","0","0","0","0","0","0","0","0","0","0","0"
"*041xc*","Brady Whalen","(N/A)","1B,3B","9741","FA","28","0","0","0%","0%","0","0","0","0","0","0","0","0","0","0","0","0","0","0","0"
"*06gii*","Ryan Wilson","(N/A)","OF","9838","FA","24","0","0","0%","0%","0","0","0","0","0","0","0","0","0","0","0","0","0","0","0"
"*06bt0*","R.J. Yeager","(N/A)","1B","9933","FA","27","0","0","0%","0%","0","0","0","0","0","0","0","0","0","0","0","0","0","0","0"
"*06rk0*","Jhosmmel Zue","KC","C","10015","FA","22","0","0","0%","0%","0","0","0","0","0","0","0","0","0","0","0","0","0","0","0"
"*066b0*","Tayler Aguilar","(N/A)","OF","1259","FA","25","0","0","0%","0%","0","0","0","0","0","0","0","0","0","0","0","0","0","0","0"
"*06hez*","Lou Albrecht","PHI","C","1274","FA","24","0","0","0%","0%","0","0","0","0","0","0","0","0","0","0","0","0","0","0","0"
"*067zo*","Erick Alvarez","(N/A)","OF","1373","FA","21","0","0","0%","0%","0","0","0","0","0","0","0","0","0","0","0","0","0","0","0"
"*05xst*","EJ Andrews","(N/A)","OF","1425","FA","25","0","0","0%","0%","0","0","0","0","0","0","0","0","0","0","0","0","0","0","0"
"*051e1*","Aaron Antonini","(N/A)","C","1445","FA","28","0","0","0%","0%","0","0","0","0","0","0","0","0","0","0","0","0","0","0","0"
"*06hwl*","Zach Arnold","(N/A)","1B,3B","1535","FA","25","0","0","0%","0%","0","0","0","0","0","0","0","0","0","0","0","0","0","0","0"
"*062xz*","Erick Arosemena","(N/A)","OF","1537","FA","21","0","0","0%","0%","0","0","0","0","0","0","0","0","0","0","0","0","0","0","0"
"*05r68*","Carlos Avila","(N/A)","C","1590","FA","22","0","0","0%","0%","0","0","0","0","0","0","0","0","0","0","0","0","0","0","0"
"*06iff*","Yelserth Ayala","(N/A)","2B","1600","FA","20","0","0","0%","0%","0","0","0","0","0","0","0","0","0","0","0","0","0","0","0"
"*06r40*","Karim Ayubi","(N/A)","OF","1607","FA","22","0","0","0%","0%","0","0","0","0","0","0","0","0","0","0","0","0","0","0","0"
"*060w2*","Dayker Baldallo","(N/A)","SS","1646","FA","22","0","0","0%","0%","0","0","0","0","0","0","0","0","0","0","0","0","0","0","0"
"*05yl9*","Beycker Barroso","(N/A)","C","1716","FA","23","0","0","0%","0%","0","0","0","0","0","0","0","0","0","0","0","0","0","0","0"
"*06hhb*","Caleb Bartolero","LAA","3B","1722","FA","26","0","0","0%","0%","0","0","0","0","0","0","0","0","0","0","0","0","0","0","0"
"*060vy*","Edgar Basabe","(N/A)","OF","1726","FA","22","0","0","0%","0%","0","0","0","0","0","0","0","0","0","0","0","0","0","0","0"
"*06tfz*","Marcos Belen","CLE","OF","1805","FA","19","0","0","0%","0%","0","0","0","0","0","0","0","0","0","0","0","0","0","0","0"
"*06rhe*","Adrian Bello","MIA","C","1816","FA","20","0","0","0%","0%","0","0","0","0","0","0","0","0","0","0","0","0","0","0","0"
"*06rok*","Cade Belyeu","(N/A)","OF","1829","FA","21","0","0","0%","0%","0","0","0","0","0","0","0","0","0","0","0","0","0","0","0"
"*06meb*","Alexander Benua","(N/A)","OF","1859","FA","22","0","0","0%","0%","0","0","0","0","0","0","0","0","0","0","0","0","0","0","0"
"*04ptc*","Michael Berglund","(N/A)","C","1867","FA","29","0","0","0%","0%","0","0","0","0","0","0","0","0","0","0","0","0","0","0","0"
"*03eq5*","Wynton Bernard","(N/A)","OF","1876","FA","35","0","0","0%","0%","0","0","0","0","0","0","0","0","0","0","0","0","0","0","0"
"*06utd*","Alec Blair","(N/A)","OF","1937","FA","19","0","0","0%","0%","0","0","0","0","0","0","0","0","0","0","0","0","0","0","0"
"*067xf*","Tim Borden","(N/A)","1B","2008","FA","26","0","0","0%","0%","0","0","0","0","0","0","0","0","0","0","0","0","0","0","0"
"*06yzi*","Greg Bozzo","NYY","C","2052","FA","24","0","0","0%","0%","0","0","0","0","0","0","0","0","0","0","0","0","0","0","0"
"*066e6*","Spencer Bramwell","MIA","C","2066","FA","27","0","0","0%","0%","0","0","0","0","0","0","0","0","0","0","0","0","0","0","0"
"*072yp*","Andrew Brown","(N/A)","OF","2150","FA","15","0","0","0%","0%","0","0","0","0","0","0","0","0","0","0","0","0","0","0","0"
"*072i2*","Carson Brumbaugh","(N/A)","SS","2176","FA","19","0","0","0%","0%","0","0","0","0","0","0","0","0","0","0","0","0","0","0","0"
"*064or*","Daniel Bruzual","(N/A)","C","2185","FA","21","0","0","0%","0%","0","0","0","0","0","0","0","0","0","0","0","0","0","0","0"
"*06bkv*","Jorge Caballero","(N/A)","OF","2257","FA","26","0","0","0%","0%","0","0","0","0","0","0","0","0","0","0","0","0","0","0","0"
"*062es*","Riquelmin Cabral","(N/A)","3B","2270","FA","23","0","0","0%","0%","0","0","0","0","0","0","0","0","0","0","0","0","0","0","0"
"*06rl5*","Luis Caicuto","PHI","C","2296","FA","23","0","0","0%","0%","0","0","0","0","0","0","0","0","0","0","0","0","0","0","0"
"*06rk6*","Fernando Caldera","(N/A)","C","2307","FA","23","0","0","0%","0%","0","0","0","0","0","0","0","0","0","0","0","0","0","0","0"
"*06427*","Alain Camou","(N/A)","2B","2339","FA","22","0","0","0%","0%","0","0","0","0","0","0","0","0","0","0","0","0","0","0","0"
"*06rim*","Daniel Campos","CHC","C","2356","FA","20","0","0","0%","0%","0","0","0","0","0","0","0","0","0","0","0","0","0","0","0"
"*06alz*","Gregori Cano","(N/A)","1B","2374","FA","22","0","0","0%","0%","0","0","0","0","0","0","0","0","0","0","0","0","0","0","0"
"*061zk*","Samuel Capellan","(N/A)","OF","2381","FA","21","0","0","0%","0%","0","0","0","0","0","0","0","0","0","0","0","0","0","0","0"
"*06rp4*","Brandy Caraballo","(N/A)","OF","2387","FA","20","0","0","0%","0%","0","0","0","0","0","0","0","0","0","0","0","0","0","0","0"
"*06rp3*","Heriberto Caraballo","STL","C","2388","FA","21","0","0","0%","0%","0","0","0","0","0","0","0","0","0","0","0","0","0","0","0"
"*064ov*","Leny Carela","(N/A)","2B","2402","FA","21","0","0","0%","0%","0","0","0","0","0","0","0","0","0","0","0","0","0","0","0"
"*06r1f*","Carlos Caripa","CLE","OF","2409","FA","19","0","0","0%","0%","0","0","0","0","0","0","0","0","0","0","0","0","0","0","0"
"*06hhk*","Xavier Casserilla","(N/A)","3B","2474","FA","23","0","0","0%","0%","0","0","0","0","0","0","0","0","0","0","0","0","0","0","0"
"*06rnj*","Jesus Castro","(N/A)","C","2524","FA","22","0","0","0%","0%","0","0","0","0","0","0","0","0","0","0","0","0","0","0","0"
"*05y5x*","Sebastian Castro","(N/A)","OF","2533","FA","21","0","0","0%","0%","0","0","0","0","0","0","0","0","0","0","0","0","0","0","0"
"*062hm*","Jose Cedeno","(N/A)","C","2555","FA","21","0","0","0%","0%","0","0","0","0","0","0","0","0","0","0","0","0","0","0","0"
"*05y3v*","Ryan Cepero","(N/A)","SS","2575","FA","23","0","0","0%","0%","0","0","0","0","0","0","0","0","0","0","0","0","0","0","0"
"*06rio*","Ivan Cespedes","CHC","C","2590","FA","20","0","0","0%","0%","0","0","0","0","0","0","0","0","0","0","0","0","0","0","0"
"*0669x*","Connor Charping","SEA","C","2620","FA","27","0","0","0%","0%","0","0","0","0","0","0","0","0","0","0","0","0","0","0","0"
"*06o0z*","Frainner Chirinos","BAL","3B","2647","FA","19","0","0","0%","0%","0","0","0","0","0","0","0","0","0","0","0","0","0","0","0"
"*04ev4*","Jancarlos Cintron","(N/A)","2B,SS","2681","FA","31","0","0","0%","0%","0","0","0","0","0","0","0","0","0","0","0","0","0","0","0"
"*065v8*","Logun Clark","CLE","C","2695","FA","23","0","0","0%","0%","0","0","0","0","0","0","0","0","0","0","0","0","0","0","0"
"*060ft*","Bryce Clavon","(N/A)","SS","2706","FA","20","0","0","0%","0%","0","0","0","0","0","0","0","0","0","0","0","0","0","0","0"
"*04i9p*","Hendrik Clementina","(N/A)","C","2712","FA","29","0","0","0%","0%","0","0","0","0","0","0","0","0","0","0","0","0","0","0","0"
"*066fa*","Spence Coffman","(N/A)","SS","2731","FA","22","0","0","0%","0%","0","0","0","0","0","0","0","0","0","0","0","0","0","0","0"
"*05y99*","Deion Cole","(N/A)","SS","2740","FA","18","0","0","0%","0%","0","0","0","0","0","0","0","0","0","0","0","0","0","0","0"
"*04elk*","Justin Connell","(N/A)","OF","2793","FA","28","0","0","0%","0%","0","0","0","0","0","0","0","0","0","0","0","0","0","0","0"
"*06r4r*","Chase Cotton","(N/A)","3B","2884","FA","17","0","0","0%","0%","0","0","0","0","0","0","0","0","0","0","0","0","0","0","0"
"*06zay*","Will Cresswell","TOR","C","2916","FA","22","0","0","0%","0%","0","0","0","0","0","0","0","0","0","0","0","0","0","0","0"
"*052g0*","Angel Cruz","(N/A)","2B","2947","FA","24","0","0","0%","0%","0","0","0","0","0","0","0","0","0","0","0","0","0","0","0"
"*064o1*","Brad Cumbest","(N/A)","OF","2992","FA","26","0","0","0%","0%","0","0","0","0","0","0","0","0","0","0","0","0","0","0","0"
"*06mv2*","Ace Daigle","(N/A)","1B","3025","FA","20","0","0","0%","0%","0","0","0","0","0","0","0","0","0","0","0","0","0","0","0"
"*04pua*","Nick Dalesandro","(N/A)","C,OF","3030","FA","29","0","0","0%","0%","0","0","0","0","0","0","0","0","0","0","0","0","0","0","0"
"*06uwq*","Caleb Daniel","(N/A)","OF","3043","FA","20","0","0","0%","0%","0","0","0","0","0","0","0","0","0","0","0","0","0","0","0"
"*06v2t*","Dalton Davis","SEA","1B","3085","FA","25","0","0","0%","0%","0","0","0","0","0","0","0","0","0","0","0","0","0","0","0"
"*0710s*","Jared Davis","ATH","2B","3088","FA","22","0","0","0%","0%","0","0","0","0","0","0","0","0","0","0","0","0","0","0","0"
"*06yue*","Nathaneal Davis","(N/A)","OF","3092","FA","18","0","0","0%","0%","0","0","0","0","0","0","0","0","0","0","0","0","0","0","0"
"*06mfh*","Manuel De Cesare","(N/A)","1B","3107","FA","19","0","0","0%","0%","0","0","0","0","0","0","0","0","0","0","0","0","0","0","0"
"*06ig7*","Justice De Jong","(N/A)","3B","3117","FA","19","0","0","0%","0%","0","0","0","0","0","0","0","0","0","0","0","0","0","0","0"
"*06v2y*","Jose De La Cruz","HOU","3B","3132","FA","18","0","0","0%","0%","0","0","0","0","0","0","0","0","0","0","0","0","0","0","0"
"*05lo7*","Willmer De La Cruz","(N/A)","SS","3146","FA","23","0","0","0%","0%","0","0","0","0","0","0","0","0","0","0","0","0","0","0","0"
"*061i0*","Omar De Los Santos","(N/A)","OF","3193","FA","26","0","0","0%","0%","0","0","0","0","0","0","0","0","0","0","0","0","0","0","0"
"*06c2h*","Chad Delancey","(N/A)","OF","3251","FA","20","0","0","0%","0%","0","0","0","0","0","0","0","0","0","0","0","0","0","0","0"
"*0375c*","Edwin Diaz","HOU","3B,SS","3301","FA","30","0","0","0%","0%","0","0","0","0","0","0","0","0","0","0","0","0","0","0","0"
"*06qh6*","Jhiancarlos Diaz","(N/A)","SS","3308","FA","19","0","0","0%","0%","0","0","0","0","0","0","0","0","0","0","0","0","0","0","0"
"*06rj9*","Manuel Dos Passos","ATL","C","3399","FA","19","0","0","0%","0%","0","0","0","0","0","0","0","0","0","0","0","0","0","0","0"
"*072ar*","Kameron Douglas","DET","OF","3409","FA","22","0","0","0%","0%","0","0","0","0","0","0","0","0","0","0","0","0","0","0","0"
"*06rni*","Jhojan Downer","SD","C","3414","FA","19","0","0","0%","0%","0","0","0","0","0","0","0","0","0","0","0","0","0","0","0"
"*067zr*","Alessandro Duran","SF","1B","3469","FA","21","0","0","0%","0%","0","0","0","0","0","0","0","0","0","0","0","0","0","0","0"
"*04prf*","Jayce Easley","(N/A)","2B,3B","3497","FA","26","0","0","0%","0%","0","0","0","0","0","0","0","0","0","0","0","0","0","0","0"
"*06hs4*","Weston Eberly","(N/A)","C","3501","FA","25","0","0","0%","0%","0","0","0","0","0","0","0","0","0","0","0","0","0","0","0"
"*05jqu*","Kale Emshoff","(N/A)","C,1B","3552","FA","28","0","0","0%","0%","0","0","0","0","0","0","0","0","0","0","0","0","0","0","0"
"*06uj4*","Edwardo Espinal","LAA","OF","3592","FA","20","0","0","0%","0%","0","0","0","0","0","0","0","0","0","0","0","0","0","0","0"
"*05ybu*","Deric Fabian","(N/A)","SS","3646","FA","23","0","0","0%","0%","0","0","0","0","0","0","0","0","0","0","0","0","0","0","0"
"*06rjd*","Johan Fernandez","ARI","C","3722","FA","19","0","0","0%","0%","0","0","0","0","0","0","0","0","0","0","0","0","0","0","0"
"*064wc*","Leiker Figueroa","(N/A)","3B","3759","FA","21","0","0","0%","0%","0","0","0","0","0","0","0","0","0","0","0","0","0","0","0"
"*04ggh*","Claudio Finol","(N/A)","3B","3765","FA","26","0","0","0%","0%","0","0","0","0","0","0","0","0","0","0","0","0","0","0","0"
"*06qqp*","Kevin Fitzer","COL","1B,OF","3779","FA","24","0","0","0%","0%","0","0","0","0","0","0","0","0","0","0","0","0","0","0","0"
"*04u6u*","Randy Florentino","(N/A)","C","3801","FA","26","0","0","0%","0%","0","0","0","0","0","0","0","0","0","0","0","0","0","0","0"
"*06hu1*","Ross Friedrick","(N/A)","1B","3927","FA","25","0","0","0%","0%","0","0","0","0","0","0","0","0","0","0","0","0","0","0","0"
"*06qzr*","Davirik Fuenmayor","(N/A)","OF","3941","FA","19","0","0","0%","0%","0","0","0","0","0","0","0","0","0","0","0","0","0","0","0"
"*06l0o*","Emiliano Galan","(N/A)","OF","3968","FA","19","0","0","0%","0%","0","0","0","0","0","0","0","0","0","0","0","0","0","0","0"
"*06l59*","Gavin Gallaher","(N/A)","3B","3979","FA","21","0","0","0%","0%","0","0","0","0","0","0","0","0","0","0","0","0","0","0","0"
"*06qxv*","Anderson Garcia","KC","3B","4014","FA","19","0","0","0%","0%","0","0","0","0","0","0","0","0","0","0","0","0","0","0","0"
"*06akb*","Keiver Garcia","(N/A)","SS","4051","FA","19","0","0","0%","0%","0","0","0","0","0","0","0","0","0","0","0","0","0","0","0"
"*06rtz*","Yassel Garcia","ATL","3B","4071","FA","18","0","0","0%","0%","0","0","0","0","0","0","0","0","0","0","0","0","0","0","0"
"*03duw*","Isiah Gilliam","(N/A)","OF","4159","FA","30","0","0","0%","0%","0","0","0","0","0","0","0","0","0","0","0","0","0","0","0"
"*06qj6*","Hayden Gilliland","LAD","C","4161","FA","24","0","0","0%","0%","0","0","0","0","0","0","0","0","0","0","0","0","0","0","0"
"*0664p*","Ben Gobbel","LAA","3B","4185","FA","26","0","0","0%","0%","0","0","0","0","0","0","0","0","0","0","0","0","0","0","0"
"*06bj3*","Antony Gomez","(N/A)","OF","4198","FA","20","0","0","0%","0%","0","0","0","0","0","0","0","0","0","0","0","0","0","0","0"
"*064qb*","Danny Gonzalez","(N/A)","OF","4250","FA","21","0","0","0%","0%","0","0","0","0","0","0","0","0","0","0","0","0","0","0","0"
"*03bnk*","Erik Gonzalez","(N/A)","3B,SS","4259","FA","34","0","0","0%","0%","0","0","0","0","0","0","0","0","0","0","0","0","0","0","0"
"*06rik*","Juan Gonzalez","(N/A)","C","4281","FA","25","0","0","0%","0%","0","0","0","0","0","0","0","0","0","0","0","0","0","0","0"
"*06sbr*","Rodrigo Gonzalez","ARI","SS","4298","FA","18","0","0","0%","0%","0","0","0","0","0","0","0","0","0","0","0","0","0","0","0"
"*05yg2*","Shawn Goosenberg","(N/A)","SS","4309","FA","26","0","0","0%","0%","0","0","0","0","0","0","0","0","0","0","0","0","0","0","0"
"*0724g*","Gabe Graulau","(N/A)","OF","4348","FA","19","0","0","0%","0%","0","0","0","0","0","0","0","0","0","0","0","0","0","0","0"
"*0731o*","Yhon Guerrero","CLE","OF","4429","FA","17","0","0","0%","0%","0","0","0","0","0","0","0","0","0","0","0","0","0","0","0"
"*05ybs*","Gavin Guidry","NYM","SS","4433","FA","23","0","0","0%","0%","0","0","0","0","0","0","0","0","0","0","0","0","0","0","0"
"*06hzg*","Xavier Guillen","(N/A)","OF","4440","FA","21","0","0","0%","0%","0","0","0","0","0","0","0","0","0","0","0","0","0","0","0"
"*06ifc*","Joan Gutierrez","(N/A)","3B","4460","FA","20","0","0","0%","0%","0","0","0","0","0","0","0","0","0","0","0","0","0","0","0"
"*06r0g*","Luis Gutierrez","KC","SS","4463","FA","20","0","0","0%","0%","0","0","0","0","0","0","0","0","0","0","0","0","0","0","0"
"*06hoq*","Kalae Harrison","(N/A)","2B","4590","FA","24","0","0","0%","0%","0","0","0","0","0","0","0","0","0","0","0","0","0","0","0"
"*066d0*","Josh Hatcher","(N/A)","1B,OF","4610","FA","27","0","0","0%","0%","0","0","0","0","0","0","0","0","0","0","0","0","0","0","0"
"*072er*","Curtis Hebert","HOU","SS","4635","FA","22","0","0","0%","0%","0","0","0","0","0","0","0","0","0","0","0","0","0","0","0"
"*05176*","Spencer Henson","(N/A)","1B","4676","FA","28","0","0","0%","0%","0","0","0","0","0","0","0","0","0","0","0","0","0","0","0"
"*06rj8*","Hojans Hernandez","(N/A)","1B","4726","FA","20","0","0","0%","0%","0","0","0","0","0","0","0","0","0","0","0","0","0","0","0"
"*06r6j*","Kendrick Hernandez","DET","3B","4739","FA","19","0","0","0%","0%","0","0","0","0","0","0","0","0","0","0","0","0","0","0","0"
"*06r58*","Herlinton Herrera","(N/A)","1B","4776","FA","19","0","0","0%","0%","0","0","0","0","0","0","0","0","0","0","0","0","0","0","0"
"*06zs6*","Diomar Hidalgo","BOS","SS","4815","FA","19","0","0","0%","0%","0","0","0","0","0","0","0","0","0","0","0","0","0","0","0"
"*066a1*","Matt Higgins","(N/A)","1B","4821","FA","27","0","0","0%","0%","0","0","0","0","0","0","0","0","0","0","0","0","0","0","0"
"*06r81*","Jovensly Hilaire","TEX","OF","4826","FA","19","0","0","0%","0%","0","0","0","0","0","0","0","0","0","0","0","0","0","0","0"
"*051f3*","Darius Hill","(N/A)","OF","4831","FA","28","0","0","0%","0%","0","0","0","0","0","0","0","0","0","0","0","0","0","0","0"
"*06qyn*","Maddux Houghton","MIN","OF","4928","FA","27","0","0","0%","0%","0","0","0","0","0","0","0","0","0","0","0","0","0","0","0"
"*072fw*","Henry Hunter","CIN","C","4976","FA","23","0","0","0%","0%","0","0","0","0","0","0","0","0","0","0","0","0","0","0","0"
"*0669r*","Jerry Huntzinger","(N/A)","C","4978","FA","27","0","0","0%","0%","0","0","0","0","0","0","0","0","0","0","0","0","0","0","0"
"*06ky0*","Edgar Jimenez","NYY","1B","5106","FA","19","0","0","0%","0%","0","0","0","0","0","0","0","0","0","0","0","0","0","0","0"
"*070bl*","Boston Kellner","(N/A)","3B","5260","FA","20","0","0","0%","0%","0","0","0","0","0","0","0","0","0","0","0","0","0","0","0"
"*06r9n*","Jayden Kim","PIT","2B","5302","FA","19","0","0","0%","0%","0","0","0","0","0","0","0","0","0","0","0","0","0","0","0"
"*06hno*","Will King","(N/A)","C","5323","FA","22","0","0","0%","0%","0","0","0","0","0","0","0","0","0","0","0","0","0","0","0"
"*06pvz*","Caleb Knight","(N/A)","C","5356","FA","30","0","0","0%","0%","0","0","0","0","0","0","0","0","0","0","0","0","0","0","0"
"*05ynd*","Connor Kokx","(N/A)","OF","5380","FA","26","0","0","0%","0%","0","0","0","0","0","0","0","0","0","0","0","0","0","0","0"
"*067yh*","Cade Kurland","(N/A)","SS","5422","FA","22","0","0","0%","0%","0","0","0","0","0","0","0","0","0","0","0","0","0","0","0"
"*06mw8*","Jack Lafflam","(N/A)","C,SP","5439","FA","19","0","0","0%","0%","0","0","0","0","0","0","0","0","0","0","0","0","0","0","0"
"*06rje*","Robert Lantigua","ARI","C","5476","FA","19","0","0","0%","0%","0","0","0","0","0","0","0","0","0","0","0","0","0","0","0"
"*06rkg*","Armando Lao","DET","1B","5479","FA","19","0","0","0%","0%","0","0","0","0","0","0","0","0","0","0","0","0","0","0","0"
"*06suk*","Klendy Leen","(N/A)","C,RP","5564","FA","19","0","0","0%","0%","0","0","0","0","0","0","0","0","0","0","0","0","0","0","0"
"*06v6b*","Luis Leon","CHC","OF","5582","FA","18","0","0","0%","0%","0","0","0","0","0","0","0","0","0","0","0","0","0","0","0"
"*02ybv*","Luis Liberato","(N/A)","OF","5619","FA","30","0","0","0%","0%","0","0","0","0","0","0","0","0","0","0","0","0","0","0","0"
"*066rz*","Jonathan Linares","LAA","C","5637","FA","21","0","0","0%","0%","0","0","0","0","0","0","0","0","0","0","0","0","0","0","0"
"*06hwj*","John Lopez","(N/A)","C,2B","5735","FA","20","0","0","0%","0%","0","0","0","0","0","0","0","0","0","0","0","0","0","0","0"
"*06bsc*","Moises Lopez","(N/A)","2B","5744","FA","20","0","0","0%","0%","0","0","0","0","0","0","0","0","0","0","0","0","0","0","0"
"*06cex*","Abel Lorenzo","LAD","OF","5754","FA","20","0","0","0%","0%","0","0","0","0","0","0","0","0","0","0","0","0","0","0","0"
"*04py1*","Nick Lucky","NYM","2B,SS","5780","FA","26","0","0","0%","0%","0","0","0","0","0","0","0","0","0","0","0","0","0","0","0"
"*06rhs*","Yoneiker Lugo","MIL","C","5792","FA","19","0","0","0%","0%","0","0","0","0","0","0","0","0","0","0","0","0","0","0","0"
"*06zex*","Mason Lytle","HOU","OF","5817","FA","25","0","0","0%","0%","0","0","0","0","0","0","0","0","0","0","0","0","0","0","0"
"*06rfs*","Burke-Lee Mabeus","(N/A)","C","5819","FA","21","0","0","0%","0%","0","0","0","0","0","0","0","0","0","0","0","0","0","0","0"
"*062z8*","Anderson Machado","(N/A)","SS","5832","FA","22","0","0","0%","0%","0","0","0","0","0","0","0","0","0","0","0","0","0","0","0"
"*06qk1*","Austin Machado","ATL","C","5834","FA","25","0","0","0%","0%","0","0","0","0","0","0","0","0","0","0","0","0","0","0","0"
"*06qv3*","Bryce Madron","(N/A)","OF","5862","FA","25","0","0","0%","0%","0","0","0","0","0","0","0","0","0","0","0","0","0","0","0"
"*06mi6*","Jahir Marin","(N/A)","C","5939","FA","19","0","0","0%","0%","0","0","0","0","0","0","0","0","0","0","0","0","0","0","0"
"*06riv*","Liosward Marin","BOS","UT","5941","FA","20","0","0","0%","0%","0","0","0","0","0","0","0","0","0","0","0","0","0","0","0"
"*01sit*","Jake Marisnick","(N/A)","OF","5949","FA","35","0","0","0%","0%","0","0","0","0","0","0","0","0","0","0","0","0","0","0","0"
"*06bn0*","Gustavo Marquez","(N/A)","OF","5965","FA","21","0","0","0%","0%","0","0","0","0","0","0","0","0","0","0","0","0","0","0","0"
"*06kxz*","Jesus Marquez","(N/A)","1B","5966","FA","19","0","0","0%","0%","0","0","0","0","0","0","0","0","0","0","0","0","0","0","0"
"*070kr*","Victor Marquez","PIT","C","5970","FA","18","0","0","0%","0%","0","0","0","0","0","0","0","0","0","0","0","0","0","0","0"
"*066jo*","David Martin","(N/A)","C","5994","FA","25","0","0","0%","0%","0","0","0","0","0","0","0","0","0","0","0","0","0","0","0"
"*06r5e*","Alfonzo Martinez","TB","OF","6014","FA","20","0","0","0%","0%","0","0","0","0","0","0","0","0","0","0","0","0","0","0","0"
"*05xp5*","Daniel Mateo","(N/A)","OF","6095","FA","25","0","0","0%","0%","0","0","0","0","0","0","0","0","0","0","0","0","0","0","0"
"*06taf*","Jason Matthews","CHW","3B","6121","FA","29","0","0","0%","0%","0","0","0","0","0","0","0","0","0","0","0","0","0","0","0"
"*070dc*","David McCann","NYY","C","6147","FA","22","0","0","0%","0%","0","0","0","0","0","0","0","0","0","0","0","0","0","0","0"
"*06gji*","Nik McClaughry","(N/A)","SS","6156","FA","26","0","0","0%","0%","0","0","0","0","0","0","0","0","0","0","0","0","0","0","0"
"*06aht*","Ryan McCoy","TB","OF","6168","FA","24","0","0","0%","0%","0","0","0","0","0","0","0","0","0","0","0","0","0","0","0"
"*06hnh*","Mac McCroskey","LAA","2B,SS","6169","FA","26","0","0","0%","0%","0","0","0","0","0","0","0","0","0","0","0","0","0","0","0"
"*06qps*","Micah McDowell","(N/A)","OF","6186","FA","25","0","0","0%","0%","0","0","0","0","0","0","0","0","0","0","0","0","0","0","0"
"*05tcf*","Manuel Mejias","(N/A)","C","6298","FA","22","0","0","0%","0%","0","0","0","0","0","0","0","0","0","0","0","0","0","0","0"
"*06lwf*","Leandy Mella","DET","OF","6312","FA","19","0","0","0%","0%","0","0","0","0","0","0","0","0","0","0","0","0","0","0","0"
"*04etz*","Skyler Messinger","COL","3B","6390","FA","27","0","0","0%","0%","0","0","0","0","0","0","0","0","0","0","0","0","0","0","0"
"*05yek*","Steven Milam","(N/A)","SS","6426","FA","21","0","0","0%","0%","0","0","0","0","0","0","0","0","0","0","0","0","0","0","0"
"*06sus*","Maykel Minoso","(N/A)","C","6470","FA","21","0","0","0%","0%","0","0","0","0","0","0","0","0","0","0","0","0","0","0","0"
"*06qa4*","Juan Monso","CHC","2B","6529","FA","19","0","0","0%","0%","0","0","0","0","0","0","0","0","0","0","0","0","0","0","0"
"*06sbm*","Daonil Montero","ARI","3B","6535","FA","18","0","0","0%","0%","0","0","0","0","0","0","0","0","0","0","0","0","0","0","0"
"*05r5m*","Juan Montero","BOS","C","6545","FA","24","0","0","0%","0%","0","0","0","0","0","0","0","0","0","0","0","0","0","0","0"
"*06nlo*","Rafi Montesino","(N/A)","OF","6556","FA","19","0","0","0%","0%","0","0","0","0","0","0","0","0","0","0","0","0","0","0","0"
"*06rk1*","Jesus Morales","KC","C","6603","FA","18","0","0","0%","0%","0","0","0","0","0","0","0","0","0","0","0","0","0","0","0"
"*066s3*","Deivis Mosquera","(N/A)","OF","6676","FA","21","0","0","0%","0%","0","0","0","0","0","0","0","0","0","0","0","0","0","0","0"
"*066a7*","Kai Murphy","SD","OF","6734","FA","25","0","0","0%","0%","0","0","0","0","0","0","0","0","0","0","0","0","0","0","0"
"*03qum*","James Nelson","(N/A)","3B,OF","6799","FA","28","0","0","0%","0%","0","0","0","0","0","0","0","0","0","0","0","0","0","0","0"
"*05gdw*","Haruki Nishikawa","(N/A)","2B","6844","FA","34","0","0","0%","0%","0","0","0","0","0","0","0","0","0","0","0","0","0","0","0"
"*06ybc*","Maika Niu","NYY","SS","6846","FA","22","0","0","0%","0%","0","0","0","0","0","0","0","0","0","0","0","0","0","0","0"
"*072yi*","Finnian O'Loughlin","(N/A)","OF,SP,RP","6927","FA","17","0","0","0%","0%","0","0","0","0","0","0","0","0","0","0","0","0","0","0","0"
"*06s4b*","Jhonger Ochoa","DET","2B","6946","FA","18","0","0","0%","0%","0","0","0","0","0","0","0","0","0","0","0","0","0","0","0"
"*05yl2*","Diego Omana","CIN","C","6997","FA","23","0","0","0%","0%","0","0","0","0","0","0","0","0","0","0","0","0","0","0","0"
"*05jqb*","Steven Ondina","(N/A)","OF","7001","FA","24","0","0","0%","0%","0","0","0","0","0","0","0","0","0","0","0","0","0","0","0"
"*06rhn*","Edgardo Ordonez","MIL","C","7008","FA","22","0","0","0%","0%","0","0","0","0","0","0","0","0","0","0","0","0","0","0","0"
"*06rj4*","Juan Ortega","BAL","C","7023","FA","20","0","0","0%","0%","0","0","0","0","0","0","0","0","0","0","0","0","0","0","0"
"*06sao*","Raynerd Ortega","(N/A)","2B","7026","FA","21","0","0","0%","0%","0","0","0","0","0","0","0","0","0","0","0","0","0","0","0"
"*06qh8*","Isaac Osorio","(N/A)","OF","7057","FA","19","0","0","0%","0%","0","0","0","0","0","0","0","0","0","0","0","0","0","0","0"
"*04emh*","Erik Ostberg","(N/A)","C","7062","FA","30","0","0","0%","0%","0","0","0","0","0","0","0","0","0","0","0","0","0","0","0"
"*06203*","Eduardo Oviedo","(N/A)","OF","7081","FA","21","0","0","0%","0%","0","0","0","0","0","0","0","0","0","0","0","0","0","0","0"
"*0664e*","Harry Owen","(N/A)","C","7085","FA","24","0","0","0%","0%","0","0","0","0","0","0","0","0","0","0","0","0","0","0","0"
"*06zf8*","Jo Oyama","SEA","2B","7094","FA","25","0","0","0%","0%","0","0","0","0","0","0","0","0","0","0","0","0","0","0","0"
"*06kvk*","Nathaniel Palacios","(N/A)","1B","7134","FA","19","0","0","0%","0%","0","0","0","0","0","0","0","0","0","0","0","0","0","0","0"
"*06afk*","Erik Parker","(N/A)","SS","7180","FA","20","0","0","0%","0%","0","0","0","0","0","0","0","0","0","0","0","0","0","0","0"
"*06qlp*","Duncan Pastore","NYY","2B","7198","FA","26","0","0","0%","0%","0","0","0","0","0","0","0","0","0","0","0","0","0","0","0"
"*06imw*","Oswaldo Patino","(N/A)","2B","7205","FA","20","0","0","0%","0%","0","0","0","0","0","0","0","0","0","0","0","0","0","0","0"
"*06qpi*","Andrew Patrick","(N/A)","OF","7207","FA","23","0","0","0%","0%","0","0","0","0","0","0","0","0","0","0","0","0","0","0","0"
"*0700x*","Limanol Payero","PIT","OF","7229","FA","18","0","0","0%","0%","0","0","0","0","0","0","0","0","0","0","0","0","0","0","0"
"*06beo*","Juanfel Peguero","TB","SS","7259","FA","21","0","0","0%","0%","0","0","0","0","0","0","0","0","0","0","0","0","0","0","0"
"*066oo*","Ricardo Pena","MIN","C","7292","FA","21","0","0","0%","0%","0","0","0","0","0","0","0","0","0","0","0","0","0","0","0"
"*05rk6*","Mauricio Pierre","(N/A)","OF","7470","FA","22","0","0","0%","0%","0","0","0","0","0","0","0","0","0","0","0","0","0","0","0"
"*05rjl*","Geovanny Planchart","TOR","C","7531","FA","24","0","0","0%","0%","0","0","0","0","0","0","0","0","0","0","0","0","0","0","0"
"*06qj9*","Peyton Powell","(N/A)","1B,OF","7591","FA","25","0","0","0%","0%","0","0","0","0","0","0","0","0","0","0","0","0","0","0","0"
"*06dqa*","Karniel Pratt","(N/A)","OF","7602","FA","21","0","0","0%","0%","0","0","0","0","0","0","0","0","0","0","0","0","0","0","0"
"*06gje*","Christian Pregent","(N/A)","C","7606","FA","25","0","0","0%","0%","0","0","0","0","0","0","0","0","0","0","0","0","0","0","0"
"*05yl5*","Jorge Puerta","(N/A)","C","7631","FA","24","0","0","0%","0%","0","0","0","0","0","0","0","0","0","0","0","0","0","0","0"
"*067zn*","Junior Quezada","(N/A)","OF","7649","FA","21","0","0","0%","0%","0","0","0","0","0","0","0","0","0","0","0","0","0","0","0"
"*070dn*","Angel Ramirez","KC","OF","7698","FA","21","0","0","0%","0%","0","0","0","0","0","0","0","0","0","0","0","0","0","0","0"
"*06akz*","Raylin Ramos","BAL","OF","7750","FA","21","0","0","0%","0%","0","0","0","0","0","0","0","0","0","0","0","0","0","0","0"
"*06r2n*","Santiago Ramos","(N/A)","C","7753","FA","19","0","0","0%","0%","0","0","0","0","0","0","0","0","0","0","0","0","0","0","0"
"*06kxk*","Yaisel Ramos","(N/A)","OF","7754","FA","23","0","0","0%","0%","0","0","0","0","0","0","0","0","0","0","0","0","0","0","0"
"*06zau*","Connor Rasmussen","KC","2B","7767","FA","22","0","0","0%","0%","0","0","0","0","0","0","0","0","0","0","0","0","0","0","0"
"*06qgz*","Angel Requena","WSH","1B","7820","FA","19","0","0","0%","0%","0","0","0","0","0","0","0","0","0","0","0","0","0","0","0"
"*05af0*","Ripken Reyes","(N/A)","SS","7857","FA","29","0","0","0%","0%","0","0","0","0","0","0","0","0","0","0","0","0","0","0","0"
"*06r54*","Emanuel Reyna","(N/A)","OF","7862","FA","19","0","0","0%","0%","0","0","0","0","0","0","0","0","0","0","0","0","0","0","0"
"*06z5d*","Leonard Rijo","MIL","SS","7897","FA","18","0","0","0%","0%","0","0","0","0","0","0","0","0","0","0","0","0","0","0","0"
"*06qxz*","Alexander Rincon","BAL","OF","7900","FA","19","0","0","0%","0%","0","0","0","0","0","0","0","0","0","0","0","0","0","0","0"
"*06rjh*","Alejandro Rios","ARI","C","7907","FA","21","0","0","0%","0%","0","0","0","0","0","0","0","0","0","0","0","0","0","0","0"
"*04rhj*","Laz Rivera","(N/A)","SS","7936","FA","31","0","0","0%","0%","0","0","0","0","0","0","0","0","0","0","0","0","0","0","0"
"*04pw8*","Sean Roby","(N/A)","3B","7987","FA","28","0","0","0%","0%","0","0","0","0","0","0","0","0","0","0","0","0","0","0","0"
"*065ux*","Dylan Rock","(N/A)","OF","7993","FA","27","0","0","0%","0%","0","0","0","0","0","0","0","0","0","0","0","0","0","0","0"
"*066q8*","Angel Rodriguez","(N/A)","OF","8008","FA","21","0","0","0%","0%","0","0","0","0","0","0","0","0","0","0","0","0","0","0","0"
"*06rjc*","Jose Rodriguez","ARI","C","8051","FA","19","0","0","0%","0%","0","0","0","0","0","0","0","0","0","0","0","0","0","0","0"
"*06ums*","Daniel Rojas","STL","OF","8116","FA","20","0","0","0%","0%","0","0","0","0","0","0","0","0","0","0","0","0","0","0","0"
"*06rhq*","Freider Rojas","MIL","C","8120","FA","20","0","0","0%","0%","0","0","0","0","0","0","0","0","0","0","0","0","0","0","0"
"*06qpk*","Gabriel Rosado","DET","C","8186","FA","20","0","0","0%","0%","0","0","0","0","0","0","0","0","0","0","0","0","0","0","0"
"*06o06*","Enyel Rosario","(N/A)","3B","8196","FA","19","0","0","0%","0%","0","0","0","0","0","0","0","0","0","0","0","0","0","0","0"
"*06sur*","Juan Rosas","TOR","C","8212","FA","20","0","0","0%","0%","0","0","0","0","0","0","0","0","0","0","0","0","0","0","0"
"*06ria*","Emdys Rosillo","CIN","1B","8220","FA","19","0","0","0%","0%","0","0","0","0","0","0","0","0","0","0","0","0","0","0","0"
"*066l7*","Tommy Sacco Jr.","HOU","2B,SS,OF","8287","FA","27","0","0","0%","0%","0","0","0","0","0","0","0","0","0","0","0","0","0","0","0"
"*06r38*","Jhoanjel Saez","(N/A)","2B","8293","FA","19","0","0","0%","0%","0","0","0","0","0","0","0","0","0","0","0","0","0","0","0"
"*06rjy*","Dionmy Salon","(N/A)","C","8325","FA","24","0","0","0%","0%","0","0","0","0","0","0","0","0","0","0","0","0","0","0","0"
"*02i35*","Yolmer Sanchez","LAA","2B,SS","8388","FA","34","0","0","0%","0%","0","0","0","0","0","0","0","0","0","0","0","0","0","0","0"
"*06bj2*","Enmanuel Santos","KC","OF","8433","FA","20","0","0","0%","0%","0","0","0","0","0","0","0","0","0","0","0","0","0","0","0"
"*06o05*","Boris Sarduy","SF","OF","8448","FA","19","0","0","0%","0%","0","0","0","0","0","0","0","0","0","0","0","0","0","0","0"
"*06kjw*","Garrett Shull","(N/A)","OF","8640","FA","21","0","0","0%","0%","0","0","0","0","0","0","0","0","0","0","0","0","0","0","0"
"*03h8n*","Magneuris Sierra","(N/A)","OF","8652","FA","30","0","0","0%","0%","0","0","0","0","0","0","0","0","0","0","0","0","0","0","0"
"*060y0*","Colby Smelley","(N/A)","C","8721","FA","26","0","0","0%","0%","0","0","0","0","0","0","0","0","0","0","0","0","0","0","0"
"*06hx2*","David Smith","(N/A)","OF","8740","FA","25","0","0","0%","0%","0","0","0","0","0","0","0","0","0","0","0","0","0","0","0"
"*06r5w*","Justim Sojo","(N/A)","SS","8783","FA","19","0","0","0%","0%","0","0","0","0","0","0","0","0","0","0","0","0","0","0","0"
"*06cwv*","Andrews Sosa","(N/A)","C","8806","FA","21","0","0","0%","0%","0","0","0","0","0","0","0","0","0","0","0","0","0","0","0"
"*06ra4*","Zack Stewart","(N/A)","OF","8915","FA","22","0","0","0%","0%","0","0","0","0","0","0","0","0","0","0","0","0","0","0","0"
"*06rtv*","Juan Sulbaran","TEX","C","8986","FA","20","0","0","0%","0%","0","0","0","0","0","0","0","0","0","0","0","0","0","0","0"
"*06mwc*","Anderson Suriel","(N/A)","OF","9000","FA","23","0","0","0%","0%","0","0","0","0","0","0","0","0","0","0","0","0","0","0","0"
"*06r1u*","Kevin Tamburini","(N/A)","1B","9048","FA","20","0","0","0%","0%","0","0","0","0","0","0","0","0","0","0","0","0","0","0","0"
"*06qgw*","Feldi Tavarez","WSH","C","9073","FA","19","0","0","0%","0%","0","0","0","0","0","0","0","0","0","0","0","0","0","0","0"
"*06ag8*","Jonathan Taveras","(N/A)","2B","9084","FA","20","0","0","0%","0%","0","0","0","0","0","0","0","0","0","0","0","0","0","0","0"
"*06rqv*","D'Angelo Tejada","(N/A)","SS","9108","FA","20","0","0","0%","0%","0","0","0","0","0","0","0","0","0","0","0","0","0","0","0"
"*045ks*","Eduardo Torrealba","(N/A)","SS","9242","FA","27","0","0","0%","0%","0","0","0","0","0","0","0","0","0","0","0","0","0","0","0"
"*06rn9*","Jose Tovar","TB","C","9283","FA","20","0","0","0%","0%","0","0","0","0","0","0","0","0","0","0","0","0","0","0","0"
"*06r35*","Deshandro Tromp","(N/A)","1B","9311","FA","19","0","0","0%","0%","0","0","0","0","0","0","0","0","0","0","0","0","0","0","0"
"*06hit*","Tevin Tucker","COL","2B","9324","FA","26","0","0","0%","0%","0","0","0","0","0","0","0","0","0","0","0","0","0","0","0"
"*07305*","Jake Turner","(N/A)","OF","9335","FA","17","0","0","0%","0%","0","0","0","0","0","0","0","0","0","0","0","0","0","0","0"
"*06z5a*","Krishan Ulacio","BOS","OF","9355","FA","18","0","0","0%","0%","0","0","0","0","0","0","0","0","0","0","0","0","0","0","0"
"*06r1c*","Santiago Ustariz","CLE","UT","9386","FA","19","0","0","0%","0%","0","0","0","0","0","0","0","0","0","0","0","0","0","0","0"
"*06qy0*","Argenis Valdez","BAL","OF","9392","FA","19","0","0","0%","0%","0","0","0","0","0","0","0","0","0","0","0","0","0","0","0"
"*06l0w*","Raul Vargas","(N/A)","2B","9457","FA","19","0","0","0%","0%","0","0","0","0","0","0","0","0","0","0","0","0","0","0","0"
"*06r6u*","Brandon Vasquez","SF","OF","9465","FA","19","0","0","0%","0%","0","0","0","0","0","0","0","0","0","0","0","0","0","0","0"
"*066rr*","Carlos Vasquez","(N/A)","2B","9466","FA","21","0","0","0%","0%","0","0","0","0","0","0","0","0","0","0","0","0","0","0","0"
"*06muz*","Angel Ventura","(N/A)","OF","9516","FA","20","0","0","0%","0%","0","0","0","0","0","0","0","0","0","0","0","0","0","0","0"
"*06ih3*","Anthony Vilar","SD","C,2B","9549","FA","27","0","0","0%","0%","0","0","0","0","0","0","0","0","0","0","0","0","0","0","0"
"*05xt4*","Kevin Villavicencio","NYM","3B,OF","9564","FA","22","0","0","0%","0%","0","0","0","0","0","0","0","0","0","0","0","0","0","0","0"
"*0668g*","Reece Walling","(N/A)","OF","9635","FA","22","0","0","0%","0%","0","0","0","0","0","0","0","0","0","0","0","0","0","0","0"
"*06agc*","Jared Wegner","(N/A)","OF","9697","FA","27","0","0","0%","0%","0","0","0","0","0","0","0","0","0","0","0","0","0","0","0"
"*05ymd*","Jacob Wetzel","(N/A)","OF","9739","FA","26","0","0","0%","0%","0","0","0","0","0","0","0","0","0","0","0","0","0","0","0"
"*06ig9*","Andrew Wiggins","(N/A)","OF","9782","FA","21","0","0","0%","0%","0","0","0","0","0","0","0","0","0","0","0","0","0","0","0"
"*06zhb*","Dawson Willis","SD","3B","9824","FA","22","0","0","0%","0%","0","0","0","0","0","0","0","0","0","0","0","0","0","0","0"
"*066f3*","Bryce Willits","(N/A)","3B","9826","FA","26","0","0","0%","0%","0","0","0","0","0","0","0","0","0","0","0","0","0","0","0"
"*06c1p*","Williams Wong","(N/A)","2B","9883","FA","20","0","0","0%","0%","0","0","0","0","0","0","0","0","0","0","0","0","0","0","0"
"*060wd*","Luis Yanel Diaz","(N/A)","SS","9926","FA","26","0","0","0%","0%","0","0","0","0","0","0","0","0","0","0","0","0","0","0","0"
"*06hq9*","Jake Zitella","(N/A)","3B","10010","FA","21","0","0","0%","0%","0","0","0","0","0","0","0","0","0","0","0","0","0","0","0"
"*06igz*","Yuto Akihiro","(N/A)","1B","1267","FA","23","0","0","0%","0%","0","0","0","0","0","0","0","0","0","0","0","0","0","0","0"
"*06rqs*","Kuhio Aloy","NYM","1B","1354","FA","21","0","0","0%","0%","0","0","0","0","0","0","0","0","0","0","0","0","0","0","0"
"*066ot*","Carlos Altuve","(N/A)","1B","1362","FA","21","0","0","0%","0%","0","0","0","0","0","0","0","0","0","0","0","0","0","0","0"
"*051h2*","Andres Alvarez","(N/A)","SS","1367","FA","29","0","0","0%","0%","0","0","0","0","0","0","0","0","0","0","0","0","0","0","0"
"*04pxk*","Daniel Amaral","SEA","OF","1389","FA","29","0","0","0%","0%","0","0","0","0","0","0","0","0","0","0","0","0","0","0","0"
"*06mv0*","Juan Araujo","(N/A)","2B","1468","FA","19","0","0","0%","0%","0","0","0","0","0","0","0","0","0","0","0","0","0","0","0"
"*070bm*","Jack Arcamone","(N/A)","C","1472","FA","22","0","0","0%","0%","0","0","0","0","0","0","0","0","0","0","0","0","0","0","0"
"*05xah*","Angel Arevalo","(N/A)","SS","1486","FA","22","0","0","0%","0%","0","0","0","0","0","0","0","0","0","0","0","0","0","0","0"
"*06rhz*","Cruzmel Arias","COL","1B","1494","FA","22","0","0","0%","0%","0","0","0","0","0","0","0","0","0","0","0","0","0","0","0"
"*06akk*","Enderson Asencio","(N/A)","1B","1559","FA","20","0","0","0%","0%","0","0","0","0","0","0","0","0","0","0","0","0","0","0","0"
"*06raa*","Jose Aular","(N/A)","1B","1578","FA","22","0","0","0%","0%","0","0","0","0","0","0","0","0","0","0","0","0","0","0","0"
"*0669o*","Tyler Baca","(N/A)","OF","1610","FA","26","0","0","0%","0%","0","0","0","0","0","0","0","0","0","0","0","0","0","0","0"
"*06kwv*","Blake Barthol","(N/A)","3B","1720","FA","23","0","0","0%","0%","0","0","0","0","0","0","0","0","0","0","0","0","0","0","0"
"*066qc*","Arfeni Batista","(N/A)","SS","1742","FA","21","0","0","0%","0%","0","0","0","0","0","0","0","0","0","0","0","0","0","0","0"
"*066q9*","Reminton Batista","(N/A)","OF","1750","FA","21","0","0","0%","0%","0","0","0","0","0","0","0","0","0","0","0","0","0","0","0"
"*066te*","Erick Bautista","(N/A)","OF","1766","FA","21","0","0","0%","0%","0","0","0","0","0","0","0","0","0","0","0","0","0","0","0"
"*05ygl*","Colton Bender","(N/A)","C","1837","FA","27","0","0","0%","0%","0","0","0","0","0","0","0","0","0","0","0","0","0","0","0"
"*06zg1*","Jake Bold","SD","C","1975","FA","22","0","0","0%","0%","0","0","0","0","0","0","0","0","0","0","0","0","0","0","0"
"*051e4*","Trevor Boone","(N/A)","OF","2006","FA","28","0","0","0%","0%","0","0","0","0","0","0","0","0","0","0","0","0","0","0","0"
"*06gjg*","Pier-Olivier Boucher","(N/A)","OF","2024","FA","26","0","0","0%","0%","0","0","0","0","0","0","0","0","0","0","0","0","0","0","0"
"*025e9*","Rob Brantly","(N/A)","C","2070","FA","37","0","0","0%","0%","0","0","0","0","0","0","0","0","0","0","0","0","0","0","0"
"*05yh7*","Michael Braswell","KC","3B","2073","FA","23","0","0","0%","0%","0","0","0","0","0","0","0","0","0","0","0","0","0","0","0"
"*06ph1*","Payton Brennan","(N/A)","OF","2092","FA","23","0","0","0%","0%","0","0","0","0","0","0","0","0","0","0","0","0","0","0","0"
"*06qxl*","Chris Brito","KC","1B","2119","FA","26","0","0","0%","0%","0","0","0","0","0","0","0","0","0","0","0","0","0","0","0"
"*06hiy*","Tony Bullard","(N/A)","1B","2201","FA","26","0","0","0%","0%","0","0","0","0","0","0","0","0","0","0","0","0","0","0","0"
"*06uw2*","Braden Burress","(N/A)","OF","2232","FA","20","0","0","0%","0%","0","0","0","0","0","0","0","0","0","0","0","0","0","0","0"
"*060u9*","Max Burt","DET","2B,3B","2237","FA","29","0","0","0%","0%","0","0","0","0","0","0","0","0","0","0","0","0","0","0","0"
"*06r0e*","Omar Bustamante","DET","C","2245","FA","20","0","0","0%","0%","0","0","0","0","0","0","0","0","0","0","0","0","0","0","0"
"*072p6*","Evan Cabral","(N/A)","3B,SP","2267","FA","19","0","0","0%","0%","0","0","0","0","0","0","0","0","0","0","0","0","0","0","0"
"*06rtn*","Jose Caguana","(N/A)","C","2295","FA","24","0","0","0%","0%","0","0","0","0","0","0","0","0","0","0","0","0","0","0","0"
"*06z59*","Leonardo Carpio","(N/A)","OF","2429","FA","18","0","0","0%","0%","0","0","0","0","0","0","0","0","0","0","0","0","0","0","0"
"*05yhi*","Jared Carr","(N/A)","OF","2431","FA","27","0","0","0%","0%","0","0","0","0","0","0","0","0","0","0","0","0","0","0","0"
"*06tvi*","David Carrera","NYY","OF","2441","FA","19","0","0","0%","0%","0","0","0","0","0","0","0","0","0","0","0","0","0","0","0"
"*06qy3*","Deuri Castillo","SEA","1B,OF","2490","FA","22","0","0","0%","0%","0","0","0","0","0","0","0","0","0","0","0","0","0","0","0"
"*06ri2*","Juan Castillo","COL","C","2499","FA","23","0","0","0%","0%","0","0","0","0","0","0","0","0","0","0","0","0","0","0","0"
"*038hy*","Juan Centeno","ARI","C","2569","FA","36","0","0","0%","0%","0","0","0","0","0","0","0","0","0","0","0","0","0","0","0"
"*06akx*","Geisel Cepeda","(N/A)","OF","2572","FA","28","0","0","0%","0%","0","0","0","0","0","0","0","0","0","0","0","0","0","0","0"
"*061o0*","Luis Chevalier","KC","3B","2639","FA","24","0","0","0%","0%","0","0","0","0","0","0","0","0","0","0","0","0","0","0","0"
"*06rhb*","Nixon Chirinos","MIA","C","2654","FA","20","0","0","0%","0%","0","0","0","0","0","0","0","0","0","0","0","0","0","0","0"
"*0664h*","Nick Clarno","(N/A)","C","2703","FA","28","0","0","0%","0%","0","0","0","0","0","0","0","0","0","0","0","0","0","0","0"
"*06ckm*","Abraham Cohen","(N/A)","OF","2732","FA","20","0","0","0%","0%","0","0","0","0","0","0","0","0","0","0","0","0","0","0","0"
"*06zdg*","Jack Collins","TEX","C","2765","FA","23","0","0","0%","0%","0","0","0","0","0","0","0","0","0","0","0","0","0","0","0"
"*06r1w*","Juan Colorado","SF","3B","2778","FA","19","0","0","0%","0%","0","0","0","0","0","0","0","0","0","0","0","0","0","0","0"
"*0637g*","Jesus Correa","(N/A)","SS","2862","FA","21","0","0","0%","0%","0","0","0","0","0","0","0","0","0","0","0","0","0","0","0"
"*04evo*","Marty Costes","(N/A)","OF","2877","FA","30","0","0","0%","0%","0","0","0","0","0","0","0","0","0","0","0","0","0","0","0"
"*06hob*","Wyatt Crenshaw","(N/A)","2B","2913","FA","26","0","0","0%","0%","0","0","0","0","0","0","0","0","0","0","0","0","0","0","0"
"*06r5f*","Ricardo Crespo","SF","OF","2915","FA","19","0","0","0%","0%","0","0","0","0","0","0","0","0","0","0","0","0","0","0","0"
"*03153*","Narciso Crook","(N/A)","OF","2929","FA","31","0","0","0%","0%","0","0","0","0","0","0","0","0","0","0","0","0","0","0","0"
"*06ui8*","Rey Cruz","PHI","C","2969","FA","18","0","0","0%","0%","0","0","0","0","0","0","0","0","0","0","0","0","0","0","0"
"*06qjj*","Gio Cueto","LAD","C","2978","FA","23","0","0","0%","0%","0","0","0","0","0","0","0","0","0","0","0","0","0","0","0"
"*06yuc*","AJ Curry","(N/A)","1B","3007","FA","18","0","0","0%","0%","0","0","0","0","0","0","0","0","0","0","0","0","0","0","0"
"*06ags*","Blake Cyr","NYY","SS","3019","FA","22","0","0","0%","0%","0","0","0","0","0","0","0","0","0","0","0","0","0","0","0"
"*04sxp*","Jarryd Dale","(N/A)","2B","3028","FA","25","0","0","0%","0%","0","0","0","0","0","0","0","0","0","0","0","0","0","0","0"
"*06rkm*","Jose De La Cruz","COL","C","3131","FA","19","0","0","0%","0%","0","0","0","0","0","0","0","0","0","0","0","0","0","0","0"
"*06202*","Moises De La Rosa","(N/A)","OF","3163","FA","21","0","0","0%","0%","0","0","0","0","0","0","0","0","0","0","0","0","0","0","0"
"*06rjg*","Adrian De Leon","ARI","C","3167","FA","22","0","0","0%","0%","0","0","0","0","0","0","0","0","0","0","0","0","0","0","0"
"*06ule*","Meylin De Leon","(N/A)","2B","3178","FA","19","0","0","0%","0%","0","0","0","0","0","0","0","0","0","0","0","0","0","0","0"
"*06rso*","Raudy De Los Santos","(N/A)","2B","3195","FA","23","0","0","0%","0%","0","0","0","0","0","0","0","0","0","0","0","0","0","0","0"
"*06sum*","Carlos De Sousa","TB","C","3207","FA","20","0","0","0%","0%","0","0","0","0","0","0","0","0","0","0","0","0","0","0","0"
"*01tji*","Delino DeShields","(N/A)","OF","3225","FA","33","0","0","0%","0%","0","0","0","0","0","0","0","0","0","0","0","0","0","0","0"
"*06l0p*","Ismael Del Rosario","(N/A)","OF","3248","FA","19","0","0","0%","0%","0","0","0","0","0","0","0","0","0","0","0","0","0","0","0"
"*05y6d*","Richel Del Rosario","(N/A)","1B,3B,OF","3250","FA","22","0","0","0%","0%","0","0","0","0","0","0","0","0","0","0","0","0","0","0","0"
"*06sut*","Nicolas Deschamps","(N/A)","C","3277","FA","23","0","0","0%","0%","0","0","0","0","0","0","0","0","0","0","0","0","0","0","0"
"*06ajs*","Joseph Diaz","(N/A)","OF","3314","FA","20","0","0","0%","0%","0","0","0","0","0","0","0","0","0","0","0","0","0","0","0"
"*060p4*","Winder Diaz","(N/A)","2B","3330","FA","23","0","0","0%","0%","0","0","0","0","0","0","0","0","0","0","0","0","0","0","0"
"*06rir*","Yidel Diaz","(N/A)","C","3331","FA","21","0","0","0%","0%","0","0","0","0","0","0","0","0","0","0","0","0","0","0","0"
"*06qqq*","Harrison Didawick","(N/A)","OF","3344","FA","23","0","0","0%","0%","0","0","0","0","0","0","0","0","0","0","0","0","0","0","0"
"*03c7r*","Wilmer Difo","(N/A)","2B,3B","3349","FA","34","0","0","0%","0%","0","0","0","0","0","0","0","0","0","0","0","0","0","0","0"
"*06r04*","Isaias Dipre","(N/A)","SS","3359","FA","23","0","0","0%","0%","0","0","0","0","0","0","0","0","0","0","0","0","0","0","0"
"*05yet*","Brenden Dixon","CHW","3B","3365","FA","25","0","0","0%","0%","0","0","0","0","0","0","0","0","0","0","0","0","0","0","0"
"*06qk6*","Hunter Dobbins","DET","C","3367","FA","23","0","0","0%","0%","0","0","0","0","0","0","0","0","0","0","0","0","0","0","0"
"*060io*","Christian Doty","(N/A)","SS","3404","FA","19","0","0","0%","0%","0","0","0","0","0","0","0","0","0","0","0","0","0","0","0"
"*06xzx*","Athanael Duarte","LAA","1B,3B","3433","FA","21","0","0","0%","0%","0","0","0","0","0","0","0","0","0","0","0","0","0","0","0"
"*06805*","Damon Dues","(N/A)","2B,OF","3441","FA","28","0","0","0%","0%","0","0","0","0","0","0","0","0","0","0","0","0","0","0","0"
"*06qkg*","Bryce Eblin","CHW","2B","3502","FA","24","0","0","0%","0%","0","0","0","0","0","0","0","0","0","0","0","0","0","0","0"
"*06rl3*","Yhoan Escalona","PHI","3B","3578","FA","20","0","0","0%","0%","0","0","0","0","0","0","0","0","0","0","0","0","0","0","0"
"*05wbo*","Brenny Escanio","(N/A)","2B,SS","3580","FA","23","0","0","0%","0%","0","0","0","0","0","0","0","0","0","0","0","0","0","0","0"
"*05u1q*","Samuel Escudero","PIT","C","3588","FA","22","0","0","0%","0%","0","0","0","0","0","0","0","0","0","0","0","0","0","0","0"
"*05y5v*","Christopher Espinola","(N/A)","OF","3598","FA","22","0","0","0%","0%","0","0","0","0","0","0","0","0","0","0","0","0","0","0","0"
"*06igu*","Luke Esquivel","(N/A)","1B","3612","FA","17","0","0","0%","0%","0","0","0","0","0","0","0","0","0","0","0","0","0","0","0"
"*06mc2*","Samuel Estevez","MIA","OF","3620","FA","19","0","0","0%","0%","0","0","0","0","0","0","0","0","0","0","0","0","0","0","0"
"*02610*","Phillip Evans","(N/A)","1B,3B","3637","FA","33","0","0","0%","0%","0","0","0","0","0","0","0","0","0","0","0","0","0","0","0"
"*06qj1*","Christian Fagnant","WSH","C","3652","FA","25","0","0","0%","0%","0","0","0","0","0","0","0","0","0","0","0","0","0","0","0"
"*06r8d*","Nomar Fana","(N/A)","OF","3664","FA","23","0","0","0%","0%","0","0","0","0","0","0","0","0","0","0","0","0","0","0","0"
"*06ks6*","Ryne Farber","(N/A)","SS","3667","FA","21","0","0","0%","0%","0","0","0","0","0","0","0","0","0","0","0","0","0","0","0"
"*06ra3*","Sawyer Farr","(N/A)","SS","3675","FA","21","0","0","0%","0%","0","0","0","0","0","0","0","0","0","0","0","0","0","0","0"
"*064zn*","Moises Febrillet","(N/A)","3B","3684","FA","21","0","0","0%","0%","0","0","0","0","0","0","0","0","0","0","0","0","0","0","0"
"*06c3b*","Diego Felix","(N/A)","OF","3692","FA","20","0","0","0%","0%","0","0","0","0","0","0","0","0","0","0","0","0","0","0","0"
"*048tm*","Juan Fernandez","(N/A)","C","3725","FA","27","0","0","0%","0%","0","0","0","0","0","0","0","0","0","0","0","0","0","0","0"
"*06zen*","Brandon Forrester","HOU","SS","3845","FA","22","0","0","0%","0%","0","0","0","0","0","0","0","0","0","0","0","0","0","0","0"
"*06ifo*","Juan Frances","(N/A)","OF","3870","FA","20","0","0","0%","0%","0","0","0","0","0","0","0","0","0","0","0","0","0","0","0"
"*072fu*","Ian Francis","CIN","C","3874","FA","23","0","0","0%","0%","0","0","0","0","0","0","0","0","0","0","0","0","0","0","0"
"*060gn*","Carlos Franco","ATH","C","3882","FA","23","0","0","0%","0%","0","0","0","0","0","0","0","0","0","0","0","0","0","0","0"
"*06r4u*","Anderson French","(N/A)","C","3915","FA","20","0","0","0%","0%","0","0","0","0","0","0","0","0","0","0","0","0","0","0","0"
"*0413a*","Josh Fuentes","(N/A)","3B","3944","FA","33","0","0","0%","0%","0","0","0","0","0","0","0","0","0","0","0","0","0","0","0"
"*06qh2*","Yadimir Fuentes","(N/A)","1B","3945","FA","19","0","0","0%","0%","0","0","0","0","0","0","0","0","0","0","0","0","0","0","0"
"*06mic*","Luke Gaffney","(N/A)","1B","3961","FA","22","0","0","0%","0%","0","0","0","0","0","0","0","0","0","0","0","0","0","0","0"
"*06tko*","Adrian Garcia","(N/A)","2B","4012","FA","19","0","0","0%","0%","0","0","0","0","0","0","0","0","0","0","0","0","0","0","0"
"*060p8*","Cristian Garcia","(N/A)","1B","4023","FA","22","0","0","0%","0%","0","0","0","0","0","0","0","0","0","0","0","0","0","0","0"
"*05uv4*","Francisco Garcia","(N/A)","3B","4040","FA","23","0","0","0%","0%","0","0","0","0","0","0","0","0","0","0","0","0","0","0","0"
"*05rcy*","Ray Garrett","(N/A)","SS","4083","FA","22","0","0","0%","0%","0","0","0","0","0","0","0","0","0","0","0","0","0","0","0"
"*07308*","Kingston George","(N/A)","OF","4119","FA","15","0","0","0%","0%","0","0","0","0","0","0","0","0","0","0","0","0","0","0","0"
"*05llr*","Jose Godoy","(N/A)","C","4188","FA","31","0","0","0%","0%","0","0","0","0","0","0","0","0","0","0","0","0","0","0","0"
"*03mwx*","Jose Gomez","(N/A)","SS","4208","FA","29","0","0","0%","0%","0","0","0","0","0","0","0","0","0","0","0","0","0","0","0"
"*06r9o*","Luis Gomez","(N/A)","C","4210","FA","32","0","0","0%","0%","0","0","0","0","0","0","0","0","0","0","0","0","0","0","0"
"*06kxt*","Diego Gonzalez","(N/A)","1B","4253","FA","19","0","0","0%","0%","0","0","0","0","0","0","0","0","0","0","0","0","0","0","0"
"*06r7p*","Howard Gonzalez","(N/A)","OF","4263","FA","19","0","0","0%","0%","0","0","0","0","0","0","0","0","0","0","0","0","0","0","0"
"*06rk3*","Ricson Gonzalez","KC","C","4296","FA","21","0","0","0%","0%","0","0","0","0","0","0","0","0","0","0","0","0","0","0","0"
"*062zl*","Robert Gonzalez","(N/A)","OF","4297","FA","21","0","0","0%","0%","0","0","0","0","0","0","0","0","0","0","0","0","0","0","0"
"*06zg3*","Aaron Graeber","LAA","OF","4332","FA","23","0","0","0%","0%","0","0","0","0","0","0","0","0","0","0","0","0","0","0","0"
"*065nr*","Kevin Graham","(N/A)","OF","4336","FA","26","0","0","0%","0%","0","0","0","0","0","0","0","0","0","0","0","0","0","0","0"
"*06hek*","Donte Grant","(N/A)","OF","4343","FA","21","0","0","0%","0%","0","0","0","0","0","0","0","0","0","0","0","0","0","0","0"
"*06rkh*","Jeiker Gudino","DET","C","4409","FA","19","0","0","0%","0%","0","0","0","0","0","0","0","0","0","0","0","0","0","0","0"
"*06bpv*","Albert Gutierrez","(N/A)","1B","4451","FA","22","0","0","0%","0%","0","0","0","0","0","0","0","0","0","0","0","0","0","0","0"
"*06ros*","Mike Hallquist","CHC","3B","4527","FA","24","0","0","0%","0%","0","0","0","0","0","0","0","0","0","0","0","0","0","0","0"
"*06hu9*","Ty Hanchey","SF","C","4548","FA","26","0","0","0%","0%","0","0","0","0","0","0","0","0","0","0","0","0","0","0","0"
"*06qj3*","Theo Hardy","TEX","SS","4567","FA","24","0","0","0%","0%","0","0","0","0","0","0","0","0","0","0","0","0","0","0","0"
"*067yq*","Alex Harrington","(N/A)","SS","4576","FA","19","0","0","0%","0%","0","0","0","0","0","0","0","0","0","0","0","0","0","0","0"
"*062k3*","Luke Heefner","(N/A)","3B","4639","FA","23","0","0","0%","0%","0","0","0","0","0","0","0","0","0","0","0","0","0","0","0"
"*060n8*","Lou Helmig","(N/A)","OF","4647","FA","23","0","0","0%","0%","0","0","0","0","0","0","0","0","0","0","0","0","0","0","0"
"*06sj7*","Alex Hernandez","ATH","2B","4698","FA","21","0","0","0%","0%","0","0","0","0","0","0","0","0","0","0","0","0","0","0","0"
"*06tlr*","Kyle Hess","(N/A)","OF","4798","FA","27","0","0","0%","0%","0","0","0","0","0","0","0","0","0","0","0","0","0","0","0"
"*067ze*","Ross Highfill","(N/A)","C","4823","FA","22","0","0","0%","0%","0","0","0","0","0","0","0","0","0","0","0","0","0","0","0"
"*02j36*","C.J. Hinojosa","(N/A)","SS","4846","FA","32","0","0","0%","0%","0","0","0","0","0","0","0","0","0","0","0","0","0","0","0"
"*06hur*","Caleb Hobson","COL","OF","4859","FA","24","0","0","0%","0%","0","0","0","0","0","0","0","0","0","0","0","0","0","0","0"
"*04ylq*","Connor Hollis","(N/A)","2B,OF","4888","FA","31","0","0","0%","0%","0","0","0","0","0","0","0","0","0","0","0","0","0","0","0"
"*06uxl*","Peyton Holt","(N/A)","3B","4897","FA","25","0","0","0%","0%","0","0","0","0","0","0","0","0","0","0","0","0","0","0","0"
"*06ul5*","Stephen Hrustich","DET","OF","4940","FA","24","0","0","0%","0%","0","0","0","0","0","0","0","0","0","0","0","0","0","0","0"
"*060mc*","Zach Humphreys","LAA","C","4969","FA","28","0","0","0%","0%","0","0","0","0","0","0","0","0","0","0","0","0","0","0","0"
"*060gf*","Eddy Isturiz","(N/A)","OF","5018","FA","22","0","0","0%","0%","0","0","0","0","0","0","0","0","0","0","0","0","0","0","0"
"*06rif*","Brandon Jaime","CIN","C","5042","FA","21","0","0","0%","0%","0","0","0","0","0","0","0","0","0","0","0","0","0","0","0"
"*06r3q*","Kyle Jones","MIL","OF","5180","FA","21","0","0","0%","0%","0","0","0","0","0","0","0","0","0","0","0","0","0","0","0"
"*06c7w*","Yoerny Junco","(N/A)","3B","5213","FA","21","0","0","0%","0%","0","0","0","0","0","0","0","0","0","0","0","0","0","0","0"
"*05zq2*","Aidan Keenan","NYM","SS","5247","FA","21","0","0","0%","0%","0","0","0","0","0","0","0","0","0","0","0","0","0","0","0"
"*06ib9*","Min Suk Kim","(N/A)","OF","5304","FA","22","0","0","0%","0%","0","0","0","0","0","0","0","0","0","0","0","0","0","0","0"
"*0423t*","Taylor Kohlwey","(N/A)","OF","5377","FA","32","0","0","0%","0%","0","0","0","0","0","0","0","0","0","0","0","0","0","0","0"
"*04q0h*","Matt Kroon","(N/A)","OF","5408","FA","29","0","0","0%","0%","0","0","0","0","0","0","0","0","0","0","0","0","0","0","0"
"*06mim*","Patrick Lee","DET","OF","5562","FA","26","0","0","0%","0%","0","0","0","0","0","0","0","0","0","0","0","0","0","0","0"
"*06qvn*","Ethan Lege","(N/A)","1B,3B","5568","FA","25","0","0","0%","0%","0","0","0","0","0","0","0","0","0","0","0","0","0","0","0"
"*06ri6*","David Leon","(N/A)","C","5618","FA","22","0","0","0%","0%","0","0","0","0","0","0","0","0","0","0","0","0","0","0","0"
"*041zx*","Lyle Lin","(N/A)","C","5630","FA","29","0","0","0%","0%","0","0","0","0","0","0","0","0","0","0","0","0","0","0","0"
"*06rnk*","Yohander Linarez","(N/A)","3B","5642","FA","21","0","0","0%","0%","0","0","0","0","0","0","0","0","0","0","0","0","0","0","0"
"*051bi*","Matt Lloyd","(N/A)","1B","5673","FA","30","0","0","0%","0%","0","0","0","0","0","0","0","0","0","0","0","0","0","0","0"
"*06rp9*","Alejandro Loaiza","STL","1B","5675","FA","22","0","0","0%","0%","0","0","0","0","0","0","0","0","0","0","0","0","0","0","0"
"*06qj8*","Jacob Lojewski","(N/A)","SS","5697","FA","24","0","0","0%","0%","0","0","0","0","0","0","0","0","0","0","0","0","0","0","0"
"*06qph*","Jacoby Long","(N/A)","OF","5704","FA","24","0","0","0%","0%","0","0","0","0","0","0","0","0","0","0","0","0","0","0","0"
"*06rp8*","Chris Lopez","STL","C","5720","FA","21","0","0","0%","0%","0","0","0","0","0","0","0","0","0","0","0","0","0","0","0"
"*06rhy*","Gabriel Lopez","COL","C","5726","FA","20","0","0","0%","0%","0","0","0","0","0","0","0","0","0","0","0","0","0","0","0"
"*06mfj*","Geuri Lubo","CHC","OF","5770","FA","22","0","0","0%","0%","0","0","0","0","0","0","0","0","0","0","0","0","0","0","0"
"*06kwl*","JT Mabry","(N/A)","2B","5821","FA","26","0","0","0%","0%","0","0","0","0","0","0","0","0","0","0","0","0","0","0","0"
"*06rsq*","Johan Macias","LAA","2B,SS","5845","FA","23","0","0","0%","0%","0","0","0","0","0","0","0","0","0","0","0","0","0","0","0"
"*06hoz*","Cam Magee","(N/A)","SS","5870","FA","24","0","0","0%","0%","0","0","0","0","0","0","0","0","0","0","0","0","0","0","0"
"*06rix*","Alexander Mambel","BOS","1B","5898","FA","19","0","0","0%","0%","0","0","0","0","0","0","0","0","0","0","0","0","0","0","0"
"*06rft*","Manny Marin","(N/A)","SS","5942","FA","21","0","0","0%","0%","0","0","0","0","0","0","0","0","0","0","0","0","0","0","0"
"*06uw4*","Tatum Marsh","(N/A)","OF","5979","FA","21","0","0","0%","0%","0","0","0","0","0","0","0","0","0","0","0","0","0","0","0"
"*06sa0*","Emil Martinez","(N/A)","SS","6025","FA","18","0","0","0%","0%","0","0","0","0","0","0","0","0","0","0","0","0","0","0","0"
"*06rho*","Eric Martinez","MIL","C","6027","FA","22","0","0","0%","0%","0","0","0","0","0","0","0","0","0","0","0","0","0","0","0"
"*06l3l*","Yeral Martinez","(N/A)","1B","6073","FA","23","0","0","0%","0%","0","0","0","0","0","0","0","0","0","0","0","0","0","0","0"
"*06qii*","Jack Mathey","SD","C","6100","FA","23","0","0","0%","0%","0","0","0","0","0","0","0","0","0","0","0","0","0","0","0"
"*072ef*","LeTrey McCollum","LAA","OF","6159","FA","23","0","0","0%","0%","0","0","0","0","0","0","0","0","0","0","0","0","0","0","0"
"*06zf2*","Jonny McGill","LAA","OF","6196","FA","24","0","0","0%","0%","0","0","0","0","0","0","0","0","0","0","0","0","0","0","0"
"*05zd8*","Max McGwire","(N/A)","1B","6209","FA","23","0","0","0%","0%","0","0","0","0","0","0","0","0","0","0","0","0","0","0","0"
"*06lex*","Aaron McKeithan","SEA","C","6219","FA","26","0","0","0%","0%","0","0","0","0","0","0","0","0","0","0","0","0","0","0","0"
"*06sbs*","Albert Medina","ARI","OF","6257","FA","18","0","0","0%","0%","0","0","0","0","0","0","0","0","0","0","0","0","0","0","0"
"*06lwk*","Alver Medina","(N/A)","3B","6258","FA","19","0","0","0%","0%","0","0","0","0","0","0","0","0","0","0","0","0","0","0","0"
"*06kxv*","Dilan Medina","(N/A)","OF","6261","FA","20","0","0","0%","0%","0","0","0","0","0","0","0","0","0","0","0","0","0","0","0"
"*066s0*","Jose Medina","(N/A)","1B","6265","FA","21","0","0","0%","0%","0","0","0","0","0","0","0","0","0","0","0","0","0","0","0"
"*06rs0*","Bryant Mendez","SEA","2B","6321","FA","22","0","0","0%","0%","0","0","0","0","0","0","0","0","0","0","0","0","0","0","0"
"*06sbw*","Jeshua Mendez","ARI","C","6325","FA","18","0","0","0%","0%","0","0","0","0","0","0","0","0","0","0","0","0","0","0","0"
"*06p5y*","Joel Mendez","(N/A)","OF","6327","FA","23","0","0","0%","0%","0","0","0","0","0","0","0","0","0","0","0","0","0","0","0"
"*06ri1*","Jorge Mendez","(N/A)","C","6328","FA","22","0","0","0%","0%","0","0","0","0","0","0","0","0","0","0","0","0","0","0","0"
"*06rih*","John Michael Faile","CIN","1B","6406","FA","26","0","0","0%","0%","0","0","0","0","0","0","0","0","0","0","0","0","0","0","0"
"*06dqo*","Garrett Michel","(N/A)","1B","6409","FA","22","0","0","0%","0%","0","0","0","0","0","0","0","0","0","0","0","0","0","0","0"
"*06hse*","Justin Miknis","(N/A)","C","6422","FA","25","0","0","0%","0%","0","0","0","0","0","0","0","0","0","0","0","0","0","0","0"
"*06r00*","Andrew Miller","(N/A)","C","6437","FA","28","0","0","0%","0%","0","0","0","0","0","0","0","0","0","0","0","0","0","0","0"
"*05xu3*","Jacob Miller","(N/A)","C","6445","FA","22","0","0","0%","0%","0","0","0","0","0","0","0","0","0","0","0","0","0","0","0"
"*072f8*","Tyler Minick","(N/A)","3B","6468","FA","21","0","0","0%","0%","0","0","0","0","0","0","0","0","0","0","0","0","0","0","0"
"*05u9u*","Derrick Mitchell","(N/A)","OF","6483","FA","21","0","0","0%","0%","0","0","0","0","0","0","0","0","0","0","0","0","0","0","0"
"*06r79*","Maddox Molony","DET","SS","6516","FA","21","0","0","0%","0%","0","0","0","0","0","0","0","0","0","0","0","0","0","0","0"
"*072ij*","Lucas Moore","(N/A)","OF","6583","FA","21","0","0","0%","0%","0","0","0","0","0","0","0","0","0","0","0","0","0","0","0"
"*06msx*","Isaac Moscote","(N/A)","2B","6674","FA","19","0","0","0%","0%","0","0","0","0","0","0","0","0","0","0","0","0","0","0","0"
"*04pza*","Drew Mount","(N/A)","OF","6690","FA","30","0","0","0%","0%","0","0","0","0","0","0","0","0","0","0","0","0","0","0","0"
"*06qy2*","Jeyson Moya","SF","3B","6692","FA","19","0","0","0%","0%","0","0","0","0","0","0","0","0","0","0","0","0","0","0","0"
"*05g4m*","Deivis Nadal","(N/A)","SS","6760","FA","24","0","0","0%","0%","0","0","0","0","0","0","0","0","0","0","0","0","0","0","0"
"*06ykw*","Keaton Neal","(N/A)","SS","6790","FA","18","0","0","0%","0%","0","0","0","0","0","0","0","0","0","0","0","0","0","0","0"
"*06um6*","Ben Newton","ATH","3B","6819","FA","24","0","0","0%","0%","0","0","0","0","0","0","0","0","0","0","0","0","0","0","0"
"*064ou*","Cherif Neymour","(N/A)","SS","6822","FA","21","0","0","0%","0%","0","0","0","0","0","0","0","0","0","0","0","0","0","0","0"
"*04odg*","Quincy Nieporte","(N/A)","1B","6834","FA","31","0","0","0%","0%","0","0","0","0","0","0","0","0","0","0","0","0","0","0","0"
"*06rhf*","Kevin Novoa","(N/A)","1B","6884","FA","21","0","0","0%","0%","0","0","0","0","0","0","0","0","0","0","0","0","0","0","0"
"*06rgj*","Irvin Nunez","MIN","C","6902","FA","20","0","0","0%","0%","0","0","0","0","0","0","0","0","0","0","0","0","0","0","0"
"*06r20*","James Nunnallee","(N/A)","OF","6914","FA","20","0","0","0%","0%","0","0","0","0","0","0","0","0","0","0","0","0","0","0","0"
"*06yw4*","Brady O'Brien","SEA","3B","6918","FA","24","0","0","0%","0%","0","0","0","0","0","0","0","0","0","0","0","0","0","0","0"
"*051ff*","Matt O'Neill","ARI","C","6930","FA","28","0","0","0%","0%","0","0","0","0","0","0","0","0","0","0","0","0","0","0","0"
"*065v1*","Tanner O'Tremba","(N/A)","OF","6936","FA","26","0","0","0%","0%","0","0","0","0","0","0","0","0","0","0","0","0","0","0","0"
"*06eyo*","Luis Ogando","(N/A)","3B","6958","FA","22","0","0","0%","0%","0","0","0","0","0","0","0","0","0","0","0","0","0","0","0"
"*06rja*","Josnaider Orellana","BAL","C","7012","FA","21","0","0","0%","0%","0","0","0","0","0","0","0","0","0","0","0","0","0","0","0"
"*06rw7*","Rafael Oropeza","(N/A)","SS","7016","FA","18","0","0","0%","0%","0","0","0","0","0","0","0","0","0","0","0","0","0","0","0"
"*06mdl*","Nicolas Ortiz","(N/A)","C","7044","FA","19","0","0","0%","0%","0","0","0","0","0","0","0","0","0","0","0","0","0","0","0"
"*06rp6*","Juan Pablo Cabrera","STL","C","7099","FA","19","0","0","0%","0%","0","0","0","0","0","0","0","0","0","0","0","0","0","0","0"
"*03dpc*","Michael Papierski","(N/A)","C","7157","FA","30","0","0","0%","0%","0","0","0","0","0","0","0","0","0","0","0","0","0","0","0"
"*06rl9*","Javier Pariguan","(N/A)","C","7169","FA","22","0","0","0%","0%","0","0","0","0","0","0","0","0","0","0","0","0","0","0","0"
"*06maq*","Enzo Paulino","(N/A)","1B","7220","FA","22","0","0","0%","0%","0","0","0","0","0","0","0","0","0","0","0","0","0","0","0"
"*06bj5*","Jose Paulino","(N/A)","OF","7221","FA","20","0","0","0%","0%","0","0","0","0","0","0","0","0","0","0","0","0","0","0","0"
"*05xlb*","Tyler Payne","(N/A)","C","7233","FA","33","0","0","0%","0%","0","0","0","0","0","0","0","0","0","0","0","0","0","0","0"
"*06rn7*","Fernando Pena","SF","1B","7282","FA","19","0","0","0%","0%","0","0","0","0","0","0","0","0","0","0","0","0","0","0","0"
"*06f07*","Jhonny Perdomo","(N/A)","2B","7329","FA","24","0","0","0%","0%","0","0","0","0","0","0","0","0","0","0","0","0","0","0","0"
"*06rl7*","Alejandro Pereira","ATH","C","7332","FA","19","0","0","0%","0%","0","0","0","0","0","0","0","0","0","0","0","0","0","0","0"
"*05jq5*","Carlos Perez","(N/A)","C","7351","FA","24","0","0","0%","0%","0","0","0","0","0","0","0","0","0","0","0","0","0","0","0"
"*0723a*","Francisco Perez","TEX","C","7366","FA","19","0","0","0%","0%","0","0","0","0","0","0","0","0","0","0","0","0","0","0","0"
"*02btc*","Michael Perez","(N/A)","C","7384","FA","33","0","0","0%","0%","0","0","0","0","0","0","0","0","0","0","0","0","0","0","0"
"*03114*","Dustin Peterson","(N/A)","OF","7427","FA","31","0","0","0%","0%","0","0","0","0","0","0","0","0","0","0","0","0","0","0","0"
"*0669j*","Zion Pettigrew","(N/A)","3B","7438","FA","27","0","0","0%","0%","0","0","0","0","0","0","0","0","0","0","0","0","0","0","0"
"*06zff*","Tyler Pettorini","PHI","2B,3B","7439","FA","23","0","0","0%","0%","0","0","0","0","0","0","0","0","0","0","0","0","0","0","0"
"*072dq*","Robert Phelps","PHI","SS","7447","FA","22","0","0","0%","0%","0","0","0","0","0","0","0","0","0","0","0","0","0","0","0"
"*06rh6*","Alen Pineda","(N/A)","C","7488","FA","21","0","0","0%","0%","0","0","0","0","0","0","0","0","0","0","0","0","0","0","0"
"*057n1*","Yassel Pino","(N/A)","1B","7502","FA","24","0","0","0%","0%","0","0","0","0","0","0","0","0","0","0","0","0","0","0","0"
"*06rnh*","Isaac Ponce","SD","C","7567","FA","19","0","0","0%","0%","0","0","0","0","0","0","0","0","0","0","0","0","0","0","0"
"*048vs*","Juniel Querecuto","(N/A)","3B","7644","FA","33","0","0","0%","0%","0","0","0","0","0","0","0","0","0","0","0","0","0","0","0"
"*06mpw*","Yunior Quezada","LAD","OF","7650","FA","20","0","0","0%","0%","0","0","0","0","0","0","0","0","0","0","0","0","0","0","0"
"*06rn6*","Jorge Ramirez","(N/A)","C","7708","FA","20","0","0","0%","0%","0","0","0","0","0","0","0","0","0","0","0","0","0","0","0"
"*05ux7*","Micael Ramirez","(N/A)","C","7718","FA","27","0","0","0%","0%","0","0","0","0","0","0","0","0","0","0","0","0","0","0","0"
"*05unz*","Elian Rayo","(N/A)","3B","7774","FA","23","0","0","0%","0%","0","0","0","0","0","0","0","0","0","0","0","0","0","0","0"
"*06k7o*","Tanner Reaves","(N/A)","2B","7776","FA","23","0","0","0%","0%","0","0","0","0","0","0","0","0","0","0","0","0","0","0","0"
"*05rb6*","Tyree Reed","(N/A)","OF","7787","FA","23","0","0","0%","0%","0","0","0","0","0","0","0","0","0","0","0","0","0","0","0"
"*031b6*","Jack Reinheimer","(N/A)","SS","7803","FA","34","0","0","0%","0%","0","0","0","0","0","0","0","0","0","0","0","0","0","0","0"
"*06rhd*","Alexander Requena","MIA","C","7819","FA","20","0","0","0%","0%","0","0","0","0","0","0","0","0","0","0","0","0","0","0","0"
"*06kkh*","Rustan Rigdon","(N/A)","SS","7893","FA","20","0","0","0%","0%","0","0","0","0","0","0","0","0","0","0","0","0","0","0","0"
"*06rhc*","Nestor Rios","MIA","C","7911","FA","21","0","0","0%","0%","0","0","0","0","0","0","0","0","0","0","0","0","0","0","0"
"*060nm*","Yoander Rivero","(N/A)","2B","7948","FA","24","0","0","0%","0%","0","0","0","0","0","0","0","0","0","0","0","0","0","0","0"
"*06c3i*","Kay Robles","(N/A)","OF","7986","FA","21","0","0","0%","0%","0","0","0","0","0","0","0","0","0","0","0","0","0","0","0"
"*06sun*","Alfredo Rodriguez","TB","C","8004","FA","20","0","0","0%","0%","0","0","0","0","0","0","0","0","0","0","0","0","0","0","0"
"*06rke*","Angel Rodriguez","DET","C","8009","FA","19","0","0","0%","0%","0","0","0","0","0","0","0","0","0","0","0","0","0","0","0"
"*06qyl*","Frank Rodriguez","LAD","C","8033","FA","24","0","0","0%","0%","0","0","0","0","0","0","0","0","0","0","0","0","0","0","0"
"*06msy*","Jesus Rodriguez","(N/A)","OF","8044","FA","19","0","0","0%","0%","0","0","0","0","0","0","0","0","0","0","0","0","0","0","0"
"*062hl*","Justin Rodriguez","(N/A)","3B","8055","FA","22","0","0","0%","0%","0","0","0","0","0","0","0","0","0","0","0","0","0","0","0"
"*06tac*","Carlos Rojas","(N/A)","C","8114","FA","24","0","0","0%","0%","0","0","0","0","0","0","0","0","0","0","0","0","0","0","0"
"*06r4g*","David Romero","(N/A)","2B","8150","FA","19","0","0","0%","0%","0","0","0","0","0","0","0","0","0","0","0","0","0","0","0"
"*06c7o*","Fernando Roquez","(N/A)","OF","8178","FA","20","0","0","0%","0%","0","0","0","0","0","0","0","0","0","0","0","0","0","0","0"
"*04cts*","Joseph Rosa","(N/A)","2B","8183","FA","29","0","0","0%","0%","0","0","0","0","0","0","0","0","0","0","0","0","0","0","0"
"*04c0v*","Agustin Ruiz","(N/A)","OF","8247","FA","26","0","0","0%","0%","0","0","0","0","0","0","0","0","0","0","0","0","0","0","0"
"*06tlt*","Sam Ruta","KC","1B,3B","8274","FA","24","0","0","0%","0%","0","0","0","0","0","0","0","0","0","0","0","0","0","0","0"
"*0731d*","Sebastian Saenz","PHI","C","8291","FA","17","0","0","0%","0%","0","0","0","0","0","0","0","0","0","0","0","0","0","0","0"
"*060x4*","Jose Sanabria","(N/A)","3B,SS","8333","FA","23","0","0","0%","0%","0","0","0","0","0","0","0","0","0","0","0","0","0","0","0"
"*05xue*","Michael Sandle","(N/A)","OF","8394","FA","27","0","0","0%","0%","0","0","0","0","0","0","0","0","0","0","0","0","0","0","0"
"*06l0r*","Jean Santana","(N/A)","2B","8411","FA","19","0","0","0%","0%","0","0","0","0","0","0","0","0","0","0","0","0","0","0","0"
"*05y52*","Natanael Santana","(N/A)","OF","8415","FA","25","0","0","0%","0%","0","0","0","0","0","0","0","0","0","0","0","0","0","0","0"
"*05uhb*","Carlos Santiago","(N/A)","SS","8426","FA","25","0","0","0%","0%","0","0","0","0","0","0","0","0","0","0","0","0","0","0","0"
"*0517n*","Oscar Santos","(N/A)","C","8439","FA","25","0","0","0%","0%","0","0","0","0","0","0","0","0","0","0","0","0","0","0","0"
"*06suj*","Steven Santos","(N/A)","1B","8442","FA","19","0","0","0%","0%","0","0","0","0","0","0","0","0","0","0","0","0","0","0","0"
"*066j8*","Alec Sayre","(N/A)","OF","8469","FA","25","0","0","0%","0%","0","0","0","0","0","0","0","0","0","0","0","0","0","0","0"
"*070cu*","Matt Scannell","ATL","OF","8472","FA","24","0","0","0%","0%","0","0","0","0","0","0","0","0","0","0","0","0","0","0","0"
"*05uom*","Matt Scheffler","(N/A)","C","8480","FA","28","0","0","0%","0%","0","0","0","0","0","0","0","0","0","0","0","0","0","0","0"
"*06hef*","Chandler Seagle","(N/A)","C","8532","FA","30","0","0","0%","0%","0","0","0","0","0","0","0","0","0","0","0","0","0","0","0"
"*06rhr*","Kegnnalex Seijas","MIL","1B","8546","FA","20","0","0","0%","0%","0","0","0","0","0","0","0","0","0","0","0","0","0","0","0"
"*06cp8*","Moises Semerite","ATL","SS","8553","FA","20","0","0","0%","0%","0","0","0","0","0","0","0","0","0","0","0","0","0","0","0"
"*06rls*","Joseph Sequera","(N/A)","C","8562","FA","20","0","0","0%","0%","0","0","0","0","0","0","0","0","0","0","0","0","0","0","0"
"*06rjz*","Gabriel Silva","KC","C","8663","FA","22","0","0","0%","0%","0","0","0","0","0","0","0","0","0","0","0","0","0","0","0"
"*06qh7*","Kenyon Simmons","(N/A)","3B","8685","FA","19","0","0","0%","0%","0","0","0","0","0","0","0","0","0","0","0","0","0","0","0"
"*06301*","Toby Simmons","(N/A)","OF","8686","FA","21","0","0","0%","0%","0","0","0","0","0","0","0","0","0","0","0","0","0","0","0"
"*06qxh*","William Simoneit","TOR","C","8692","FA","29","0","0","0%","0%","0","0","0","0","0","0","0","0","0","0","0","0","0","0","0"
"*03117*","Chance Sisco","(N/A)","C","8710","FA","31","0","0","0%","0%","0","0","0","0","0","0","0","0","0","0","0","0","0","0","0"
"*06r37*","Rocky Solano","(N/A)","OF","8788","FA","19","0","0","0%","0%","0","0","0","0","0","0","0","0","0","0","0","0","0","0","0"
"*06rlw*","Guillermo Sosa","(N/A)","2B","8809","FA","19","0","0","0%","0%","0","0","0","0","0","0","0","0","0","0","0","0","0","0","0"
"*051eq*","Gustavo Sosa","(N/A)","C","8810","FA","25","0","0","0%","0%","0","0","0","0","0","0","0","0","0","0","0","0","0","0","0"
"*02hna*","Elliot Soto","(N/A)","2B,SS","8822","FA","36","0","0","0%","0%","0","0","0","0","0","0","0","0","0","0","0","0","0","0","0"
"*06ph0*","Chris Stanfield","(N/A)","OF","8866","FA","23","0","0","0%","0%","0","0","0","0","0","0","0","0","0","0","0","0","0","0","0"
"*06suh*","Cal Stark","TEX","C","8872","FA","24","0","0","0%","0%","0","0","0","0","0","0","0","0","0","0","0","0","0","0","0"
"*06qjf*","Alex Stone","(N/A)","C","8927","FA","24","0","0","0%","0%","0","0","0","0","0","0","0","0","0","0","0","0","0","0","0"
"*06if8*","Landon Stripling","(N/A)","1B","8943","FA","22","0","0","0%","0%","0","0","0","0","0","0","0","0","0","0","0","0","0","0","0"
"*0669h*","Matt Suggs","WSH","C","8984","FA","26","0","0","0%","0%","0","0","0","0","0","0","0","0","0","0","0","0","0","0","0"
"*06uqi*","Jesus Superlano","ATH","3B","8999","FA","20","0","0","0%","0%","0","0","0","0","0","0","0","0","0","0","0","0","0","0","0"
"*06yt6*","Ethan Surowiec","(N/A)","1B","9003","FA","21","0","0","0%","0%","0","0","0","0","0","0","0","0","0","0","0","0","0","0","0"
"*06rki*","Martin Tamara","DET","C,1B","9045","FA","22","0","0","0%","0%","0","0","0","0","0","0","0","0","0","0","0","0","0","0","0"
"*061wg*","Miguel Tamares","(N/A)","SS","9046","FA","21","0","0","0%","0%","0","0","0","0","0","0","0","0","0","0","0","0","0","0","0"
"*06qyq*","Sergio Tapia","DET","C","9057","FA","23","0","0","0%","0%","0","0","0","0","0","0","0","0","0","0","0","0","0","0","0"
"*067xo*","Dillon Tatum","(N/A)","C","9066","FA","26","0","0","0%","0%","0","0","0","0","0","0","0","0","0","0","0","0","0","0","0"
"*06c50*","Emilio Taveras","(N/A)","1B","9081","FA","23","0","0","0%","0%","0","0","0","0","0","0","0","0","0","0","0","0","0","0","0"
"*06pps*","Raider Tello","PHI","1B,3B","9122","FA","25","0","0","0%","0%","0","0","0","0","0","0","0","0","0","0","0","0","0","0","0"
"*066f7*","Johnathon Thomas","WSH","OF","9155","FA","26","0","0","0%","0%","0","0","0","0","0","0","0","0","0","0","0","0","0","0","0"
"*06660*","Jake Thompson","LAA","3B","9169","FA","28","0","0","0%","0%","0","0","0","0","0","0","0","0","0","0","0","0","0","0","0"
"*06kv8*","Jason Torres","(N/A)","3B","9256","FA","22","0","0","0%","0%","0","0","0","0","0","0","0","0","0","0","0","0","0","0","0"
"*0518c*","Victor Torres","(N/A)","C","9269","FA","25","0","0","0%","0%","0","0","0","0","0","0","0","0","0","0","0","0","0","0","0"
"*05yhv*","Osvaldo Tovalin","(N/A)","3B","9276","FA","26","0","0","0%","0%","0","0","0","0","0","0","0","0","0","0","0","0","0","0","0"
"*06mav*","Pedro Tovar","BAL","OF","9285","FA","20","0","0","0%","0%","0","0","0","0","0","0","0","0","0","0","0","0","0","0","0"
"*06uwt*","Nolan Traeger","(N/A)","C","9291","FA","20","0","0","0%","0%","0","0","0","0","0","0","0","0","0","0","0","0","0","0","0"
"*07307*","Amani Tuiasosopo","(N/A)","SS","9326","FA","14","0","0","0%","0%","0","0","0","0","0","0","0","0","0","0","0","0","0","0","0"
"*06upt*","Emil Turbi","(N/A)","SS","9331","FA","21","0","0","0%","0%","0","0","0","0","0","0","0","0","0","0","0","0","0","0","0"
"*04vni*","Gionti Turner","(N/A)","2B","9334","FA","25","0","0","0%","0%","0","0","0","0","0","0","0","0","0","0","0","0","0","0","0"
"*05y65*","Alex Ulloa","(N/A)","SS","9356","FA","23","0","0","0%","0%","0","0","0","0","0","0","0","0","0","0","0","0","0","0","0"
"*06c3q*","Juan Uribe","(N/A)","2B","9382","FA","20","0","0","0%","0%","0","0","0","0","0","0","0","0","0","0","0","0","0","0","0"
"*06hs2*","Cole Urman","(N/A)","C,1B","9383","FA","24","0","0","0%","0%","0","0","0","0","0","0","0","0","0","0","0","0","0","0","0"
"*06424*","Luis Valdez","(N/A)","2B","9401","FA","26","0","0","0%","0%","0","0","0","0","0","0","0","0","0","0","0","0","0","0","0"
"*06o0u*","Cleudis Valenzuela","(N/A)","2B","9412","FA","19","0","0","0%","0%","0","0","0","0","0","0","0","0","0","0","0","0","0","0","0"
"*0519p*","Sahid Valenzuela","(N/A)","2B,3B","9413","FA","28","0","0","0%","0%","0","0","0","0","0","0","0","0","0","0","0","0","0","0","0"
"*04q2i*","Onix Vega","NYM","C","9494","FA","27","0","0","0%","0%","0","0","0","0","0","0","0","0","0","0","0","0","0","0","0"
"*06kxs*","Remy Veldhuisen","(N/A)","1B","9507","FA","21","0","0","0%","0%","0","0","0","0","0","0","0","0","0","0","0","0","0","0","0"
"*06heh*","Colton Vincent","SD","C","9571","FA","26","0","0","0%","0%","0","0","0","0","0","0","0","0","0","0","0","0","0","0","0"
"*0724e*","Ryker Waite","(N/A)","SS","9614","FA","19","0","0","0%","0%","0","0","0","0","0","0","0","0","0","0","0","0","0","0","0"
"*06hh3*","Landon Wallace","(N/A)","OF","9631","FA","24","0","0","0%","0%","0","0","0","0","0","0","0","0","0","0","0","0","0","0","0"
"*06rhp*","Yannic Walther","MIL","C","9647","FA","22","0","0","0%","0%","0","0","0","0","0","0","0","0","0","0","0","0","0","0","0"
"*06yw2*","Sam White","TOR","2B","9759","FA","22","0","0","0%","0%","0","0","0","0","0","0","0","0","0","0","0","0","0","0","0"
"*04q12*","Michael Wielansky","(N/A)","2B,3B","9780","FA","29","0","0","0%","0%","0","0","0","0","0","0","0","0","0","0","0","0","0","0","0"
"*04pxa*","Cody Wilson","(N/A)","OF","9829","FA","30","0","0","0%","0%","0","0","0","0","0","0","0","0","0","0","0","0","0","0","0"
"*06yuw*","Sebastian Wilson","(N/A)","OF","9839","FA","17","0","0","0%","0%","0","0","0","0","0","0","0","0","0","0","0","0","0","0","0"
"*06b79*","Alsander Womack","(N/A)","2B","9880","FA","27","0","0","0%","0%","0","0","0","0","0","0","0","0","0","0","0","0","0","0","0"
"*06v65*","Garrett Wright","LAA","C","9905","FA","21","0","0","0%","0%","0","0","0","0","0","0","0","0","0","0","0","0","0","0","0"
"*066g0*","Ryan Wrobleski","(N/A)","C","9909","FA","26","0","0","0%","0%","0","0","0","0","0","0","0","0","0","0","0","0","0","0","0"
"*06rr7*","Seung Yeup Na","(N/A)","1B","9939","FA","24","0","0","0%","0%","0","0","0","0","0","0","0","0","0","0","0","0","0","0","0"
"*06rr2*","Dong Hee Yoon","(N/A)","OF","9943","FA","22","0","0","0%","0%","0","0","0","0","0","0","0","0","0","0","0","0","0","0","0"
"*06dqs*","Zach Yorke","(N/A)","1B","9945","FA","22","0","0","0%","0%","0","0","0","0","0","0","0","0","0","0","0","0","0","0","0"
"*06661*","Josh Zamora","(N/A)","3B","9977","FA","27","0","0","0%","0%","0","0","0","0","0","0","0","0","0","0","0","0","0","0","0"
"*05u9i*","Bryant Zayas","(N/A)","SS","9992","FA","22","0","0","0%","0%","0","0","0","0","0","0","0","0","0","0","0","0","0","0","0"
"*062zk*","Yoanis Aleksandrov","(N/A)","C","1306","FA","21","0","0","0%","0%","0","0","0","0","0","0","0","0","0","0","0","0","0","0","0"
"*05ynk*","Michael Alfonso","(N/A)","SS","1315","FA","23","0","0","0%","0%","0","0","0","0","0","0","0","0","0","0","0","0","0","0","0"
"*0665h*","Giullianno Allende","(N/A)","OF","1333","FA","22","0","0","0%","0%","0","0","0","0","0","0","0","0","0","0","0","0","0","0","0"
"*05gtc*","Jostyn Almonte","(N/A)","OF","1349","FA","23","0","0","0%","0%","0","0","0","0","0","0","0","0","0","0","0","0","0","0","0"
"*02i2o*","Albert Almora Jr.","(N/A)","OF","1352","FA","32","0","0","0%","0%","0","0","0","0","0","0","0","0","0","0","0","0","0","0","0"
"*05uag*","Ramiro Altagracia","(N/A)","OF","1359","FA","22","0","0","0%","0%","0","0","0","0","0","0","0","0","0","0","0","0","0","0","0"
"*06ifu*","Rafael Alvarez","(N/A)","1B","1381","FA","21","0","0","0%","0%","0","0","0","0","0","0","0","0","0","0","0","0","0","0","0"
"*05zju*","Ariel Antigua","(N/A)","SS","1443","FA","21","0","0","0%","0%","0","0","0","0","0","0","0","0","0","0","0","0","0","0","0"
"*052ft*","Charlis Aquino","(N/A)","SS","1460","FA","24","0","0","0%","0%","0","0","0","0","0","0","0","0","0","0","0","0","0","0","0"
"*0642b*","Nelson Aranguren","(N/A)","1B","1466","FA","22","0","0","0%","0%","0","0","0","0","0","0","0","0","0","0","0","0","0","0","0"
"*04o30*","Jeremy Arocho","(N/A)","3B","1536","FA","27","0","0","0%","0%","0","0","0","0","0","0","0","0","0","0","0","0","0","0","0"
"*06tn4*","Carlos Arroyo","(N/A)","2B","1546","FA","25","0","0","0%","0%","0","0","0","0","0","0","0","0","0","0","0","0","0","0","0"
"*06c7g*","Luis Atocha","(N/A)","1B","1573","FA","21","0","0","0%","0%","0","0","0","0","0","0","0","0","0","0","0","0","0","0","0"
"*05gtg*","Oscar Aude","(N/A)","OF","1574","FA","23","0","0","0%","0%","0","0","0","0","0","0","0","0","0","0","0","0","0","0","0"
"*05m6c*","Rivaldo Avila","(N/A)","C","1595","FA","23","0","0","0%","0%","0","0","0","0","0","0","0","0","0","0","0","0","0","0","0"
"*03c6o*","Luis Aviles","(N/A)","SS","1596","FA","31","0","0","0%","0%","0","0","0","0","0","0","0","0","0","0","0","0","0","0","0"
"*05ajc*","Franyel Baez","(N/A)","OF","1614","FA","23","0","0","0%","0%","0","0","0","0","0","0","0","0","0","0","0","0","0","0","0"
"*06rj7*","Michael Baez","(N/A)","1B","1625","FA","21","0","0","0%","0%","0","0","0","0","0","0","0","0","0","0","0","0","0","0","0"
"*05ajd*","Zion Bannister","(N/A)","OF","1660","FA","24","0","0","0%","0%","0","0","0","0","0","0","0","0","0","0","0","0","0","0","0"
"*06qiz*","Francesco Barbieri","(N/A)","OF","1673","FA","26","0","0","0%","0%","0","0","0","0","0","0","0","0","0","0","0","0","0","0","0"
"*068xy*","Cristopher Barete","(N/A)","OF","1676","FA","24","0","0","0%","0%","0","0","0","0","0","0","0","0","0","0","0","0","0","0","0"
"*05ygq*","Edwin Barragan","(N/A)","3B","1697","FA","23","0","0","0%","0%","0","0","0","0","0","0","0","0","0","0","0","0","0","0","0"
"*06qxd*","Elis Barreat","(N/A)","2B","1699","FA","23","0","0","0%","0%","0","0","0","0","0","0","0","0","0","0","0","0","0","0","0"
"*041sn*","Tres Barrera","(N/A)","C","1701","FA","31","0","0","0%","0%","0","0","0","0","0","0","0","0","0","0","0","0","0","0","0"
"*05172*","Will Bartlett","(N/A)","1B","1721","FA","25","0","0","0%","0%","0","0","0","0","0","0","0","0","0","0","0","0","0","0","0"
"*06hu6*","Jarrod Belbin","(N/A)","1B","1803","FA","26","0","0","0%","0%","0","0","0","0","0","0","0","0","0","0","0","0","0","0","0"
"*066dr*","Justin Bench","(N/A)","2B","1834","FA","26","0","0","0%","0%","0","0","0","0","0","0","0","0","0","0","0","0","0","0","0"
"*05iyn*","Johan Benitez","(N/A)","SS","1842","FA","22","0","0","0%","0%","0","0","0","0","0","0","0","0","0","0","0","0","0","0","0"
"*059bw*","Lazaro Benitez","(N/A)","OF","1845","FA","26","0","0","0%","0%","0","0","0","0","0","0","0","0","0","0","0","0","0","0","0"
"*065iq*","Godwin Bennett","(N/A)","OF","1850","FA","23","0","0","0%","0%","0","0","0","0","0","0","0","0","0","0","0","0","0","0","0"
"*06hnq*","Pierce Bennett","(N/A)","2B","1852","FA","25","0","0","0%","0%","0","0","0","0","0","0","0","0","0","0","0","0","0","0","0"
"*05rd2*","Stevie Berman","(N/A)","C","1870","FA","31","0","0","0%","0%","0","0","0","0","0","0","0","0","0","0","0","0","0","0","0"
"*06zg2*","Caleb Berry","(N/A)","C","1883","FA","24","0","0","0%","0%","0","0","0","0","0","0","0","0","0","0","0","0","0","0","0"
"*05u9x*","Justin Best","(N/A)","OF","1890","FA","21","0","0","0%","0%","0","0","0","0","0","0","0","0","0","0","0","0","0","0","0"
"*06htz*","Benjamin Blackwell","(N/A)","SS","1935","FA","27","0","0","0%","0%","0","0","0","0","0","0","0","0","0","0","0","0","0","0","0"
"*06hha*","Andy Blake","(N/A)","3B","1938","FA","25","0","0","0%","0%","0","0","0","0","0","0","0","0","0","0","0","0","0","0","0"
"*06meg*","Geyber Blanco","(N/A)","2B","1946","FA","20","0","0","0%","0%","0","0","0","0","0","0","0","0","0","0","0","0","0","0","0"
"*03d6u*","Alex Blandino","(N/A)","1B","1952","FA","33","0","0","0%","0%","0","0","0","0","0","0","0","0","0","0","0","0","0","0","0"
"*029v2*","Jorge Bonifacio","(N/A)","OF","1993","FA","33","0","0","0%","0%","0","0","0","0","0","0","0","0","0","0","0","0","0","0","0"
"*064r4*","Lisandro Bonifacio","(N/A)","SS","1994","FA","20","0","0","0%","0%","0","0","0","0","0","0","0","0","0","0","0","0","0","0","0"
"*052fy*","Mauro Bonifacio","(N/A)","OF","1995","FA","24","0","0","0%","0%","0","0","0","0","0","0","0","0","0","0","0","0","0","0","0"
"*06kts*","Jake Books","(N/A)","OF","2004","FA","22","0","0","0%","0%","0","0","0","0","0","0","0","0","0","0","0","0","0","0","0"
"*06cqa*","Karson Bowen","(N/A)","C,1B","2033","FA","22","0","0","0%","0%","0","0","0","0","0","0","0","0","0","0","0","0","0","0","0"
"*06r78*","Easton Breyfogle","(N/A)","OF","2101","FA","21","0","0","0%","0%","0","0","0","0","0","0","0","0","0","0","0","0","0","0","0"
"*06sub*","Robert Brooks","(N/A)","C","2143","FA","27","0","0","0%","0%","0","0","0","0","0","0","0","0","0","0","0","0","0","0","0"
"*06qjg*","Jessada Brown","MIA","C","2163","FA","23","0","0","0%","0%","0","0","0","0","0","0","0","0","0","0","0","0","0","0","0"
"*051jl*","Luke Brown","(N/A)","OF","2166","FA","27","0","0","0%","0%","0","0","0","0","0","0","0","0","0","0","0","0","0","0","0"
"*06xzy*","Kevin Bruggeman","LAA","1B","2175","FA","25","0","0","0%","0%","0","0","0","0","0","0","0","0","0","0","0","0","0","0","0"
"*05r3u*","Jacob Buchberger","(N/A)","OF","2194","FA","28","0","0","0%","0%","0","0","0","0","0","0","0","0","0","0","0","0","0","0","0"
"*06agm*","Jesus Bugarin","(N/A)","OF","2198","FA","24","0","0","0%","0%","0","0","0","0","0","0","0","0","0","0","0","0","0","0","0"
"*06aqo*","Cade Bunnell","(N/A)","1B","2203","FA","29","0","0","0%","0%","0","0","0","0","0","0","0","0","0","0","0","0","0","0","0"
"*06hh9*","Peter Burns","LAA","C","2229","FA","26","0","0","0%","0%","0","0","0","0","0","0","0","0","0","0","0","0","0","0","0"
"*04pxy*","Elijah Cabell","(N/A)","OF","2260","FA","27","0","0","0%","0%","0","0","0","0","0","0","0","0","0","0","0","0","0","0","0"
"*060q4*","Diosfran Cabeza","ARI","1B","2262","FA","23","0","0","0%","0%","0","0","0","0","0","0","0","0","0","0","0","0","0","0","0"
"*0510e*","Marcos Cabrera","(N/A)","SS","2281","FA","24","0","0","0%","0%","0","0","0","0","0","0","0","0","0","0","0","0","0","0","0"
"*04v6s*","Walking Cabrera","(N/A)","OF","2286","FA","25","0","0","0%","0%","0","0","0","0","0","0","0","0","0","0","0","0","0","0","0"
"*06htx*","Anthony Calarco","(N/A)","1B","2302","FA","26","0","0","0%","0%","0","0","0","0","0","0","0","0","0","0","0","0","0","0","0"
"*06rju*","Francisco Caldera","(N/A)","UT","2308","FA","20","0","0","0%","0%","0","0","0","0","0","0","0","0","0","0","0","0","0","0","0"
"*066ad*","Jacob Campbell","(N/A)","OF","2345","FA","26","0","0","0%","0%","0","0","0","0","0","0","0","0","0","0","0","0","0","0","0"
"*04er6*","Noah Campbell","(N/A)","OF","2350","FA","27","0","0","0%","0%","0","0","0","0","0","0","0","0","0","0","0","0","0","0","0"
"*06rjw*","Diego Campos","(N/A)","C","2357","FA","19","0","0","0%","0%","0","0","0","0","0","0","0","0","0","0","0","0","0","0","0"
"*06r7u*","Franklin Candelario","(N/A)","OF","2367","FA","19","0","0","0%","0%","0","0","0","0","0","0","0","0","0","0","0","0","0","0","0"
"*060ud*","Lorenzo Carrier","COL","OF","2446","FA","23","0","0","0%","0%","0","0","0","0","0","0","0","0","0","0","0","0","0","0","0"
"*02bxm*","Curt Casali","(N/A)","C","2456","FA","37","0","0","0%","0%","0","0","0","0","0","0","0","0","0","0","0","0","0","0","0"
"*0637d*","Jair Casanova","(N/A)","OF","2458","FA","22","0","0","0%","0%","0","0","0","0","0","0","0","0","0","0","0","0","0","0","0"
"*06akc*","Gavin Casas","(N/A)","1B","2461","FA","25","0","0","0%","0%","0","0","0","0","0","0","0","0","0","0","0","0","0","0","0"
"*06rjj*","Estanlin Cassiani","(N/A)","OF","2475","FA","23","0","0","0%","0%","0","0","0","0","0","0","0","0","0","0","0","0","0","0","0"
"*06kzx*","Johnny Castagnozzi","(N/A)","2B","2476","FA","24","0","0","0%","0%","0","0","0","0","0","0","0","0","0","0","0","0","0","0","0"
"*06rk4*","Alejandro Castellano","(N/A)","C","2479","FA","19","0","0","0%","0%","0","0","0","0","0","0","0","0","0","0","0","0","0","0","0"
"*06qx3*","Angelo Castellano","(N/A)","2B,SS","2480","FA","31","0","0","0%","0%","0","0","0","0","0","0","0","0","0","0","0","0","0","0","0"
"*05gdi*","Enger Castellano","(N/A)","1B","2481","FA","23","0","0","0%","0%","0","0","0","0","0","0","0","0","0","0","0","0","0","0","0"
"*06v4q*","Nate Castellon","(N/A)","SS","2484","FA","20","0","0","0%","0%","0","0","0","0","0","0","0","0","0","0","0","0","0","0","0"
"*06148*","Moises Castillo","(N/A)","SS","2506","FA","27","0","0","0%","0%","0","0","0","0","0","0","0","0","0","0","0","0","0","0","0"
"*06qh5*","Winifer Castillo","(N/A)","OF","2516","FA","19","0","0","0%","0%","0","0","0","0","0","0","0","0","0","0","0","0","0","0","0"
"*061tp*","Oliver Cedeno","(N/A)","SS","2560","FA","21","0","0","0%","0%","0","0","0","0","0","0","0","0","0","0","0","0","0","0","0"
"*05xzs*","Victor Celedonio","(N/A)","SS","2563","FA","22","0","0","0%","0%","0","0","0","0","0","0","0","0","0","0","0","0","0","0","0"
"*05rgc*","Andres Centeno","(N/A)","OF","2568","FA","22","0","0","0%","0%","0","0","0","0","0","0","0","0","0","0","0","0","0","0","0"
"*06rgl*","Michel Cervantes","(N/A)","SS","2585","FA","25","0","0","0%","0%","0","0","0","0","0","0","0","0","0","0","0","0","0","0","0"
"*06c3c*","Adan Chacon","(N/A)","1B","2597","FA","20","0","0","0%","0%","0","0","0","0","0","0","0","0","0","0","0","0","0","0","0"
"*05r14*","Santiago Chavez","(N/A)","C","2629","FA","30","0","0","0%","0%","0","0","0","0","0","0","0","0","0","0","0","0","0","0","0"
"*06hnn*","Kellum Clark","(N/A)","OF","2693","FA","25","0","0","0%","0%","0","0","0","0","0","0","0","0","0","0","0","0","0","0","0"
"*06qpf*","Nolan Clifford","(N/A)","SS","2717","FA","24","0","0","0%","0%","0","0","0","0","0","0","0","0","0","0","0","0","0","0","0"
"*060ox*","Oscar Colina","(N/A)","OF","2751","FA","22","0","0","0%","0%","0","0","0","0","0","0","0","0","0","0","0","0","0","0","0"
"*066fo*","Ke'Shun Collier","(N/A)","OF","2758","FA","25","0","0","0%","0%","0","0","0","0","0","0","0","0","0","0","0","0","0","0","0"
"*041xi*","Gavin Collins","(N/A)","C,3B","2764","FA","31","0","0","0%","0%","0","0","0","0","0","0","0","0","0","0","0","0","0","0","0"
"*066s1*","Rabel Colon","(N/A)","OF","2777","FA","22","0","0","0%","0%","0","0","0","0","0","0","0","0","0","0","0","0","0","0","0"
"*06rjs*","Johan Contreras","(N/A)","1B","2807","FA","21","0","0","0%","0%","0","0","0","0","0","0","0","0","0","0","0","0","0","0","0"
"*062zd*","Raino Coran","(N/A)","OF","2829","FA","24","0","0","0%","0%","0","0","0","0","0","0","0","0","0","0","0","0","0","0","0"
"*06c3u*","Carlos Cordero","(N/A)","SS","2833","FA","20","0","0","0%","0%","0","0","0","0","0","0","0","0","0","0","0","0","0","0","0"
"*06rqu*","Daris Cordero","(N/A)","3B","2835","FA","20","0","0","0%","0%","0","0","0","0","0","0","0","0","0","0","0","0","0","0","0"
"*05gtf*","Jose Cordero","(N/A)","OF","2838","FA","23","0","0","0%","0%","0","0","0","0","0","0","0","0","0","0","0","0","0","0","0"
"*05zdd*","Danny Corona","(N/A)","SS","2854","FA","23","0","0","0%","0%","0","0","0","0","0","0","0","0","0","0","0","0","0","0","0"
"*06qkc*","Jorge Corona","CHW","C","2855","FA","25","0","0","0%","0%","0","0","0","0","0","0","0","0","0","0","0","0","0","0","0"
"*05lut*","J.C. Correa","(N/A)","SS","2861","FA","27","0","0","0%","0%","0","0","0","0","0","0","0","0","0","0","0","0","0","0","0"
"*05y5w*","Teudis Cortorreal","(N/A)","OF","2872","FA","22","0","0","0%","0%","0","0","0","0","0","0","0","0","0","0","0","0","0","0","0"
"*0664b*","Maxwell Costes","(N/A)","1B","2878","FA","26","0","0","0%","0%","0","0","0","0","0","0","0","0","0","0","0","0","0","0","0"
"*0730c*","John Cristino","NYY","C","2924","FA","26","0","0","0%","0%","0","0","0","0","0","0","0","0","0","0","0","0","0","0","0"
"*05ubn*","Jac Croom","(N/A)","2B","2931","FA","25","0","0","0%","0%","0","0","0","0","0","0","0","0","0","0","0","0","0","0","0"
"*04z2s*","Adanson Cruz","(N/A)","OF","2943","FA","25","0","0","0%","0%","0","0","0","0","0","0","0","0","0","0","0","0","0","0","0"
"*06r82*","Alex Cruz","(N/A)","OF","2946","FA","19","0","0","0%","0%","0","0","0","0","0","0","0","0","0","0","0","0","0","0","0"
"*06bj1*","Darvin Cruz","(N/A)","OF","2951","FA","20","0","0","0%","0%","0","0","0","0","0","0","0","0","0","0","0","0","0","0","0"
"*06rs1*","Juan Cruz","(N/A)","OF","2959","FA","22","0","0","0%","0%","0","0","0","0","0","0","0","0","0","0","0","0","0","0","0"
"*05xzl*","Rafael Cruz","(N/A)","SS","2968","FA","22","0","0","0%","0%","0","0","0","0","0","0","0","0","0","0","0","0","0","0","0"
"*06r6k*","Rohan Culmer","(N/A)","SS","2988","FA","19","0","0","0%","0%","0","0","0","0","0","0","0","0","0","0","0","0","0","0","0"
"*02i2m*","David Dahl","(N/A)","OF","3023","FA","32","0","0","0%","0%","0","0","0","0","0","0","0","0","0","0","0","0","0","0","0"
"*070bs*","Ryan Daniels","(N/A)","OF","3047","FA","22","0","0","0%","0%","0","0","0","0","0","0","0","0","0","0","0","0","0","0","0"
"*0375e*","Jonathan Davis","(N/A)","OF","3089","FA","34","0","0","0%","0%","0","0","0","0","0","0","0","0","0","0","0","0","0","0","0"
"*06ppt*","Luke Davis","PHI","C,1B","3090","FA","23","0","0","0%","0%","0","0","0","0","0","0","0","0","0","0","0","0","0","0","0"
"*060yu*","Michael De La Cruz","(N/A)","C","3137","FA","33","0","0","0%","0%","0","0","0","0","0","0","0","0","0","0","0","0","0","0","0"
"*0510f*","Bladimir De La Rosa","(N/A)","SS","3153","FA","24","0","0","0%","0%","0","0","0","0","0","0","0","0","0","0","0","0","0","0","0"
"*06ril*","Abel De Leon","(N/A)","C","3166","FA","21","0","0","0%","0%","0","0","0","0","0","0","0","0","0","0","0","0","0","0","0"
"*05r8z*","Isaac De Leon","(N/A)","1B,3B","3173","FA","24","0","0","0%","0%","0","0","0","0","0","0","0","0","0","0","0","0","0","0","0"
"*06rsl*","Jefrey De Los Santos","(N/A)","OF","3188","FA","23","0","0","0%","0%","0","0","0","0","0","0","0","0","0","0","0","0","0","0","0"
"*06205*","Axell De Paula","(N/A)","OF","3201","FA","21","0","0","0%","0%","0","0","0","0","0","0","0","0","0","0","0","0","0","0","0"
"*057xr*","Alisson Del Orbe","(N/A)","2B","3245","FA","24","0","0","0%","0%","0","0","0","0","0","0","0","0","0","0","0","0","0","0","0"
"*06icd*","Jeremy Denaud","(N/A)","OF","3267","FA","19","0","0","0%","0%","0","0","0","0","0","0","0","0","0","0","0","0","0","0","0"
"*05u2h*","Zane Denton","(N/A)","3B","3274","FA","25","0","0","0%","0%","0","0","0","0","0","0","0","0","0","0","0","0","0","0","0"
"*06ror*","Kyle Dernedde","CLE","2B,3B","3276","FA","25","0","0","0%","0%","0","0","0","0","0","0","0","0","0","0","0","0","0","0","0"
"*06yqb*","Michael DiMartini","(N/A)","OF","3286","FA","21","0","0","0%","0%","0","0","0","0","0","0","0","0","0","0","0","0","0","0","0"
"*06hiz*","Angelo DiSpigna","(N/A)","1B,OF","3287","FA","26","0","0","0%","0%","0","0","0","0","0","0","0","0","0","0","0","0","0","0","0"
"*06hsu*","Brauli Diaz","(N/A)","3B","3296","FA","20","0","0","0%","0%","0","0","0","0","0","0","0","0","0","0","0","0","0","0","0"
"*06hsv*","Jhon Diaz","(N/A)","2B","3310","FA","21","0","0","0%","0%","0","0","0","0","0","0","0","0","0","0","0","0","0","0","0"
"*06u78*","Kelvin Diaz","(N/A)","SS","3316","FA","23","0","0","0%","0%","0","0","0","0","0","0","0","0","0","0","0","0","0","0","0"
"*066k6*","Nomar Diaz","(N/A)","C","3320","FA","22","0","0","0%","0%","0","0","0","0","0","0","0","0","0","0","0","0","0","0","0"
"*060ql*","Yimmy Diaz","(N/A)","SS","3332","FA","22","0","0","0%","0%","0","0","0","0","0","0","0","0","0","0","0","0","0","0","0"
"*03mpg*","Ray-Patrick Didder","(N/A)","2B,SS","3345","FA","31","0","0","0%","0%","0","0","0","0","0","0","0","0","0","0","0","0","0","0","0"
"*052cl*","Vladimir Dilone","(N/A)","2B","3354","FA","26","0","0","0%","0%","0","0","0","0","0","0","0","0","0","0","0","0","0","0","0"
"*04ydk*","Dawson Dimon","(N/A)","C","3355","FA","27","0","0","0%","0%","0","0","0","0","0","0","0","0","0","0","0","0","0","0","0"
"*05uae*","Owen Diodati","(N/A)","OF","3357","FA","24","0","0","0%","0%","0","0","0","0","0","0","0","0","0","0","0","0","0","0","0"
"*03djy*","Patrick Dorrian","(N/A)","3B","3397","FA","30","0","0","0%","0%","0","0","0","0","0","0","0","0","0","0","0","0","0","0","0"
"*051h9*","Terence Doston","(N/A)","OF","3402","FA","25","0","0","0%","0%","0","0","0","0","0","0","0","0","0","0","0","0","0","0","0"
"*05ync*","Lucas Dunn","(N/A)","2B","3460","FA","27","0","0","0%","0%","0","0","0","0","0","0","0","0","0","0","0","0","0","0","0"
"*06ywg*","Konni Durschlag","SEA","OF","3484","FA","24","0","0","0%","0%","0","0","0","0","0","0","0","0","0","0","0","0","0","0","0"
"*051jk*","Ty Duvall","(N/A)","C","3488","FA","29","0","0","0%","0%","0","0","0","0","0","0","0","0","0","0","0","0","0","0","0"
"*04ya3*","Jerrion Ealy","(N/A)","OF","3494","FA","25","0","0","0%","0%","0","0","0","0","0","0","0","0","0","0","0","0","0","0","0"
"*06h1s*","Drew Ehrhard","(N/A)","1B","3520","FA","27","0","0","0%","0%","0","0","0","0","0","0","0","0","0","0","0","0","0","0","0"
"*06qit*","Matthew Ellis","SEA","C","3541","FA","25","0","0","0%","0%","0","0","0","0","0","0","0","0","0","0","0","0","0","0","0"
"*06hgy*","Cole Elvis","(N/A)","C","3544","FA","26","0","0","0%","0%","0","0","0","0","0","0","0","0","0","0","0","0","0","0","0"
"*05r9y*","Rob Emery","(N/A)","C","3549","FA","29","0","0","0%","0%","0","0","0","0","0","0","0","0","0","0","0","0","0","0","0"
"*05ama*","Leandro Emiliani","(N/A)","1B","3550","FA","26","0","0","0%","0%","0","0","0","0","0","0","0","0","0","0","0","0","0","0","0"
"*04o3c*","Sebastian Espino","(N/A)","SS","3597","FA","26","0","0","0%","0%","0","0","0","0","0","0","0","0","0","0","0","0","0","0","0"
"*05j74*","Geury Estevez","(N/A)","SS","3618","FA","24","0","0","0%","0%","0","0","0","0","0","0","0","0","0","0","0","0","0","0","0"
"*06rkf*","Johan Estrada","(N/A)","1B","3622","FA","20","0","0","0%","0%","0","0","0","0","0","0","0","0","0","0","0","0","0","0","0"
"*06rr6*","Chan Eui Song","(N/A)","2B","3632","FA","27","0","0","0%","0%","0","0","0","0","0","0","0","0","0","0","0","0","0","0","0"
"*06pgz*","Ty Evans","(N/A)","OF","3638","FA","23","0","0","0%","0%","0","0","0","0","0","0","0","0","0","0","0","0","0","0","0"
"*06uuu*","AJ Evasco","(N/A)","OF","3641","FA","21","0","0","0%","0%","0","0","0","0","0","0","0","0","0","0","0","0","0","0","0"
"*0669m*","Caleb Farmer","WSH","C","3671","FA","26","0","0","0%","0%","0","0","0","0","0","0","0","0","0","0","0","0","0","0","0"
"*066ao*","Ezra Farmer","(N/A)","OF","3672","FA","23","0","0","0%","0%","0","0","0","0","0","0","0","0","0","0","0","0","0","0","0"
"*066o0*","Kendry Feliz","(N/A)","SS","3702","FA","21","0","0","0%","0%","0","0","0","0","0","0","0","0","0","0","0","0","0","0","0"
"*060u8*","Johan Ferreira","(N/A)","3B","3738","FA","23","0","0","0%","0%","0","0","0","0","0","0","0","0","0","0","0","0","0","0","0"
"*05ym2*","Richard Ferrer-Westrop","(N/A)","3B","3741","FA","23","0","0","0%","0%","0","0","0","0","0","0","0","0","0","0","0","0","0","0","0"
"*05jq8*","Brandon Fields","(N/A)","OF","3747","FA","25","0","0","0%","0%","0","0","0","0","0","0","0","0","0","0","0","0","0","0","0"
"*04ymj*","Adonis Figuereo","(N/A)","OF","3751","FA","25","0","0","0%","0%","0","0","0","0","0","0","0","0","0","0","0","0","0","0","0"
"*04ybl*","Omar Florentino","(N/A)","SS","3800","FA","24","0","0","0%","0%","0","0","0","0","0","0","0","0","0","0","0","0","0","0","0"
"*06rjt*","Miguel Flores","(N/A)","C","3812","FA","21","0","0","0%","0%","0","0","0","0","0","0","0","0","0","0","0","0","0","0","0"
"*057xt*","Ronaldo Flores","(N/A)","C","3816","FA","24","0","0","0%","0%","0","0","0","0","0","0","0","0","0","0","0","0","0","0","0"
"*051hl*","Shayne Fontana","(N/A)","1B","3835","FA","29","0","0","0%","0%","0","0","0","0","0","0","0","0","0","0","0","0","0","0","0"
"*03mgg*","Mike Ford","(N/A)","UT","3842","FA","34","0","0","0%","0%","0","0","0","0","0","0","0","0","0","0","0","0","0","0","0"
"*06rq5*","Dale Francis","(N/A)","1B","3873","FA","24","0","0","0%","0%","0","0","0","0","0","0","0","0","0","0","0","0","0","0","0"
"*06qlu*","Cesar Franco","(N/A)","OF","3883","FA","24","0","0","0%","0%","0","0","0","0","0","0","0","0","0","0","0","0","0","0","0"
"*06ujp*","Luis Freitez","ATH","OF","3914","FA","23","0","0","0%","0%","0","0","0","0","0","0","0","0","0","0","0","0","0","0","0"
"*06rj2*","Wander Frias","(N/A)","2B","3923","FA","20","0","0","0%","0%","0","0","0","0","0","0","0","0","0","0","0","0","0","0","0"
"*05tc9*","Will Frizzell","(N/A)","1B","3934","FA","27","0","0","0%","0%","0","0","0","0","0","0","0","0","0","0","0","0","0","0","0"
"*02brd*","Cam Gallagher","(N/A)","C","3975","FA","33","0","0","0%","0%","0","0","0","0","0","0","0","0","0","0","0","0","0","0","0"
"*06sbf*","Moises Gallardo","(N/A)","OF","3980","FA","23","0","0","0%","0%","0","0","0","0","0","0","0","0","0","0","0","0","0","0","0"
"*06zem*","Carter Garate","TEX","3B","4004","FA","22","0","0","0%","0%","0","0","0","0","0","0","0","0","0","0","0","0","0","0","0"
"*062zj*","Elian Garcia","(N/A)","OF","4035","FA","21","0","0","0%","0%","0","0","0","0","0","0","0","0","0","0","0","0","0","0","0"
"*06max*","Juan Garcia","(N/A)","C","4048","FA","19","0","0","0%","0%","0","0","0","0","0","0","0","0","0","0","0","0","0","0","0"
"*06rig*","Juan Garcia","(N/A)","C","4049","FA","23","0","0","0%","0%","0","0","0","0","0","0","0","0","0","0","0","0","0","0","0"
"*05rgn*","Luis Garcia","(N/A)","SS","4056","FA","22","0","0","0%","0%","0","0","0","0","0","0","0","0","0","0","0","0","0","0","0"
"*06qy6*","Rodrigo Garcia","(N/A)","C","4063","FA","19","0","0","0%","0%","0","0","0","0","0","0","0","0","0","0","0","0","0","0","0"
"*04pu3*","Willie Joe Garry Jr.","(N/A)","OF","4087","FA","26","0","0","0%","0%","0","0","0","0","0","0","0","0","0","0","0","0","0","0","0"
"*06rnf*","Andres Garza","(N/A)","C","4089","FA","19","0","0","0%","0%","0","0","0","0","0","0","0","0","0","0","0","0","0","0","0"
"*06bj9*","Angel Gil","(N/A)","OF","4142","FA","20","0","0","0%","0%","0","0","0","0","0","0","0","0","0","0","0","0","0","0","0"
"*03djp*","Chris Gittens","(N/A)","1B","4171","FA","32","0","0","0%","0%","0","0","0","0","0","0","0","0","0","0","0","0","0","0","0"
"*060hr*","Robbie Glendinning","(N/A)","SS","4180","FA","30","0","0","0%","0%","0","0","0","0","0","0","0","0","0","0","0","0","0","0","0"
"*05uvc*","Jackson Glenn","(N/A)","2B,3B","4181","FA","28","0","0","0%","0%","0","0","0","0","0","0","0","0","0","0","0","0","0","0","0"
"*06rs9*","Seung Min Go","(N/A)","2B","4184","FA","25","0","0","0%","0%","0","0","0","0","0","0","0","0","0","0","0","0","0","0","0"
"*06rst*","Jordan Goldmann","(N/A)","OF,SP","4191","FA","24","0","0","0%","0%","0","0","0","0","0","0","0","0","0","0","0","0","0","0","0"
"*06ri8*","Gabriel Gomes","(N/A)","C","4194","FA","22","0","0","0%","0%","0","0","0","0","0","0","0","0","0","0","0","0","0","0","0"
"*06rla*","Mario Gomez","(N/A)","C","4211","FA","23","0","0","0%","0%","0","0","0","0","0","0","0","0","0","0","0","0","0","0","0"
"*06rn8*","Anyelo Gonzalez","(N/A)","C","4238","FA","21","0","0","0%","0%","0","0","0","0","0","0","0","0","0","0","0","0","0","0","0"
"*061z1*","Cristian Gonzalez","(N/A)","SS","4248","FA","21","0","0","0%","0%","0","0","0","0","0","0","0","0","0","0","0","0","0","0","0"
"*06qxc*","Diego Gonzalez","(N/A)","3B","4255","FA","23","0","0","0%","0%","0","0","0","0","0","0","0","0","0","0","0","0","0","0","0"
"*06rhm*","Jose Gonzalez","(N/A)","OF","4275","FA","25","0","0","0%","0%","0","0","0","0","0","0","0","0","0","0","0","0","0","0","0"
"*06v30*","Jose Gonzalez","LAD","1B","4276","FA","21","0","0","0%","0%","0","0","0","0","0","0","0","0","0","0","0","0","0","0","0"
"*06alv*","Clay Grady","(N/A)","SS","4330","FA","22","0","0","0%","0%","0","0","0","0","0","0","0","0","0","0","0","0","0","0","0"
"*05xq7*","A.J. Graham","(N/A)","SS","4334","FA","23","0","0","0%","0%","0","0","0","0","0","0","0","0","0","0","0","0","0","0","0"
"*06riu*","Dilan Granadillo","CHC","C","4341","FA","25","0","0","0%","0%","0","0","0","0","0","0","0","0","0","0","0","0","0","0","0"
"*061zt*","Harold Grant","(N/A)","OF","4345","FA","21","0","0","0%","0%","0","0","0","0","0","0","0","0","0","0","0","0","0","0","0"
"*06tx6*","Clayton Gray","COL","OF","4352","FA","24","0","0","0%","0%","0","0","0","0","0","0","0","0","0","0","0","0","0","0","0"
"*06cqj*","Mason Greenhouse","(N/A)","OF","4377","FA","20","0","0","0%","0%","0","0","0","0","0","0","0","0","0","0","0","0","0","0","0"
"*05y4e*","Manuel Guariman","(N/A)","C","4406","FA","22","0","0","0%","0%","0","0","0","0","0","0","0","0","0","0","0","0","0","0","0"
"*06c3d*","Jose Guerra","(N/A)","1B","4415","FA","20","0","0","0%","0%","0","0","0","0","0","0","0","0","0","0","0","0","0","0","0"
"*05yi1*","Freddy Guilamo","(N/A)","C","4434","FA","25","0","0","0%","0%","0","0","0","0","0","0","0","0","0","0","0","0","0","0","0"
"*06ift*","Jean Gutierrez","(N/A)","OF","4459","FA","20","0","0","0%","0%","0","0","0","0","0","0","0","0","0","0","0","0","0","0","0"
"*06s3p*","Carlos Gutierrez","(N/A)","OF","4466","FA","22","0","0","0%","0%","0","0","0","0","0","0","0","0","0","0","0","0","0","0","0"
"*06uxb*","Michael Guzman","(N/A)","3B","4478","FA","20","0","0","0%","0%","0","0","0","0","0","0","0","0","0","0","0","0","0","0","0"
"*06rng*","Walfrent Guzman","(N/A)","1B","4483","FA","21","0","0","0%","0%","0","0","0","0","0","0","0","0","0","0","0","0","0","0","0"
"*06r4v*","Adam Haight","(N/A)","SS","4503","FA","20","0","0","0%","0%","0","0","0","0","0","0","0","0","0","0","0","0","0","0","0"
"*06q2i*","Sam Harris","(N/A)","1B","4584","FA","21","0","0","0%","0%","0","0","0","0","0","0","0","0","0","0","0","0","0","0","0"
"*04cdd*","Adam Haseley","(N/A)","OF","4605","FA","30","0","0","0%","0%","0","0","0","0","0","0","0","0","0","0","0","0","0","0","0"
"*06rjx*","Kyle Hayes","WSH","C","4622","FA","28","0","0","0%","0%","0","0","0","0","0","0","0","0","0","0","0","0","0","0","0"
"*072wj*","Jeffery Heard","LAA","OF","4629","FA","23","0","0","0%","0%","0","0","0","0","0","0","0","0","0","0","0","0","0","0","0"
"*03mp0*","Michael Hermosillo","(N/A)","OF","4692","FA","31","0","0","0%","0%","0","0","0","0","0","0","0","0","0","0","0","0","0","0","0"
"*06r8e*","Alcides Hernandez","SD","UT","4697","FA","21","0","0","0%","0%","0","0","0","0","0","0","0","0","0","0","0","0","0","0","0"
"*06ujo*","Arxy Hernandez","(N/A)","3B,SS","4704","FA","22","0","0","0%","0%","0","0","0","0","0","0","0","0","0","0","0","0","0","0","0"
"*06qgy*","Diego Hernandez","(N/A)","SS","4716","FA","19","0","0","0%","0%","0","0","0","0","0","0","0","0","0","0","0","0","0","0","0"
"*06ih2*","Jason Hernandez","(N/A)","OF","4728","FA","20","0","0","0%","0%","0","0","0","0","0","0","0","0","0","0","0","0","0","0","0"
"*06ifz*","Juan Hernandez","(N/A)","3B","4736","FA","20","0","0","0%","0%","0","0","0","0","0","0","0","0","0","0","0","0","0","0","0"
"*06rf8*","Julian Hernandez","(N/A)","C","4737","FA","20","0","0","0%","0%","0","0","0","0","0","0","0","0","0","0","0","0","0","0","0"
"*06rp2*","Maikel Hernandez","(N/A)","C","4745","FA","23","0","0","0%","0%","0","0","0","0","0","0","0","0","0","0","0","0","0","0","0"
"*064wa*","Pedro Hernandez","(N/A)","SS","4756","FA","21","0","0","0%","0%","0","0","0","0","0","0","0","0","0","0","0","0","0","0","0"
"*06rj6*","Brayan Hernandez","(N/A)","C","4768","FA","24","0","0","0%","0%","0","0","0","0","0","0","0","0","0","0","0","0","0","0","0"
"*06qiw*","Tyler Herron","(N/A)","C","4793","FA","23","0","0","0%","0%","0","0","0","0","0","0","0","0","0","0","0","0","0","0","0"
"*0639y*","Renny Hidalgo","(N/A)","OF","4817","FA","23","0","0","0%","0%","0","0","0","0","0","0","0","0","0","0","0","0","0","0","0"
"*06uhf*","Jacob Hinderleider","COL","1B","4843","FA","25","0","0","0%","0%","0","0","0","0","0","0","0","0","0","0","0","0","0","0","0"
"*06k6q*","Jake Hjelle","(N/A)","1B","4854","FA","25","0","0","0%","0%","0","0","0","0","0","0","0","0","0","0","0","0","0","0","0"
"*06u74*","Wyatt Hoffman","SD","OF","4871","FA","27","0","0","0%","0%","0","0","0","0","0","0","0","0","0","0","0","0","0","0","0"
"*06ulr*","Matt Hogan","(N/A)","OF","4872","FA","26","0","0","0%","0%","0","0","0","0","0","0","0","0","0","0","0","0","0","0","0"
"*066ab*","Kaden Hollow","(N/A)","1B","4889","FA","25","0","0","0%","0%","0","0","0","0","0","0","0","0","0","0","0","0","0","0","0"
"*06qjp*","Kaden Hopson","LAA","UT","4914","FA","25","0","0","0%","0%","0","0","0","0","0","0","0","0","0","0","0","0","0","0","0"
"*05r56*","Bryson Horne","(N/A)","1B","4918","FA","27","0","0","0%","0%","0","0","0","0","0","0","0","0","0","0","0","0","0","0","0"
"*066a0*","Carter Howell","(N/A)","OF","4937","FA","27","0","0","0%","0%","0","0","0","0","0","0","0","0","0","0","0","0","0","0","0"
"*02mzt*","Joe Hudson","(N/A)","C","4947","FA","35","0","0","0%","0%","0","0","0","0","0","0","0","0","0","0","0","0","0","0","0"
"*06htu*","Devin Hurdle","(N/A)","2B","4980","FA","26","0","0","0%","0%","0","0","0","0","0","0","0","0","0","0","0","0","0","0","0"
"*06rkl*","Ricardo Hurtado","DET","C","4984","FA","23","0","0","0%","0%","0","0","0","0","0","0","0","0","0","0","0","0","0","0","0"
"*05yil*","Grant Hussey","(N/A)","1B","4987","FA","23","0","0","0%","0%","0","0","0","0","0","0","0","0","0","0","0","0","0","0","0"
"*04w4a*","Cesar Idrogo","(N/A)","OF","4995","FA","25","0","0","0%","0%","0","0","0","0","0","0","0","0","0","0","0","0","0","0","0"
"*06uws*","Austin Irby","(N/A)","1B","5006","FA","20","0","0","0%","0%","0","0","0","0","0","0","0","0","0","0","0","0","0","0","0"
"*06c3e*","David Isea","(N/A)","C","5014","FA","20","0","0","0%","0%","0","0","0","0","0","0","0","0","0","0","0","0","0","0","0"
"*05iys*","Lyonell James","(N/A)","SS","5047","FA","23","0","0","0%","0%","0","0","0","0","0","0","0","0","0","0","0","0","0","0","0"
"*06436*","Carlos Jimenez","(N/A)","1B","5101","FA","24","0","0","0%","0%","0","0","0","0","0","0","0","0","0","0","0","0","0","0","0"
"*04yit*","Enoy Jimenez","(N/A)","SS","5108","FA","25","0","0","0%","0%","0","0","0","0","0","0","0","0","0","0","0","0","0","0","0"
"*06ifh*","Eikel Joaquin","(N/A)","3B","5128","FA","20","0","0","0%","0%","0","0","0","0","0","0","0","0","0","0","0","0","0","0","0"
"*060yq*","Yorfran John","(N/A)","SS","5131","FA","21","0","0","0%","0%","0","0","0","0","0","0","0","0","0","0","0","0","0","0","0"
"*066cz*","Brett Johnson","(N/A)","OF","5136","FA","26","0","0","0%","0%","0","0","0","0","0","0","0","0","0","0","0","0","0","0","0"
"*06c7u*","Paris Johnson","(N/A)","OF","5153","FA","21","0","0","0%","0%","0","0","0","0","0","0","0","0","0","0","0","0","0","0","0"
"*0665j*","Tyler Johnson","(N/A)","1B","5158","FA","26","0","0","0%","0%","0","0","0","0","0","0","0","0","0","0","0","0","0","0","0"
"*06htc*","Carson Jones","(N/A)","OF","5169","FA","25","0","0","0%","0%","0","0","0","0","0","0","0","0","0","0","0","0","0","0","0"
"*066dm*","Deundre Jones","(N/A)","OF","5171","FA","22","0","0","0%","0%","0","0","0","0","0","0","0","0","0","0","0","0","0","0","0"
"*06uln*","Jorge Julio","(N/A)","OF","5210","FA","19","0","0","0%","0%","0","0","0","0","0","0","0","0","0","0","0","0","0","0","0"
"*06ahn*","Gavin Kash","(N/A)","1B","5235","FA","23","0","0","0%","0%","0","0","0","0","0","0","0","0","0","0","0","0","0","0","0"
"*05xsu*","Kevin Kendall","(N/A)","OF","5271","FA","27","0","0","0%","0%","0","0","0","0","0","0","0","0","0","0","0","0","0","0","0"
"*04pqw*","Grant Koch","(N/A)","C","5372","FA","29","0","0","0%","0%","0","0","0","0","0","0","0","0","0","0","0","0","0","0","0"
"*06rr8*","Ja Wook Koo","(N/A)","OF","5388","FA","33","0","0","0%","0%","0","0","0","0","0","0","0","0","0","0","0","0","0","0","0"
"*06hej*","Addison Kopack","(N/A)","1B","5389","FA","24","0","0","0%","0%","0","0","0","0","0","0","0","0","0","0","0","0","0","0","0"
"*066ak*","Dakota Kotowski","(N/A)","1B","5395","FA","26","0","0","0%","0%","0","0","0","0","0","0","0","0","0","0","0","0","0","0","0"
"*06hu0*","Kade Kretzschmar","(N/A)","OF","5404","FA","26","0","0","0%","0%","0","0","0","0","0","0","0","0","0","0","0","0","0","0","0"
"*02mzn*","Jake Lamb","(N/A)","1B","5445","FA","35","0","0","0%","0%","0","0","0","0","0","0","0","0","0","0","0","0","0","0","0"
"*06zet*","Steven Lancia","CHW","C","5453","FA","24","0","0","0%","0%","0","0","0","0","0","0","0","0","0","0","0","0","0","0","0"
"*066f8*","Carmine Lane","(N/A)","C","5459","FA","25","0","0","0%","0%","0","0","0","0","0","0","0","0","0","0","0","0","0","0","0"
"*06ri0*","Andriel Lantigua","(N/A)","C","5471","FA","22","0","0","0%","0%","0","0","0","0","0","0","0","0","0","0","0","0","0","0","0"
"*06644*","Chris Lanzilli","(N/A)","OF","5478","FA","28","0","0","0%","0%","0","0","0","0","0","0","0","0","0","0","0","0","0","0","0"
"*06ulw*","Wilton Lara","(N/A)","3B","5492","FA","22","0","0","0%","0%","0","0","0","0","0","0","0","0","0","0","0","0","0","0","0"
"*067z2*","Ashton Larson","(N/A)","OF","5500","FA","21","0","0","0%","0%","0","0","0","0","0","0","0","0","0","0","0","0","0","0","0"
"*05r69*","Roger Lasso","(N/A)","OF","5507","FA","22","0","0","0%","0%","0","0","0","0","0","0","0","0","0","0","0","0","0","0","0"
"*06zes*","Maddox Latta","TOR","2B","5509","FA","23","0","0","0%","0%","0","0","0","0","0","0","0","0","0","0","0","0","0","0","0"
"*0680l*","Lorenzo Laurel","(N/A)","3B","5511","FA","18","0","0","0%","0%","0","0","0","0","0","0","0","0","0","0","0","0","0","0","0"
"*06r4p*","Tre' Lawrence","(N/A)","OF","5520","FA","15","0","0","0%","0%","0","0","0","0","0","0","0","0","0","0","0","0","0","0","0"
"*06uy1*","Dylan Leach","(N/A)","C","5531","FA","23","0","0","0%","0%","0","0","0","0","0","0","0","0","0","0","0","0","0","0","0"
"*05yd5*","Darren Ledford","(N/A)","C","5548","FA","19","0","0","0%","0%","0","0","0","0","0","0","0","0","0","0","0","0","0","0","0"
"*06ri7*","Qyshawn Legito","(N/A)","C","5569","FA","20","0","0","0%","0%","0","0","0","0","0","0","0","0","0","0","0","0","0","0","0"
"*066aj*","Ryan Leitch","(N/A)","C","5574","FA","24","0","0","0%","0%","0","0","0","0","0","0","0","0","0","0","0","0","0","0","0"
"*06uxj*","Dayne Leonard","CIN","C","5585","FA","26","0","0","0%","0%","0","0","0","0","0","0","0","0","0","0","0","0","0","0","0"
"*05lp1*","Iverson Leonardo","(N/A)","OF","5587","FA","24","0","0","0%","0%","0","0","0","0","0","0","0","0","0","0","0","0","0","0","0"
"*06ujs*","Luis Leones","(N/A)","OF","5589","FA","23","0","0","0%","0%","0","0","0","0","0","0","0","0","0","0","0","0","0","0","0"
"*06l0f*","Ray Leonzi","(N/A)","OF","5591","FA","23","0","0","0%","0%","0","0","0","0","0","0","0","0","0","0","0","0","0","0","0"
"*06hnj*","Nadir Lewis","(N/A)","OF","5611","FA","25","0","0","0%","0%","0","0","0","0","0","0","0","0","0","0","0","0","0","0","0"
"*04ug7*","Brandon Leyton","(N/A)","2B","5616","FA","27","0","0","0%","0%","0","0","0","0","0","0","0","0","0","0","0","0","0","0","0"
"*05no1*","Roger Leyton","(N/A)","OF","5617","FA","23","0","0","0%","0%","0","0","0","0","0","0","0","0","0","0","0","0","0","0","0"
"*072yu*","Tyler Lichtenberger","(N/A)","SS","5621","FA","20","0","0","0%","0%","0","0","0","0","0","0","0","0","0","0","0","0","0","0","0"
"*06rnl*","Winder Linares","(N/A)","OF","5640","FA","19","0","0","0%","0%","0","0","0","0","0","0","0","0","0","0","0","0","0","0","0"
"*066is*","Trey Lipsey","(N/A)","OF","5655","FA","23","0","0","0%","0%","0","0","0","0","0","0","0","0","0","0","0","0","0","0","0"
"*031dr*","Tim Locastro","(N/A)","1B,OF","5678","FA","34","0","0","0%","0%","0","0","0","0","0","0","0","0","0","0","0","0","0","0","0"
"*05iyu*","Abelaldo Lopez","(N/A)","OF","5716","FA","23","0","0","0%","0%","0","0","0","0","0","0","0","0","0","0","0","0","0","0","0"
"*06r7r*","Eduardito Lopez","(N/A)","2B","5723","FA","19","0","0","0%","0%","0","0","0","0","0","0","0","0","0","0","0","0","0","0","0"
"*04ere*","Irving Lopez","(N/A)","2B","5728","FA","31","0","0","0%","0%","0","0","0","0","0","0","0","0","0","0","0","0","0","0","0"
"*051ws*","Johan Lopez","(N/A)","SS","5734","FA","25","0","0","0%","0%","0","0","0","0","0","0","0","0","0","0","0","0","0","0","0"
"*04b3f*","Justin Lopez","(N/A)","SS","5742","FA","26","0","0","0%","0%","0","0","0","0","0","0","0","0","0","0","0","0","0","0","0"
"*04c0w*","Carlos Luis","(N/A)","SS","5793","FA","26","0","0","0%","0%","0","0","0","0","0","0","0","0","0","0","0","0","0","0","0"
"*027h1*","Dixon Machado","(N/A)","3B,SS","5836","FA","34","0","0","0%","0%","0","0","0","0","0","0","0","0","0","0","0","0","0","0","0"
"*060qu*","Roilan Machandy","(N/A)","OF","5840","FA","25","0","0","0%","0%","0","0","0","0","0","0","0","0","0","0","0","0","0","0","0"
"*05xtv*","Reynaldo Madrigal","(N/A)","OF","5860","FA","22","0","0","0%","0%","0","0","0","0","0","0","0","0","0","0","0","0","0","0","0"
"*06yys*","Mario Magana","(N/A)","OF","5867","FA","19","0","0","0%","0%","0","0","0","0","0","0","0","0","0","0","0","0","0","0","0"
"*02hnm*","Drew Maggi","(N/A)","2B","5871","FA","37","0","0","0%","0%","0","0","0","0","0","0","0","0","0","0","0","0","0","0","0"
"*06qke*","Grant Magill","CHW","C","5872","FA","25","0","0","0%","0%","0","0","0","0","0","0","0","0","0","0","0","0","0","0","0"
"*06uwp*","Cooper Malamazian","(N/A)","SS","5886","FA","20","0","0","0%","0%","0","0","0","0","0","0","0","0","0","0","0","0","0","0","0"
"*06bt4*","Renair Manrique","(N/A)","SS","5911","FA","20","0","0","0%","0%","0","0","0","0","0","0","0","0","0","0","0","0","0","0","0"
"*06suq*","Agustin Marcano","(N/A)","C","5917","FA","20","0","0","0%","0%","0","0","0","0","0","0","0","0","0","0","0","0","0","0","0"
"*04t41*","Tucupita Marcano","(N/A)","OF","5922","FA","26","0","0","0%","0%","0","0","0","0","0","0","0","0","0","0","0","0","0","0","0"
"*062zm*","Maximo Maria","(N/A)","OF","5932","FA","21","0","0","0%","0%","0","0","0","0","0","0","0","0","0","0","0","0","0","0","0"
"*06sup*","Jermaine Maricuto","(N/A)","1B","5937","FA","20","0","0","0%","0%","0","0","0","0","0","0","0","0","0","0","0","0","0","0","0"
"*06rkd*","Nelson Marin","(N/A)","C,1B","5943","FA","20","0","0","0%","0%","0","0","0","0","0","0","0","0","0","0","0","0","0","0","0"
"*06rl8*","Luis Marinez","(N/A)","1B","5945","FA","24","0","0","0%","0%","0","0","0","0","0","0","0","0","0","0","0","0","0","0","0"
"*04l9z*","Ynmanol Marinez","(N/A)","SS","5947","FA","25","0","0","0%","0%","0","0","0","0","0","0","0","0","0","0","0","0","0","0","0"
"*06rk5*","Angel Marte","(N/A)","C","5982","FA","20","0","0","0%","0%","0","0","0","0","0","0","0","0","0","0","0","0","0","0","0"
"*05h7h*","Daniel Marte","(N/A)","OF","5983","FA","24","0","0","0%","0%","0","0","0","0","0","0","0","0","0","0","0","0","0","0","0"
"*06qvt*","Christian Martin","(N/A)","2B","5992","FA","23","0","0","0%","0%","0","0","0","0","0","0","0","0","0","0","0","0","0","0","0"
"*05uca*","Kaden Martin","(N/A)","OF","5997","FA","22","0","0","0%","0%","0","0","0","0","0","0","0","0","0","0","0","0","0","0","0"
"*06rgu*","Luis Martinez","(N/A)","1B","6052","FA","20","0","0","0%","0%","0","0","0","0","0","0","0","0","0","0","0","0","0","0","0"
"*06fu1*","Cameron Masterman","(N/A)","OF","6087","FA","27","0","0","0%","0%","0","0","0","0","0","0","0","0","0","0","0","0","0","0","0"
"*06oh0*","Jean Mata","(N/A)","OF","6089","FA","21","0","0","0%","0%","0","0","0","0","0","0","0","0","0","0","0","0","0","0","0"
"*04euk*","Shane Matheny","(N/A)","1B","6097","FA","30","0","0","0%","0%","0","0","0","0","0","0","0","0","0","0","0","0","0","0","0"
"*06amm*","Delvis Matos","(N/A)","OF","6112","FA","21","0","0","0%","0%","0","0","0","0","0","0","0","0","0","0","0","0","0","0","0"
"*06ifl*","Ewing Matos","(N/A)","OF","6115","FA","20","0","0","0%","0%","0","0","0","0","0","0","0","0","0","0","0","0","0","0","0"
"*06qs2*","Shion Matsuo","(N/A)","C","6118","FA","22","0","0","0%","0%","0","0","0","0","0","0","0","0","0","0","0","0","0","0","0"
"*05u3t*","Micah Matthews","(N/A)","3B","6123","FA","20","0","0","0%","0%","0","0","0","0","0","0","0","0","0","0","0","0","0","0","0"
"*03qrb*","Max McDowell","(N/A)","C","6185","FA","32","0","0","0%","0%","0","0","0","0","0","0","0","0","0","0","0","0","0","0","0"
"*0669k*","John McHenry","(N/A)","SS","6210","FA","25","0","0","0%","0%","0","0","0","0","0","0","0","0","0","0","0","0","0","0","0"
"*05rda*","Brandon McIlwain","(N/A)","OF","6211","FA","28","0","0","0%","0%","0","0","0","0","0","0","0","0","0","0","0","0","0","0","0"
"*05yhs*","J.D. McLaughlin","(N/A)","OF","6229","FA","25","0","0","0%","0%","0","0","0","0","0","0","0","0","0","0","0","0","0","0","0"
"*06uxr*","Caleb McNeely","(N/A)","OF","6239","FA","26","0","0","0%","0%","0","0","0","0","0","0","0","0","0","0","0","0","0","0","0"
"*06zf1*","Chase Meggers","NYM","C","6276","FA","23","0","0","0%","0%","0","0","0","0","0","0","0","0","0","0","0","0","0","0","0"
"*05ykz*","Yorberto Mejicano","(N/A)","1B","6299","FA","25","0","0","0%","0%","0","0","0","0","0","0","0","0","0","0","0","0","0","0","0"
"*064oj*","Romel Mendez","(N/A)","OF","6335","FA","21","0","0","0%","0%","0","0","0","0","0","0","0","0","0","0","0","0","0","0","0"
"*04emr*","Jan Mercado","(N/A)","C","6361","FA","26","0","0","0%","0%","0","0","0","0","0","0","0","0","0","0","0","0","0","0","0"
"*052kd*","Reidy Mercado","(N/A)","OF","6365","FA","25","0","0","0%","0%","0","0","0","0","0","0","0","0","0","0","0","0","0","0","0"
"*05gsh*","Victor Mesia","(N/A)","C","6387","FA","23","0","0","0%","0%","0","0","0","0","0","0","0","0","0","0","0","0","0","0","0"
"*06499*","Ben Metzinger","(N/A)","1B","6395","FA","27","0","0","0%","0%","0","0","0","0","0","0","0","0","0","0","0","0","0","0","0"
"*0665p*","Jake Meyer","(N/A)","C","6398","FA","27","0","0","0%","0%","0","0","0","0","0","0","0","0","0","0","0","0","0","0","0"
"*04prk*","Nick Meyer","(N/A)","C","6399","FA","29","0","0","0%","0%","0","0","0","0","0","0","0","0","0","0","0","0","0","0","0"
"*05un6*","Fredy Michel","(N/A)","SS","6408","FA","22","0","0","0%","0%","0","0","0","0","0","0","0","0","0","0","0","0","0","0","0"
"*06ylp*","Tatsuki Mizuno","(N/A)","SS","6493","FA","25","0","0","0%","0%","0","0","0","0","0","0","0","0","0","0","0","0","0","0","0"
"*05yaj*","Andre Modungo","(N/A)","3B","6497","FA","20","0","0","0%","0%","0","0","0","0","0","0","0","0","0","0","0","0","0","0","0"
"*066pz*","Misael Mojica","(N/A)","3B","6504","FA","21","0","0","0%","0%","0","0","0","0","0","0","0","0","0","0","0","0","0","0","0"
"*06amn*","Moises Molero","(N/A)","OF","6508","FA","21","0","0","0%","0%","0","0","0","0","0","0","0","0","0","0","0","0","0","0","0"
"*06rjb*","Carlos Molina","(N/A)","C","6510","FA","19","0","0","0%","0%","0","0","0","0","0","0","0","0","0","0","0","0","0","0","0"
"*060gi*","Leosdany Molina","(N/A)","SS","6511","FA","26","0","0","0%","0%","0","0","0","0","0","0","0","0","0","0","0","0","0","0","0"
"*06v2c*","Darlyn Montero","(N/A)","1B","6536","FA","24","0","0","0%","0%","0","0","0","0","0","0","0","0","0","0","0","0","0","0","0"
"*06ri9*","Angelo Mora","(N/A)","C","6592","FA","21","0","0","0%","0%","0","0","0","0","0","0","0","0","0","0","0","0","0","0","0"
"*066o4*","Javier Mora","(N/A)","2B","6594","FA","23","0","0","0%","0%","0","0","0","0","0","0","0","0","0","0","0","0","0","0","0"
"*05wvs*","Juan Mora","(N/A)","2B,3B","6595","FA","26","0","0","0%","0%","0","0","0","0","0","0","0","0","0","0","0","0","0","0","0"
"*061zs*","Daje Morales","(N/A)","2B","6598","FA","21","0","0","0%","0%","0","0","0","0","0","0","0","0","0","0","0","0","0","0","0"
"*03r05*","Jonathan Morales","(N/A)","C","6604","FA","31","0","0","0%","0%","0","0","0","0","0","0","0","0","0","0","0","0","0","0","0"
"*03dao*","Josh Morgan","(N/A)","C,SS","6637","FA","30","0","0","0%","0%","0","0","0","0","0","0","0","0","0","0","0","0","0","0","0"
"*06rk2*","Edgar Mota","(N/A)","1B","6687","FA","20","0","0","0%","0%","0","0","0","0","0","0","0","0","0","0","0","0","0","0","0"
"*06l5h*","P.J. Moutzouridis","MIN","SS","6691","FA","21","0","0","0%","0%","0","0","0","0","0","0","0","0","0","0","0","0","0","0","0"
"*067xs*","Omar Moya","(N/A)","C","6694","FA","21","0","0","0%","0%","0","0","0","0","0","0","0","0","0","0","0","0","0","0","0"
"*0637f*","Maikol Munoz","(N/A)","SS","6719","FA","22","0","0","0%","0%","0","0","0","0","0","0","0","0","0","0","0","0","0","0","0"
"*05yej*","Kristin Munroe","(N/A)","3B","6725","FA","21","0","0","0%","0%","0","0","0","0","0","0","0","0","0","0","0","0","0","0","0"
"*063dp*","Juan Murillo","(N/A)","OF","6730","FA","23","0","0","0%","0%","0","0","0","0","0","0","0","0","0","0","0","0","0","0","0"
"*0662v*","Taishi Nakawake","(N/A)","3B","6765","FA","28","0","0","0%","0%","0","0","0","0","0","0","0","0","0","0","0","0","0","0","0"
"*06uml*","Luke Napleton","(N/A)","C","6768","FA","24","0","0","0%","0%","0","0","0","0","0","0","0","0","0","0","0","0","0","0","0"
"*05xo1*","Efrenyer Narvaez","(N/A)","C","6773","FA","24","0","0","0%","0%","0","0","0","0","0","0","0","0","0","0","0","0","0","0","0"
"*04mr8*","Juan Carlos Negret","(N/A)","OF","6795","FA","27","0","0","0%","0%","0","0","0","0","0","0","0","0","0","0","0","0","0","0","0"
"*041us*","Tyler Neslony","(N/A)","OF","6805","FA","32","0","0","0%","0%","0","0","0","0","0","0","0","0","0","0","0","0","0","0","0"
"*060wo*","Dylan Neuse","(N/A)","OF","6810","FA","27","0","0","0%","0%","0","0","0","0","0","0","0","0","0","0","0","0","0","0","0"
"*06rqt*","Roiber Niazoa","(N/A)","1B","6824","FA","21","0","0","0%","0%","0","0","0","0","0","0","0","0","0","0","0","0","0","0","0"
"*06cqo*","Angel Nieblas","(N/A)","3B","6832","FA","20","0","0","0%","0%","0","0","0","0","0","0","0","0","0","0","0","0","0","0","0"
"*05yb2*","Hector Nieves","(N/A)","2B","6836","FA","23","0","0","0%","0%","0","0","0","0","0","0","0","0","0","0","0","0","0","0","0"
"*041tg*","Jake Noll","(N/A)","1B","6864","FA","32","0","0","0%","0%","0","0","0","0","0","0","0","0","0","0","0","0","0","0","0"
"*066jr*","Satchell Norman","(N/A)","C,1B","6875","FA","24","0","0","0%","0%","0","0","0","0","0","0","0","0","0","0","0","0","0","0","0"
"*061zy*","Anderson Nova","(N/A)","OF","6880","FA","21","0","0","0%","0%","0","0","0","0","0","0","0","0","0","0","0","0","0","0","0"
"*06rlm*","Lennyn Nunez","(N/A)","OF","6906","FA","22","0","0","0%","0%","0","0","0","0","0","0","0","0","0","0","0","0","0","0","0"
"*06rin*","Vicent Nunez","(N/A)","C","6912","FA","21","0","0","0%","0%","0","0","0","0","0","0","0","0","0","0","0","0","0","0","0"
"*06uxp*","Blaze O'Saben","(N/A)","OF","6935","FA","26","0","0","0%","0%","0","0","0","0","0","0","0","0","0","0","0","0","0","0","0"
"*06um4*","Jimmy Obertop","COL","1B","6940","FA","26","0","0","0%","0%","0","0","0","0","0","0","0","0","0","0","0","0","0","0","0"
"*06smt*","Ryo Ohta","(N/A)","2B","6966","FA","25","0","0","0%","0%","0","0","0","0","0","0","0","0","0","0","0","0","0","0","0"
"*06ri3*","Jesus Ordonez","(N/A)","C","7009","FA","26","0","0","0%","0%","0","0","0","0","0","0","0","0","0","0","0","0","0","0","0"
"*06r77*","Avery Ortiz","WSH","2B","7031","FA","21","0","0","0%","0%","0","0","0","0","0","0","0","0","0","0","0","0","0","0","0"
"*06ibz*","Raymel Ortiz","(N/A)","SS","7045","FA","19","0","0","0%","0%","0","0","0","0","0","0","0","0","0","0","0","0","0","0","0"
"*06u1h*","Justin Osterhouse","(N/A)","2B","7064","FA","21","0","0","0%","0%","0","0","0","0","0","0","0","0","0","0","0","0","0","0","0"
"*06umk*","Tomo Otosaka","(N/A)","OF","7069","FA","32","0","0","0%","0%","0","0","0","0","0","0","0","0","0","0","0","0","0","0","0"
"*01s8o*","Chris Owings","(N/A)","OF","7091","FA","34","0","0","0%","0%","0","0","0","0","0","0","0","0","0","0","0","0","0","0","0"
"*03b5a*","Fernery Ozuna","(N/A)","2B","7097","FA","30","0","0","0%","0%","0","0","0","0","0","0","0","0","0","0","0","0","0","0","0"
"*06rit*","Miguel Pabon","(N/A)","C","7100","FA","25","0","0","0%","0%","0","0","0","0","0","0","0","0","0","0","0","0","0","0","0"
"*06r26*","Orlando Pacheco","(N/A)","C","7110","FA","21","0","0","0%","0%","0","0","0","0","0","0","0","0","0","0","0","0","0","0","0"
"*02hqd*","Daniel Palka","(N/A)","1B","7139","FA","34","0","0","0%","0%","0","0","0","0","0","0","0","0","0","0","0","0","0","0","0"
"*041t7*","Preston Palmeiro","(N/A)","1B","7145","FA","31","0","0","0%","0%","0","0","0","0","0","0","0","0","0","0","0","0","0","0","0"
"*06rtq*","Angel Paredes","(N/A)","OF","7162","FA","19","0","0","0%","0%","0","0","0","0","0","0","0","0","0","0","0","0","0","0","0"
"*05xxu*","Luis Paredes","(N/A)","OF","7166","FA","22","0","0","0%","0%","0","0","0","0","0","0","0","0","0","0","0","0","0","0","0"
"*06rs8*","Ji Hwan Park","(N/A)","2B","7174","FA","21","0","0","0%","0%","0","0","0","0","0","0","0","0","0","0","0","0","0","0","0"
"*05rbq*","Min-Woo Park","(N/A)","2B","7175","FA","33","0","0","0%","0%","0","0","0","0","0","0","0","0","0","0","0","0","0","0","0"
"*06qgt*","Arthur Paul","(N/A)","OF","7212","FA","19","0","0","0%","0%","0","0","0","0","0","0","0","0","0","0","0","0","0","0","0"
"*060pc*","Keiderson Pavon","(N/A)","3B","7225","FA","22","0","0","0%","0%","0","0","0","0","0","0","0","0","0","0","0","0","0","0","0"
"*061v4*","Karell Paz","(N/A)","OF","7237","FA","26","0","0","0%","0%","0","0","0","0","0","0","0","0","0","0","0","0","0","0","0"
"*0637y*","Richard Paz","(N/A)","C","7239","FA","25","0","0","0%","0%","0","0","0","0","0","0","0","0","0","0","0","0","0","0","0"
"*04efu*","Jacob Pearson","(N/A)","OF","7242","FA","28","0","0","0%","0%","0","0","0","0","0","0","0","0","0","0","0","0","0","0","0"
"*05rkm*","Carlos Pelegrin","(N/A)","OF","7263","FA","26","0","0","0%","0%","0","0","0","0","0","0","0","0","0","0","0","0","0","0","0"
"*06u7b*","Isaac Pena","(N/A)","3B","7284","FA","22","0","0","0%","0%","0","0","0","0","0","0","0","0","0","0","0","0","0","0","0"
"*06r7w*","Yahir Pena","(N/A)","C","7297","FA","19","0","0","0%","0%","0","0","0","0","0","0","0","0","0","0","0","0","0","0","0"
"*05rg6*","Caleb Pendleton","(N/A)","1B","7301","FA","24","0","0","0%","0%","0","0","0","0","0","0","0","0","0","0","0","0","0","0","0"
"*066ah*","Ty Penner","(N/A)","1B","7303","FA","26","0","0","0%","0%","0","0","0","0","0","0","0","0","0","0","0","0","0","0","0"
"*070de*","Blake Penso","COL","C","7308","FA","24","0","0","0%","0%","0","0","0","0","0","0","0","0","0","0","0","0","0","0","0"
"*062d0*","Fabio Peralta","(N/A)","1B","7319","FA","20","0","0","0%","0%","0","0","0","0","0","0","0","0","0","0","0","0","0","0","0"
"*061yv*","Yordis Perera","(N/A)","3B","7336","FA","24","0","0","0%","0%","0","0","0","0","0","0","0","0","0","0","0","0","0","0","0"
"*05y4j*","Adrian Perez","(N/A)","2B","7339","FA","23","0","0","0%","0%","0","0","0","0","0","0","0","0","0","0","0","0","0","0","0"
"*06dmo*","Daniel Perez","(N/A)","1B","7353","FA","24","0","0","0%","0%","0","0","0","0","0","0","0","0","0","0","0","0","0","0","0"
"*059zr*","Dayro Perez","(N/A)","SS","7355","FA","24","0","0","0%","0%","0","0","0","0","0","0","0","0","0","0","0","0","0","0","0"
"*021wf*","Hernan Perez","(N/A)","2B,3B","7369","FA","35","0","0","0%","0%","0","0","0","0","0","0","0","0","0","0","0","0","0","0","0"
"*06uj6*","Jean Perez","(N/A)","2B","7371","FA","24","0","0","0%","0%","0","0","0","0","0","0","0","0","0","0","0","0","0","0","0"
"*06mhv*","Miguel Perez","(N/A)","OF","7387","FA","20","0","0","0%","0%","0","0","0","0","0","0","0","0","0","0","0","0","0","0","0"
"*061rg*","Robert Perez","(N/A)","OF","7394","FA","22","0","0","0%","0%","0","0","0","0","0","0","0","0","0","0","0","0","0","0","0"
"*06htp*","Darius Perry","(N/A)","C","7409","FA","25","0","0","0%","0%","0","0","0","0","0","0","0","0","0","0","0","0","0","0","0"
"*066qa*","Angel Pierre","(N/A)","3B","7468","FA","22","0","0","0%","0%","0","0","0","0","0","0","0","0","0","0","0","0","0","0","0"
"*06204*","Louis Pierre","(N/A)","OF","7469","FA","21","0","0","0%","0%","0","0","0","0","0","0","0","0","0","0","0","0","0","0","0"
"*066o3*","Luis Pineda","(N/A)","C","7496","FA","24","0","0","0%","0%","0","0","0","0","0","0","0","0","0","0","0","0","0","0","0"
"*06ru6*","Santiago Pinto","DET","OF","7514","FA","20","0","0","0%","0%","0","0","0","0","0","0","0","0","0","0","0","0","0","0","0"
"*06r0j*","Konner Piotto","(N/A)","C","7517","FA","28","0","0","0%","0%","0","0","0","0","0","0","0","0","0","0","0","0","0","0","0"
"*06ktr*","TJ Pompey","(N/A)","SS","7565","FA","21","0","0","0%","0%","0","0","0","0","0","0","0","0","0","0","0","0","0","0","0"
"*066o2*","Arnold Prado","(N/A)","OF","7595","FA","21","0","0","0%","0%","0","0","0","0","0","0","0","0","0","0","0","0","0","0","0"
"*06rl0*","Santiago Prado","(N/A)","2B","7598","FA","19","0","0","0%","0%","0","0","0","0","0","0","0","0","0","0","0","0","0","0","0"
"*06r87*","Andrew Purdy","(N/A)","3B","7636","FA","20","0","0","0%","0%","0","0","0","0","0","0","0","0","0","0","0","0","0","0","0"
"*060uc*","Jarren Purify","(N/A)","SS","7637","FA","20","0","0","0%","0%","0","0","0","0","0","0","0","0","0","0","0","0","0","0","0"
"*062eb*","Josh Pyne","(N/A)","3B","7640","FA","24","0","0","0%","0%","0","0","0","0","0","0","0","0","0","0","0","0","0","0","0"
"*04q73*","Jordan Qsar","(N/A)","OF","7643","FA","30","0","0","0%","0%","0","0","0","0","0","0","0","0","0","0","0","0","0","0","0"
"*04b3c*","Alison Quintero","(N/A)","C","7667","FA","26","0","0","0%","0%","0","0","0","0","0","0","0","0","0","0","0","0","0","0","0"
"*04yma*","Abiezel Ramirez","(N/A)","SS","7691","FA","26","0","0","0%","0%","0","0","0","0","0","0","0","0","0","0","0","0","0","0","0"
"*066rd*","Rafael Ramirez","(N/A)","2B","7721","FA","21","0","0","0%","0%","0","0","0","0","0","0","0","0","0","0","0","0","0","0","0"
"*05a2t*","Tyler Reichenborn","(N/A)","OF","7793","FA","28","0","0","0%","0%","0","0","0","0","0","0","0","0","0","0","0","0","0","0","0"
"*066dc*","Simon Reid","(N/A)","C","7796","FA","25","0","0","0%","0%","0","0","0","0","0","0","0","0","0","0","0","0","0","0","0"
"*06qy4*","Endry Reyes","TOR","1B","7837","FA","19","0","0","0%","0%","0","0","0","0","0","0","0","0","0","0","0","0","0","0","0"
"*05yl6*","Samuel Reyes","(N/A)","OF","7858","FA","23","0","0","0%","0%","0","0","0","0","0","0","0","0","0","0","0","0","0","0","0"
"*04azd*","Kevin Richards","(N/A)","1B","7879","FA","26","0","0","0%","0%","0","0","0","0","0","0","0","0","0","0","0","0","0","0","0"
"*05t6r*","Brayan Rijo","(N/A)","OF","7895","FA","22","0","0","0%","0%","0","0","0","0","0","0","0","0","0","0","0","0","0","0","0"
"*06rij*","Alvaro Rios","(N/A)","C","7908","FA","19","0","0","0%","0%","0","0","0","0","0","0","0","0","0","0","0","0","0","0","0"
"*03dn2*","Jamie Ritchie","(N/A)","C","7915","FA","33","0","0","0%","0%","0","0","0","0","0","0","0","0","0","0","0","0","0","0","0"
"*06ri5*","Kevin Rivas","CLE","1B","7923","FA","23","0","0","0%","0%","0","0","0","0","0","0","0","0","0","0","0","0","0","0","0"
"*06riw*","Miguel Rivera","(N/A)","C","7937","FA","19","0","0","0%","0%","0","0","0","0","0","0","0","0","0","0","0","0","0","0","0"
"*06rj3*","Jhonanderson Robain","(N/A)","C","7951","FA","20","0","0","0%","0%","0","0","0","0","0","0","0","0","0","0","0","0","0","0","0"
"*04pv9*","Cody Roberts","(N/A)","C","7962","FA","30","0","0","0%","0%","0","0","0","0","0","0","0","0","0","0","0","0","0","0","0"
"*05wxz*","Michael Robertson","(N/A)","OF","7968","FA","24","0","0","0%","0%","0","0","0","0","0","0","0","0","0","0","0","0","0","0","0"
"*06c8u*","Duce Robinson","(N/A)","OF","7974","FA","21","0","0","0%","0%","0","0","0","0","0","0","0","0","0","0","0","0","0","0","0"
"*041sm*","Errol Robinson","(N/A)","SS","7975","FA","31","0","0","0%","0%","0","0","0","0","0","0","0","0","0","0","0","0","0","0","0"
"*06hh1*","Alejandro Rodriguez","(N/A)","C","8002","FA","26","0","0","0%","0%","0","0","0","0","0","0","0","0","0","0","0","0","0","0","0"
"*05gdt*","Anthony Rodriguez","(N/A)","SS","8010","FA","23","0","0","0%","0%","0","0","0","0","0","0","0","0","0","0","0","0","0","0","0"
"*06nny*","Carlos Rodriguez","(N/A)","1B","8013","FA","22","0","0","0%","0%","0","0","0","0","0","0","0","0","0","0","0","0","0","0","0"
"*06giz*","Miguel Rodriguez","(N/A)","OF","8075","FA","20","0","0","0%","0%","0","0","0","0","0","0","0","0","0","0","0","0","0","0","0"
"*0423k*","Nathanael Rodriguez","(N/A)","3B","8076","FA","30","0","0","0%","0%","0","0","0","0","0","0","0","0","0","0","0","0","0","0","0"
"*04azf*","Nerio Rodriguez","(N/A)","C","8077","FA","26","0","0","0%","0%","0","0","0","0","0","0","0","0","0","0","0","0","0","0","0"
"*066oq*","Orangel Rodriguez","(N/A)","1B","8079","FA","21","0","0","0%","0%","0","0","0","0","0","0","0","0","0","0","0","0","0","0","0"
"*0408e*","Yorman Rodriguez","(N/A)","1B","8100","FA","29","0","0","0%","0%","0","0","0","0","0","0","0","0","0","0","0","0","0","0","0"
"*05ali*","Anderson Rogers","(N/A)","SS","8106","FA","23","0","0","0%","0%","0","0","0","0","0","0","0","0","0","0","0","0","0","0","0"
"*06dq4*","Eyeksson Rojas","WSH","2B","8118","FA","20","0","0","0%","0%","0","0","0","0","0","0","0","0","0","0","0","0","0","0","0"
"*06c2y*","Gilberto Rojas","(N/A)","C","8121","FA","21","0","0","0%","0%","0","0","0","0","0","0","0","0","0","0","0","0","0","0","0"
"*06rkj*","Samuel Rojas","(N/A)","C","8129","FA","23","0","0","0%","0%","0","0","0","0","0","0","0","0","0","0","0","0","0","0","0"
"*06rgm*","Javier Roman","(N/A)","1B","8139","FA","23","0","0","0%","0%","0","0","0","0","0","0","0","0","0","0","0","0","0","0","0"
"*066pp*","Anger Romero","(N/A)","C","8146","FA","21","0","0","0%","0%","0","0","0","0","0","0","0","0","0","0","0","0","0","0","0"
"*066px*","Omar Romero","(N/A)","SS","8161","FA","20","0","0","0%","0%","0","0","0","0","0","0","0","0","0","0","0","0","0","0","0"
"*05xzq*","Leonardo Rondon","(N/A)","2B,3B","8170","FA","22","0","0","0%","0%","0","0","0","0","0","0","0","0","0","0","0","0","0","0","0"
"*06rk7*","Newremberg Rondon","DET","1B","8172","FA","23","0","0","0%","0%","0","0","0","0","0","0","0","0","0","0","0","0","0","0","0"
"*066ld*","Jamaliel Rosado Jr.","(N/A)","SS","8185","FA","22","0","0","0%","0%","0","0","0","0","0","0","0","0","0","0","0","0","0","0","0"
"*062zc*","Carlos Rosario","(N/A)","OF","8190","FA","22","0","0","0%","0%","0","0","0","0","0","0","0","0","0","0","0","0","0","0","0"
"*06suo*","Helder Rosario","(N/A)","C","8199","FA","21","0","0","0%","0%","0","0","0","0","0","0","0","0","0","0","0","0","0","0","0"
"*064rp*","Neify Rosario","(N/A)","OF","8207","FA","21","0","0","0%","0%","0","0","0","0","0","0","0","0","0","0","0","0","0","0","0"
"*04n1s*","Stanley Rosario","(N/A)","OF","8211","FA","25","0","0","0%","0%","0","0","0","0","0","0","0","0","0","0","0","0","0","0","0"
"*06suc*","Nathan Rose","(N/A)","3B","8215","FA","25","0","0","0%","0%","0","0","0","0","0","0","0","0","0","0","0","0","0","0","0"
"*066ff*","Chris Rotondo","(N/A)","OF","8228","FA","27","0","0","0%","0%","0","0","0","0","0","0","0","0","0","0","0","0","0","0","0"
"*066s8*","Roque Salinas","(N/A)","OF","8318","FA","23","0","0","0%","0%","0","0","0","0","0","0","0","0","0","0","0","0","0","0","0"
"*0663v*","Jose Sanabria","(N/A)","OF","8334","FA","24","0","0","0%","0%","0","0","0","0","0","0","0","0","0","0","0","0","0","0","0"
"*05t7t*","Hugo Sanchez","(N/A)","SS","8359","FA","23","0","0","0%","0%","0","0","0","0","0","0","0","0","0","0","0","0","0","0","0"
"*04aw7*","Jose Sanchez","(N/A)","3B","8365","FA","26","0","0","0%","0%","0","0","0","0","0","0","0","0","0","0","0","0","0","0","0"
"*064n1*","Eliam Sandoval","(N/A)","OF","8396","FA","22","0","0","0%","0%","0","0","0","0","0","0","0","0","0","0","0","0","0","0","0"
"*06r29*","Joshuan Sandoval","(N/A)","1B","8397","FA","28","0","0","0%","0%","0","0","0","0","0","0","0","0","0","0","0","0","0","0","0"
"*04f0m*","Debby Santana","(N/A)","3B","8409","FA","25","0","0","0%","0%","0","0","0","0","0","0","0","0","0","0","0","0","0","0","0"
"*061pk*","Angeudis Santos","(N/A)","2B","8430","FA","24","0","0","0%","0%","0","0","0","0","0","0","0","0","0","0","0","0","0","0","0"
"*05nt2*","Ghordy Santos","(N/A)","SS","8434","FA","26","0","0","0%","0%","0","0","0","0","0","0","0","0","0","0","0","0","0","0","0"
"*06r6z*","Robert Santos","(N/A)","OF","8441","FA","20","0","0","0%","0%","0","0","0","0","0","0","0","0","0","0","0","0","0","0","0"
"*06uxg*","Sammy Sass","(N/A)","C","8453","FA","25","0","0","0%","0%","0","0","0","0","0","0","0","0","0","0","0","0","0","0","0"
"*06zfi*","Charlie Saum","TOR","C","8460","FA","22","0","0","0%","0%","0","0","0","0","0","0","0","0","0","0","0","0","0","0","0"
"*04ega*","Jake Scheiner","(N/A)","1B","8481","FA","30","0","0","0%","0%","0","0","0","0","0","0","0","0","0","0","0","0","0","0","0"
"*066jz*","Troy Schreffler","(N/A)","OF","8503","FA","25","0","0","0%","0%","0","0","0","0","0","0","0","0","0","0","0","0","0","0","0"
"*06amt*","Kyle Schroedle","(N/A)","OF","8505","FA","26","0","0","0%","0%","0","0","0","0","0","0","0","0","0","0","0","0","0","0","0"
"*03dq3*","J.J. Schwarz","(N/A)","1B","8516","FA","30","0","0","0%","0%","0","0","0","0","0","0","0","0","0","0","0","0","0","0","0"
"*0519z*","Trevor Schwecke","(N/A)","3B,OF","8517","FA","28","0","0","0%","0%","0","0","0","0","0","0","0","0","0","0","0","0","0","0","0"
"*06rsr*","Frailyn Severino","(N/A)","3B","8583","FA","19","0","0","0%","0%","0","0","0","0","0","0","0","0","0","0","0","0","0","0","0"
"*03ap0*","Pedro Severino","(N/A)","C","8587","FA","33","0","0","0%","0%","0","0","0","0","0","0","0","0","0","0","0","0","0","0","0"
"*05gtm*","Jehisbert Sevilla","(N/A)","2B","8589","FA","23","0","0","0%","0%","0","0","0","0","0","0","0","0","0","0","0","0","0","0","0"
"*06hoo*","A.J. Shaver","(N/A)","OF","8604","FA","24","0","0","0%","0%","0","0","0","0","0","0","0","0","0","0","0","0","0","0","0"
"*06hhh*","Anthony Sherwin","(N/A)","3B","8622","FA","24","0","0","0%","0%","0","0","0","0","0","0","0","0","0","0","0","0","0","0","0"
"*06qxo*","Dylan Shockley","(N/A)","C","8630","FA","29","0","0","0%","0%","0","0","0","0","0","0","0","0","0","0","0","0","0","0","0"
"*03qmv*","Nicholas Shumpert","(N/A)","SS","8642","FA","29","0","0","0%","0%","0","0","0","0","0","0","0","0","0","0","0","0","0","0","0"
"*03zxi*","Jose Sibrian","(N/A)","C","8647","FA","27","0","0","0%","0%","0","0","0","0","0","0","0","0","0","0","0","0","0","0","0"
"*060ph*","Armando Sierra","(N/A)","OF","8649","FA","22","0","0","0%","0%","0","0","0","0","0","0","0","0","0","0","0","0","0","0","0"
"*06rii*","Renny Sillet","(N/A)","C","8657","FA","19","0","0","0%","0%","0","0","0","0","0","0","0","0","0","0","0","0","0","0","0"
"*06rl4*","Brahian Silva","(N/A)","C","8659","FA","23","0","0","0%","0%","0","0","0","0","0","0","0","0","0","0","0","0","0","0","0"
"*066os*","Daniel Silva","(N/A)","1B","8661","FA","21","0","0","0%","0%","0","0","0","0","0","0","0","0","0","0","0","0","0","0","0"
"*06rh9*","Manuel Silva","(N/A)","UT","8665","FA","19","0","0","0%","0%","0","0","0","0","0","0","0","0","0","0","0","0","0","0","0"
"*04q0j*","Jake Slaughter","(N/A)","2B","8715","FA","29","0","0","0%","0%","0","0","0","0","0","0","0","0","0","0","0","0","0","0","0"
"*06nkn*","Grant Smith","(N/A)","SS","8744","FA","25","0","0","0%","0%","0","0","0","0","0","0","0","0","0","0","0","0","0","0","0"
"*05uaw*","Kyle Smith","(N/A)","C","8752","FA","24","0","0","0%","0%","0","0","0","0","0","0","0","0","0","0","0","0","0","0","0"
"*06v1x*","Tyler Smith","(N/A)","2B","8765","FA","20","0","0","0%","0%","0","0","0","0","0","0","0","0","0","0","0","0","0","0","0"
"*05ydn*","Campbell Smithwick","(N/A)","C","8769","FA","21","0","0","0%","0%","0","0","0","0","0","0","0","0","0","0","0","0","0","0","0"
"*051f5*","Jake Snider","(N/A)","OF","8777","FA","28","0","0","0%","0%","0","0","0","0","0","0","0","0","0","0","0","0","0","0","0"
"*072bt*","Andrew Sojka","DET","OF","8782","FA","25","0","0","0%","0%","0","0","0","0","0","0","0","0","0","0","0","0","0","0","0"
"*06rjo*","Andres Sosa","(N/A)","C","8805","FA","28","0","0","0%","0%","0","0","0","0","0","0","0","0","0","0","0","0","0","0","0"
"*06mv4*","Anthony Sosa","(N/A)","1B","8807","FA","19","0","0","0%","0%","0","0","0","0","0","0","0","0","0","0","0","0","0","0","0"
"*05y47*","Marco Soto","(N/A)","2B","8825","FA","22","0","0","0%","0%","0","0","0","0","0","0","0","0","0","0","0","0","0","0","0"
"*05yl0*","Wally Soto","(N/A)","C,1B","8828","FA","23","0","0","0%","0%","0","0","0","0","0","0","0","0","0","0","0","0","0","0","0"
"*06l58*","Nolan Souza","(N/A)","2B","8834","FA","21","0","0","0%","0%","0","0","0","0","0","0","0","0","0","0","0","0","0","0","0"
"*06rkz*","Declan Speirs","(N/A)","C","8844","FA","21","0","0","0%","0%","0","0","0","0","0","0","0","0","0","0","0","0","0","0","0"
"*05tc8*","Liam Spence","(N/A)","SS","8845","FA","28","0","0","0%","0%","0","0","0","0","0","0","0","0","0","0","0","0","0","0","0"
"*0665y*","Harrison Spohn","(N/A)","SS","8852","FA","27","0","0","0%","0%","0","0","0","0","0","0","0","0","0","0","0","0","0","0","0"
"*065iw*","Murphy Stehly","(N/A)","3B","8887","FA","27","0","0","0%","0%","0","0","0","0","0","0","0","0","0","0","0","0","0","0","0"
"*061n0*","Landon Stephens","(N/A)","1B","8895","FA","28","0","0","0%","0%","0","0","0","0","0","0","0","0","0","0","0","0","0","0","0"
"*066cq*","Joe Stewart","(N/A)","OF","8912","FA","28","0","0","0%","0%","0","0","0","0","0","0","0","0","0","0","0","0","0","0","0"
"*06mt1*","Jhoangel Suarez","(N/A)","3B","8969","FA","19","0","0","0%","0%","0","0","0","0","0","0","0","0","0","0","0","0","0","0","0"
"*06hsq*","Wilson Suarez","(N/A)","1B","8977","FA","21","0","0","0%","0%","0","0","0","0","0","0","0","0","0","0","0","0","0","0","0"
"*06f1s*","Joe Suozzi","(N/A)","OF","8997","FA","28","0","0","0%","0%","0","0","0","0","0","0","0","0","0","0","0","0","0","0","0"
"*04eir*","Timothy Susnara","(N/A)","C","9008","FA","30","0","0","0%","0%","0","0","0","0","0","0","0","0","0","0","0","0","0","0","0"
"*06qlt*","Thomas Takayoshi","ATH","C","9039","FA","25","0","0","0%","0%","0","0","0","0","0","0","0","0","0","0","0","0","0","0","0"
"*0515p*","LJ Talley","(N/A)","1B","9043","FA","29","0","0","0%","0%","0","0","0","0","0","0","0","0","0","0","0","0","0","0","0"
"*06bja*","Anthony Tandron","SF","1B","9050","FA","20","0","0","0%","0%","0","0","0","0","0","0","0","0","0","0","0","0","0","0","0"
"*062et*","German Tapia","(N/A)","OF","9054","FA","22","0","0","0%","0%","0","0","0","0","0","0","0","0","0","0","0","0","0","0","0"
"*05yl7*","Felix Taveras","(N/A)","OF","9082","FA","23","0","0","0%","0%","0","0","0","0","0","0","0","0","0","0","0","0","0","0","0"
"*02btv*","Beau Taylor","(N/A)","C","9088","FA","36","0","0","0%","0%","0","0","0","0","0","0","0","0","0","0","0","0","0","0","0"
"*048yd*","Robbie Tenerowicz","(N/A)","2B","9124","FA","31","0","0","0%","0%","0","0","0","0","0","0","0","0","0","0","0","0","0","0","0"
"*06qs3*","Ryusei Terachi","(N/A)","C","9126","FA","20","0","0","0%","0%","0","0","0","0","0","0","0","0","0","0","0","0","0","0","0"
"*05xzm*","Gabriel Terrero","(N/A)","SS","9132","FA","22","0","0","0%","0%","0","0","0","0","0","0","0","0","0","0","0","0","0","0","0"
"*06rfz*","Marcos Terrero","(N/A)","C","9134","FA","20","0","0","0%","0%","0","0","0","0","0","0","0","0","0","0","0","0","0","0","0"
"*06gui*","Johnny Tincher","(N/A)","C","9200","FA","24","0","0","0%","0%","0","0","0","0","0","0","0","0","0","0","0","0","0","0","0"
"*05rh9*","Yeferson Tineo","(N/A)","SS","9204","FA","22","0","0","0%","0%","0","0","0","0","0","0","0","0","0","0","0","0","0","0","0"
"*066c0*","Carlos Tirado","(N/A)","1B","9208","FA","21","0","0","0%","0%","0","0","0","0","0","0","0","0","0","0","0","0","0","0","0"
"*06v63*","Joe Tiroly","(N/A)","2B","9209","FA","21","0","0","0%","0%","0","0","0","0","0","0","0","0","0","0","0","0","0","0","0"
"*066po*","Francisco Toledo","NYM","C","9219","FA","21","0","0","0%","0%","0","0","0","0","0","0","0","0","0","0","0","0","0","0","0"
"*06r4s*","Michael Torres","(N/A)","OF","9265","FA","20","0","0","0%","0%","0","0","0","0","0","0","0","0","0","0","0","0","0","0","0"
"*04erg*","Frankie Tostado","(N/A)","OF","9274","FA","28","0","0","0%","0%","0","0","0","0","0","0","0","0","0","0","0","0","0","0","0"
"*06rnc*","Anderson Tovar","(N/A)","OF","9277","FA","19","0","0","0%","0%","0","0","0","0","0","0","0","0","0","0","0","0","0","0","0"
"*06uh2*","Hayden Travinski","(N/A)","1B","9295","FA","25","0","0","0%","0%","0","0","0","0","0","0","0","0","0","0","0","0","0","0","0"
"*06qjx*","Justin Trimble","(N/A)","1B,3B","9304","FA","23","0","0","0%","0%","0","0","0","0","0","0","0","0","0","0","0","0","0","0","0"
"*06ifq*","Angel Trinidad","(N/A)","OF","9306","FA","20","0","0","0%","0%","0","0","0","0","0","0","0","0","0","0","0","0","0","0","0"
"*06bsf*","Eyke Ugueto","(N/A)","OF","9353","FA","20","0","0","0%","0%","0","0","0","0","0","0","0","0","0","0","0","0","0","0","0"
"*06v2u*","Miguel Useche","CHC","C","9385","FA","25","0","0","0%","0%","0","0","0","0","0","0","0","0","0","0","0","0","0","0","0"
"*066a3*","Chase Valentine","(N/A)","OF","9411","FA","24","0","0","0%","0%","0","0","0","0","0","0","0","0","0","0","0","0","0","0","0"
"*061zw*","Fabricio Valera","(N/A)","OF","9414","FA","21","0","0","0%","0%","0","0","0","0","0","0","0","0","0","0","0","0","0","0","0"
"*04p9m*","Josh VanMeter","(N/A)","2B","9434","FA","31","0","0","0%","0%","0","0","0","0","0","0","0","0","0","0","0","0","0","0","0"
"*06imt*","Edward Vargas","CHC","OF","9446","FA","22","0","0","0%","0%","0","0","0","0","0","0","0","0","0","0","0","0","0","0","0"
"*05yh9*","Drake Varnado","(N/A)","SS","9460","FA","23","0","0","0%","0%","0","0","0","0","0","0","0","0","0","0","0","0","0","0","0"
"*06rgk*","Amilcar Vasquez","(N/A)","OF","9462","FA","24","0","0","0%","0%","0","0","0","0","0","0","0","0","0","0","0","0","0","0","0"
"*06hnk*","Jalen Vasquez","(N/A)","3B","9471","FA","24","0","0","0%","0%","0","0","0","0","0","0","0","0","0","0","0","0","0","0","0"
"*06rjv*","Yosweld Vasquez","HOU","C","9478","FA","21","0","0","0%","0%","0","0","0","0","0","0","0","0","0","0","0","0","0","0","0"
"*066su*","Ramses Velazquez","(N/A)","OF","9506","FA","21","0","0","0%","0%","0","0","0","0","0","0","0","0","0","0","0","0","0","0","0"
"*03mpf*","Meibrys Viloria","(N/A)","C","9569","FA","29","0","0","0%","0%","0","0","0","0","0","0","0","0","0","0","0","0","0","0","0"
"*06rjp*","Edison Vivas","(N/A)","UT","9580","FA","20","0","0","0%","0%","0","0","0","0","0","0","0","0","0","0","0","0","0","0","0"
"*05rh7*","Ruben Vizcaya","(N/A)","OF","9584","FA","22","0","0","0%","0%","0","0","0","0","0","0","0","0","0","0","0","0","0","0","0"
"*06qrx*","Drew Vogel","(N/A)","2B,3B","9588","FA","24","0","0","0%","0%","0","0","0","0","0","0","0","0","0","0","0","0","0","0","0"
"*06rs6*","Nian Hao Wang","(N/A)","1B","9651","FA","21","0","0","0%","0%","0","0","0","0","0","0","0","0","0","0","0","0","0","0","0"
"*06bxk*","Nick Ward","(N/A)","SS","9654","FA","30","0","0","0%","0%","0","0","0","0","0","0","0","0","0","0","0","0","0","0","0"
"*04psm*","Caberea Weaver","(N/A)","OF","9687","FA","26","0","0","0%","0%","0","0","0","0","0","0","0","0","0","0","0","0","0","0","0"
"*06rw1*","Cole Weinstein","(N/A)","SS","9704","FA","19","0","0","0%","0%","0","0","0","0","0","0","0","0","0","0","0","0","0","0","0"
"*06nk7*","Cooper Weiss","(N/A)","SS","9706","FA","25","0","0","0%","0%","0","0","0","0","0","0","0","0","0","0","0","0","0","0","0"
"*06uw0*","Dalton Wentz","(N/A)","3B","9720","FA","20","0","0","0%","0%","0","0","0","0","0","0","0","0","0","0","0","0","0","0","0"
"*05u6k*","Dean West","TOR","OF","9727","FA","21","0","0","0%","0%","0","0","0","0","0","0","0","0","0","0","0","0","0","0","0"
"*04efm*","Matt Whatley","(N/A)","C","9742","FA","30","0","0","0%","0%","0","0","0","0","0","0","0","0","0","0","0","0","0","0","0"
"*05jqa*","Slade Wilks","(N/A)","OF","9794","FA","25","0","0","0%","0%","0","0","0","0","0","0","0","0","0","0","0","0","0","0","0"
"*05yhq*","Cam Williams","(N/A)","3B","9801","FA","28","0","0","0%","0%","0","0","0","0","0","0","0","0","0","0","0","0","0","0","0"
"*06zfk*","Jordan Williams","WSH","OF","9809","FA","26","0","0","0%","0%","0","0","0","0","0","0","0","0","0","0","0","0","0","0","0"
"*05yj9*","Justin Williams","(N/A)","3B","9810","FA","26","0","0","0%","0%","0","0","0","0","0","0","0","0","0","0","0","0","0","0","0"
"*06mpi*","Easton Winfield","(N/A)","OF","9850","FA","20","0","0","0%","0%","0","0","0","0","0","0","0","0","0","0","0","0","0","0","0"
"*06k8a*","Clay Winklaar","(N/A)","OF","9856","FA","19","0","0","0%","0%","0","0","0","0","0","0","0","0","0","0","0","0","0","0","0"
"*06hs3*","Justin Wishkoski","(N/A)","1B,3B","9864","FA","25","0","0","0%","0%","0","0","0","0","0","0","0","0","0","0","0","0","0","0","0"
"*04pq3*","Grant Witherspoon","(N/A)","OF","9867","FA","29","0","0","0%","0%","0","0","0","0","0","0","0","0","0","0","0","0","0","0","0"
"*06s32*","Paul Witt","(N/A)","2B","9870","FA","28","0","0","0%","0%","0","0","0","0","0","0","0","0","0","0","0","0","0","0","0"
"*031h2*","Jantzen Witte","(N/A)","3B","9872","FA","36","0","0","0%","0%","0","0","0","0","0","0","0","0","0","0","0","0","0","0","0"
"*05ijv*","Joshwan Wright","(N/A)","2B","9907","FA","25","0","0","0%","0%","0","0","0","0","0","0","0","0","0","0","0","0","0","0","0"
"*06uw1*","Sean Yamaguchi","(N/A)","3B","9920","FA","21","0","0","0%","0%","0","0","0","0","0","0","0","0","0","0","0","0","0","0","0"
"*06mq0*","Seiya Yokoyama","(N/A)","3B,SS","9942","FA","20","0","0","0%","0%","0","0","0","0","0","0","0","0","0","0","0","0","0","0","0"
"*06rs7*","Jeong Bin Yoon","(N/A)","OF","9944","FA","27","0","0","0%","0%","0","0","0","0","0","0","0","0","0","0","0","0","0","0","0"
"*06all*","Kun Yu Chiang","(N/A)","SS","9964","FA","26","0","0","0%","0%","0","0","0","0","0","0","0","0","0","0","0","0","0","0","0"
"*04elt*","Justin Yurchak","(N/A)","3B","9966","FA","29","0","0","0%","0%","0","0","0","0","0","0","0","0","0","0","0","0","0","0","0"
"*066de*","Angel Zarate","(N/A)","OF","9986","FA","27","0","0","0%","0%","0","0","0","0","0","0","0","0","0","0","0","0","0","0","0"
"*03c8v*","Bradley Zimmer","(N/A)","OF","10007","FA","33","0","0","0%","0%","0","0","0","0","0","0","0","0","0","0","0","0","0","0","0"
"*05re2*","John Zorrilla","(N/A)","SS","10012","FA","22","0","0","0%","0%","0","0","0","0","0","0","0","0","0","0","0","0","0","0","0"
"*05ynh*","Zach Zubia","(N/A)","1B","10014","FA","28","0","0","0%","0%","0","0","0","0","0","0","0","0","0","0","0","0","0","0","0"
"*042c4*","Roberto Alvarez","(N/A)","C","1382","FA","26","0","0","-","-","0","0","0","0","0","0","0","0","0","0","0","0","0","0","0"
"*062zb*","Gustavo Armas","(N/A)","OF","1524","FA","22","0","0","-","-","0","0","0","0","0","0","0","0","0","0","0","0","0","0","0"
"*052ia*","Ricardo Balogh","(N/A)","SS","1653","FA","24","0","0","-","-","0","0","0","0","0","0","0","0","0","0","0","0","0","0","0"
"*066ou*","Jeremy Bautista","(N/A)","C","1769","FA","21","0","0","-","-","0","0","0","0","0","0","0","0","0","0","0","0","0","0","0"
"*05j8t*","Ruben Benavides","(N/A)","C","1833","FA","24","0","0","-","-","0","0","0","0","0","0","0","0","0","0","0","0","0","0","0"
"*064o8*","Gueile Borrome","(N/A)","2B","2011","FA","21","0","0","-","-","0","0","0","0","0","0","0","0","0","0","0","0","0","0","0"
"*06c1n*","Nehomar Caldera","(N/A)","C","2309","FA","20","0","0","-","-","0","0","0","0","0","0","0","0","0","0","0","0","0","0","0"
"*051hz*","Drew Campbell","(N/A)","OF","2342","FA","28","0","0","-","-","0","0","0","0","0","0","0","0","0","0","0","0","0","0","0"
"*061h9*","Kyler Castillo","(N/A)","OF","2502","FA","28","0","0","-","-","0","0","0","0","0","0","0","0","0","0","0","0","0","0","0"
"*065v3*","Pres Cavenaugh","(N/A)","OF","2544","FA","25","0","0","-","-","0","0","0","0","0","0","0","0","0","0","0","0","0","0","0"
"*0637c*","Jeremy Celedonio","(N/A)","OF","2562","FA","24","0","0","-","-","0","0","0","0","0","0","0","0","0","0","0","0","0","0","0"
"*06c5e*","Rolphy Cruz","(N/A)","1B","2971","FA","23","0","0","-","-","0","0","0","0","0","0","0","0","0","0","0","0","0","0","0"
"*06bky*","Wuilker Cumare","(N/A)","OF","2991","FA","20","0","0","-","-","0","0","0","0","0","0","0","0","0","0","0","0","0","0","0"
"*06qjn*","Mitchell Daly","(N/A)","3B","3038","FA","25","0","0","-","-","0","0","0","0","0","0","0","0","0","0","0","0","0","0","0"
"*062za*","Francis De Leon","(N/A)","OF","3171","FA","22","0","0","-","-","0","0","0","0","0","0","0","0","0","0","0","0","0","0","0"
"*050yk*","Omar Diaz","(N/A)","OF","3322","FA","24","0","0","-","-","0","0","0","0","0","0","0","0","0","0","0","0","0","0","0"
"*05h2v*","Rhodery Diaz","(N/A)","OF","3326","FA","24","0","0","-","-","0","0","0","0","0","0","0","0","0","0","0","0","0","0","0"
"*066rv*","Miguel Dominguez","(N/A)","C","3382","FA","22","0","0","-","-","0","0","0","0","0","0","0","0","0","0","0","0","0","0","0"
"*06rj1*","Matt Donlan","(N/A)","C","3391","FA","26","0","0","-","-","0","0","0","0","0","0","0","0","0","0","0","0","0","0","0"
"*04ym6*","Miguel Droz","(N/A)","SS","3429","FA","24","0","0","-","-","0","0","0","0","0","0","0","0","0","0","0","0","0","0","0"
"*05y77*","Jared Dupere","(N/A)","2B,3B","3467","FA","27","0","0","-","-","0","0","0","0","0","0","0","0","0","0","0","0","0","0","0"
"*06rne*","Gregory Duran","(N/A)","1B","3474","FA","23","0","0","-","-","0","0","0","0","0","0","0","0","0","0","0","0","0","0","0"
"*06sbj*","Myles Emmerson","(N/A)","C","3551","FA","28","0","0","-","-","0","0","0","0","0","0","0","0","0","0","0","0","0","0","0"
"*06zeo*","Hunter Ensley","(N/A)","OF","3570","FA","24","0","0","-","-","0","0","0","0","0","0","0","0","0","0","0","0","0","0","0"
"*06qxm*","Zac Fascia","(N/A)","C","3679","FA","27","0","0","-","-","0","0","0","0","0","0","0","0","0","0","0","0","0","0","0"
"*031d2*","Xavier Fernandez","(N/A)","C","3731","FA","31","0","0","-","-","0","0","0","0","0","0","0","0","0","0","0","0","0","0","0"
"*05yhy*","Osmany Fleitas","(N/A)","2B","3786","FA","24","0","0","-","-","0","0","0","0","0","0","0","0","0","0","0","0","0","0","0"
"*066pw*","Wilfredo Flores","(N/A)","2B","3818","FA","26","0","0","-","-","0","0","0","0","0","0","0","0","0","0","0","0","0","0","0"
"*05gsn*","Vito Friscia","(N/A)","C","3931","FA","29","0","0","-","-","0","0","0","0","0","0","0","0","0","0","0","0","0","0","0"
"*05niq*","Darol Garcia","(N/A)","SS","4027","FA","23","0","0","-","-","0","0","0","0","0","0","0","0","0","0","0","0","0","0","0"
"*062zf*","Duncan Garcia","(N/A)","OF","4033","FA","22","0","0","-","-","0","0","0","0","0","0","0","0","0","0","0","0","0","0","0"
"*05y4q*","Herard Gonzalez","(N/A)","SS","4262","FA","25","0","0","-","-","0","0","0","0","0","0","0","0","0","0","0","0","0","0","0"
"*060xz*","Arturo Guerrero","(N/A)","OF","4418","FA","25","0","0","-","-","0","0","0","0","0","0","0","0","0","0","0","0","0","0","0"
"*067zt*","Henry Guerrero","(N/A)","C","4421","FA","21","0","0","-","-","0","0","0","0","0","0","0","0","0","0","0","0","0","0","0"
"*05y4d*","Dariam Gutierrez","(N/A)","OF","4455","FA","24","0","0","-","-","0","0","0","0","0","0","0","0","0","0","0","0","0","0","0"
"*06ris*","Frank Hernandez","(N/A)","C","4769","FA","24","0","0","-","-","0","0","0","0","0","0","0","0","0","0","0","0","0","0","0"
"*05r6l*","Reyden Hidalgo","(N/A)","SS","4818","FA","22","0","0","-","-","0","0","0","0","0","0","0","0","0","0","0","0","0","0","0"
"*05gdx*","Jason Hodges","(N/A)","1B","4865","FA","25","0","0","-","-","0","0","0","0","0","0","0","0","0","0","0","0","0","0","0"
"*04et1*","Connor Hoover","(N/A)","SS","4908","FA","30","0","0","-","-","0","0","0","0","0","0","0","0","0","0","0","0","0","0","0"
"*06af6*","Kennedy Jones","(N/A)","OF","5178","FA","23","0","0","-","-","0","0","0","0","0","0","0","0","0","0","0","0","0","0","0"
"*06hhd*","Eric Kennedy","(N/A)","OF","5274","FA","26","0","0","-","-","0","0","0","0","0","0","0","0","0","0","0","0","0","0","0"
"*05rce*","Malakhi Knight","(N/A)","OF","5357","FA","23","0","0","-","-","0","0","0","0","0","0","0","0","0","0","0","0","0","0","0"
"*04yl4*","Oswel Leones","(N/A)","OF","5590","FA","25","0","0","-","-","0","0","0","0","0","0","0","0","0","0","0","0","0","0","0"
"*06k7r*","Shane Lewis","(N/A)","OF","5612","FA","24","0","0","-","-","0","0","0","0","0","0","0","0","0","0","0","0","0","0","0"
"*05yh8*","Jackson Linn","(N/A)","OF","5649","FA","23","0","0","-","-","0","0","0","0","0","0","0","0","0","0","0","0","0","0","0"
"*062ze*","Jediael Maduro","(N/A)","OF","5863","FA","22","0","0","-","-","0","0","0","0","0","0","0","0","0","0","0","0","0","0","0"
"*06zf3*","Bennett Markinson","(N/A)","C","5950","FA","23","0","0","-","-","0","0","0","0","0","0","0","0","0","0","0","0","0","0","0"
"*060os*","Gedionne Marlin","(N/A)","2B","5953","FA","22","0","0","-","-","0","0","0","0","0","0","0","0","0","0","0","0","0","0","0"
"*03mwz*","Hamlet Marte","(N/A)","C","5985","FA","32","0","0","-","-","0","0","0","0","0","0","0","0","0","0","0","0","0","0","0"
"*051gn*","Morgan McCullough","(N/A)","2B,SS","6173","FA","28","0","0","-","-","0","0","0","0","0","0","0","0","0","0","0","0","0","0","0"
"*06hh6*","Will McGillis","(N/A)","SS","6197","FA","27","0","0","-","-","0","0","0","0","0","0","0","0","0","0","0","0","0","0","0"
"*06rpn*","Vicente Mendoza","(N/A)","OF","6350","FA","27","0","0","-","-","0","0","0","0","0","0","0","0","0","0","0","0","0","0","0"
"*062zs*","Santiago Millan","(N/A)","OF","6434","FA","23","0","0","-","-","0","0","0","0","0","0","0","0","0","0","0","0","0","0","0"
"*066ai*","Cole Moore","(N/A)","1B","6580","FA","27","0","0","-","-","0","0","0","0","0","0","0","0","0","0","0","0","0","0","0"
"*06qju*","Korey Morton","(N/A)","OF","6672","FA","23","0","0","-","-","0","0","0","0","0","0","0","0","0","0","0","0","0","0","0"
"*06rlb*","Jose Mujica","(N/A)","C","6703","FA","25","0","0","-","-","0","0","0","0","0","0","0","0","0","0","0","0","0","0","0"
"*05rcc*","Anthony Mulrine","(N/A)","C","6710","FA","28","0","0","-","-","0","0","0","0","0","0","0","0","0","0","0","0","0","0","0"
"*04zxi*","Ivan Murzi","(N/A)","C","6745","FA","25","0","0","-","-","0","0","0","0","0","0","0","0","0","0","0","0","0","0","0"
"*0637n*","Ben Norman","(N/A)","OF","6874","FA","28","0","0","-","-","0","0","0","0","0","0","0","0","0","0","0","0","0","0","0"
"*066ru*","Juan Oviedo","(N/A)","C","7083","FA","22","0","0","-","-","0","0","0","0","0","0","0","0","0","0","0","0","0","0","0"
"*0426f*","Jeffry Parra","(N/A)","C","7189","FA","28","0","0","-","-","0","0","0","0","0","0","0","0","0","0","0","0","0","0","0"
"*06am4*","Luis Pelegrin","(N/A)","2B","7264","FA","23","0","0","-","-","0","0","0","0","0","0","0","0","0","0","0","0","0","0","0"
"*05yhz*","Luis Perez","(N/A)","OF","7380","FA","23","0","0","-","-","0","0","0","0","0","0","0","0","0","0","0","0","0","0","0"
"*068yx*","Miguel Perez","(N/A)","OF","7386","FA","25","0","0","-","-","0","0","0","0","0","0","0","0","0","0","0","0","0","0","0"
"*04n94*","Wilmer Perez","(N/A)","C","7400","FA","28","0","0","-","-","0","0","0","0","0","0","0","0","0","0","0","0","0","0","0"
"*060uy*","Dominic Pilolli","(N/A)","OF","7474","FA","25","0","0","-","-","0","0","0","0","0","0","0","0","0","0","0","0","0","0","0"
"*05yfe*","Malcom Quintero","(N/A)","C","7670","FA","25","0","0","-","-","0","0","0","0","0","0","0","0","0","0","0","0","0","0","0"
"*06r5j*","Ibrain Ricardo","(N/A)","2B","7873","FA","19","0","0","-","-","0","0","0","0","0","0","0","0","0","0","0","0","0","0","0"
"*06hok*","Barrett Riebock","(N/A)","OF","7887","FA","23","0","0","-","-","0","0","0","0","0","0","0","0","0","0","0","0","0","0","0"
"*05un7*","Pedro Riera","(N/A)","SS","7892","FA","22","0","0","-","-","0","0","0","0","0","0","0","0","0","0","0","0","0","0","0"
"*05xzt*","Samuel Rodriguez","(N/A)","SS","8088","FA","22","0","0","-","-","0","0","0","0","0","0","0","0","0","0","0","0","0","0","0"
"*06rh4*","Joswuill Rondon","(N/A)","OF","8169","FA","20","0","0","-","-","0","0","0","0","0","0","0","0","0","0","0","0","0","0","0"
"*06qka*","Miguel Santos","(N/A)","2B,3B","8437","FA","25","0","0","-","-","0","0","0","0","0","0","0","0","0","0","0","0","0","0","0"
"*051av*","Aaron Shackelford","(N/A)","SS","8594","FA","29","0","0","-","-","0","0","0","0","0","0","0","0","0","0","0","0","0","0","0"
"*055bz*","Colin Simpson","(N/A)","OF","8694","FA","30","0","0","-","-","0","0","0","0","0","0","0","0","0","0","0","0","0","0","0"
"*04q4l*","Milton Smith Jr.","(N/A)","OF","8724","FA","28","0","0","-","-","0","0","0","0","0","0","0","0","0","0","0","0","0","0","0"
"*05u9m*","Carter Smith","(N/A)","SS","8736","FA","19","0","0","-","-","0","0","0","0","0","0","0","0","0","0","0","0","0","0","0"
"*06qym*","Wade Stauss","(N/A)","C","8882","FA","27","0","0","-","-","0","0","0","0","0","0","0","0","0","0","0","0","0","0","0"
"*04vek*","Raider Uceta","(N/A)","OF","9349","FA","25","0","0","-","-","0","0","0","0","0","0","0","0","0","0","0","0","0","0","0"
"*04yrd*","Nomar Urdaneta","(N/A)","2B","9372","FA","25","0","0","-","-","0","0","0","0","0","0","0","0","0","0","0","0","0","0","0"
"*06chh*","Christopher Vasquez","(N/A)","OF","9467","FA","21","0","0","-","-","0","0","0","0","0","0","0","0","0","0","0","0","0","0","0"
"*061u2*","Neifi Vasquez","(N/A)","OF","9474","FA","22","0","0","-","-","0","0","0","0","0","0","0","0","0","0","0","0","0","0","0"
"*06cq8*","Christian Moore","LAA","2B","10032","FA","23","-0.5","-0.08","39%","0%","20","0","4","4","0","0","0","1","1","11","0","1","0","0","6"
"*05165*","Will Brennan","SF","OF","10029","FA","28","-0.5","-0.05","2%","0%","23","0","2","2","0","0","0","0","0","3","0","0","0","1","11"
"*0630j*","Jack Brannigan","PIT","SS","10028","FA","25","-0.5","-0.5","2%","0%","1","0","0","0","0","0","0","0","0","1","0","0","0","0","1"
"*041tq*","Sam Huff","BAL","C","10031","FA","28","-0.5","-0.04","1%","0%","33","1","4","2","2","0","0","1","1","19","0","0","0","0","14"
"*04069*","Luken Baker","(N/A)","UT","10027","FA","29","-0.5","-0.17","1%","0%","5","0","1","1","0","0","0","0","0","3","0","0","0","0","3"
"*0514r*","Maverick Handley","ATL","C","10030","FA","28","-0.5","-0.5","0%","0%","1","0","0","0","0","0","0","0","0","1","0","0","0","0","1"
"*066al*","Otto Kemp","PHI","3B","10037","FA","26","-1","-0.08","5%","0%","25","0","2","2","0","0","0","0","1","10","0","0","1","0","13"
"*05yhm*","Kyler Fedko","MIN","1B,OF","10035","FA","26","-1","-0.07","3%","0%","16","1","0","0","0","0","0","1","2","8","0","1","0","0","14"
"*04gdz*","Greg Jones","CHC","OF","10036","FA","28","-1","-0.08","2%","0%","23","0","2","2","0","0","0","1","0","10","1","1","0","0","12"
"*05gsd*","Trei Cruz","DET","3B,SS,OF","10045","FA","28","-1.5","-0.75","2%","0%","5","0","0","0","0","0","0","0","0","3","0","0","0","0","2"
"*025fx*","Tommy Pham","PHI","OF","10047","FA","38","-1.5","-0.17","2%","0%","13","1","0","0","0","0","0","0","1","7","0","0","0","0","9"
"*04efb*","Blake Hunt","SD","C","10046","FA","27","-1.5","-0.75","1%","0%","3","0","0","0","0","0","0","0","0","3","0","0","0","0","2"
"*03aoy*","Sean Murphy","ATL","C","10051","FA","31","-2","-0.5","20%","0%","14","1","1","1","0","0","0","0","0","6","0","0","0","1","4"
"*042no*","Oswaldo Cabrera","NYY","3B","10049","FA","27","-2","-0.67","3%","0%","9","0","0","0","0","0","0","0","0","4","0","0","0","0","3"
"*05gdq*","Cesar Prieto","STL","2B","10052","FA","27","-2","-0.33","2%","0%","17","0","0","0","0","0","0","0","0","2","0","0","0","1","6"
"*0630l*","Nick Morabito","NYM","OF","10070","FA","23","-4.5","-0.9","6%","0%","11","0","0","0","0","0","0","0","0","9","0","1","1","0","5"
"*02jtq*","Sandy Leon","ATL","C","10073","FA","37","-5","-0.24","0%","0%","44","0","4","4","0","0","0","0","0","18","0","0","0","0","21"
