"ID","Player","Team","Position","RkOv","Status","Age","FPts","FP/G","Ros","+/-","IP","ERA","K","W","ER","H","BB","SV","HLD","QS","HB","GP"
"*04rzp*","Rico Garcia","BAL","RP","261","FA","32","179","3.65","57%","-2%","46","2.93","49","4","15","26","14","5","12","0","0","49"
"*04pps*","Hogan Harris","ATH","RP","292","FA","29","163","3.26","43%","+2%","46.2","3.09","62","3","16","40","28","8","10","0","5","50"
"*05a29*","Carmen Mlodzinski","PIT","SP,RP","310","FA","27","158","6.87","31%","0%","88.1","3.36","71","6","33","90","30","2","2","1","2","23"
"*04xne*","Yoendrys Gomez","MIN","SP,RP","318","FA","26","156","3.63","58%","+2%","47.2","3.40","43","1","18","37","23","13","6","0","3","43"
"*05xz4*","Michael Petersen","MIA","RP","322","FA","32","155","3.6","34%","+1%","44.1","2.84","51","1","14","27","18","1","17","0","2","43"
"*0429k*","Colin Holderman","CLE","RP","323","FA","30","155","3.78","24%","0%","41","1.76","41","6","8","20","15","1","8","0","3","41"
"*04q05*","Alex Vesia","LAD","RP","325","FA","30","154","3.35","50%","0%","35.1","2.55","50","1","10","18","24","3","17","0","0","46"
"*05ydo*","Juan Morillo","ARI","RP","334","FA","27","151","3.28","24%","+1%","43","2.72","51","3","13","28","16","1","13","0","2","46"
"*04y9f*","Ryan Zeferjahn","LAA","RP","339","FA","28","148","3.36","17%","+3%","50","3.78","71","4","21","28","32","3","9","0","8","44"
"*064no*","Spencer Miles","TOR","SP,RP","341","FA","26","147","5.07","27%","-2%","69","3.26","66","4","25","57","19","0","3","0","0","29"
"*04z9e*","George Soriano","STL","RP","343","FA","27","146","3.11","20%","+4%","46.1","3.50","43","3","18","35","16","2","16","0","1","47"
"*04y76*","Jacob Webb","CHC","RP","345","FA","32","145","3.15","33%","+1%","45.1","2.78","52","3","14","42","17","5","7","0","0","46"
"*02mwd*","Paul Blackburn","NYY","RP","358","FA","32","141","3.81","8%","+3%","57","1.89","42","3","12","39","19","1","2","0","1","37"
"*032lk*","Sean Newcomb","CHW","SP,RP","359","FA","33","141","3.62","24%","+1%","57.2","2.97","55","1","19","46","21","3","8","0","6","39"
"*060ml*","Huascar Brazoban","NYM","SP,RP","360","FA","36","141","3.2","14%","0%","50.2","2.66","47","4","15","30","22","0","8","0","1","44"
"*03dap*","Brock Burke","CIN","RP","362","FA","29","141","2.61","9%","+2%","51.2","2.61","43","4","15","38","29","1","12","0","2","54"
"*05y2k*","Mason Montgomery","PIT","SP,RP","364","FA","26","139","3.16","29%","+4%","43.1","3.95","66","4","19","33","20","2","9","0","0","44"
"*01vxp*","Brooks Raley","NYM","RP","365","FA","38","139","3.23","18%","0%","38.2","2.09","39","4","9","29","15","0","14","0","3","43"
"*03d7h*","Mitch Keller","PIT","SP","366","FA","30","139","6.62","78%","+1%","113.2","4.83","87","6","61","111","38","0","0","9","8","21"
"*06491*","Orion Kerkering","PHI","RP","367","FA","25","139","3.23","32%","0%","40.1","2.68","44","6","12","26","23","1","11","0","3","43"
"*02zoa*","Antonio Senzatela","COL","SP,RP","377","FA","31","134","4.19","35%","-2%","51","3.53","45","9","20","47","16","3","3","0","1","32"
"*02f9m*","Jakob Junis","TEX","RP","378","FA","33","134","3.83","33%","0%","39","2.77","30","1","12","35","7","5","13","0","3","35"
"*04auk*","Seranthony Dominguez","CHW","RP","379","W <small>(Thu)</small>","31","134","3.27","58%","-2%","36.1","4.21","44","3","17","28","22","12","4","0","2","41"
"*03qjz*","Taylor Clarke","ARI","RP","384","FA","33","133","2.77","16%","0%","48.1","2.23","25","2","12","33","9","0","12","0","3","48"
"*02nb6*","Drew Anderson","DET","SP,RP","385","FA","32","133","3.5","14%","0%","61","4.13","74","4","28","57","23","2","6","0","4","38"
"*041rj*","JoJo Romero","STL","RP","388","FA","29","131","2.98","44%","-3%","43","3.35","43","1","16","40","16","0","21","0","4","44"
"*0649e*","A.J. Blubaugh","HOU","RP","390","FA","26","131","3.27","15%","0%","67.1","3.74","69","4","28","53","32","0","5","0","2","40"
"*03qju*","Garrett Cleavinger","TB","RP","391","FA","32","131","3.74","35%","0%","31","3.48","42","2","12","25","14","2","18","0","1","35"
"*04ddz*","Yohan Ramirez","PIT","RP","396","FA","31","130","2.95","10%","0%","56","3.21","62","6","20","44","33","1","6","0","10","44"
"*05143*","Hunter Gaddis","CLE","RP","400","FA","28","128","3.12","39%","+2%","34.2","2.86","33","1","11","35","12","1","21","0","1","41"
"*04eku*","John King","MIA","RP","408","FA","31","125","2.98","10%","0%","42.2","2.53","31","6","12","23","12","1","4","0","4","42"
"*05w7z*","Edgardo Henriquez","LAD","RP","412","FA","24","124","3.1","21%","-1%","41.2","2.81","42","4","13","24","18","1","7","0","4","40"
"*06mi0*","Bryan King","HOU","RP","415","FA","29","123","2.86","27%","-12%","45.2","3.74","36","2","19","46","16","6","12","0","5","43"
"*04b01*","Tomoyuki Sugano","COL","SP","417","FA","36","123","6.83","30%","+2%","96","4.69","56","10","50","100","24","0","0","5","2","18"
"*03dpg*","Kevin Ginkel","ARI","RP","418","FA","32","123","2.62","18%","0%","44.1","3.25","43","4","16","39","12","0","10","0","0","47"
"*03qt6*","Tyler Phillips","MIA","SP,RP","419","FA","28","123","4.56","21%","-1%","84.1","3.52","63","2","33","77","38","2","0","2","3","27"
"*05jnq*","Clayton Beeter","WSH","RP","420","FA","27","123","3.73","40%","+1%","31.2","3.69","33","3","13","21","20","10","5","0","2","33"
"*03svw*","Bryan Hudson","CHW","SP,RP","421","FA","29","122","2.65","13%","+1%","45","3.00","44","3","15","41","17","4","6","0","4","46"
"*025it*","Jason Adam","SD","RP","422","FA","34","121","3.36","38%","-1%","32.1","2.51","22","2","9","30","8","2","17","0","2","36"
"*062ob*","Jose Ferrer","SEA","RP","424","FA","26","121","2.52","27%","-1%","43","2.72","36","3","13","45","13","3","10","0","4","48"
"*041mb*","Anthony Kay","CHW","SP,RP","436","FA","31","119","5.41","41%","0%","99.2","4.33","84","7","48","98","40","0","0","3","19","22"
"*066du*","Brad Lord","WSH","SP,RP","429","W <small>(Thu)</small>","26","118","4.37","23%","-1%","58","3.88","52","5","25","50","21","1","6","0","5","27"
"*05uy4*","Dylan Dodd","ATL","RP","432","FA","28","118","4.37","16%","+7%","31.2","1.99","34","2","7","15","9","1","7","0","0","27"
"*0376h*","Tyler Alexander","TEX","SP,RP","433","FA","32","118","2.51","19%","-1%","45","3.20","39","1","16","48","12","4","10","0","2","47"
"*0648y*","Mason Fluharty","TOR","SP,RP","435","FA","24","118","2.15","9%","0%","42.1","4.04","50","5","19","42","17","1","11","0","1","55"
"*06luc*","Jack Dreyer","LAD","SP,RP","437","FA","27","117","2.79","19%","0%","41.2","3.24","47","4","15","31","12","0","6","0","1","42"
"*0423e*","Anthony Bender","MIA","RP","442","FA","31","116","3.31","16%","0%","34.1","2.62","41","1","10","21","12","2","8","0","3","35"
"*04y8z*","Erik Miller","SF","RP","443","FA","28","116","3.22","11%","+1%","31.1","2.87","44","2","10","22","22","3","10","0","1","36"
"*04q1w*","Caleb Kilian","SF","SP,RP","445","FA","29","115","2.74","30%","-3%","41.1","4.57","49","3","21","37","18","8","3","0","1","42"
"*03qmm*","Jovani Moran","BOS","SP,RP","446","FA","29","115","3.97","6%","0%","43.1","2.70","49","2","13","22","19","0","3","0","1","29"
"*05wxw*","Gordon Graceffo","STL","RP","449","FA","26","114","2.65","9%","0%","51.1","3.16","32","6","18","33","24","1","4","0","2","43"
"*05jrv*","Will Klein","LAD","SP,RP","450","FA","26","114","3.26","19%","-1%","40.1","3.57","46","3","16","41","20","2","12","0","2","35"
"*02hj7*","Merrill Kelly","ARI","SP","453","FA","37","114","6","64%","+3%","109.1","4.86","71","8","59","116","42","0","0","7","3","19"
"*05xsm*","Chase Silseth","LAA","RP","455","FA","26","113","2.4","8%","0%","39.2","2.72","48","3","12","34","22","0","9","0","1","47"
"*03db4*","Jonathan Loaisiga","ARI","RP","456","FA","31","113","2.51","8%","0%","42","2.57","31","2","12","35","9","1","8","0","1","45"
"*02bzn*","Colin Rea","CHC","SP","461","FA","36","113","5.14","40%","+2%","106","4.84","81","7","57","112","38","1","0","3","7","22"
"*04mlh*","Ryan Rolison","CHC","RP","458","FA","29","112","3.11","6%","0%","40.2","2.66","42","5","12","34","19","1","4","0","0","36"
"*05rb4*","Sam Bachman","LAA","RP","459","FA","26","112","2.87","21%","0%","44.1","4.26","46","1","21","34","24","1","16","0","3","39"
"*03y4y*","Enyel De Los Santos","HOU","RP","462","FA","30","112","2.43","10%","0%","49","4.59","47","1","25","48","12","5","8","0","0","46"
"*04fq2*","Javier Assad","CHC","SP,RP","464","FA","28","111","6.53","30%","-4%","65.1","3.86","42","6","28","57","16","1","0","1","2","17"
"*050ok*","Yennier Cano","BAL","RP","469","FA","32","111","2.36","17%","-1%","35.2","2.27","30","2","9","27","8","1","8","0","1","47"
"*02hhj*","Ryne Stanek","STL","RP","471","FA","35","109","2.42","12%","+1%","40.1","4.46","43","2","20","35","23","1","17","0","1","45"
"*04pmg*","Jonathan Bowlan","PHI","RP","473","FA","29","109","2.79","11%","0%","36.2","2.70","44","2","11","28","8","0","6","0","2","39"
"*06guh*","Brandyn Garcia","ARI","RP","475","FA","26","108","3.27","21%","+2%","27.2","2.28","32","0","7","18","6","1","12","0","3","33"
"*03aac*","Walker Buehler","SD","SP","476","FA","32","108","5.14","42%","+1%","100","5.13","91","6","57","99","42","0","0","3","4","21"
"*02i3o*","Aaron Nola","PHI","SP","516","FA","33","108","4.91","77%","-1%","113.1","5.64","115","3","71","125","38","0","0","6","1","22"
"*031fj*","Gabe Speier","SEA","RP","477","FA","31","108","3.27","24%","0%","27.2","1.95","24","2","6","20","10","1","13","0","3","33"
"*03d6n*","Erick Fedde","CHW","SP,RP","486","FA","33","106","5.05","25%","+2%","97.1","4.25","68","5","46","100","36","0","0","1","3","21"
"*04tk1*","Slade Cecconi","CLE","SP","490","FA","27","105","5","48%","+1%","107.1","4.78","84","4","57","123","35","0","0","5","3","21"
"*04zay*","Kai-Wei Teng","HOU","SP,RP","492","FA","27","105","4.2","17%","-2%","68.1","4.35","67","5","33","62","30","0","3","2","11","25"
"*0313t*","Tyler Kinley","ATL","RP","493","FA","35","104","2.42","9%","-1%","37.1","4.34","38","6","18","32","16","0","11","0","1","43"
"*02x0f*","Sean Manaea","NYM","SP,RP","495","FA","34","104","4.73","40%","-1%","85.2","4.52","84","2","43","88","28","0","0","3","9","22"
"*0312l*","Brad Keller","PHI","RP","498","FA","31","102","3.19","18%","-8%","31.1","4.02","32","2","14","29","13","3","13","0","2","32"
"*04pvq*","PJ Poulin","WSH","SP,RP","501","FA","30","101","2.89","6%","-1%","36.2","2.70","25","3","11","27","21","3","7","0","1","35"
"*061t3*","Brennan Bernardino","COL","RP","504","FA","34","101","2.06","3%","0%","42.2","2.74","33","3","13","39","12","1","5","0","2","49"
"*04naz*","Tyler Holton","DET","SP,RP","505","FA","30","101","2.24","15%","0%","47.1","3.04","37","1","16","52","11","1","9","0","3","45"
"*05oyx*","Peyton Gray","TEX","RP","511","FA","31","99","3.09","7%","-1%","38.2","3.49","41","5","15","36","12","0","6","0","3","32"
"*04q3y*","Grant Anderson","MIL","RP","519","FA","29","98","2.33","5%","0%","46.1","3.50","38","3","18","34","18","0","5","0","0","42"
"*0689r*","Yuki Matsui","SD","RP","520","FA","30","98","3.27","7%","0%","38.2","2.56","43","1","11","24","24","0","6","0","2","30"
"*031hc*","Cole Sulser","TB","RP","521","FA","36","98","2.39","6%","+1%","46.1","4.86","48","1","25","47","14","2","11","0","0","41"
"*04ekf*","Calvin Faucher","MIA","RP","523","FA","30","97","2.16","11%","-1%","44.1","4.67","46","5","23","38","30","1","11","0","3","45"
"*04esc*","Keaton Winn","SF","RP","524","FA","28","96","2.74","19%","-1%","34.2","3.38","27","2","13","27","13","1","11","0","2","35"
"*04yid*","Ryne Nelson","ARI","SP,RP","525","FA","28","96","6.4","52%","0%","83.1","4.97","62","3","46","81","22","0","0","6","5","15"
"*02hfr*","Caleb Thielbar","CHC","RP","526","FA","39","96","2.67","8%","0%","31","4.06","40","3","14","25","13","2","7","0","0","36"
"*03qm8*","JT Brubaker","SF","RP","529","FA","32","96","3.1","4%","0%","49.1","2.74","35","0","15","36","20","1","3","0","0","31"
"*04mlx*","Matthew Liberatore","STL","SP","530","FA","26","96","4.57","53%","+1%","102.2","5.26","100","5","60","120","40","0","0","4","4","21"
"*05lg3*","Brandon Pfaadt","ARI","SP,RP","581","FA","27","96","5.05","63%","+7%","69","4.17","47","5","32","70","20","0","2","2","4","19"
"*0312g*","Tyler Mahle","SF","SP","532","FA","31","95","5.59","37%","0%","89","4.96","80","3","49","90","35","0","0","3","1","17"
"*03qo0*","Pete Fairbanks","MIA","RP","535","FA","32","95","2.79","76%","-2%","31.1","7.18","42","3","25","32","14","13","2","0","3","34"
"*04pzi*","Evan Sisk","PIT","RP","536","FA","29","95","2.97","5%","0%","36.1","2.23","43","1","9","30","13","0","5","0","6","32"
"*03qub*","Grant Wolfram","BAL","RP","539","FA","29","94","2.35","5%","0%","32","4.22","35","3","15","33","8","1","12","0","4","40"
"*057n0*","Anthony Nunez","BAL","RP","543","FA","25","94","2.54","10%","0%","42.1","4.46","44","2","21","35","18","3","6","0","2","37"
"*041s4*","Lake Bachar","MIA","SP,RP","548","FA","31","93","2.58","7%","0%","54.2","4.12","59","1","25","42","21","1","1","0","4","36"
"*031ey*","Eric Lauer","LAD","SP,RP","549","FA","31","93","5.81","37%","+2%","82","4.83","52","5","44","75","28","0","0","4","2","16"
"*05itb*","Randy Vasquez","SD","SP","553","FA","27","92","4.6","43%","-2%","90.1","4.68","63","6","47","107","29","0","1","4","4","20"
"*03zlf*","Luis Medina","ATH","SP,RP","554","FA","27","92","2.63","6%","0%","47","3.64","57","2","19","45","24","0","5","0","3","35"
"*02nbw*","Tejay Antone","CIN","RP","558","FA","32","91","2.84","5%","+1%","32","2.25","28","1","8","23","8","1","5","0","2","32"
"*041am*","Lucas Erceg","KC","RP","561","FA","31","91","2.22","35%","-2%","39.1","5.26","27","4","23","43","23","12","3","0","4","41"
"*041x9*","Graham Ashcraft","CIN","RP","562","FA","28","89","3.42","22%","0%","27","3.33","32","1","10","17","16","1","10","0","0","26"
"*03ab0*","Luis Severino","ATH","SP","564","FA","32","89","7.42","43%","0%","62.2","4.16","65","2","29","61","31","0","0","3","2","12"
"*04tlv*","Bryan Abreu","HOU","RP","565","FA","29","89","2.28","43%","0%","35.2","5.05","46","2","20","29","28","6","6","0","3","39"
"*031d4*","Zack Littell","WSH","SP,RP","567","FA","30","88","4.19","33%","-1%","101","5.17","66","7","58","104","31","0","0","1","3","21"
"*0512q*","Justin Slaten","BOS","RP","569","FA","28","87","2.9","18%","+3%","26.1","4.78","34","1","14","30","6","0","16","0","0","30"
"*06qwb*","Jose Fermin","LAA","RP","571","FA","24","87","2.81","3%","+1%","33","3.00","36","3","11","22","17","0","5","0","3","31"
"*061jc*","Tim Herrin","CLE","RP","578","FA","29","86","2","9%","0%","33.2","3.48","28","1","13","27","19","0","14","0","4","43"
"*03poq*","Tony Santillan","CIN","RP","580","FA","29","86","2.53","27%","-1%","31","5.23","28","1","18","29","14","5","11","0","0","34"
"*031dd*","Tim Mayza","PHI","SP,RP","584","FA","34","85","2.07","4%","0%","48","3.94","47","2","21","42","11","0","1","0","1","41"
"*031k3*","Trent Thornton","CHC","RP","589","FA","32","84","2.9","4%","-1%","32.1","2.51","15","3","9","23","10","3","2","0","1","29"
"*05u6r*","Robert Gasser","MIL","SP","591","FA","27","83","7.55","43%","+4%","57.1","4.71","52","3","30","53","14","0","0","3","5","11"
"*047sh*","Wandy Peralta","SD","SP,RP","592","FA","35","83","1.8","4%","0%","53.1","3.04","33","2","18","50","21","0","3","0","2","46"
"*041tl*","Matt Festa","CLE","RP","593","FA","33","83","1.89","4%","0%","43","4.40","47","2","21","47","13","1","7","0","4","44"
"*060u3*","Andrew Alvarez","WSH","SP,RP","595","FA","27","83","5.53","22%","-1%","57.2","4.06","58","2","26","59","28","1","2","0","2","15"
"*04coa*","Trevor Richards","CHW","RP","596","FA","33","83","2.77","1%","0%","44.2","3.63","47","0","18","35","12","0","1","0","0","30"
"*05jq7*","Kyle Hurt","LAD","SP,RP","597","FA","28","82","2.48","10%","-1%","33.1","4.59","39","3","17","28","18","1","8","0","1","33"
"*03cav*","Brent Suter","LAA","RP","601","FA","36","80","2.11","3%","0%","59","4.42","53","1","29","61","14","0","3","0","1","38"
"*02n3l*","Taylor Rogers","MIN","RP","602","FA","35","80","1.82","9%","0%","38.1","5.17","33","6","22","44","17","2","9","0","2","44"
"*03yxh*","Cal Quantrill","TEX","SP,RP","700","FA","31","80","3.64","11%","-1%","58.1","3.70","39","3","24","55","17","0","0","1","5","22"
"*02n2v*","Anthony Banda","MIN","RP","609","FA","32","79","2.03","5%","0%","34.1","4.46","33","2","17","31","15","2","10","0","8","39"
"*0319c*","Mark Leiter Jr.","ATH","RP","610","FA","35","79","2.19","6%","0%","33.2","4.28","38","0","16","32","11","4","5","0","4","36"
"*0519c*","Orlando Ribalta","WSH","RP","612","FA","28","79","2.55","3%","0%","29.2","3.64","28","0","12","24","12","2","8","0","0","31"
"*04ggi*","Andrew Kittredge","BAL","RP","613","FA","36","79","2.26","20%","0%","30.2","3.52","28","1","12","33","9","3","6","0","0","35"
"*0421q*","Greg Weissert","BOS","RP","616","FA","31","79","1.84","4%","0%","41.1","4.14","38","3","19","39","12","0","5","0","2","43"
"*04etg*","Janson Junk","MIA","SP","617","FA","30","79","5.64","30%","-1%","73.2","4.89","57","4","40","80","20","0","0","2","1","14"
"*05rcp*","Tommy Nance","MIN","RP","618","FA","35","78","2.05","2%","0%","39.1","3.66","40","2","16","35","17","0","4","0","0","38"
"*066dd*","Samy Natera Jr.","LAA","RP","619","FA","26","78","4.33","11%","+3%","20.1","2.21","30","1","5","9","9","1","4","0","1","18"
"*060o9*","Juan Mejia","COL","RP","620","FA","26","77","1.83","4%","0%","46","5.48","47","3","28","48","24","4","6","0","2","42"
"*03mjl*","Cam Booser","TB","RP","621","FA","34","77","4.05","7%","+1%","20.2","1.74","26","0","4","10","4","0","5","0","0","19"
"*04pvu*","Stephen Kolek","KC","SP","624","FA","29","77","7.7","35%","-3%","54","4.50","34","4","27","55","12","0","0","5","2","10"
"*031cy*","Emilio Pagan","CIN","RP","625","FA","35","77","3.5","74%","+1%","20.1","5.31","21","2","12","17","8","10","0","0","2","22"
"*04k0w*","Camilo Doval","NYY","RP","627","FA","29","76","1.77","22%","-1%","38.2","4.19","39","3","18","36","16","1","4","0","2","43"
"*041w0*","Richard Lovelady","WSH","SP,RP","628","FA","31","76","2.3","5%","0%","30.1","3.86","27","2","13","34","21","4","9","0","3","33"
"*03nqc*","Jose Suarez","ATH","RP","630","FA","28","75","2.03","3%","0%","55.1","4.55","59","1","28","58","23","1","3","0","3","37"
"*05tjx*","Steven Cruz","KC","RP","634","FA","27","74","2.11","4%","+1%","37","4.62","45","2","19","31","17","2","2","0","1","35"
"*02bve*","Blake Treinen","LAD","RP","635","FA","38","74","2.55","8%","0%","23","3.52","25","4","9","21","10","1","6","0","1","29"
"*03yui*","Alex Lange","KC","RP","636","FA","30","74","1.8","28%","-3%","42","6.00","43","1","28","40","23","10","1","0","5","41"
"*04aeh*","DL Hall","MIL","RP","637","FA","27","74","3.08","10%","0%","31","2.03","32","0","7","14","24","0","3","0","1","24"
"*041g5*","Elvis Alvarado","ATH","RP","638","FA","27","73","2.52","14%","-3%","31","5.23","37","3","18","26","13","2","5","0","1","29"
"*04paj*","Cole Winn","TEX","RP","639","FA","26","73","1.87","7%","0%","35.1","6.11","36","5","24","38","10","1","9","0","1","39"
"*041z3*","John Schreiber","KC","RP","642","FA","32","72","1.64","5%","0%","40.1","3.79","29","0","17","39","16","1","8","0","1","44"
"*02xid*","Albert Suarez","BAL","RP","644","FA","36","72","4","3%","0%","43.1","3.32","30","2","16","38","15","1","0","0","0","18"
"*03duu*","Ryan Thompson","ARI","RP","643","FA","34","72","1.67","7%","0%","38.1","3.76","26","4","16","44","11","0","7","0","3","43"
"*02brc*","Adrian Houser","SF","SP,RP","647","FA","33","71","3.55","16%","0%","87","4.86","58","2","47","91","29","0","1","2","4","20"
"*066n1*","Justin Sterner","ATH","RP","648","FA","29","71","1.54","12%","-3%","42.2","6.12","40","2","29","46","13","1","12","0","0","46"
"*03btm*","Jose Alvarado","PHI","RP","649","FA","31","71","1.58","12%","0%","39","6.00","52","3","26","46","14","1","10","0","7","45"
"*04022*","Tim Hill","NYY","RP","652","FA","36","71","1.48","8%","0%","39.2","4.31","18","3","19","38","10","1","9","0","5","48"
"*04ehz*","Jeremiah Estrada","SD","RP","653","FA","27","69","3.29","41%","0%","20.2","3.48","23","2","8","13","10","1","6","0","0","21"
"*06fz3*","Mitch Farris","LAA","SP,RP","657","FA","25","68","3.09","5%","0%","43.1","3.53","43","0","17","43","18","1","1","0","1","22"
"*06am5*","Luinder Avila","KC","SP,RP","659","FA","24","68","3.4","23%","+7%","67.1","4.81","59","5","36","67","39","0","0","1","2","20"
"*0427a*","Casey Legumina","TB","SP,RP","662","FA","29","67","1.97","2%","0%","43.1","3.95","31","2","19","44","13","0","6","0","6","34"
"*0311r*","Sam Moll","CIN","RP","664","FA","34","67","1.37","2%","0%","42.2","4.43","46","1","21","36","24","1","4","0","5","49"
"*04g1x*","David Peterson","CHC","SP,RP","665","FA","30","66","3.14","42%","+5%","94.2","5.80","77","6","61","104","40","1","1","1","3","21"
"*0657l*","Jack Perkins","ATH","SP,RP","666","FA","26","66","2.54","23%","0%","68.1","6.45","80","2","49","66","27","3","2","0","8","26"
"*041uv*","Jesse Scholtens","TB","RP","669","FA","32","65","7.22","8%","0%","37.2","3.82","30","5","16","36","11","0","0","0","3","9"
"*041wc*","Joel Kuhnel","MIL","RP","678","FA","31","64","1.83","7%","0%","35.1","4.84","22","1","19","40","12","6","5","0","4","35"
"*03ql5*","Ryan Helsley","BAL","RP","679","W <small>(Thu)</small>","32","64","3.76","75%","-3%","15.1","4.11","21","0","7","13","9","8","0","0","0","17"
"*04px6*","Cooper Criswell","SEA","RP","680","FA","30","64","2.46","4%","0%","30.2","3.52","23","2","12","28","8","1","3","0","1","26"
"*03zo6*","Cionel Perez","NYM","RP","681","FA","30","64","1.83","2%","0%","40.2","5.09","40","4","23","44","16","0","5","0","0","35"
"*061cq*","Ryan Watson","BOS","RP","682","FA","28","64","1.88","1%","0%","54.2","4.45","43","1","27","52","19","1","1","0","3","34"
"*03vcw*","Jordan Hicks","CHW","SP,RP","683","FA","29","64","2","11%","+3%","29.1","3.38","33","0","11","23","20","1","5","0","1","32"
"*02n0v*","Hoby Milner","CHC","RP","684","FA","35","64","1.68","4%","0%","35.2","3.53","18","1","14","34","9","1","6","0","3","38"
"*05k3i*","Justin Bruihl","STL","RP","687","FA","29","63","1.4","1%","0%","49.1","3.65","34","0","20","49","20","0","6","0","8","45"
"*05y6w*","Hunter Dobbins","STL","SP","691","FA","26","62","8.86","25%","+10%","33.2","3.74","32","2","14","33","11","1","0","1","1","7"
"*01srb*","Jameson Taillon","CHC","SP","693","FA","34","61","4.07","46%","+1%","76","5.92","68","2","50","76","27","0","0","4","2","15"
"*05u6p*","Brant Hurter","DET","RP","696","FA","27","61","2.9","8%","0%","25.1","2.84","18","4","8","15","12","0","1","0","1","21"
"*02c47*","Shawn Armstrong","CLE","RP","699","FA","35","60","1.58","10%","0%","33","4.91","33","2","18","29","19","0","8","0","2","38"
"*051c3*","Andrew Nardi","MIA","RP","704","FA","27","59","2.36","4%","0%","22.2","5.16","27","3","13","21","11","0","8","0","1","25"
"*04w53*","Jaden Hill","COL","RP","706","FA","26","59","1.84","6%","0%","26.2","5.06","28","0","15","27","17","2","11","0","3","32"
"*04pyp*","Kody Funderburk","MIN","RP","707","FA","29","59","1.9","3%","0%","29.1","3.68","19","1","12","21","19","1","7","0","2","31"
"*030vs*","Kirby Yates","LAA","RP","709","FA","39","58","2.07","20%","-2%","24.2","3.65","30","0","10","16","11","3","0","0","4","28"
"*05r0r*","Enmanuel De Jesus","DET","SP,RP","714","FA","29","57","2.59","4%","0%","31.2","3.98","31","2","14","27","13","1","0","0","0","22"
"*02hdy*","Pierce Johnson","CIN","RP","717","FA","35","56","1.6","4%","0%","31","4.94","27","2","17","28","13","1","5","0","0","35"
"*03djb*","Jalen Beeks","TEX","RP","718","FA","33","56","1.93","4%","0%","26","3.81","21","2","11","28","8","0","6","0","0","29"
"*04em6*","Will Vest","DET","RP","721","FA","31","56","2.07","22%","-1%","26.2","6.08","27","3","18","28","10","2","7","0","2","27"
"*03dbu*","Sam Hentges","SF","RP","722","FA","30","56","2","2%","0%","21.1","2.53","24","1","6","17","16","0","6","0","3","28"
"*04pxq*","Gus Varland","WSH","RP","725","FA","29","55","1.72","4%","0%","31.2","6.25","30","1","22","41","15","6","6","0","0","32"
"*04q0r*","Dylan Smith","SF","RP","726","FA","26","55","2.89","4%","0%","17","2.65","20","0","5","11","8","1","5","0","2","19"
"*04ppz*","Jake Irvin","WSH","SP","727","FA","29","55","5","20%","0%","51.2","5.23","58","2","30","48","22","0","0","0","6","11"
"*05oqe*","Ty Madden","DET","SP,RP","729","FA","26","55","6.11","20%","+1%","25","2.88","29","0","8","17","10","0","1","0","1","9"
"*03r06*","Ryan Feltner","COL","SP","734","FA","29","54","3.6","14%","-3%","70.2","5.73","54","3","45","74","29","0","0","5","1","15"
"*02buh*","Scott Barlow","KC","RP","735","FA","33","53","1.47","5%","0%","33.1","6.48","29","2","24","26","19","2","10","0","7","36"
"*04mlr*","Jeffrey Springs","ATH","SP","736","FA","33","53","2.52","47%","0%","104","6.23","86","3","72","112","39","0","0","4","2","21"
"*03deu*","Brock Stewart","LAD","RP","739","FA","34","52","4","5%","+1%","13.1","2.02","14","0","3","5","5","1","4","0","0","13"
"*041qr*","Aaron Civale","CHC","SP","740","FA","31","52","2.89","21%","-4%","79","5.35","63","5","47","103","25","0","0","1","2","18"
"*05rgq*","Kendry Rojas","MIN","SP,RP","743","FA","23","52","5.2","20%","+1%","25.2","2.81","29","1","8","17","19","0","1","0","1","10"
"*0314j*","Ryan Yarbrough","NYY","SP,RP","745","FA","34","51","1.96","6%","0%","42.2","4.64","30","2","22","37","18","2","0","0","4","26"
"*04pxp*","Victor Vodnik","COL","RP","746","FA","26","51","1.65","12%","0%","34","5.56","24","3","21","39","19","4","5","0","1","31"
"*05mrv*","Eric Orze","MIN","RP","749","FA","28","51","1.42","3%","0%","41.1","5.66","36","2","26","42","21","1","7","0","2","36"
"*0422c*","Kyle Hart","SD","SP,RP","750","FA","33","51","1.89","3%","0%","38","5.21","33","0","22","30","12","0","5","0","3","27"
"*05ybe*","Travis Adams","MIN","RP","751","FA","26","51","2.32","2%","0%","31.2","5.40","36","2","19","30","14","2","1","0","0","22"
"*03di6*","Jordan Romano","COL","RP","755","FA","33","50","2.78","18%","+3%","14.2","6.14","21","0","10","17","10","8","1","0","1","18"
"*04eld*","J.P. Sears","SD","SP","757","FA","30","50","8.33","25%","+2%","28","3.86","23","3","12","24","9","0","0","0","0","6"
"*03ppa*","A.J. Minter","NYM","RP","756","FA","32","50","2.27","9%","0%","22","2.45","18","1","6","21","2","0","1","0","0","22"
"*04eqw*","Isaac Mattson","PIT","RP","764","FA","31","49","1.36","4%","0%","33.1","4.86","31","0","18","36","15","0","8","0","1","36"
"*04pvl*","Mike Burrows","HOU","SP","768","FA","26","47","2.61","33%","-1%","94.2","5.99","75","4","63","112","35","0","0","4","4","18"
"*05y5l*","Franco Aleman","CLE","RP","769","FA","26","47","3.92","8%","0%","13.2","1.32","16","0","2","8","5","0","3","0","0","12"
"*04pw2*","Chase Shugart","PHI","RP","770","FA","29","47","1.62","1%","0%","33.2","5.08","42","2","19","31","13","0","0","0","3","29"
"*06fzq*","Craig Yoho","MIL","RP","771","FA","26","47","3.36","12%","0%","19","3.32","18","2","7","8","8","0","1","0","2","14"
"*01xfr*","Patrick Corbin","TOR","SP","772","FA","37","47","2.47","11%","-1%","80","5.51","63","3","49","98","25","1","0","1","6","19"
"*06qxg*","Tyler Davis","CHW","RP","774","FA","27","46","1.92","1%","0%","26.1","4.10","22","2","12","17","15","1","0","0","0","24"
"*04y78*","Jacob Waguespack","DET","RP","775","FA","32","46","3.29","1%","0%","18.1","1.47","13","0","3","9","6","0","1","0","1","14"
"*041vj*","Julian Garcia","CIN","SP,RP","782","FA","31","46","3.83","3%","+1%","16.2","2.70","16","1","5","8","8","1","1","0","1","12"
"*046yd*","Dennis Santana","PIT","RP","777","FA","30","46","1.05","32%","-1%","41.2","6.05","37","2","28","42","21","2","5","0","2","44"
"*03di1*","Matt Gage","SF","RP","785","FA","33","43","1.26","3%","0%","27.1","5.60","22","4","17","28","17","1","5","0","1","34"
"*0514m*","Chris Murphy","CHW","RP","786","FA","28","43","1.72","2%","0%","25.2","4.56","25","3","13","23","14","1","1","0","3","25"
"*05jqy*","Mitchell Parker","WSH","SP,RP","790","FA","26","43","1.95","6%","0%","39.2","6.58","34","3","29","46","13","1","7","0","2","22"
"*05j8o*","Angel Chivilli","NYY","RP","789","FA","24","43","3.91","5%","+2%","12.2","0.71","13","1","1","7","4","0","1","0","1","11"
"*043r7*","Caleb Ferguson","CIN","RP","805","FA","30","42","1.83","3%","0%","22.2","3.57","21","1","9","24","11","1","2","0","0","23"
"*02h8d*","Steven Matz","TB","SP,RP","791","FA","35","42","2.8","21%","0%","53","6.28","41","4","37","55","19","0","1","3","1","15"
"*05y7j*","Robby Ahlstrom","TEX","RP","792","FA","27","42","1.75","1%","0%","19.2","5.03","17","3","11","20","8","0","5","0","0","24"
"*01scl*","Craig Kimbrel","TB","RP","795","FA","38","41","1.37","2%","0%","31","4.35","29","0","15","26","12","0","1","0","1","30"
"*02h9r*","Miles Mikolas","WSH","SP,RP","797","FA","37","41","1.86","13%","0%","102","5.65","52","3","64","115","21","0","0","0","1","22"
"*04ek8*","Connor Brogdon","CLE","RP","798","FA","31","41","2.73","2%","0%","15.1","5.28","14","2","9","14","3","1","4","0","0","15"
"*03mle*","Joe Mantiply","TOR","RP","799","FA","35","40","2.35","1%","0%","17.2","2.04","16","1","4","16","4","0","0","0","1","17"
"*05t5k*","Wilber Dotel","PIT","SP,RP","806","FA","23","38","3.45","10%","0%","22.1","4.84","25","1","12","19","9","0","2","0","0","11"
"*0630h*","Mason Barnett","ATH","SP,RP","807","FA","25","38","2.71","10%","-2%","24.2","4.74","23","1","13","21","13","2","0","0","0","14"
"*04pqh*","Mason Englert","TB","SP,RP","808","FA","26","38","2.71","4%","-2%","35.2","4.54","32","0","18","43","8","1","0","0","1","14"
"*04eec*","Nate Pearson","KC","RP","810","FA","29","38","2.24","3%","0%","21","3.43","16","2","8","16","13","1","0","0","1","17"
"*0518s*","Ryan Gusto","MIA","SP,RP","811","FA","27","38","3.17","6%","+1%","34","4.50","31","0","17","34","11","0","1","0","2","12"
"*04q5s*","Ryan Fernandez","STL","RP","815","FA","28","37","3.36","2%","0%","13.1","2.70","20","1","4","11","7","0","1","0","0","11"
"*04prz*","Austin Warren","NYM","RP","816","FA","30","37","1.42","2%","0%","35","4.63","37","1","18","34","18","0","0","0","3","26"
"*04erc*","Ron Marinaccio","PIT","RP","818","FA","31","37","1.06","1%","0%","49.1","4.93","39","1","27","53","19","0","1","0","4","35"
"*03amq*","German Marquez","SD","SP","826","FA","31","36","3.27","12%","-2%","47","5.17","34","4","27","50","22","0","0","0","2","11"
"*0515q*","Adam Macko","TOR","SP,RP","825","FA","25","36","1.64","5%","-1%","22","4.91","23","2","12","24","10","0","4","0","3","22"
"*04pqs*","Jake Bird","NYY","RP","832","FA","30","35","0.97","3%","0%","30.1","5.93","31","1","20","36","11","0","7","0","5","36"
"*060pi*","Alimber Santa","HOU","RP","833","FA","23","35","3.5","5%","0%","15.1","1.17","9","0","2","8","6","0","0","0","0","10"
"*05y12*","Daniel Duarte","NYM","RP","835","FA","29","35","5.83","1%","0%","10.1","0.00","9","0","0","2","2","0","0","0","1","6"
"*04ehi*","Tyler Zuber","MIA","RP","839","FA","31","34","1.79","1%","0%","16","5.06","18","0","9","20","3","1","5","0","2","19"
"*05a06*","Nick Mears","KC","RP","840","FA","29","34","1.62","4%","0%","19.1","5.12","15","2","11","18","11","0","5","0","0","21"
"*03qln*","Jimmy Herget","COL","SP,RP","846","FA","32","33","1.18","6%","-1%","28","6.43","29","0","20","34","14","3","5","0","2","28"
"*05jpe*","Connor Phillips","CIN","RP","848","FA","25","32","1.28","9%","0%","27.2","5.53","28","1","17","21","28","1","5","0","3","25"
"*05r1z*","Zack Kelly","BOS","RP","849","FA","31","32","1.88","1%","0%","16.1","3.31","14","0","6","14","7","0","3","0","1","17"
"*0506h*","Randy Dobnak","KC","RP","850","FA","31","32","8","9%","+5%","19","1.42","10","0","3","17","9","0","0","0","0","4"
"*05173*","Alec Gamboa","BOS","SP,RP","851","FA","29","32","4.57","1%","0%","13","2.08","12","0","3","10","5","1","0","0","0","7"
"*01ucb*","Drew Pomeranz","(N/A)","RP","854","FA","37","32","1.03","4%","0%","29","5.59","17","2","18","32","16","0","8","0","2","31"
"*05yay*","Tyler Samaniego","BOS","SP,RP","858","FA","27","31","1.55","2%","0%","20.1","2.66","17","0","6","22","8","0","1","0","2","20"
"*051as*","Cody Laweryson","MIN","RP","859","FA","28","31","2.07","2%","0%","16.2","4.86","18","1","9","15","8","1","2","0","2","15"
"*026l1*","Lance McCullers Jr.","MIL","SP","862","FA","32","31","3.1","30%","-2%","44","6.55","48","2","32","41","27","0","1","2","2","10"
"*051dw*","Brandon Eisert","PIT","SP,RP","860","FA","28","31","1","2%","0%","32","6.75","38","2","24","33","12","0","2","0","0","31"
"*05oyw*","Nick Davila","SEA","RP","863","FA","27","31","1.55","1%","0%","22.2","3.57","9","0","9","16","11","1","2","0","3","20"
"*02hxd*","Danny Coulombe","(N/A)","RP","865","FA","36","30","1.03","2%","0%","22","4.50","10","0","11","18","15","0","7","0","1","29"
"*0514j*","Gavin Hollowell","CHC","RP","866","FA","28","30","2.31","1%","+1%","13.1","2.70","13","0","4","10","8","1","1","0","1","13"
"*05jpa*","Beck Way","KC","RP","868","FA","26","30","1.58","2%","0%","23.1","3.86","21","1","10","27","10","0","1","0","1","19"
"*0429q*","Michael Rucker","SEA","RP","869","FA","32","30","1.76","0%","0%","18.2","4.34","23","0","9","18","6","0","1","0","1","17"
"*066b2*","Drew Sommers","DET","RP","870","FA","25","30","1.43","2%","0%","13.2","5.27","19","0","8","15","8","0","6","0","1","21"
"*06aw2*","Samuel Aldegheri","LAA","SP,RP","871","FA","24","29","3.22","8%","-1%","33.2","5.08","22","3","19","31","17","0","0","0","1","9"
"*04n0o*","Cole Wilcox","SEA","RP","872","FA","27","29","1.53","4%","0%","23.2","3.42","23","0","9","21","15","0","0","0","2","19"
"*041yb*","Dean Kremer","BAL","SP","762","FA","30","29","4.14","52%","-2%","36","6.50","38","1","26","38","11","0","0","2","0","7"
"*066d2*","Cade Gibson","MIA","RP","873","FA","28","29","1.26","2%","0%","28","5.79","25","2","18","28","13","0","4","0","5","23"
"*02c2h*","Chris Bassitt","BAL","SP","874","FA","37","29","2.42","35%","0%","56.1","5.27","37","4","33","70","22","0","0","2","8","12"
"*06308*","William Kempner","MIA","RP","875","FA","25","29","3.22","3%","0%","12.1","2.92","14","1","4","8","4","0","0","0","2","9"
"*0614c*","Jordan Leasure","CHW","RP","876","FA","27","29","1.61","9%","0%","18.2","6.27","18","2","13","15","8","0","3","0","0","18"
"*02n9l*","Dietrich Enns","BAL","RP","879","FA","35","28","2.15","1%","0%","16","3.94","13","3","7","13","11","0","0","0","0","13"
"*05u2q*","Blade Tidwell","SF","SP,RP","882","FA","25","28","3.5","16%","0%","12","3.00","10","0","4","10","3","1","1","0","1","8"
"*066a8*","David Morgan","SD","RP","880","FA","26","28","1.56","3%","0%","22","4.50","26","2","11","26","13","0","1","0","3","18"
"*062pn*","David Sandlin","CHW","SP,RP","884","FA","25","28","7","17%","0%","19.1","6.05","20","2","13","15","10","0","0","2","0","4"
"*060uk*","Jack Anderson","MIN","SP,RP","883","FA","26","28","5.6","3%","+1%","11.1","2.38","10","0","3","9","3","1","0","0","0","5"
"*02c1b*","Burch Smith","DET","RP","886","FA","36","28","2.15","1%","0%","17","3.18","20","0","6","18","7","0","0","0","0","13"
"*051ui*","Jacob Lopez","ATH","SP","888","FA","28","27","1.69","23%","+2%","64.2","6.12","53","5","44","68","40","0","1","0","3","16"
"*06ak0*","Blas Castano","COL","RP","891","FA","27","26","2.6","0%","0%","20.2","3.92","17","1","9","22","6","0","0","0","2","10"
"*065uw*","Tyler Schweitzer","CHW","SP,RP","892","FA","25","26","2.89","2%","0%","16.2","3.78","8","1","7","18","5","1","1","0","0","9"
"*04ejp*","James Karinchak","ATL","RP","894","FA","30","25","2.78","2%","0%","9.2","1.86","8","0","2","4","5","0","1","0","0","9"
"*041sz*","Tobias Myers","NYM","SP,RP","899","FA","27","25","0.96","10%","0%","46","6.26","33","0","32","51","13","1","3","0","0","26"
"*0512u*","Jack Kochanowicz","LAA","SP","902","FA","25","24","1.85","14%","0%","64","6.19","47","2","44","65","36","0","0","5","5","13"
"*05152*","Tanner Gordon","COL","SP,RP","904","FA","28","23","1.64","4%","0%","58","5.90","53","0","38","75","13","0","0","0","2","14"
"*05jrb*","Victor Mederos","ATL","SP,RP","907","FA","25","23","3.29","3%","+1%","11.2","3.86","10","0","5","9","3","1","0","0","0","7"
"*05xtu*","Will Dion","CLE","SP,RP","906","FA","26","23","2.3","2%","0%","17.2","4.58","24","0","9","23","3","0","0","0","1","10"
"*051b2*","Paxton Schultz","WSH","RP","908","FA","28","23","0.88","2%","0%","31.2","5.68","31","1","20","39","12","1","0","0","1","26"
"*041rq*","Brenan Hanifee","DET","RP","910","FA","28","22","1.1","2%","0%","20","4.05","8","0","9","21","6","0","3","0","1","20"
"*05y7v*","Carson Whisenhunt","SF","SP","911","FA","25","22","7.33","33%","+9%","15.2","4.60","13","2","8","14","8","0","0","0","0","3"
"*04elu*","Tom Cosgrove","WSH","RP","912","FA","30","22","3.67","3%","+1%","6","1.50","4","0","1","6","2","1","2","0","0","6"
"*05yam*","Riley Martin","CHC","RP","914","FA","28","22","2.75","2%","0%","8.1","2.16","10","0","2","5","2","0","0","0","0","8"
"*0429h*","Bryse Wilson","MIL","SP,RP","923","FA","28","21","3","2%","0%","18.2","3.86","16","0","8","23","2","0","0","0","2","7"
"*03qni*","Danny Young","ATL","RP","924","FA","32","20","2","1%","0%","7.1","2.45","6","0","2","5","8","0","4","0","1","10"
"*04pql*","Ethan Roberts","CHC","RP","928","FA","29","19","0.83","1%","0%","25.2","4.21","17","0","12","22","14","0","0","0","3","23"
"*05u38*","Peyton Pallette","CHW","SP,RP","930","FA","25","19","1.19","4%","0%","20.2","5.23","22","1","12","17","16","0","1","0","3","16"
"*05ybh*","Garrett Acton","MIN","RP","929","FA","28","19","4.75","1%","0%","6.2","2.70","9","1","2","4","3","0","0","0","1","4"
"*025kd*","Jose Quintana","COL","SP","931","FA","37","19","2.11","11%","0%","41","5.27","20","2","24","45","17","0","0","1","1","9"
"*06l4y*","Logan VanWey","HOU","RP","939","FA","27","19","3.8","1%","0%","6","1.50","5","1","1","5","0","0","0","0","0","5"
"*02of2*","Carl Edwards Jr.","DET","RP","933","FA","34","19","9.5","0%","0%","6","1.50","11","0","1","3","4","0","0","0","0","2"
"*04ml0*","Yusei Kikuchi","LAA","SP","940","FA","35","19","2.71","41%","0%","31","5.81","33","0","20","35","14","0","0","1","1","7"
"*0519h*","Hunter Bigge","TB","RP","946","FA","28","18","1","3%","0%","19.1","6.98","14","1","15","14","14","0","5","0","0","18"
"*064nv*","Alex Hoppe","SEA","RP","947","FA","27","18","0.82","1%","0%","25","6.12","29","0","17","26","11","0","1","0","1","22"
"*05a1s*","Eddy Yean","WSH","RP","951","FA","25","18","4.5","2%","+1%","7.2","2.35","4","0","2","4","2","0","1","0","0","4"
"*05gsw*","Yerry De Los Santos","NYY","RP","950","FA","28","18","3.6","1%","0%","8.2","1.04","7","0","1","8","4","0","0","0","0","5"
"*05xop*","Cade Povich","BAL","SP","953","FA","26","17","4.25","17%","0%","19.1","5.12","12","1","11","19","7","0","0","1","1","4"
"*06qcs*","Jonathan Pintaro","NYM","RP","952","FA","28","17","3.4","1%","0%","12.1","5.11","12","0","7","6","3","0","0","0","2","5"
"*03qwa*","Phil Maton","CHC","RP","954","FA","33","17","0.55","9%","0%","27.2","6.18","31","0","19","34","16","0","5","0","5","31"
"*03qpi*","Patrick Sandoval","BOS","SP","956","FA","29","17","5.67","26%","-2%","14","3.21","13","0","5","19","4","0","0","0","0","3"
"*05142*","Garrett Stallings","MIL","SP,RP","957","FA","28","17","5.67","1%","0%","5","0.00","5","0","0","1","2","0","0","0","0","3"
"*04w0m*","Yovanny Cruz","NYY","RP","958","FA","26","17","5.67","4%","0%","4.1","0.00","6","0","0","1","0","0","0","0","1","3"
"*04o10*","Joel Peguero","SF","RP","959","FA","29","17","1.55","3%","0%","11.1","2.38","5","0","3","10","4","0","1","0","2","11"
"*03qlm*","Tyler Ferguson","CHC","RP","960","FA","32","17","1.31","2%","0%","12.2","7.11","16","0","10","13","0","0","3","0","3","13"
"*06kwi*","Kyle Backhus","PHI","RP","964","FA","28","16","0.84","1%","0%","18","5.50","18","1","11","24","4","0","1","0","2","19"
"*06rtp*","Mike Paredes","MIN","SP,RP","965","FA","26","16","1.78","4%","0%","34.1","4.72","19","0","18","36","13","0","0","0","3","9"
"*05xpp*","Chad Dallas","TOR","SP","966","FA","26","16","8","3%","0%","4.2","1.93","3","1","1","3","2","0","1","0","0","2"
"*04pmk*","Michael Grove","TB","RP","968","FA","29","16","16","2%","0%","3","0.00","4","1","0","1","0","0","0","0","0","1"
"*05yj3*","Josh Ekness","MIA","RP","970","FA","24","16","2.67","5%","0%","5.1","1.69","5","0","1","2","5","1","0","0","0","6"
"*04pqd*","Drew Rom","MIL","SP,RP","971","FA","26","16","3.2","2%","0%","5.2","3.18","11","1","2","6","4","0","0","0","0","5"
"*05198*","Gavin Collyer","TEX","SP,RP","972","FA","25","16","0.73","3%","0%","23","5.09","22","1","13","15","19","0","0","0","6","22"
"*02n6w*","Ryan Borucki","(N/A)","RP","973","FA","32","16","0.76","1%","0%","23.2","4.94","15","1","13","27","9","0","1","0","2","21"
"*05r3g*","Mason Black","KC","RP","975","FA","26","15","1.25","4%","0%","17.2","3.57","15","0","7","19","11","0","0","0","2","12"
"*04enz*","Robert Garcia","TEX","RP","979","FA","30","15","1.67","30%","0%","8","3.38","6","0","3","5","7","0","2","0","0","9"
"*06fwg*","Khristian Curtis","PIT","SP","977","FA","24","15","15","10%","0%","5","0.00","4","0","0","2","2","0","0","0","0","1"
"*04otv*","Alan Rangel","PHI","SP,RP","982","FA","28","15","2.5","5%","-2%","23.1","5.40","26","0","14","25","12","0","0","0","2","6"
"*051h5*","Ben Peoples","TEX","RP","981","FA","25","15","1.87","1%","0%","8.1","2.16","4","0","2","7","0","0","0","0","1","8"
"*04ehs*","Cody Bolton","HOU","SP,RP","983","FA","28","15","1.87","2%","0%","20","5.40","22","0","12","21","14","1","0","0","1","8"
"*02mw7*","Lucas Sims","(N/A)","RP","989","FA","32","14","1.56","1%","0%","10","4.50","10","0","5","9","7","0","2","0","1","9"
"*05qzx*","Angel Zerpa","MIL","RP","994","FA","26","13","1.08","4%","0%","12.2","6.39","8","0","9","16","6","2","2","0","0","12"
"*06fqx*","Seth Halvorsen","LAD","RP","995","FA","26","13","0.62","8%","+1%","19","4.74","17","0","10","22","15","0","2","0","0","21"
"*0511t*","Seth Johnson","PHI","RP","997","FA","27","13","0.87","2%","0%","15.2","5.74","20","1","10","14","13","0","0","0","1","15"
"*0648k*","Paul Gervase","LAD","RP","996","FA","26","13","3.25","1%","0%","7.2","2.35","8","0","2","7","5","0","0","0","0","4"
"*05u2x*","Josh Walker","BAL","RP","998","FA","31","13","2.17","0%","0%","7.2","3.52","7","0","3","6","2","0","0","0","0","6"
"*04puc*","Bennett Sousa","HOU","RP","1002","FA","31","13","1.62","5%","0%","6","4.50","6","0","3","6","5","0","3","0","0","8"
"*03drx*","Connor Seabold","KC","RP","1003","FA","30","13","0.62","1%","0%","24","5.25","20","1","14","30","11","0","1","0","3","21"
"*041qo*","Zac Gallen","ARI","SP","1006","FA","30","12","0.63","58%","-1%","98","6.34","61","3","69","122","31","0","0","3","4","19"
"*0511r*","Drey Jameson","ARI","RP","1008","FA","28","12","1.09","3%","0%","17.1","4.67","13","0","9","16","9","0","0","0","1","11"
"*050ih*","Jhony Brito","SD","RP","1007","FA","28","12","4","2%","0%","5.1","3.38","4","0","2","4","1","0","1","0","0","3"
"*03111*","Marco Gonzales","TEX","SP","1011","FA","34","12","12","1%","0%","3","0.00","2","0","0","2","2","1","0","0","0","1"
"*060mz*","Jose Cuas","KC","RP","1012","FA","32","12","2.4","0%","0%","6.1","2.84","9","0","2","8","2","0","0","0","0","5"
"*06686*","Brian Fitzpatrick","MIL","RP","1013","FA","26","12","2.4","1%","0%","6.2","1.35","5","0","1","7","3","0","0","0","0","5"
"*06ala*","Osvaldo Bido","(N/A)","SP,RP","1014","FA","30","12","1.09","2%","0%","18.2","6.27","11","2","13","15","10","1","0","0","4","11"
"*04eiw*","Eli Morgan","KC","RP","1016","FA","30","11","0.69","1%","0%","19.1","5.12","16","0","11","24","9","1","0","0","2","16"
"*03qto*","Evan Phillips","LAD","RP","1017","FA","31","11","1.57","11%","-1%","6.2","6.75","9","0","5","8","1","0","2","0","0","7"
"*03qxr*","Cole Sands","MIN","RP","1024","FA","29","11","0.85","12%","0%","12","8.25","11","1","11","15","5","1","3","0","1","13"
"*06qgo*","Luis Gastelum","STL","RP","1020","FA","24","11","1.38","4%","-1%","8","5.63","8","1","5","9","4","0","1","0","0","8"
"*06l49*","Eiberson Castellano","COL","RP","1019","FA","25","11","11","2%","0%","3","0.00","2","0","0","4","0","1","0","0","1","1"
"*03yx9*","Elieser Hernandez","ATL","RP","1021","FA","31","11","11","0%","0%","3","0.00","2","1","0","1","3","0","0","0","0","1"
"*05jp3*","Logan Allen","CLE","SP","1025","FA","27","11","5.5","16%","-2%","7.1","2.45","10","0","2","11","4","0","0","0","0","2"
"*04pta*","Joey Gerber","NYM","RP","1026","FA","29","11","1.57","1%","0%","8.1","4.32","8","0","4","6","4","0","0","0","0","7"
"*04eqd*","Cam Sanders","BAL","RP","1028","FA","29","10","0.91","1%","0%","11","7.36","15","1","9","9","10","1","0","0","1","11"
"*05gwt*","Jake Eder","(N/A)","RP","1031","FA","27","10","2.5","3%","0%","4","2.25","1","1","1","3","1","0","0","0","0","4"
"*02mzi*","Ty Blach","CHC","SP","1029","FA","35","10","10","0%","0%","3","0.00","2","0","0","1","0","0","0","0","0","1"
"*04yij*","Riley Cornelio","WSH","SP,RP","1034","FA","26","10","1.11","5%","0%","18.1","5.89","17","2","12","17","17","0","0","0","0","9"
"*05yf9*","Carlos Rodriguez","MIL","RP","1037","FA","24","10","2.5","5%","0%","9.1","3.86","8","0","4","10","4","0","0","0","0","4"
"*04up8*","Lazaro Estrada","TOR","RP","1035","FA","27","10","2.5","2%","0%","9.1","4.82","6","0","5","4","5","0","0","0","0","4"
"*03dv0*","Zach Pop","MIA","RP","1036","FA","29","10","1.43","1%","0%","7.1","3.68","6","0","3","5","3","0","0","0","1","7"
"*028is*","Vince Velasquez","KC","SP","1039","FA","34","10","5","0%","0%","3.1","0.00","1","0","0","1","0","0","0","0","0","2"
"*03qx9*","Tayler Saucedo","LAA","RP","1038","FA","33","10","2","0%","0%","3.1","5.40","6","0","2","5","0","0","2","0","1","5"
"*04eek*","Griffin Canning","SD","SP","1041","FA","30","9","0.6","15%","0%","62","6.97","63","1","48","69","32","0","0","1","2","15"
"*02mwq*","Zach Eflin","BAL","SP","1042","FA","32","9","9","27%","0%","3.2","2.45","7","0","1","4","2","0","0","0","0","1"
"*05gwu*","Dax Fulton","MIA","SP,RP","1044","FA","24","9","1.8","7%","0%","12","5.25","11","0","7","9","8","0","0","0","0","5"
"*0515h*","Xzavion Curry","NYM","RP","1043","FA","28","9","2.25","0%","0%","6","3.00","4","0","2","5","2","0","0","0","0","4"
"*02i37*","Lucas Giolito","SD","SP","1052","FA","32","8","1.14","31%","0%","29.2","5.16","18","2","17","32","23","0","0","0","1","7"
"*062pm*","Owen Murphy","ATL","SP","1053","FA","22","8","2.67","29%","-4%","6.2","4.05","6","0","3","6","2","0","0","0","1","3"
"*051c5*","Brady Basso","ATH","RP","1054","FA","28","8","1","1%","0%","10.2","5.06","10","0","6","16","3","0","1","0","0","8"
"*061xq*","Miguel Ullola","HOU","SP","1062","FA","24","8","2.67","13%","0%","5","5.40","7","0","3","4","1","0","0","0","0","3"
"*05120*","Brandon Williamson","CIN","SP","1063","FA","28","8","1.33","10%","0%","28","6.11","19","2","19","26","20","0","0","1","3","6"
"*05mrp*","Marco Raya","MIN","SP,RP","1061","FA","23","8","2.67","5%","0%","6","3.00","4","0","2","5","3","0","0","0","0","3"
"*05jqv*","Max Rajcic","STL","SP,RP","1060","FA","24","8","1.33","2%","0%","9","5.00","8","0","5","6","6","0","0","0","0","6"
"*05xq0*","Alek Jacob","SD","RP","1058","FA","28","8","2.67","1%","0%","5","5.40","6","1","3","5","2","0","0","0","1","3"
"*066n3*","Ryan Walker","SF","RP","1067","FA","30","7","0.26","27%","-1%","26.1","7.52","19","0","22","33","15","3","3","0","1","27"
"*041py*","Keegan Akin","BAL","RP","1068","FA","31","7","0.29","4%","0%","25.1","5.68","17","0","16","29","9","0","0","0","0","24"
"*041t2*","Brooks Kriske","ATH","RP","1069","FA","32","7","3.5","0%","0%","2.2","0.00","2","0","0","2","1","0","0","0","0","2"
"*05r1t*","Kervin Castro","NYY","RP","1070","FA","27","7","3.5","1%","0%","2.2","3.38","4","0","1","2","0","0","0","0","0","2"
"*02bzl*","Yacksel Rios","(N/A)","RP","1071","FA","33","7","7","0%","0%","1.2","0.00","2","0","0","0","0","0","0","0","0","1"
"*04ya2*","Daniel Espino","CLE","SP,RP","1073","FA","25","7","1.4","22%","0%","5","5.40","9","0","3","5","3","0","0","0","0","5"
"*04ana*","Julian Fernandez","(N/A)","RP","1074","FA","30","7","2.33","0%","0%","4","2.25","3","0","1","3","2","0","0","0","0","3"
"*04pun*","Tanner Andrews","TOR","RP","1072","FA","30","7","3.5","0%","0%","3","0.00","1","0","0","1","2","0","0","0","0","2"
"*05tdd*","Joe Rock","CHW","RP","1079","FA","25","7","1.75","3%","0%","10.1","3.48","12","0","4","11","11","0","0","0","2","4"
"*03drc*","Aaron Bummer","KC","RP","1078","FA","32","7","0.37","2%","0%","15.1","7.63","13","1","13","18","10","0","4","0","1","19"
"*041qm*","Shaun Anderson","LAA","RP","1080","FA","31","7","0.78","0%","0%","16.2","5.94","12","1","11","17","8","0","0","0","1","9"
"*05lg1*","Carter Baumler","TEX","RP","1083","FA","24","6","1.5","4%","0%","5.2","3.18","6","0","2","4","6","0","0","0","1","4"
"*05j93*","Jose Franco","CIN","SP,RP","1107","FA","25","6","0.6","4%","0%","17.2","5.09","14","0","10","19","15","0","1","0","0","10"
"*06m7f*","Welinton Herrera","COL","RP","1087","FA","22","6","2","2%","0%","2.1","0.00","2","0","0","2","1","0","0","0","0","3"
"*04s1h*","Luis Gil","NYY","SP","1088","FA","28","6","1.5","41%","0%","19.1","6.05","9","1","13","15","11","0","0","1","3","4"
"*06309*","Trevor Martin","TB","RP","1089","FA","25","6","1","1%","0%","11.1","3.97","7","0","5","14","4","0","0","0","2","6"
"*04prq*","Codi Heuer","CLE","RP","1093","FA","30","5","0.63","0%","0%","9.2","4.66","6","0","5","12","5","0","1","0","1","8"
"*05y40*","Eduardo Rivera","BOS","SP","1101","FA","23","5","1.25","17%","-1%","10","6.30","10","0","7","8","6","0","0","0","0","4"
"*06kvo*","Spencer Bivens","SF","RP","1094","FA","32","5","2.5","1%","0%","2","0.00","3","0","0","3","1","0","0","0","0","2"
"*041rp*","Easton McGee","KC","RP","1097","FA","28","5","2.5","1%","0%","2","0.00","1","0","0","1","1","0","0","0","0","2"
"*03d7c*","Scott Blewett","ATH","RP","1095","FA","30","5","5","0%","0%","2","0.00","2","0","0","1","2","0","0","0","0","1"
"*03pj4*","Cody Ponce","TOR","SP","1102","FA","32","5","5","41%","0%","2.1","3.86","3","0","1","1","1","0","0","0","0","1"
"*0569p*","Coleman Crow","MIL","SP","1103","FA","25","5","1","16%","-1%","18.2","5.30","10","0","11","21","6","0","0","0","1","5"
"*06elo*","Matt Svanson","STL","RP","1106","FA","27","4","0.1","6%","0%","42.1","7.23","40","2","34","52","21","0","2","0","2","40"
"*066m0*","Kohl Drake","ARI","SP","1110","FA","26","4","2","19%","+10%","9","5.00","6","0","5","9","4","0","0","0","1","2"
"*0665x*","Matt Pushard","MIA","RP","1115","FA","28","4","0.67","1%","0%","7","5.14","6","0","4","6","4","0","0","0","1","6"
"*05xud*","Brett Kerry","LAA","SP","1113","FA","27","4","4","1%","0%","4","4.50","2","0","2","3","1","0","0","0","0","1"
"*04qnh*","Gerardo Carrillo","ARI","RP","1109","FA","27","4","2","1%","0%","4","2.25","3","0","1","5","3","0","0","0","0","2"
"*04j1w*","Reiver Sanmartin","SF","RP","1118","FA","30","4","2","0%","0%","3.1","8.10","4","1","3","4","1","0","0","0","0","2"
"*066qr*","Tyler Uberstine","BOS","SP","1125","FA","27","3","3","2%","0%","2.2","3.38","2","0","1","3","1","0","0","0","0","1"
"*04afk*","Tristan Beck","SF","RP","1123","FA","30","3","0.33","1%","0%","12.2","6.39","5","0","9","14","3","1","0","0","1","9"
"*051hq*","Taylor Rashi","MIN","RP","1124","FA","30","3","1","0%","0%","3.2","9.82","4","1","4","3","1","0","0","0","0","3"
"*04ydi*","Ronel Blanco","HOU","SP","1126","FA","32","3","1.5","36%","+5%","10","8.10","12","0","9","6","6","0","0","0","0","2"
"*06dqd*","Ben Williamson","TB","2B,3B,SS,RP","375","FA","25","3","0.04","13%","0%","5","3.60","0","0","2","5","1","0","0","0","0","77"
"*04aoq*","Jason Foley","SF","RP","1128","FA","30","3","1","4%","0%","3","6.00","2","0","2","2","0","0","0","0","0","3"
"*066b1*","Cameron Weston","BAL","SP","1130","FA","25","3","3","2%","0%","1","0.00","1","0","0","0","1","0","0","0","0","1"
"*05ocn*","Zach Brzykcy","MIA","RP","1127","FA","27","3","1.5","1%","0%","3","3.00","2","0","1","3","2","0","0","0","0","2"
"*04y6o*","Guillo Zuniga","NYM","RP","1132","FA","27","3","3","0%","0%","1","0.00","1","0","0","0","1","0","0","0","0","1"
"*051g5*","Chase Solesky","TB","SP","1129","FA","28","3","0","0%","0%","3","6.00","4","0","2","6","1","0","1","0","0","0"
"*04el7*","Max Lazar","PHI","RP","1133","FA","27","3","0.5","1%","0%","8","5.63","5","0","5","8","3","0","0","0","0","6"
"*06plg*","Jose Cabrera","ARI","SP","1134","FA","24","3","0.75","9%","-2%","17.2","5.60","12","0","11","20","7","0","0","0","2","4"
"*06ex9*","Brandan Bidois","PIT","RP","1139","FA","25","2","0.13","2%","0%","15.2","6.32","20","0","11","19","12","0","0","0","1","15"
"*0404s*","Gregory Santos","(N/A)","RP","1140","FA","26","2","0.67","2%","0%","5","3.60","1","0","2","5","3","0","0","0","0","3"
"*051jg*","Alex McFarlane","PHI","SP,RP","1144","FA","25","2","2","7%","+2%","1","0.00","0","0","0","1","0","0","0","0","0","1"
"*066f4*","Duncan Davitt","CHW","SP","1142","FA","26","2","2","1%","0%","1","0.00","0","0","0","0","1","0","0","0","0","1"
"*05gx2*","Jeff Criswell","COL","SP","1141","FA","27","2","0.67","1%","0%","4","4.50","3","0","2","4","3","0","0","0","0","3"
"*05t6u*","Beau Brieske","DET","RP","1149","FA","28","2","0.25","1%","0%","9.1","6.75","8","0","7","9","4","0","0","0","0","8"
"*06ian*","John Klein","MIN","SP,RP","1150","FA","24","2","0.67","1%","0%","4.1","4.15","2","0","2","3","4","0","0","0","0","3"
"*05zq4*","Ryan Johnson","LAA","SP,RP","1152","FA","23","2","0.18","21%","+2%","41.2","7.34","34","2","34","47","17","0","0","1","2","11"
"*05rks*","Luis Mey","CIN","RP","1153","FA","25","2","0.33","4%","0%","8.2","7.27","14","0","7","7","10","0","1","0","3","6"
"*052ij*","Domingo Gonzalez","SEA","SP,RP","1151","FA","26","2","0.4","1%","0%","7.2","4.70","5","0","4","9","5","0","0","0","0","5"
"*0318i*","Justin Topa","KC","RP","1158","FA","35","1","0.04","2%","0%","19","8.05","12","0","17","27","11","2","4","0","1","23"
"*0310c*","Hunter Harvey","CHC","RP","1161","FA","31","1","0.25","7%","0%","4","6.75","4","0","3","5","1","0","0","0","0","4"
"*05taw*","Doug Nikhazy","CHC","SP,RP","1163","FA","26","1","1","3%","0%","2","4.50","1","0","1","1","2","0","0","0","0","1"
"*06879*","Anthony Molina","ATL","RP","1162","FA","24","1","0.33","1%","0%","5","5.40","2","0","3","6","1","0","0","0","0","3"
"*04egr*","Bruce Zimmermann","(N/A)","SP","1168","FA","31","1","1","0%","0%","5","5.40","2","0","3","6","1","0","0","0","0","1"
"*03qld*","Jose Espada","BAL","RP","1159","FA","29","1","1","0%","0%","1","0.00","0","0","0","2","0","0","0","0","0","1"
"*04eoy*","Hunter Stratton","PIT","RP","1169","FA","29","1","0.33","1%","0%","3.1","5.40","3","0","2","6","0","0","0","0","0","3"
"*06rtt*","Juan Burgos","ARI","RP","1170","FA","26","1","0.5","0%","0%","2.2","3.38","0","0","1","3","0","0","0","0","1","2"
"*04pr7*","Nolan Hoffman","PHI","RP","1171","FA","28","1","0.33","0%","0%","4.2","3.86","2","0","2","6","3","0","0","0","0","3"
"*03aru*","Joel Payamps","ATL","RP","1172","FA","32","1","0.08","2%","0%","7.2","9.39","9","0","8","9","4","0","2","0","0","12"
"*03qq9*","Justin Lawrence","WSH","RP","1177","FA","31","0","0","2%","0%","34.1","7.34","43","0","28","39","28","1","2","0","6","37"
"*01sik*","Brad Boxberger","(N/A)","RP","2043","FA","38","0","0","100%","0%","0","0.00","0","0","0","0","0","0","0","0","0","0"
"*01t04*","Matt Bush","(N/A)","RP","2241","FA","40","0","0","100%","0%","0","0.00","0","0","0","0","0","0","0","0","0","0"
"*05yne*","Fraser Ellard","(N/A)","RP","3533","FA","28","0","0","100%","0%","0","0.00","0","0","0","0","0","0","0","0","0","0"
"*045gt*","Rony Garcia","(N/A)","RP","4066","FA","28","0","0","100%","0%","0","0.00","0","0","0","0","0","0","0","0","0","0"
"*01sex*","Mychal Givens","(N/A)","RP","4173","FA","36","0","0","100%","0%","0","0.00","0","0","0","0","0","0","0","0","0","0"
"*0241r*","Brad Hand","(N/A)","RP","4549","FA","36","0","0","100%","0%","0","0.00","0","0","0","0","0","0","0","0","0","0"
"*041pp*","Daulton Jefferies","(N/A)","SP","5072","FA","30","0","0","100%","0%","0","0.00","0","0","0","0","0","0","0","0","0","0"
"*01sve*","Joe Kelly","(N/A)","RP","5264","FA","38","0","0","100%","0%","0","0.00","0","0","0","0","0","0","0","0","0","0"
"*02han*","Aaron Loup","(N/A)","RP","5759","FA","38","0","0","100%","0%","0","0.00","0","0","0","0","0","0","0","0","0","0"
"*01h4f*","Jake Odorizzi","(N/A)","SP","6952","FA","36","0","0","100%","0%","0","0.00","0","0","0","0","0","0","0","0","0","0"
"*04ppy*","Reid Schaller","(N/A)","SP","8477","FA","29","0","0","100%","0%","0","0.00","0","0","0","0","0","0","0","0","0","0"
"*04eft*","Matt Tabor","(N/A)","RP","9029","FA","28","0","0","95%","0%","0","0.00","0","0","0","0","0","0","0","0","0","0"
"*056j1*","Cristopher Cruz","(N/A)","SP","2950","FA","23","0","0","94%","0%","0","0.00","0","0","0","0","0","0","0","0","0","0"
"*02i4x*","Zach Davies","(N/A)","SP","3074","FA","33","0","0","94%","0%","0","0.00","0","0","0","0","0","0","0","0","0","0"
"*0511y*","John Doxakis","(N/A)","RP","3417","FA","27","0","0","93%","-7%","0","0.00","0","0","0","0","0","0","0","0","0","0"
"*02yek*","Alex Reyes","(N/A)","RP","7829","FA","31","0","0","93%","0%","0","0.00","0","0","0","0","0","0","0","0","0","0"
"*05jrg*","Hunter Barnhart","(N/A)","SP,RP","1688","FA","24","0","0","93%","0%","0","0.00","0","0","0","0","0","0","0","0","0","0"
"*04ps8*","Cody Morris","(N/A)","RP","6659","FA","29","0","0","93%","0%","0","0.00","0","0","0","0","0","0","0","0","0","0"
"*01sgi*","Adam Ottavino","(N/A)","RP","7070","FA","40","0","0","93%","0%","0","0.00","0","0","0","0","0","0","0","0","0","0"
"*0260w*","Matt Barnes","(N/A)","RP","1685","FA","36","0","0","92%","0%","0","0.00","0","0","0","0","0","0","0","0","0","0"
"*0423i*","Wil Crowe","(N/A)","RP","2940","FA","31","0","0","92%","0%","0","0.00","0","0","0","0","0","0","0","0","0","0"
"*0657y*","Shane Marshall","(N/A)","RP","5980","FA","26","0","0","92%","0%","0","0.00","0","0","0","0","0","0","0","0","0","0"
"*0005k*","Zack Greinke","(N/A)","SP","4382","FA","42","0","0","91%","0%","0","0.00","0","0","0","0","0","0","0","0","0","0"
"*03qle*","Chance Adams","(N/A)","RP","1229","FA","31","0","0","91%","0%","0","0.00","0","0","0","0","0","0","0","0","0","0"
"*04ege*","Seth Elledge","(N/A)","RP","3534","FA","30","0","0","90%","0%","0","0.00","0","0","0","0","0","0","0","0","0","0"
"*04lls*","Ethan Hankins","(N/A)","SP","4551","FA","26","0","0","89%","0%","0","0.00","0","0","0","0","0","0","0","0","0","0"
"*041m7*","Cody Sedlock","(N/A)","RP","8539","FA","31","0","0","89%","0%","0","0.00","0","0","0","0","0","0","0","0","0","0"
"*04y1s*","Graeme Stinson","(N/A)","SP,RP","8920","FA","28","0","0","89%","0%","0","0.00","0","0","0","0","0","0","0","0","0","0"
"*04pqk*","Franklin German","(N/A)","RP","4127","FA","28","0","0","88%","0%","0","0.00","0","0","0","0","0","0","0","0","0","0"
"*01cih*","Julio Teheran","(N/A)","SP","9104","FA","35","0","0","88%","0%","0","0.00","0","0","0","0","0","0","0","0","0","0"
"*04pyu*","Andrew Politi","(N/A)","RP","7560","FA","30","0","0","87%","0%","0","0.00","0","0","0","0","0","0","0","0","0","0"
"*05177*","Peyton Battenfield","(N/A)","SP","1754","FA","28","0","0","86%","0%","0","0.00","0","0","0","0","0","0","0","0","0","0"
"*02hc5*","Andrew Bellatti","(N/A)","RP","1814","FA","34","0","0","86%","0%","0","0.00","0","0","0","0","0","0","0","0","0","0"
"*02yxb*","Paolo Espino","(N/A)","SP","3596","FA","39","0","0","86%","-14%","0","0.00","0","0","0","0","0","0","0","0","0","0"
"*05127*","Jimmy Lewis","(N/A)","SP,RP","5607","FA","25","0","0","85%","0%","0","0.00","0","0","0","0","0","0","0","0","0","0"
"*04mnv*","Mason Denaburg","(N/A)","SP","3266","FA","26","0","0","85%","0%","0","0.00","0","0","0","0","0","0","0","0","0","0"
"*04efx*","Seth Corry","(N/A)","SP","2865","FA","27","0","0","84%","-2%","0","0.00","0","0","0","0","0","0","0","0","0","0"
"*064nr*","Andelzon Abad","(N/A)","RP","1178","FA","22","0","0","83%","0%","0","0.00","0","0","0","0","0","0","0","0","0","0"
"*04p0g*","Starlyn Castillo","(N/A)","SP","2512","FA","24","0","0","83%","0%","0","0.00","0","0","0","0","0","0","0","0","0","0"
"*0527d*","Brayan Medina","(N/A)","RP","6260","FA","23","0","0","83%","0%","0","0.00","0","0","0","0","0","0","0","0","0","0"
"*0513o*","Chris Clarke","(N/A)","SP","2700","FA","28","0","0","82%","0%","0","0.00","0","0","0","0","0","0","0","0","0","0"
"*04ahv*","Melvin Adon","(N/A)","RP","1245","FA","32","0","0","82%","0%","0","0.00","0","0","0","0","0","0","0","0","0","0"
"*06fza*","Logan Van Treeck","(N/A)","SP","9433","FA","25","0","0","81%","0%","0","0.00","0","0","0","0","0","0","0","0","0","0"
"*04n0e*","Jasseel De La Cruz","(N/A)","SP","3128","FA","29","0","0","80%","0%","0","0.00","0","0","0","0","0","0","0","0","0","0"
"*03c63*","Luis Ortiz","(N/A)","RP","7042","FA","30","0","0","79%","0%","0","0.00","0","0","0","0","0","0","0","0","0","0"
"*03dfs*","James Norwood","(N/A)","RP","6878","FA","32","0","0","78%","-11%","0","0.00","0","0","0","0","0","0","0","0","0","0"
"*06amr*","Hiroshi Takahashi","(N/A)","SP","9035","FA","20","0","0","78%","0%","0","0.00","0","0","0","0","0","0","0","0","0","0"
"*0648q*","Mack Anglin","(N/A)","RP","1435","FA","26","0","0","77%","0%","0","0.00","0","0","0","0","0","0","0","0","0","0"
"*04ejl*","Packy Naughton","(N/A)","SP,RP","6776","FA","30","0","0","76%","-12%","0","0.00","0","0","0","0","0","0","0","0","0","0"
"*03yxv*","Riley Pint","(N/A)","SP","7503","FA","28","0","0","76%","-2%","0","0.00","0","0","0","0","0","0","0","0","0","0"
"*04k5y*","Jairo Solis","(N/A)","SP","8794","FA","26","0","0","74%","0%","0","0.00","0","0","0","0","0","0","0","0","0","0"
"*041rx*","Zack Brown","(N/A)","SP","2174","FA","31","0","0","73%","0%","0","0.00","0","0","0","0","0","0","0","0","0","0"
"*03pp0*","Nick Neidert","(N/A)","RP","6796","FA","29","0","0","72%","-6%","0","0.00","0","0","0","0","0","0","0","0","0","0"
"*0513r*","Will Ethridge","(N/A)","SP,RP","3630","FA","28","0","0","71%","0%","0","0.00","0","0","0","0","0","0","0","0","0","0"
"*05xq4*","Alec Willis","(N/A)","RP","9822","FA","23","0","0","71%","-3%","0","0.00","0","0","0","0","0","0","0","0","0","0"
"*04z5r*","Chris McMahon","(N/A)","SP","6234","FA","27","0","0","71%","0%","0","0.00","0","0","0","0","0","0","0","0","0","0"
"*04afi*","Brendan McKay","(N/A)","SP","6216","FA","30","0","0","71%","-2%","0","0.00","0","0","0","0","0","0","0","0","0","0"
"*064vq*","Josmar Acevedo","(N/A)","SP","1201","FA","22","0","0","70%","0%","0","0.00","0","0","0","0","0","0","0","0","0","0"
"*04390*","Brailyn Marquez","(N/A)","SP","5961","FA","27","0","0","69%","-1%","0","0.00","0","0","0","0","0","0","0","0","0","0"
"*005m0*","David Robertson","(N/A)","RP","7967","FA","41","0","0","68%","0%","0","0.00","0","0","0","0","0","0","0","0","0","0"
"*06h22*","Simon Miller","(N/A)","RP","6456","FA","25","0","0","67%","0%","0","0.00","0","0","0","0","0","0","0","0","0","0"
"*02zif*","Ryan Pressly","(N/A)","RP","7611","FA","37","0","0","67%","-1%","0","0.00","0","0","0","0","0","0","0","0","0","0"
"*066bx*","Javier Santos","(N/A)","SP","8435","FA","23","0","0","67%","0%","0","0.00","0","0","0","0","0","0","0","0","0","0"
"*02z93*","Kenta Maeda","(N/A)","RP","5865","FA","38","0","0","65%","0%","0","0.00","0","0","0","0","0","0","0","0","0","0"
"*05ue1*","Luis Valdez","(N/A)","RP","9400","FA","23","0","0","65%","0%","0","0.00","0","0","0","0","0","0","0","0","0","0"
"*064nw*","Ryan Jennings","(N/A)","RP","5082","FA","27","0","0","65%","-2%","0","0.00","0","0","0","0","0","0","0","0","0","0"
"*060wb*","Kohl Simas","(N/A)","SP","8680","FA","26","0","0","65%","0%","0","0.00","0","0","0","0","0","0","0","0","0","0"
"*06gy8*","Samuel Acuna","(N/A)","SP","1222","FA","20","0","0","64%","0%","0","0.00","0","0","0","0","0","0","0","0","0","0"
"*067y5*","Wandy Abreu","(N/A)","RP","1194","FA","24","0","0","62%","0%","0","0.00","0","0","0","0","0","0","0","0","0","0"
"*06579*","Matt Wyatt","(N/A)","RP","9912","FA","25","0","0","62%","0%","0","0.00","0","0","0","0","0","0","0","0","0","0"
"*060wz*","Peter Van Loon","(N/A)","RP","9430","FA","27","0","0","60%","0%","0","0.00","0","0","0","0","0","0","0","0","0","0"
"*059qm*","Asa Lacy","(N/A)","SP,RP","5438","FA","27","0","0","57%","-1%","0","0.00","0","0","0","0","0","0","0","0","0","0"
"*05uoy*","Joe Elbis","(N/A)","SP","3527","FA","23","0","0","55%","0%","0","0.00","0","0","0","0","0","0","0","0","0","0"
"*02vl6*","Julio Urias","(N/A)","SP","9378","FA","29","0","0","54%","-1%","0","0.00","0","0","0","0","0","0","0","0","0","0"
"*02bwg*","Kyle Hendricks","(N/A)","SP","4655","FA","36","0","0","54%","0%","0","0.00","0","0","0","0","0","0","0","0","0","0"
"*04sxl*","Nick Anderson","(N/A)","RP","1417","FA","36","0","0","53%","-3%","0","0.00","0","0","0","0","0","0","0","0","0","0"
"*03dgs*","Erik Swanson","(N/A)","RP","9014","FA","32","0","0","52%","0%","0","0.00","0","0","0","0","0","0","0","0","0","0"
"*02mv0*","Andrew Heaney","(N/A)","SP","4628","FA","35","0","0","46%","-1%","0","0.00","0","0","0","0","0","0","0","0","0","0"
"*06fuk*","Brett Banks","(N/A)","RP","1657","FA","24","0","0","43%","0%","0","0.00","0","0","0","0","0","0","0","0","0","0"
"*03adx*","Nick Burdi","(N/A)","RP","2205","FA","33","0","0","42%","-2%","0","0.00","0","0","0","0","0","0","0","0","0","0"
"*005ih*","Clayton Kershaw","(N/A)","SP","5285","FA","38","0","0","40%","0%","0","0.00","0","0","0","0","0","0","0","0","0","0"
"*02nho*","T.J. McFarland","(N/A)","RP","6191","FA","37","0","0","33%","0%","0","0.00","0","0","0","0","0","0","0","0","0","0"
"*04ee7*","Clarke Schmidt","NYY","SP","8489","FA","30","0","0","33%","0%","0","0","0","0","0","0","0","0","0","0","0","0"
"*02mwk*","Jose Berrios","TOR","SP","1878","FA","32","0","0","33%","0%","0","0","0","0","0","0","0","0","0","0","0","0"
"*04tji*","Edwin Uceta","TB","RP","9348","FA","28","0","0","29%","0%","0","0","0","0","0","0","0","0","0","0","0","0"
"*062yr*","Noble Meyer","MIA","SP","6400","FA","21","0","0","28%","0%","0","0.00","0","0","0","0","0","0","0","0","0","0"
"*05jpx*","Tink Hence","STL","SP","4651","FA","23","0","0","27%","0%","0","0","0","0","0","0","0","0","0","0","0","0"
"*06qif*","Brandon Clarke","STL","SP","2699","FA","23","0","0","23%","+5%","0","0.00","0","0","0","0","0","0","0","0","0","0"
"*06hwt*","Michael Forret","TB","SP","3847","FA","22","0","0","22%","0%","0","0.00","0","0","0","0","0","0","0","0","0","0"
"*06ybd*","Miguel Sime","WSH","SP","8681","FA","19","0","0","21%","0%","0","0.00","0","0","0","0","0","0","0","0","0","0"
"*063e5*","Caden Dana","LAA","SP","3040","FA","22","0","0","21%","0%","0","0","0","0","0","0","0","0","0","0","0","0"
"*06yjx*","Tanner Franklin","STL","SP","3898","FA","22","0","0","21%","0%","0","0.00","0","0","0","0","0","0","0","0","0","0"
"*06ckl*","Luis De Leon","BAL","SP","3176","FA","23","0","0","21%","0%","0","0.00","0","0","0","0","0","0","0","0","0","0"
"*04tzu*","Ronny Henriquez","MIA","RP","4667","FA","26","0","0","20%","0%","0","0","0","0","0","0","0","0","0","0","0","0"
"*05ym5*","Henry Lalane","NYY","SP","5444","FA","22","0","0","19%","0%","0","0.00","0","0","0","0","0","0","0","0","0","0"
"*0516h*","DJ Herz","WSH","SP","4796","FA","25","0","0","19%","0%","0","0","0","0","0","0","0","0","0","0","0","0"
"*06rw3*","Briggs McKenzie","ATL","SP","6222","FA","19","0","0","19%","0%","0","0.00","0","0","0","0","0","0","0","0","0","0"
"*06nub*","Khal Stephen","CLE","SP","8893","FA","23","0","0","19%","0%","0","0.00","0","0","0","0","0","0","0","0","0","0"
"*060ue*","Jonathan Santucci","NYM","SP","8446","FA","23","0","0","19%","+1%","0","0.00","0","0","0","0","0","0","0","0","0","0"
"*06rgh*","Kevin Defrank","MIA","SP","3241","FA","17","0","0","19%","0%","0","0.00","0","0","0","0","0","0","0","0","0","0"
"*06mnh*","Dasan Hill","MIN","SP","4832","FA","20","0","0","19%","-1%","0","0.00","0","0","0","0","0","0","0","0","0","0"
"*06op3*","Wei-En Lin","ATH","SP,RP","5633","FA","20","0","0","19%","0%","0","0.00","0","0","0","0","0","0","0","0","0","0"
"*06kxc*","Zach Root","LAD","SP","8175","FA","22","0","0","19%","0%","0","0.00","0","0","0","0","0","0","0","0","0","0"
"*05mrx*","Gavin Stone","LAD","SP","8928","FA","27","0","0","18%","0%","0","0","0","0","0","0","0","0","0","0","0","0"
"*06y0k*","Ramon Marquez","PHI","SP","5969","FA","19","0","0","18%","+1%","0","0.00","0","0","0","0","0","0","0","0","0","0"
"*06rrl*","Riley Quick","MIN","SP","7651","FA","22","0","0","18%","0%","0","0.00","0","0","0","0","0","0","0","0","0","0"
"*05gd5*","Luis Perales","WSH","SP,RP","7314","FA","23","0","0","18%","0%","0","0","0","0","0","0","0","0","0","0","0","0"
"*0514o*","Cody Bradford","TEX","SP,RP","2058","FA","28","0","0","18%","0%","0","0","0","0","0","0","0","0","0","0","0","0"
"*05zq5*","Charlee Soto","MIN","SP","8819","FA","20","0","0","18%","0%","0","0.00","0","0","0","0","0","0","0","0","0","0"
"*05jri*","Alejandro Rosario","WSH","SP","8188","FA","24","0","0","18%","0%","0","0.00","0","0","0","0","0","0","0","0","0","0"
"*04ep8*","Kutter Crawford","BOS","SP","2909","FA","30","0","0","18%","0%","0","0","0","0","0","0","0","0","0","0","0","0"
"*06bfu*","Alex Clemmey","WSH","SP","2713","FA","21","0","0","17%","0%","0","0.00","0","0","0","0","0","0","0","0","0","0"
"*03yso*","A.J. Puk","ARI","RP","7633","FA","31","0","0","17%","0%","0","0","0","0","0","0","0","0","0","0","0","0"
"*03dbo*","Jordan Montgomery","TEX","SP","6561","FA","33","0","0","17%","+4%","0","0","0","0","0","0","0","0","0","0","0","0"
"*05w9g*","Randy Rodriguez","SF","RP","8085","FA","26","0","0","17%","0%","0","0","0","0","0","0","0","0","0","0","0","0"
"*05yav*","David Festa","MIN","SP","3744","FA","26","0","0","16%","0%","0","0","0","0","0","0","0","0","0","0","0","0"
"*06gjw*","Bishop Letson","MIL","SP","5597","FA","21","0","0","16%","0%","0","0.00","0","0","0","0","0","0","0","0","0","0"
"*06jfn*","Esteban Mejia","BAL","SP","6283","FA","19","0","0","16%","0%","0","0.00","0","0","0","0","0","0","0","0","0","0"
"*05zya*","Thomas Harrington","PIT","RP","4577","FA","25","0","0","16%","0%","0","0","0","0","0","0","0","0","0","0","0","0"
"*0620x*","Santiago Suarez","TB","SP","8976","FA","21","0","0","16%","0%","0","0.00","0","0","0","0","0","0","0","0","0","0"
"*06650*","Hayden Birdsong","SF","SP,RP","1925","FA","24","0","0","16%","0%","0","0","0","0","0","0","0","0","0","0","0","0"
"*05yh3*","Chase Hampton","NYY","SP","4545","FA","24","0","0","15%","0%","0","0","0","0","0","0","0","0","0","0","0","0"
"*05ucb*","T.J. Nichols","TB","SP","6827","FA","24","0","0","15%","0%","0","0.00","0","0","0","0","0","0","0","0","0","0"
"*03djk*","Tanner Houck","BOS","SP","4927","FA","30","0","0","15%","0%","0","0","0","0","0","0","0","0","0","0","0","0"
"*066fg*","Gage Stanifer","TOR","SP,RP","8868","FA","22","0","0","15%","0%","0","0.00","0","0","0","0","0","0","0","0","0","0"
"*06cmi*","AJ Russell","TEX","SP","8267","FA","22","0","0","14%","0%","0","0.00","0","0","0","0","0","0","0","0","0","0"
"*06f1q*","Christian Oppor","CHW","SP","7005","FA","22","0","0","14%","0%","0","0.00","0","0","0","0","0","0","0","0","0","0"
"*06mio*","David Davalillo","TEX","SP","3065","FA","25","0","0","14%","0%","0","0","0","0","0","0","0","0","0","0","0","0"
"*0514f*","Hayden Wesneski","HOU","SP","9725","FA","28","0","0","14%","+2%","0","0","0","0","0","0","0","0","0","0","0","0"
"*06roe*","Patrick Forbes","ARI","SP","3837","FA","22","0","0","14%","0%","0","0.00","0","0","0","0","0","0","0","0","0","0"
"*04pn3*","Josiah Gray","WSH","SP","4357","FA","28","0","0","13%","0%","0","0","0","0","0","0","0","0","0","0","0","0"
"*06gjv*","Nestor German","BAL","SP","4131","FA","24","0","0","13%","0%","0","0.00","0","0","0","0","0","0","0","0","0","0"
"*06qng*","Tyson Hardin","MIL","SP","4563","FA","24","0","0","13%","0%","0","0.00","0","0","0","0","0","0","0","0","0","0"
"*05gwz*","Bobby Miller","LAD","SP,RP","6438","FA","27","0","0","13%","0%","0","0","0","0","0","0","0","0","0","0","0","0"
"*06mlb*","Juan Valera","BOS","SP","9415","FA","20","0","0","13%","0%","0","0.00","0","0","0","0","0","0","0","0","0","0"
"*06dmr*","Matt Wilkinson","SF","SP","9793","FA","23","0","0","13%","0%","0","0.00","0","0","0","0","0","0","0","0","0","0"
"*06mcc*","Yhoiker Fajardo","STL","SP","3656","FA","19","0","0","13%","+1%","0","0.00","0","0","0","0","0","0","0","0","0","0"
"*06me7*","Anderson Brito","TB","SP","2117","FA","22","0","0","13%","0%","0","0.00","0","0","0","0","0","0","0","0","0","0"
"*06l3m*","Bryce Cunningham","NYY","SP","2995","FA","23","0","0","12%","0%","0","0.00","0","0","0","0","0","0","0","0","0","0"
"*05tdl*","Dylan Lesko","TB","RP","5593","FA","22","0","0","12%","0%","0","0.00","0","0","0","0","0","0","0","0","0","0"
"*05ybz*","Brody Brecht","COL","SP","2086","FA","23","0","0","12%","0%","0","0.00","0","0","0","0","0","0","0","0","0","0"
"*05yef*","Cooper Hjerpe","STL","SP","4856","FA","25","0","0","12%","0%","0","0","0","0","0","0","0","0","0","0","0","0"
"*05jqh*","Tekoah Roby","STL","SP","7988","FA","24","0","0","12%","0%","0","0","0","0","0","0","0","0","0","0","0","0"
"*06pp5*","Landon Harmon","WSH","SP","4571","FA","19","0","0","12%","0%","0","0.00","0","0","0","0","0","0","0","0","0","0"
"*06hv8*","Logan Evans","SEA","SP","3636","FA","25","0","0","12%","0%","0","0","0","0","0","0","0","0","0","0","0","0"
"*05rav*","Richard Fitts","STL","SP","3776","FA","26","0","0","12%","0%","0","0","0","0","0","0","0","0","0","0","0","0"
"*06dqi*","Jake Bloss","TOR","SP","1960","FA","25","0","0","12%","0%","0","0","0","0","0","0","0","0","0","0","0","0"
"*04ywk*","Tylor Megill","NYM","SP","6277","FA","31","0","0","11%","0%","0","0","0","0","0","0","0","0","0","0","0","0"
"*060vu*","Moises Chace","PHI","SP","2595","FA","23","0","0","11%","0%","0","0","0","0","0","0","0","0","0","0","0","0"
"*05u6h*","Brock Porter","TEX","RP","7577","FA","23","0","0","11%","0%","0","0.00","0","0","0","0","0","0","0","0","0","0"
"*06ybe*","JT Quinn","BAL","SP,RP","7655","FA","22","0","0","10%","0%","0","0.00","0","0","0","0","0","0","0","0","0","0"
"*06hf0*","Joey Oakie","CLE","SP","6938","FA","20","0","0","10%","0%","0","0.00","0","0","0","0","0","0","0","0","0","0"
"*06kza*","Justin Lamkin","KC","SP","5450","FA","22","0","0","10%","0%","0","0.00","0","0","0","0","0","0","0","0","0","0"
"*02z0e*","Yimi Garcia","TOR","RP","4073","FA","35","0","0","10%","0%","0","0","0","0","0","0","0","0","0","0","0","0"
"*06k4w*","Cam Leiter","LAD","SP","5575","FA","22","0","0","10%","0%","0","0.00","0","0","0","0","0","0","0","0","0","0"
"*06utf*","Marcus Phillips","BOS","SP","7453","FA","22","0","0","10%","0%","0","0.00","0","0","0","0","0","0","0","0","0","0"
"*064o6*","Gary Gill Hill","TB","SP","4154","FA","21","0","0","10%","0%","0","0.00","0","0","0","0","0","0","0","0","0","0"
"*06hf3*","Levi Sterling","PIT","SP","8898","FA","19","0","0","10%","0%","0","0.00","0","0","0","0","0","0","0","0","0","0"
"*05tcb*","Frank Mozzicato","KC","SP","6696","FA","23","0","0","9%","0%","0","0.00","0","0","0","0","0","0","0","0","0","0"
"*06vxu*","Josh Owens","TEX","SS,SP","7089","FA","19","0","0","9%","0%","0","0.00","0","0","0","0","0","0","0","0","0","0"
"*06onz*","David Hagaman","ARI","SP","4499","FA","23","0","0","9%","0%","0","0.00","0","0","0","0","0","0","0","0","0","0"
"*05rfo*","Brandon Barriera","TOR","SP","1708","FA","22","0","0","9%","0%","0","0.00","0","0","0","0","0","0","0","0","0","0"
"*06o03*","Daniel Eagen","ARI","SP","3493","FA","23","0","0","9%","0%","0","0.00","0","0","0","0","0","0","0","0","0","0"
"*06y9s*","Johnny Slawinski","LAA","SP","8716","FA","19","0","0","9%","+1%","0","0.00","0","0","0","0","0","0","0","0","0","0"
"*06qwt*","Ben Jacobs","DET","SP","5037","FA","22","0","0","9%","0%","0","0.00","0","0","0","0","0","0","0","0","0","0"
"*066a6*","Braden Nett","ATH","SP","6806","FA","24","0","0","9%","0%","0","0","0","0","0","0","0","0","0","0","0","0"
"*04pmd*","Gunnar Hoglund","ATH","SP","4874","FA","26","0","0","8%","0%","0","0","0","0","0","0","0","0","0","0","0","0"
"*06kkb*","Boston Bateman","BAL","SP","1736","FA","20","0","0","8%","0%","0","0.00","0","0","0","0","0","0","0","0","0","0"
"*062e9*","Drue Hackenberg","ATL","SP","4493","FA","24","0","0","8%","0%","0","0.00","0","0","0","0","0","0","0","0","0","0"
"*06r9y*","Sadbiel Delzine","BOS","SP","3263","FA","18","0","0","8%","+1%","0","0.00","0","0","0","0","0","0","0","0","0","0"
"*06nuj*","Jackson Kent","WSH","SP","5279","FA","23","0","0","8%","0%","0","0.00","0","0","0","0","0","0","0","0","0","0"
"*06f8f*","Hyun-Seok Jang","LAD","SP","5051","FA","22","0","0","8%","0%","0","0.00","0","0","0","0","0","0","0","0","0","0"
"*06c28*","Yordanny Monegro","BOS","SP","6522","FA","23","0","0","8%","0%","0","0.00","0","0","0","0","0","0","0","0","0","0"
"*0421k*","Bowden Francis","TOR","SP","3872","FA","30","0","0","8%","0%","0","0","0","0","0","0","0","0","0","0","0","0"
"*06r8f*","Miguel Mendez","SD","RP","6334","FA","24","0","0","8%","0%","0","0","0","0","0","0","0","0","0","0","0","0"
"*05uec*","Yoniel Curet","DET","SP","3001","FA","23","0","0","8%","0%","0","0","0","0","0","0","0","0","0","0","0","0"
"*06p61*","Dylan Jordan","LAA","SP","5189","FA","20","0","0","8%","+1%","0","0.00","0","0","0","0","0","0","0","0","0","0"
"*05t7a*","Anthony Solometo","PIT","SP","8795","FA","23","0","0","8%","0%","0","0.00","0","0","0","0","0","0","0","0","0","0"
"*06qz9*","Aaron Watson","CIN","SP","9672","FA","19","0","0","7%","0%","0","0.00","0","0","0","0","0","0","0","0","0","0"
"*06f0u*","Jaden Hamm","DET","SP","4535","FA","23","0","0","7%","0%","0","0.00","0","0","0","0","0","0","0","0","0","0"
"*05ydu*","Chase Shores","LAA","SP,RP","8633","FA","22","0","0","7%","0%","0","0.00","0","0","0","0","0","0","0","0","0","0"
"*05xpo*","Ryan Bergert","KC","SP","1864","FA","26","0","0","7%","0%","0","0","0","0","0","0","0","0","0","0","0","0"
"*0514z*","Sawyer Gipson-Long","DET","RP","4169","FA","28","0","0","7%","0%","0","0","0","0","0","0","0","0","0","0","0","0"
"*06qp2*","Nate Payne","MIA","SP","7232","FA","20","0","0","7%","0%","0","0.00","0","0","0","0","0","0","0","0","0","0"
"*02bq7*","Robert Stephenson","LAA","RP","8896","FA","33","0","0","7%","0%","0","0","0","0","0","0","0","0","0","0","0","0"
"*06f1o*","Trevor Harrison","TB","SP","4591","FA","20","0","0","7%","0%","0","0.00","0","0","0","0","0","0","0","0","0","0"
"*051aa*","Porter Hodge","CHC","RP","4863","FA","25","0","0","7%","0%","0","0","0","0","0","0","0","0","0","0","0","0"
"*069zn*","Josh Knoth","MIL","SP","5361","FA","20","0","0","7%","0%","0","0.00","0","0","0","0","0","0","0","0","0","0"
"*05u9j*","Jackson Baumeister","TB","SP","1762","FA","24","0","0","7%","0%","0","0.00","0","0","0","0","0","0","0","0","0","0"
"*06c1l*","Joe Whitman","SF","SP","9765","FA","24","0","0","7%","0%","0","0.00","0","0","0","0","0","0","0","0","0","0"
"*06dm0*","Felipe De La Cruz","NYM","SP,RP","3126","FA","25","0","0","7%","0%","0","0.00","0","0","0","0","0","0","0","0","0","0"
"*06l0n*","Sean Paul Linan","NYY","SP","5635","FA","21","0","0","7%","0%","0","0.00","0","0","0","0","0","0","0","0","0","0"
"*06qic*","Ryan Lambert","NYM","RP","5447","FA","23","0","0","6%","0%","0","0.00","0","0","0","0","0","0","0","0","0","0"
"*06f18*","Lucas Braun","ATL","SP","2075","FA","24","0","0","6%","0%","0","0.00","0","0","0","0","0","0","0","0","0","0"
"*066az*","Adam Serwinowski","LAD","SP","8579","FA","22","0","0","6%","0%","0","0.00","0","0","0","0","0","0","0","0","0","0"
"*06kk7*","Trey Gregory-Alford","LAA","SP","4381","FA","20","0","0","6%","0%","0","0.00","0","0","0","0","0","0","0","0","0","0"
"*06ht3*","Jacob Bresnahan","SF","SP","2095","FA","21","0","0","6%","0%","0","0.00","0","0","0","0","0","0","0","0","0","0"
"*05rk4*","Brandon Walter","HOU","SP","9641","FA","29","0","0","6%","0%","0","0","0","0","0","0","0","0","0","0","0","0"
"*06kru*","Argenis Cayama","SF","SP","2546","FA","19","0","0","6%","0%","0","0.00","0","0","0","0","0","0","0","0","0","0"
"*03zbj*","Brusdar Graterol","LAD","RP","4346","FA","27","0","0","6%","0%","0","0","0","0","0","0","0","0","0","0","0","0"
"*04ni3*","Luis Garcia","NYY","SP","4055","FA","29","0","0","6%","0%","0","0.00","0","0","0","0","0","0","0","0","0","0"
"*06rop*","Jackson Flora","SF","SP","3796","FA","21","0","0","6%","0%","0","0.00","0","0","0","0","0","0","0","0","0","0"
"*06z3q*","Mason Peters","SEA","RP","7420","FA","22","0","0","6%","0%","0","0.00","0","0","0","0","0","0","0","0","0","0"
"*06gx3*","Mason Molina","STL","SP","6512","FA","23","0","0","6%","0%","0","0.00","0","0","0","0","0","0","0","0","0","0"
"*06ut2*","Keyner Martinez","SF","SP,RP","6049","FA","21","0","0","6%","0%","0","0.00","0","0","0","0","0","0","0","0","0","0"
"*06c8x*","Luke Sinnard","ATL","SP","8704","FA","23","0","0","6%","0%","0","0.00","0","0","0","0","0","0","0","0","0","0"
"*06r2u*","Junior Sanchez","ARI","SP","8372","FA","20","0","0","6%","0%","0","0.00","0","0","0","0","0","0","0","0","0","0"
"*06cq9*","Tyson Neighbors","BAL","RP","6797","FA","23","0","0","6%","0%","0","0.00","0","0","0","0","0","0","0","0","0","0"
"*06ftt*","Brady Smith","LAD","SP","8732","FA","21","0","0","6%","0%","0","0.00","0","0","0","0","0","0","0","0","0","0"
"*06zrf*","Aidan Cremarosa","TB","SP","2911","FA","22","0","0","6%","0%","0","0.00","0","0","0","0","0","0","0","0","0","0"
"*061wi*","Yu-Min Lin","ARI","SP","5634","FA","23","0","0","6%","0%","0","0.00","0","0","0","0","0","0","0","0","0","0"
"*06huh*","Brett Wichrowski","MIL","SP","9772","FA","23","0","0","5%","0%","0","0.00","0","0","0","0","0","0","0","0","0","0"
"*05ita*","Cristian Mena","ARI","RP","6315","FA","23","0","0","5%","0%","0","0","0","0","0","0","0","0","0","0","0","0"
"*060q2*","Jairo Iriarte","CHW","SP,RP","5009","FA","24","0","0","5%","0%","0","0.00","0","0","0","0","0","0","0","0","0","0"
"*06z3m*","Jackson Steensma","SEA","SP","8886","FA","22","0","0","5%","0%","0","0.00","0","0","0","0","0","0","0","0","0","0"
"*05u2l*","Ty Floyd","CIN","SP","3827","FA","25","0","0","5%","0%","0","0.00","0","0","0","0","0","0","0","0","0","0"
"*06uth*","Matthew Fisher","PHI","SP","3773","FA","20","0","0","5%","0%","0","0.00","0","0","0","0","0","0","0","0","0","0"
"*051e9*","Justin Campbell","CLE","SP","2346","FA","25","0","0","5%","0%","0","0.00","0","0","0","0","0","0","0","0","0","0"
"*06fzn*","Ixan Henderson","STL","SP","4652","FA","24","0","0","5%","0%","0","0.00","0","0","0","0","0","0","0","0","0","0"
"*03bin*","Nestor Cortes Jr.","(N/A)","SP","2866","FA","31","0","0","5%","0%","0","0.00","0","0","0","0","0","0","0","0","0","0"
"*06mnf*","Bryce Meccage","MIL","SP","6252","FA","20","0","0","5%","0%","0","0.00","0","0","0","0","0","0","0","0","0","0"
"*06hwr*","Jacob Odle","STL","SP","6950","FA","22","0","0","5%","0%","0","0.00","0","0","0","0","0","0","0","0","0","0"
"*06aqk*","Garrett Baumann","ATL","SP","1760","FA","21","0","0","5%","0%","0","0.00","0","0","0","0","0","0","0","0","0","0"
"*06quu*","Ethan Dorchies","MIL","SP,RP","3395","FA","19","0","0","5%","0%","0","0.00","0","0","0","0","0","0","0","0","0","0"
"*06yjc*","Malachi Witherspoon","DET","SP","9869","FA","21","0","0","5%","0%","0","0.00","0","0","0","0","0","0","0","0","0","0"
"*06r4c*","J.D. Thompson","MIL","SP","9168","FA","22","0","0","5%","0%","0","0.00","0","0","0","0","0","0","0","0","0","0"
"*05t9i*","Ben Kudrna","KC","SP","5412","FA","23","0","0","5%","0%","0","0","0","0","0","0","0","0","0","0","0","0"
"*05jpo*","Nick Frasso","COL","SP,RP","3904","FA","27","0","0","5%","0%","0","0","0","0","0","0","0","0","0","0","0","0"
"*06yez*","Michael Lombardi","KC","SP,RP","5701","FA","22","0","0","5%","0%","0","0.00","0","0","0","0","0","0","0","0","0","0"
"*05iyp*","Henry Baez","ATH","SP","1615","FA","23","0","0","5%","0%","0","0","0","0","0","0","0","0","0","0","0","0"
"*04ok0*","Mike Vasil","CHW","RP","9461","FA","26","0","0","5%","0%","0","0","0","0","0","0","0","0","0","0","0","0"
"*05t9h*","Maddux Bruns","LAD","SP","2180","FA","24","0","0","5%","0%","0","0.00","0","0","0","0","0","0","0","0","0","0"
"*052ht*","Wikelman Gonzalez","CHW","RP","4302","FA","24","0","0","5%","0%","0","0","0","0","0","0","0","0","0","0","0","0"
"*04ug5*","Emmanuel Clase","CLE","RP","2704","FA","28","0","0","5%","0%","0","0.00","0","0","0","0","0","0","0","0","0","0"
"*03d6v*","Michael Kopech","(N/A)","RP","5390","FA","30","0","0","5%","0%","0","0.00","0","0","0","0","0","0","0","0","0","0"
"*060gg*","Adam Mazur","MIA","SP","6139","FA","25","0","0","5%","0%","0","0","0","0","0","0","0","0","0","0","0","0"
"*06qra*","Bryce Mayer","HOU","SP","6133","FA","24","0","0","5%","0%","0","0.00","0","0","0","0","0","0","0","0","0","0"
"*066b3*","K.C. Hunt","TB","SP","4973","FA","26","0","0","4%","0%","0","0.00","0","0","0","0","0","0","0","0","0","0"
"*069xw*","Jose Urbina","TB","SP","9367","FA","20","0","0","4%","0%","0","0.00","0","0","0","0","0","0","0","0","0","0"
"*06yqa*","Kaleb Wing","CHC","SP","9851","FA","19","0","0","4%","0%","0","0.00","0","0","0","0","0","0","0","0","0","0"
"*050s3*","Blake Walston","ARI","SP","9640","FA","25","0","0","4%","0%","0","0","0","0","0","0","0","0","0","0","0","0"
"*06m8k*","Kelvis Salcedo","DET","SP,RP","8311","FA","20","0","0","4%","0%","0","0.00","0","0","0","0","0","0","0","0","0","0"
"*062k6*","Juaron Watts-Brown","BAL","SP","9684","FA","24","0","0","4%","0%","0","0.00","0","0","0","0","0","0","0","0","0","0"
"*06c1k*","Blake Wolters","KC","SP","9879","FA","21","0","0","4%","0%","0","0.00","0","0","0","0","0","0","0","0","0","0"
"*05uni*","Griff McGarry","LAD","SP,RP","6193","FA","27","0","0","4%","0%","0","0.00","0","0","0","0","0","0","0","0","0","0"
"*0512c*","Alec Marsh","KC","SP","5977","FA","28","0","0","4%","0%","0","0","0","0","0","0","0","0","0","0","0","0"
"*05zdb*","Mason McGwire","CHC","SP","6208","FA","22","0","0","4%","0%","0","0.00","0","0","0","0","0","0","0","0","0","0"
"*06fzr*","Braxton Bragg","BAL","SP","2063","FA","25","0","0","4%","0%","0","0.00","0","0","0","0","0","0","0","0","0","0"
"*0509b*","Prelander Berroa","CHW","SP,RP","1880","FA","26","0","0","4%","0%","0","0","0","0","0","0","0","0","0","0","0","0"
"*06id0*","Cade Obermueller","PHI","SP","6939","FA","23","0","0","4%","0%","0","0.00","0","0","0","0","0","0","0","0","0","0"
"*06ywn*","Nate Snead","LAA","RP","8772","FA","22","0","0","4%","0%","0","0.00","0","0","0","0","0","0","0","0","0","0"
"*06hey*","Owen Hall","DET","SP","4521","FA","20","0","0","4%","0%","0","0.00","0","0","0","0","0","0","0","0","0","0"
"*065j0*","C.J. Culpepper","MIN","SP","2989","FA","24","0","0","4%","0%","0","0.00","0","0","0","0","0","0","0","0","0","0"
"*06cn1*","Chen-Wei Lin","STL","SP","5629","FA","24","0","0","4%","0%","0","0.00","0","0","0","0","0","0","0","0","0","0"
"*066dq*","Payton Martin","LAD","SP","6003","FA","22","0","0","4%","0%","0","0.00","0","0","0","0","0","0","0","0","0","0"
"*01c5l*","Yu Darvish","SD","SP","3058","FA","39","0","0","4%","0%","0","0.00","0","0","0","0","0","0","0","0","0","0"
"*066kw*","Chris Cortez","LAA","SP","2869","FA","23","0","0","4%","0%","0","0.00","0","0","0","0","0","0","0","0","0","0"
"*052kc*","Andry Lara","WSH","RP","5481","FA","23","0","0","4%","0%","0","0.00","0","0","0","0","0","0","0","0","0","0"
"*0311b*","Trevor Williams","WSH","SP","9817","FA","34","0","0","4%","0%","0","0","0","0","0","0","0","0","0","0","0","0"
"*03as0*","Joe Jimenez","ATL","RP","5118","FA","31","0","0","4%","0%","0","0","0","0","0","0","0","0","0","0","0","0"
"*067xi*","Levi Wells","BAL","SP","9713","FA","24","0","0","4%","0%","0","0.00","0","0","0","0","0","0","0","0","0","0"
"*05t7b*","Josh Hartle","CLE","SP","4595","FA","23","0","0","4%","0%","0","0.00","0","0","0","0","0","0","0","0","0","0"
"*05t9e*","Will Bednar","SF","RP","1796","FA","26","0","0","4%","0%","0","0.00","0","0","0","0","0","0","0","0","0","0"
"*06pge*","John Holobetz","BOS","SP","4895","FA","23","0","0","4%","0%","0","0.00","0","0","0","0","0","0","0","0","0","0"
"*05tpz*","Ky Bush","CHW","SP","2240","FA","26","0","0","4%","0%","0","0","0","0","0","0","0","0","0","0","0","0"
"*066m6*","Jeter Martinez","PIT","SP","6038","FA","20","0","0","4%","0%","0","0.00","0","0","0","0","0","0","0","0","0","0"
"*060ig*","Drew Beam","KC","SP","1780","FA","23","0","0","4%","0%","0","0.00","0","0","0","0","0","0","0","0","0","0"
"*061a8*","Andrew Walters","CLE","RP","9642","FA","25","0","0","4%","0%","0","0","0","0","0","0","0","0","0","0","0","0"
"*06pqe*","Will Watson","NYM","SP","9679","FA","23","0","0","4%","0%","0","0.00","0","0","0","0","0","0","0","0","0","0"
"*06kkj*","Ryan Forcucci","HOU","SP","3838","FA","23","0","0","4%","0%","0","0.00","0","0","0","0","0","0","0","0","0","0"
"*03dpt*","Reed Garrett","NYM","RP","4084","FA","33","0","0","4%","0%","0","0","0","0","0","0","0","0","0","0","0","0"
"*06l54*","Shinnosuke Ogasawara","(N/A)","RP","6960","FA","28","0","0","4%","0%","0","0.00","0","0","0","0","0","0","0","0","0","0"
"*06roy*","Brian Curley","ARI","SP","3004","FA","23","0","0","3%","0%","0","0.00","0","0","0","0","0","0","0","0","0","0"
"*06cev*","Jhancarlos Lara","WSH","SP,RP","5488","FA","23","0","0","3%","0%","0","0","0","0","0","0","0","0","0","0","0","0"
"*06nzs*","Conrad Cason","BOS","SP","2472","FA","19","0","0","3%","0%","0","0.00","0","0","0","0","0","0","0","0","0","0"
"*03dim*","John Means","KC","SP","6250","FA","33","0","0","3%","0%","0","0.00","0","0","0","0","0","0","0","0","0","0"
"*05uee*","Reggie Crawford","SF","RP","2910","FA","25","0","0","3%","0%","0","0.00","0","0","0","0","0","0","0","0","0","0"
"*06yk0*","Conor Essenburg","ATL","OF,SP","3613","FA","19","0","0","3%","0%","0","0.00","0","0","0","0","0","0","0","0","0","0"
"*05y3m*","Zander Mueth","PIT","SP","6700","FA","21","0","0","3%","0%","0","0.00","0","0","0","0","0","0","0","0","0","0"
"*01sbv*","Shelby Miller","CHC","RP","6455","FA","35","0","0","3%","0%","0","0","0","0","0","0","0","0","0","0","0","0"
"*05t9k*","Thatcher Hurd","NYY","SP,RP","4979","FA","23","0","0","3%","0%","0","0.00","0","0","0","0","0","0","0","0","0","0"
"*0514i*","Andrew Saalfrank","ARI","RP","8281","FA","28","0","0","3%","0%","0","0","0","0","0","0","0","0","0","0","0","0"
"*06yw0*","Zane Taylor","ATH","SP","9101","FA","24","0","0","3%","0%","0","0.00","0","0","0","0","0","0","0","0","0","0"
"*06ugp*","Luis De La Torre","SF","SP","3165","FA","22","0","0","3%","0%","0","0.00","0","0","0","0","0","0","0","0","0","0"
"*06pk6*","Ethan Bagwell","ATL","SP","1628","FA","20","0","0","3%","0%","0","0.00","0","0","0","0","0","0","0","0","0","0"
"*072f9*","Andri Hidalgo","BAL","SP","4814","FA","17","0","0","3%","0%","0","0.00","0","0","0","0","0","0","0","0","0","0"
"*06578*","Mavis Graves","PHI","SP","4350","FA","22","0","0","3%","0%","0","0.00","0","0","0","0","0","0","0","0","0","0"
"*0311w*","Ben Lively","CLE","SP","5667","FA","34","0","0","3%","0%","0","0.00","0","0","0","0","0","0","0","0","0","0"
"*06r99*","Raudy Reyes","ATL","SP","7855","FA","17","0","0","3%","0%","0","0.00","0","0","0","0","0","0","0","0","0","0"
"*041pr*","Joey Wentz","ATL","SP,RP","9721","FA","28","0","0","3%","0%","0","0","0","0","0","0","0","0","0","0","0","0"
"*06r4o*","Gio Rojas","TEX","SP","8122","FA","19","0","0","3%","0%","0","0.00","0","0","0","0","0","0","0","0","0","0"
"*041v6*","Tony Gonsolin","(N/A)","SP","4231","FA","32","0","0","3%","0%","0","0.00","0","0","0","0","0","0","0","0","0","0"
"*05yg3*","Julian Aguiar","CIN","SP","1255","FA","25","0","0","3%","0%","0","0","0","0","0","0","0","0","0","0","0","0"
"*06m7d*","Wellington Aracena","ARI","SP,RP","1463","FA","21","0","0","3%","0%","0","0.00","0","0","0","0","0","0","0","0","0","0"
"*06mq3*","Reinold Navarro","PIT","SP","6784","FA","19","0","0","3%","0%","0","0.00","0","0","0","0","0","0","0","0","0","0"
"*04yi7*","Matt Allan","NYM","SP","1323","FA","25","0","0","3%","0%","0","0.00","0","0","0","0","0","0","0","0","0","0"
"*06l5b*","Cameron Flukey","DET","SP","3828","FA","21","0","0","3%","0%","0","0.00","0","0","0","0","0","0","0","0","0","0"
"*06mwe*","Gabe Davis","CHW","RP","3086","FA","22","0","0","3%","0%","0","0.00","0","0","0","0","0","0","0","0","0","0"
"*06jbn*","Humberto Cruz","SD","SP","2955","FA","19","0","0","3%","0%","0","0.00","0","0","0","0","0","0","0","0","0","0"
"*05ua3*","Walter Ford","SEA","SP","3844","FA","21","0","0","3%","0%","0","0.00","0","0","0","0","0","0","0","0","0","0"
"*06yxi*","Dean Livingston","ARI","SP","5668","FA","19","0","0","3%","0%","0","0.00","0","0","0","0","0","0","0","0","0","0"
"*04rhl*","Carlos Vargas","SEA","RP","9443","FA","26","0","0","3%","0%","0","0","0","0","0","0","0","0","0","0","0","0"
"*06owe*","Griffin Herring","COL","SP","4791","FA","23","0","0","3%","0%","0","0.00","0","0","0","0","0","0","0","0","0","0"
"*03pon*","Triston McKenzie","(N/A)","RP","6224","FA","28","0","0","3%","-1%","0","0.00","0","0","0","0","0","0","0","0","0","0"
"*051du*","Marc Church","TEX","RP","2674","FA","25","0","0","3%","0%","0","0","0","0","0","0","0","0","0","0","0","0"
"*06tf9*","JB Middleton","COL","SP","6412","FA","22","0","0","3%","0%","0","0.00","0","0","0","0","0","0","0","0","0","0"
"*06cqx*","Steven Echavarria","ATH","SP","3503","FA","20","0","0","3%","0%","0","0.00","0","0","0","0","0","0","0","0","0","0"
"*06o8r*","Jaron DeBerry","MIL","SP","3210","FA","23","0","0","3%","0%","0","0.00","0","0","0","0","0","0","0","0","0","0"
"*06b49*","Aidan Curry","TEX","SP","3008","FA","24","0","0","3%","0%","0","0.00","0","0","0","0","0","0","0","0","0","0"
"*05u9l*","Brock Selvidge","NYY","SP","8552","FA","23","0","0","3%","0%","0","0.00","0","0","0","0","0","0","0","0","0","0"
"*06bdc*","Shunpeita Yamashita","(N/A)","SP","9922","FA","24","0","0","3%","0%","0","0.00","0","0","0","0","0","0","0","0","0","0"
"*05rg5*","McCade Brown","COL","SP","2168","FA","25","0","0","3%","0%","0","0","0","0","0","0","0","0","0","0","0","0"
"*05jr4*","Brandon Birdsell","CHC","SP","1924","FA","26","0","0","3%","0%","0","0.00","0","0","0","0","0","0","0","0","0","0"
"*05ad7*","Manuel Rodriguez","TB","RP","8068","FA","29","0","0","3%","0%","0","0","0","0","0","0","0","0","0","0","0","0"
"*06iet*","James Ellwanger","MIN","SP","3542","FA","22","0","0","3%","0%","0","0.00","0","0","0","0","0","0","0","0","0","0"
"*06at2*","Patrick Copen","LAD","SP","2827","FA","24","0","0","3%","0%","0","0.00","0","0","0","0","0","0","0","0","0","0"
"*05yc4*","Liam Peterson","CLE","SP","7429","FA","21","0","0","3%","0%","0","0.00","0","0","0","0","0","0","0","0","0","0"
"*05ww7*","Jean Cabrera","PHI","SP","2277","FA","24","0","0","3%","0%","0","0","0","0","0","0","0","0","0","0","0","0"
"*05yh6*","Luke Holman","CIN","SP","4893","FA","23","0","0","3%","0%","0","0.00","0","0","0","0","0","0","0","0","0","0"
"*06pfc*","Leandro Lopez","TEX","RP","5743","FA","24","0","0","3%","0%","0","0","0","0","0","0","0","0","0","0","0","0"
"*06bs9*","Keyner Benitez","MIA","SP","1844","FA","20","0","0","3%","0%","0","0.00","0","0","0","0","0","0","0","0","0","0"
"*062yq*","Cade Kuehler","ATL","SP","5413","FA","24","0","0","3%","0%","0","0.00","0","0","0","0","0","0","0","0","0","0"
"*05gea*","Sem Robberse","STL","SP","7953","FA","24","0","0","3%","0%","0","0.00","0","0","0","0","0","0","0","0","0","0"
"*06qqn*","Jayden Dubanewicz","MIL","SP,RP","3436","FA","20","0","0","3%","0%","0","0.00","0","0","0","0","0","0","0","0","0","0"
"*06ayq*","Manuel Rodriguez","MIL","SP","8069","FA","20","0","0","3%","0%","0","0.00","0","0","0","0","0","0","0","0","0","0"
"*06dmq*","Kyle Carr","NYY","SP","2432","FA","24","0","0","2%","0%","0","0.00","0","0","0","0","0","0","0","0","0","0"
"*06580*","Dylan Ross","NYM","SP,RP","8222","FA","25","0","0","2%","0%","0","0","0","0","0","0","0","0","0","0","0","0"
"*05xxv*","Allen Facundo","NYY","SP","3650","FA","23","0","0","2%","0%","0","0.00","0","0","0","0","0","0","0","0","0","0"
"*051gy*","Jace Beck","CHC","RP","1785","FA","26","0","0","2%","0%","0","0.00","0","0","0","0","0","0","0","0","0","0"
"*066iu*","Gage Ziehl","BOS","SP","10004","FA","23","0","0","2%","0%","0","0.00","0","0","0","0","0","0","0","0","0","0"
"*05uc1*","Chase Mobley","CLE","SP","6495","FA","20","0","0","2%","0%","0","0.00","0","0","0","0","0","0","0","0","0","0"
"*06v1w*","Matt Barr","MIN","SP","1695","FA","20","0","0","2%","0%","0","0.00","0","0","0","0","0","0","0","0","0","0"
"*06mng*","Dax Whitney","(N/A)","SP","9767","FA","20","0","0","2%","0%","0","0.00","0","0","0","0","0","0","0","0","0","0"
"*04n1d*","Robert Puason","ATH","RP","7625","FA","23","0","0","2%","0%","0","0.00","0","0","0","0","0","0","0","0","0","0"
"*06hw7*","James Hicks","HOU","SP","4810","FA","25","0","0","2%","0%","0","0.00","0","0","0","0","0","0","0","0","0","0"
"*06uhk*","Cesar Perdomo","SF","SP","7328","FA","24","0","0","2%","0%","0","0.00","0","0","0","0","0","0","0","0","0","0"
"*060hm*","Cory Lewis","MIN","SP,RP","5604","FA","25","0","0","2%","0%","0","0.00","0","0","0","0","0","0","0","0","0","0"
"*06nug*","Nate Dohm","STL","SP","3370","FA","23","0","0","2%","0%","0","0.00","0","0","0","0","0","0","0","0","0","0"
"*05ydm*","Blake Larson","CHW","SP","5501","FA","20","0","0","2%","0%","0","0.00","0","0","0","0","0","0","0","0","0","0"
"*06dq2*","Landen Maroudis","TOR","SP","5957","FA","21","0","0","2%","0%","0","0.00","0","0","0","0","0","0","0","0","0","0"
"*04aed*","Kyle Wright","(N/A)","SP","9908","FA","30","0","0","2%","-1%","0","0.00","0","0","0","0","0","0","0","0","0","0"
"*06hvy*","Carlson Reed","PIT","SP","7784","FA","23","0","0","2%","0%","0","0.00","0","0","0","0","0","0","0","0","0","0"
"*0728p*","Seojun Moon","TOR","SP","6574","FA","19","0","0","2%","0%","0","0.00","0","0","0","0","0","0","0","0","0","0"
"*061zg*","Angel Bastardo","BOS","SP","1731","FA","24","0","0","2%","0%","0","0.00","0","0","0","0","0","0","0","0","0","0"
"*06683*","Cade Winquest","STL","SP","9860","FA","26","0","0","2%","0%","0","0","0","0","0","0","0","0","0","0","0","0"
"*04pw3*","James McArthur","KC","RP","6142","FA","29","0","0","2%","0%","0","0","0","0","0","0","0","0","0","0","0","0"
"*06fql*","Tucker Musgrove","SD","SP","6748","FA","24","0","0","2%","0%","0","0.00","0","0","0","0","0","0","0","0","0","0"
"*06146*","Jackson Cox","COL","SP","2899","FA","22","0","0","2%","0%","0","0.00","0","0","0","0","0","0","0","0","0","0"
"*06586*","Isaiah Lowe","SD","SP","5768","FA","23","0","0","2%","0%","0","0.00","0","0","0","0","0","0","0","0","0","0"
"*06y4i*","Jacob Morrison","MIL","SP","6663","FA","22","0","0","2%","0%","0","0.00","0","0","0","0","0","0","0","0","0","0"
"*072cs*","Carson Bolemon","SF","SP","1977","FA","19","0","0","2%","0%","0","0.00","0","0","0","0","0","0","0","0","0","0"
"*06zrd*","Dylan Brown","BOS","SP","2158","FA","22","0","0","2%","0%","0","0.00","0","0","0","0","0","0","0","0","0","0"
"*06oo1*","Herick Hernandez","ATL","SP","4725","FA","22","0","0","2%","0%","0","0.00","0","0","0","0","0","0","0","0","0","0"
"*04ppt*","Adam Kloffenstein","NYY","SP","5345","FA","25","0","0","2%","0%","0","0.00","0","0","0","0","0","0","0","0","0","0"
"*06c2c*","Sheng-En Lin","CIN","UT,SP","5632","FA","20","0","0","2%","0%","0","0.00","0","0","0","0","0","0","0","0","0","0"
"*05rh5*","Alexander Alberto","TB","RP","1272","FA","24","0","0","2%","0%","0","0.00","0","0","0","0","0","0","0","0","0","0"
"*06488*","Steven Zobac","KC","SP","10011","FA","25","0","0","2%","0%","0","0","0","0","0","0","0","0","0","0","0","0"
"*062j9*","Ryan Gallagher","MIN","SP","3978","FA","23","0","0","2%","0%","0","0.00","0","0","0","0","0","0","0","0","0","0"
"*06qnt*","Dalton Pence","TEX","SP,RP","7299","FA","23","0","0","2%","0%","0","0.00","0","0","0","0","0","0","0","0","0","0"
"*05yit*","Carter Holton","ATL","SP","4898","FA","23","0","0","2%","0%","0","0.00","0","0","0","0","0","0","0","0","0","0"
"*06o0r*","Stharlin Torres","CIN","SP","9268","FA","20","0","0","2%","0%","0","0.00","0","0","0","0","0","0","0","0","0","0"
"*06657*","Mason Adams","CHW","SP","1234","FA","26","0","0","2%","0%","0","0.00","0","0","0","0","0","0","0","0","0","0"
"*05yal*","Ronan Kopp","LAD","SP,RP","5392","FA","24","0","0","2%","0%","0","0","0","0","0","0","0","0","0","0","0","0"
"*06c84*","Xavier Cruz","STL","SP","2975","FA","20","0","0","2%","0%","0","0.00","0","0","0","0","0","0","0","0","0","0"
"*05yma*","Cole Phillips","MIL","SP","7451","FA","23","0","0","2%","0%","0","0.00","0","0","0","0","0","0","0","0","0","0"
"*06ahh*","Hiroto Takahashi","(N/A)","SP","9036","FA","23","0","0","2%","0%","0","0.00","0","0","0","0","0","0","0","0","0","0"
"*05g4j*","Jared Kelley","CHW","RP","5257","FA","24","0","0","2%","0%","0","0.00","0","0","0","0","0","0","0","0","0","0"
"*06yof*","Mason Morris","CIN","SP","6661","FA","22","0","0","2%","0%","0","0.00","0","0","0","0","0","0","0","0","0","0"
"*068xw*","Alonzo Tredwell","HOU","SP,RP","9296","FA","24","0","0","2%","0%","0","0.00","0","0","0","0","0","0","0","0","0","0"
"*06krw*","Eliazar Dishmey","MIA","SP","3361","FA","21","0","0","2%","0%","0","0.00","0","0","0","0","0","0","0","0","0","0"
"*06z9e*","Peter Kussow","NYM","SP","5423","FA","19","0","0","2%","0%","0","0.00","0","0","0","0","0","0","0","0","0","0"
"*06s7q*","Liomar Martinez","MIA","SP","6051","FA","21","0","0","2%","0%","0","0.00","0","0","0","0","0","0","0","0","0","0"
"*05uc2*","Hayden Mullins","BOS","SP","6709","FA","25","0","0","2%","0%","0","0.00","0","0","0","0","0","0","0","0","0","0"
"*050vo*","Dedniel Nunez","NYM","RP","6895","FA","30","0","0","2%","0%","0","0","0","0","0","0","0","0","0","0","0","0"
"*06gip*","Andrew Sears","DET","SP","8534","FA","23","0","0","2%","0%","0","0.00","0","0","0","0","0","0","0","0","0","0"
"*05uwp*","Michael Morales","SEA","SP","6606","FA","23","0","0","2%","0%","0","0.00","0","0","0","0","0","0","0","0","0","0"
"*041m3*","Forrest Whitley","(N/A)","RP","9763","FA","28","0","0","2%","0%","0","0.00","0","0","0","0","0","0","0","0","0","0"
"*0647m*","Michael Kennedy","CLE","SP","5275","FA","21","0","0","2%","0%","0","0.00","0","0","0","0","0","0","0","0","0","0"
"*066ch*","Jake Miller","DET","SP,RP","6448","FA","25","0","0","2%","0%","0","0","0","0","0","0","0","0","0","0","0","0"
"*05rgm*","Landon Sims","ARI","RP","8698","FA","25","0","0","2%","0%","0","0.00","0","0","0","0","0","0","0","0","0","0"
"*05yiv*","Teddy McGraw","SEA","SP","6205","FA","24","0","0","2%","0%","0","0.00","0","0","0","0","0","0","0","0","0","0"
"*04mtq*","Tanner Burns","CLE","RP","2230","FA","27","0","0","2%","0%","0","0.00","0","0","0","0","0","0","0","0","0","0"
"*061v6*","Yorman Gomez","CLE","SP,RP","4227","FA","23","0","0","2%","0%","0","0","0","0","0","0","0","0","0","0","0","0"
"*06hw9*","Mason Miller","KC","SP,RP","6451","FA","24","0","0","2%","0%","0","0.00","0","0","0","0","0","0","0","0","0","0"
"*0630k*","Blake Burkhalter","ATL","SP,RP","2220","FA","25","0","0","2%","0%","0","0.00","0","0","0","0","0","0","0","0","0","0"
"*06f15*","Cade Smith","NYY","SP","8734","FA","24","0","0","2%","0%","0","0.00","0","0","0","0","0","0","0","0","0","0"
"*06ca0*","Kiefer Lord","BAL","SP","5752","FA","24","0","0","2%","0%","0","0.00","0","0","0","0","0","0","0","0","0","0"
"*06yq9*","Pico Kohn","NYY","SP","5378","FA","23","0","0","2%","0%","0","0.00","0","0","0","0","0","0","0","0","0","0"
"*0662p*","Jun-Seok Shim","NYM","RP","8626","FA","22","0","0","2%","0%","0","0.00","0","0","0","0","0","0","0","0","0","0"
"*03aqz*","Adbert Alzolay","(N/A)","RP","1385","FA","31","0","0","2%","0%","0","0.00","0","0","0","0","0","0","0","0","0","0"
"*05uny*","Calvin Ziegler","NYM","SP","10003","FA","23","0","0","2%","0%","0","0.00","0","0","0","0","0","0","0","0","0","0"
"*06qu7*","Brooks Caple","CHC","SP","2382","FA","23","0","0","2%","0%","0","0.00","0","0","0","0","0","0","0","0","0","0"
"*05zdc*","Chen Zhong-Ao Zhuang","ATH","SP","10001","FA","25","0","0","2%","0%","0","0","0","0","0","0","0","0","0","0","0","0"
"*02yg3*","Frankie Montas","(N/A)","SP","6533","FA","33","0","0","2%","0%","0","0.00","0","0","0","0","0","0","0","0","0","0"
"*05uve*","Luis Serna","NYY","SP","8567","FA","22","0","0","2%","0%","0","0.00","0","0","0","0","0","0","0","0","0","0"
"*06sms*","Hiromi Itoh","(N/A)","SP","5019","FA","28","0","0","2%","0%","0","0.00","0","0","0","0","0","0","0","0","0","0"
"*05y5g*","Josh Stephan","TEX","SP","8891","FA","24","0","0","2%","0%","0","0.00","0","0","0","0","0","0","0","0","0","0"
"*03dbe*","Austin Gomber","ATL","SP","4193","FA","32","0","0","2%","0%","0","0.00","0","0","0","0","0","0","0","0","0","0"
"*06yyq*","Ben Grable","NYY","SP","4327","FA","24","0","0","2%","0%","0","0.00","0","0","0","0","0","0","0","0","0","0"
"*06mmn*","Jose Bello","BOS","SP,RP","1820","FA","21","0","0","2%","0%","0","0.00","0","0","0","0","0","0","0","0","0","0"
"*067xk*","Cole Schoenwetter","CIN","SP,RP","8496","FA","21","0","0","2%","0%","0","0.00","0","0","0","0","0","0","0","0","0","0"
"*05ww2*","Wilmer Flores","(N/A)","RP","3820","FA","25","0","0","2%","0%","0","0.00","0","0","0","0","0","0","0","0","0","0"
"*06sbc*","Nicolas Carreno","NYM","RP","2440","FA","20","0","0","2%","0%","0","0.00","0","0","0","0","0","0","0","0","0","0"
"*065ns*","Troy Taylor","SEA","RP","9099","FA","24","0","0","2%","0%","0","0","0","0","0","0","0","0","0","0","0","0"
"*06ajt*","Brandon White","MIA","SP,RP","9749","FA","26","0","0","2%","0%","0","0.00","0","0","0","0","0","0","0","0","0","0"
"*06su3*","Marlon Nieves","LAD","SP","6837","FA","21","0","0","2%","0%","0","0.00","0","0","0","0","0","0","0","0","0","0"
"*06hi6*","Hunter Dietz","NYY","SP","3347","FA","21","0","0","2%","0%","0","0.00","0","0","0","0","0","0","0","0","0","0"
"*05wbp*","Nick Nastrini","(N/A)","SP,RP","6775","FA","26","0","0","2%","0%","0","0.00","0","0","0","0","0","0","0","0","0","0"
"*06pgk*","Cole Hertzler","HOU","SP","4795","FA","23","0","0","2%","0%","0","0.00","0","0","0","0","0","0","0","0","0","0"
"*061bn*","Austin Peterson","CLE","SP","7424","FA","26","0","0","2%","0%","0","0","0","0","0","0","0","0","0","0","0","0"
"*066bw*","Cedric De Grandpre","ATL","SP","3109","FA","24","0","0","2%","0%","0","0.00","0","0","0","0","0","0","0","0","0","0"
"*0664g*","Hayden Harris","ATL","RP","4582","FA","27","0","0","2%","0%","0","0","0","0","0","0","0","0","0","0","0","0"
"*06mwh*","Aiden May","MIA","SP","6130","FA","23","0","0","2%","0%","0","0.00","0","0","0","0","0","0","0","0","0","0"
"*0579z*","Bradley Blalock","MIA","SP","1940","FA","25","0","0","2%","0%","0","0","0","0","0","0","0","0","0","0","0","0"
"*0511v*","Matt Canterino","MIN","SP","2376","FA","28","0","0","2%","0%","0","0.00","0","0","0","0","0","0","0","0","0","0"
"*05y0r*","Evan Reifert","TB","RP","7798","FA","27","0","0","2%","0%","0","0.00","0","0","0","0","0","0","0","0","0","0"
"*05it9*","Yosver Zulueta","BAL","RP","10017","FA","28","0","0","2%","0%","0","0","0","0","0","0","0","0","0","0","0","0"
"*05iym*","Jose Acuna","CIN","SP","1221","FA","23","0","0","2%","0%","0","0.00","0","0","0","0","0","0","0","0","0","0"
"*06qsl*","Najer Victor","LAA","RP","9542","FA","24","0","0","2%","0%","0","0.00","0","0","0","0","0","0","0","0","0","0"
"*06fqq*","Owen Wild","TB","SP","9786","FA","23","0","0","2%","0%","0","0.00","0","0","0","0","0","0","0","0","0","0"
"*04yih*","JJ Goss","ATH","RP","4318","FA","25","0","0","2%","0%","0","0.00","0","0","0","0","0","0","0","0","0","0"
"*06c2a*","Daviel Hurtado","NYM","SP","4982","FA","21","0","0","2%","0%","0","0.00","0","0","0","0","0","0","0","0","0","0"
"*02bsw*","Mike Clevinger","PIT","RP","2716","FA","35","0","0","2%","0%","0","0.00","0","0","0","0","0","0","0","0","0","0"
"*063e6*","Ashton Izzi","ARI","SP","5024","FA","22","0","0","2%","0%","0","0.00","0","0","0","0","0","0","0","0","0","0"
"*068bz*","Wen-Hui Pan","PHI","SP,RP","7152","FA","23","0","0","2%","0%","0","0.00","0","0","0","0","0","0","0","0","0","0"
"*06yjt*","Griffin Hugus","SEA","SP","4961","FA","22","0","0","2%","0%","0","0.00","0","0","0","0","0","0","0","0","0","0"
"*030x2*","Jose Leclerc","SD","RP","5544","FA","32","0","0","2%","0%","0","0.00","0","0","0","0","0","0","0","0","0","0"
"*067z1*","Franklin Gomez","CLE","SP","4203","FA","21","0","0","2%","0%","0","0.00","0","0","0","0","0","0","0","0","0","0"
"*05u2w*","Caden Grice","ARI","SP","4384","FA","24","0","0","2%","0%","0","0.00","0","0","0","0","0","0","0","0","0","0"
"*05n5o*","Victor Lizarraga","SD","SP","5670","FA","22","0","0","2%","0%","0","0.00","0","0","0","0","0","0","0","0","0","0"
"*06dqf*","Hiro Wyatt","KC","SP","9911","FA","21","0","0","2%","0%","0","0.00","0","0","0","0","0","0","0","0","0","0"
"*06g2a*","Felix Arronde","KC","SP","1545","FA","23","0","0","2%","0%","0","0.00","0","0","0","0","0","0","0","0","0","0"
"*06ltf*","Adrian Bohorquez","MIN","SP","1972","FA","21","0","0","2%","0%","0","0.00","0","0","0","0","0","0","0","0","0","0"
"*01ub8*","Liam Hendriks","(N/A)","RP","4657","FA","37","0","0","2%","0%","0","0.00","0","0","0","0","0","0","0","0","0","0"
"*05uvd*","Peter Heubeck","LAD","SP","4801","FA","24","0","0","2%","0%","0","0.00","0","0","0","0","0","0","0","0","0","0"
"*06z7r*","Cameron Millar","KC","SP","6435","FA","19","0","0","2%","0%","0","0.00","0","0","0","0","0","0","0","0","0","0"
"*06z9a*","Frank Cairone","MIL","SP","2300","FA","18","0","0","2%","0%","0","0.00","0","0","0","0","0","0","0","0","0","0"
"*026mq*","Tyler Anderson","(N/A)","SP","1420","FA","36","0","0","2%","0%","0","0.00","0","0","0","0","0","0","0","0","0","0"
"*041m9*","Dane Dunning","SEA","RP","3463","FA","31","0","0","2%","0%","0","0.00","0","0","0","0","0","0","0","0","0","0"
"*05jsf*","Will Sanders","CHC","SP","8392","FA","24","0","0","2%","0%","0","0.00","0","0","0","0","0","0","0","0","0","0"
"*06kkc*","Ethan Schiefelbein","DET","RP","8485","FA","20","0","0","2%","0%","0","0.00","0","0","0","0","0","0","0","0","0","0"
"*06ax0*","Michael Arias","NYY","SP","1511","FA","24","0","0","2%","0%","0","0.00","0","0","0","0","0","0","0","0","0","0"
"*06585*","Ian Mejia","ATL","SP","6286","FA","26","0","0","2%","0%","0","0.00","0","0","0","0","0","0","0","0","0","0"
"*05y7r*","Jack Neely","CHC","RP","6794","FA","26","0","0","2%","0%","0","0.00","0","0","0","0","0","0","0","0","0","0"
"*06f0t*","Eriq Swan","WSH","SP","9012","FA","24","0","0","2%","0%","0","0.00","0","0","0","0","0","0","0","0","0","0"
"*06zcz*","CJ Gray","LAA","SP","4351","FA","19","0","0","1%","0%","0","0.00","0","0","0","0","0","0","0","0","0","0"
"*05udy*","Dom Hamel","NYY","RP","4530","FA","27","0","0","1%","0%","0","0.00","0","0","0","0","0","0","0","0","0","0"
"*05ubs*","Nazier Mule","CHC","SP","6705","FA","21","0","0","1%","0%","0","0.00","0","0","0","0","0","0","0","0","0","0"
"*06uq0*","Iker Redona","CIN","SP","7783","FA","18","0","0","1%","0%","0","0.00","0","0","0","0","0","0","0","0","0","0"
"*070c4*","Talon Haley","LAA","SP","4512","FA","20","0","0","1%","0%","0","0.00","0","0","0","0","0","0","0","0","0","0"
"*06fv6*","Blake Wehunt","BOS","SP","9699","FA","25","0","0","1%","0%","0","0.00","0","0","0","0","0","0","0","0","0","0"
"*04psv*","Steven Wilson","TB","RP","9840","FA","31","0","0","1%","0%","0","0","0","0","0","0","0","0","0","0","0","0"
"*06qti*","Lucas Elissalt","DET","SP","3530","FA","22","0","0","1%","0%","0","0.00","0","0","0","0","0","0","0","0","0","0"
"*067xl*","Barrett Kent","LAA","SP","5278","FA","21","0","0","1%","0%","0","0.00","0","0","0","0","0","0","0","0","0","0"
"*06c2z*","Yohanfer Santana","MIA","SP","8423","FA","20","0","0","1%","0%","0","0.00","0","0","0","0","0","0","0","0","0","0"
"*066l9*","Shane Murphy","CHW","SP","6738","FA","25","0","0","1%","0%","0","0.00","0","0","0","0","0","0","0","0","0","0"
"*06ktm*","Hiroto Saiki","(N/A)","SP","8294","FA","27","0","0","1%","0%","0","0.00","0","0","0","0","0","0","0","0","0","0"
"*06akv*","Keeler Morfe","BAL","SP","6633","FA","20","0","0","1%","0%","0","0.00","0","0","0","0","0","0","0","0","0","0"
"*06rua*","Dominick Reid","CHC","SP","7794","FA","22","0","0","1%","0%","0","0.00","0","0","0","0","0","0","0","0","0","0"
"*05tzk*","Evan Shawver","COL","RP","8609","FA","26","0","0","1%","0%","0","0.00","0","0","0","0","0","0","0","0","0","0"
"*06l0i*","Eduarniel Nunez","CHC","RP","6917","FA","27","0","0","1%","0%","0","0","0","0","0","0","0","0","0","0","0","0"
"*06c7a*","Jesus Tillero","LAD","SP","9195","FA","20","0","0","1%","0%","0","0.00","0","0","0","0","0","0","0","0","0","0"
"*0648g*","Jackson Humphries","CLE","SP","4970","FA","22","0","0","1%","0%","0","0.00","0","0","0","0","0","0","0","0","0","0"
"*06z9c*","Will Hynes","CLE","SP","4991","FA","19","0","0","1%","0%","0","0.00","0","0","0","0","0","0","0","0","0","0"
"*06bpr*","Yeiber Cartaya","BAL","SP,RP","2452","FA","23","0","0","1%","0%","0","0.00","0","0","0","0","0","0","0","0","0","0"
"*06r73*","Brody Bumila","TEX","SP","2202","FA","18","0","0","1%","0%","0","0.00","0","0","0","0","0","0","0","0","0","0"
"*04pv6*","Davis Daniel","CIN","SP","3045","FA","29","0","0","1%","0%","0","0.00","0","0","0","0","0","0","0","0","0","0"
"*05yc3*","Jacob Miller","MIA","SP","6446","FA","22","0","0","1%","0%","0","0.00","0","0","0","0","0","0","0","0","0","0"
"*02hg4*","Marcus Stroman","(N/A)","SP","8945","FA","35","0","0","1%","0%","0","0.00","0","0","0","0","0","0","0","0","0","0"
"*06ax2*","Kona Takahashi","(N/A)","SP","9038","FA","29","0","0","1%","0%","0","0.00","0","0","0","0","0","0","0","0","0","0"
"*02bxv*","Jon Gray","(N/A)","RP","4356","FA","34","0","0","1%","0%","0","0.00","0","0","0","0","0","0","0","0","0","0"
"*06pg1*","Xavier Rivas","NYY","SP","7924","FA","24","0","0","1%","0%","0","0.00","0","0","0","0","0","0","0","0","0","0"
"*05lfz*","Jagger Haynes","SD","SP","4623","FA","23","0","0","1%","0%","0","0.00","0","0","0","0","0","0","0","0","0","0"
"*05w9t*","Aaron Davenport","CLE","SP","3067","FA","26","0","0","1%","0%","0","0.00","0","0","0","0","0","0","0","0","0","0"
"*05jrq*","Taylor Dollard","SEA","SP","3373","FA","27","0","0","1%","0%","0","0.00","0","0","0","0","0","0","0","0","0","0"
"*06yze*","Jack Cebert","NYY","RP","2550","FA","24","0","0","1%","0%","0","0.00","0","0","0","0","0","0","0","0","0","0"
"*05xsq*","Luis Ortiz","CLE","SP","7043","FA","27","0","0","1%","0%","0","0.00","0","0","0","0","0","0","0","0","0","0"
"*05gwv*","Alex Santos","HOU","SP","8429","FA","24","0","0","1%","0%","0","0.00","0","0","0","0","0","0","0","0","0","0"
"*05r3k*","Carson Spiers","CIN","SP","8848","FA","28","0","0","1%","0%","0","0.00","0","0","0","0","0","0","0","0","0","0"
"*06o00*","Hunter Cranton","ARI","RP","2905","FA","25","0","0","1%","0%","0","0.00","0","0","0","0","0","0","0","0","0","0"
"*061bp*","Blake Morgan","TB","SP","6635","FA","23","0","0","1%","0%","0","0.00","0","0","0","0","0","0","0","0","0","0"
"*072nn*","Cade Townsend","CHC","SP,RP","9289","FA","21","0","0","1%","0%","0","0.00","0","0","0","0","0","0","0","0","0","0"
"*06ekl*","Cole Miller","ATH","SP","6442","FA","21","0","0","1%","0%","0","0.00","0","0","0","0","0","0","0","0","0","0"
"*06qi2*","Braden Davis","STL","SP","3080","FA","23","0","0","1%","0%","0","0.00","0","0","0","0","0","0","0","0","0","0"
"*005jn*","Charlie Morton","(N/A)","SP","6670","FA","42","0","0","1%","0%","0","0.00","0","0","0","0","0","0","0","0","0","0"
"*04mu1*","Robinson Ortiz","SEA","SP,RP","7047","FA","26","0","0","1%","0%","0","0","0","0","0","0","0","0","0","0","0","0"
"*060lb*","Tegan Kuhns","STL","SP","5418","FA","21","0","0","1%","0%","0","0.00","0","0","0","0","0","0","0","0","0","0"
"*06z3p*","Colton Shaw","SEA","SP","8606","FA","23","0","0","1%","0%","0","0.00","0","0","0","0","0","0","0","0","0","0"
"*041ze*","Josh Winckowski","TOR","RP","9847","FA","28","0","0","1%","0%","0","0.00","0","0","0","0","0","0","0","0","0","0"
"*06ek7*","Fernando Perez","TOR","SP","7364","FA","22","0","0","1%","0%","0","0.00","0","0","0","0","0","0","0","0","0","0"
"*072im*","Cole Carlon","TOR","SP,RP","2410","FA","21","0","0","1%","0%","0","0.00","0","0","0","0","0","0","0","0","0","0"
"*06zhc*","Mac Heuer","NYY","SP","4802","FA","22","0","0","1%","0%","0","0.00","0","0","0","0","0","0","0","0","0","0"
"*067yk*","Paul Wilson","DET","SP","9836","FA","21","0","0","1%","0%","0","0.00","0","0","0","0","0","0","0","0","0","0"
"*06rm5*","Santiago Castellanos","MIN","SP","2483","FA","18","0","0","1%","0%","0","0.00","0","0","0","0","0","0","0","0","0","0"
"*066qg*","Jose Fleury","HOU","SP","3792","FA","24","0","0","1%","0%","0","0.00","0","0","0","0","0","0","0","0","0","0"
"*05yks*","Pete Hansen","STL","SP","4559","FA","26","0","0","1%","0%","0","0.00","0","0","0","0","0","0","0","0","0","0"
"*051z5*","Daysbel Hernandez","(N/A)","RP","4713","FA","29","0","0","1%","0%","0","0","0","0","0","0","0","0","0","0","0","0"
"*05jpm*","Patrick Reilly","BAL","SP","7799","FA","24","0","0","1%","0%","0","0.00","0","0","0","0","0","0","0","0","0","0"
"*06yjw*","Cody Bowker","PHI","SP","2038","FA","22","0","0","1%","0%","0","0.00","0","0","0","0","0","0","0","0","0","0"
"*06nuf*","Brian Holiday","STL","SP","4882","FA","23","0","0","1%","0%","0","0.00","0","0","0","0","0","0","0","0","0","0"
"*06dn0*","Michael Massey","DET","SP","6086","FA","23","0","0","1%","0%","0","0.00","0","0","0","0","0","0","0","0","0","0"
"*066d8*","Isaac Coffey","BOS","SP","2730","FA","26","0","0","1%","0%","0","0.00","0","0","0","0","0","0","0","0","0","0"
"*04ak3*","Hans Crouse","BAL","SP","2938","FA","27","0","0","1%","0%","0","0.00","0","0","0","0","0","0","0","0","0","0"
"*06pqm*","Cameron Sullivan","CLE","SP","8988","FA","20","0","0","1%","0%","0","0.00","0","0","0","0","0","0","0","0","0","0"
"*06ifv*","Jostin Florentino","CHC","SP","3799","FA","21","0","0","1%","0%","0","0.00","0","0","0","0","0","0","0","0","0","0"
"*06aop*","Luis Guerrero","TB","RP","4424","FA","25","0","0","1%","0%","0","0.00","0","0","0","0","0","0","0","0","0","0"
"*05134*","Noah Song","BOS","RP","8799","FA","29","0","0","1%","0%","0","0.00","0","0","0","0","0","0","0","0","0","0"
"*06iby*","Branneli Franco","STL","RP","3881","FA","19","0","0","1%","0%","0","0.00","0","0","0","0","0","0","0","0","0","0"
"*06dlx*","Jackson Nezuh","HOU","SP","6823","FA","24","0","0","1%","0%","0","0.00","0","0","0","0","0","0","0","0","0","0"
"*05un4*","Jordy Vargas","COL","SP","9453","FA","22","0","0","1%","0%","0","0.00","0","0","0","0","0","0","0","0","0","0"
"*06r9q*","Carlos Alvarez","SD","SP","1369","FA","18","0","0","1%","0%","0","0.00","0","0","0","0","0","0","0","0","0","0"
"*06qsu*","Jacob Kisting","TB","RP","5337","FA","23","0","0","1%","0%","0","0.00","0","0","0","0","0","0","0","0","0","0"
"*04mlg*","Jackson Kowar","BAL","RP","5398","FA","29","0","0","1%","0%","0","0.00","0","0","0","0","0","0","0","0","0","0"
"*0648p*","Tyler Stuart","WSH","SP","8954","FA","26","0","0","1%","0%","0","0.00","0","0","0","0","0","0","0","0","0","0"
"*060es*","Devin Futrell","BOS","SP","3956","FA","23","0","0","1%","0%","0","0.00","0","0","0","0","0","0","0","0","0","0"
"*06hww*","Jojo Ingrassia","BOS","RP","5004","FA","24","0","0","1%","0%","0","0.00","0","0","0","0","0","0","0","0","0","0"
"*0620i*","Julio Mendez","MIA","SP","6330","FA","21","0","0","1%","0%","0","0.00","0","0","0","0","0","0","0","0","0","0"
"*05y4w*","Mason Auer","(N/A)","RP","1575","FA","25","0","0","1%","0%","0","0.00","0","0","0","0","0","0","0","0","0","0"
"*064n7*","Eric Reyzelman","NYY","RP","7870","FA","25","0","0","1%","0%","0","0.00","0","0","0","0","0","0","0","0","0","0"
"*04q54*","Justin Hagenman","NYM","RP","4500","FA","29","0","0","1%","0%","0","0","0","0","0","0","0","0","0","0","0","0"
"*04aja*","Ryder Ryan","LAD","SP","8277","FA","31","0","0","1%","0%","0","0.00","0","0","0","0","0","0","0","0","0","0"
"*067yl*","Yoel Tejeda","WSH","SP","9119","FA","23","0","0","1%","0%","0","0.00","0","0","0","0","0","0","0","0","0","0"
"*05y7q*","Chandler Champlain","WSH","SP","2609","FA","27","0","0","1%","0%","0","0.00","0","0","0","0","0","0","0","0","0","0"
"*06akq*","David Matoma","PIT","RP","6109","FA","20","0","0","1%","0%","0","0.00","0","0","0","0","0","0","0","0","0","0"
"*0512a*","Tommy Henry","ARI","RP","4671","FA","28","0","0","1%","0%","0","0.00","0","0","0","0","0","0","0","0","0","0"
"*05gvt*","Bryce Jarvis","ARI","RP","5054","FA","28","0","0","1%","0%","0","0.00","0","0","0","0","0","0","0","0","0","0"
"*04px1*","Antoine Kelly","CHC","RP","5261","FA","26","0","0","1%","0%","0","0","0","0","0","0","0","0","0","0","0","0"
"*06r3d*","Jesus Travieso","PIT","SP","9294","FA","19","0","0","1%","0%","0","0.00","0","0","0","0","0","0","0","0","0","0"
"*06v35*","Freddy Contreras","KC","SP","2806","FA","17","0","0","1%","0%","0","0.00","0","0","0","0","0","0","0","0","0","0"
"*02bx6*","Derek Law","ARI","SP,RP","5517","FA","35","0","0","1%","0%","0","0.00","0","0","0","0","0","0","0","0","0","0"
"*06fqy*","Izack Tiger","TEX","SP","9193","FA","25","0","0","1%","0%","0","0.00","0","0","0","0","0","0","0","0","0","0"
"*06zif*","Cam Tilly","NYM","SP,RP","9196","FA","22","0","0","1%","0%","0","0.00","0","0","0","0","0","0","0","0","0","0"
"*06uwo*","Tomas Valincius","(N/A)","SP","9419","FA","20","0","0","1%","0%","0","0.00","0","0","0","0","0","0","0","0","0","0"
"*06qo7*","Micah Ashman","BAL","RP","1563","FA","23","0","0","1%","0%","0","0.00","0","0","0","0","0","0","0","0","0","0"
"*06rsx*","Bryan Balzer","SD","SP","1654","FA","21","0","0","1%","0%","0","0.00","0","0","0","0","0","0","0","0","0","0"
"*06fu2*","Zach Fruit","BAL","SP","3938","FA","26","0","0","1%","0%","0","0.00","0","0","0","0","0","0","0","0","0","0"
"*0648o*","Spencer Giesting","ARI","SP","4139","FA","25","0","0","1%","0%","0","0.00","0","0","0","0","0","0","0","0","0","0"
"*05up0*","Drew Gray","CHC","SP","4353","FA","23","0","0","1%","0%","0","0.00","0","0","0","0","0","0","0","0","0","0"
"*05yc8*","Garrett Hawkins","SD","SP,RP","4617","FA","26","0","0","1%","0%","0","0","0","0","0","0","0","0","0","0","0","0"
"*060ui*","RJ Petit","COL","RP","7432","FA","26","0","0","1%","0%","0","0","0","0","0","0","0","0","0","0","0","0"
"*05xsf*","Jefry Yan","NYM","RP","9924","FA","29","0","0","1%","0%","0","0","0","0","0","0","0","0","0","0","0","0"
"*06qos*","Evan Yates","BAL","SP,RP","9930","FA","23","0","0","1%","0%","0","0.00","0","0","0","0","0","0","0","0","0","0"
"*06uhj*","Daniel Guerra","TOR","SP,RP","4413","FA","22","0","0","1%","0%","0","0.00","0","0","0","0","0","0","0","0","0","0"
"*062e2*","Dylan Ray","ARI","SP","7771","FA","25","0","0","1%","0%","0","0","0","0","0","0","0","0","0","0","0","0"
"*06ce9*","Aldrin Batista","CHW","RP","1740","FA","23","0","0","1%","0%","0","0.00","0","0","0","0","0","0","0","0","0","0"
"*06hu8*","Trent Harris","SF","RP","4585","FA","27","0","0","1%","0%","0","0.00","0","0","0","0","0","0","0","0","0","0"
"*0648i*","Trace Bright","BAL","SP,RP","2112","FA","25","0","0","1%","0%","0","0.00","0","0","0","0","0","0","0","0","0","0"
"*03qvm*","Nic Enright","TOR","RP","3569","FA","29","0","0","1%","0%","0","0.00","0","0","0","0","0","0","0","0","0","0"
"*06mdh*","Silvano Hechavarria","TOR","SP","4637","FA","23","0","0","1%","0%","0","0.00","0","0","0","0","0","0","0","0","0","0"
"*06c1b*","Hiroya Miyagi","(N/A)","SP","6492","FA","24","0","0","1%","0%","0","0.00","0","0","0","0","0","0","0","0","0","0"
"*03pp9*","Josh Sborz","TEX","RP","8470","FA","32","0","0","1%","0%","0","0.00","0","0","0","0","0","0","0","0","0","0"
"*025hm*","Trevor Bauer","(N/A)","SP","1757","FA","35","0","0","1%","0%","0","0.00","0","0","0","0","0","0","0","0","0","0"
"*06z7l*","Cade Crossland","STL","SP","2936","FA","22","0","0","1%","0%","0","0.00","0","0","0","0","0","0","0","0","0","0"
"*06mni*","Chris Levonas","(N/A)","SP","5602","FA","20","0","0","1%","0%","0","0.00","0","0","0","0","0","0","0","0","0","0"
"*066l6*","Reynaldo Yean","LAD","RP","9936","FA","22","0","0","1%","0%","0","0.00","0","0","0","0","0","0","0","0","0","0"
"*057p2*","Michel Otanez","TEX","RP","7067","FA","29","0","0","1%","0%","0","0","0","0","0","0","0","0","0","0","0","0"
"*06k7y*","Dalvinson Reyes","BOS","SP","7833","FA","19","0","0","1%","0%","0","0.00","0","0","0","0","0","0","0","0","0","0"
"*05xos*","Jacob Steinmetz","ARI","SP","8889","FA","23","0","0","1%","0%","0","0.00","0","0","0","0","0","0","0","0","0","0"
"*06rnz*","Rayven Antonio","ATL","SP","1446","FA","20","0","0","1%","0%","0","0.00","0","0","0","0","0","0","0","0","0","0"
"*070bx*","River Hamilton","DET","SP","4533","FA","19","0","0","1%","0%","0","0.00","0","0","0","0","0","0","0","0","0","0"
"*0630b*","Trystan Vrieling","SF","SP","9599","FA","25","0","0","1%","0%","0","0.00","0","0","0","0","0","0","0","0","0","0"
"*04pms*","Owen White","(N/A)","RP","9758","FA","26","0","0","1%","0%","0","0.00","0","0","0","0","0","0","0","0","0","0"
"*06oo4*","A.J. Causey","ATH","SP,RP","2541","FA","23","0","0","1%","0%","0","0.00","0","0","0","0","0","0","0","0","0","0"
"*06c5f*","Jogly Garcia","CLE","SP","4044","FA","22","0","0","1%","0%","0","0.00","0","0","0","0","0","0","0","0","0","0"
"*06yzf*","Micah Bucknam","TOR","SP","2195","FA","22","0","0","1%","0%","0","0.00","0","0","0","0","0","0","0","0","0","0"
"*06z7k*","Joshua Flores","MIL","SP","3807","FA","19","0","0","1%","0%","0","0.00","0","0","0","0","0","0","0","0","0","0"
"*06o09*","Davian Garcia","WSH","SP","4029","FA","22","0","0","1%","0%","0","0.00","0","0","0","0","0","0","0","0","0","0"
"*04eeq*","Michael Mercado","PHI","RP","6363","FA","27","0","0","1%","0%","0","0.00","0","0","0","0","0","0","0","0","0","0"
"*05xpr*","Jackson Wolf","SD","SP","9876","FA","27","0","0","1%","0%","0","0.00","0","0","0","0","0","0","0","0","0","0"
"*0647p*","Jacob Zibin","CLE","SP","10002","FA","21","0","0","1%","0%","0","0.00","0","0","0","0","0","0","0","0","0","0"
"*05xpw*","Grant Holman","PHI","RP","4892","FA","26","0","0","1%","0%","0","0","0","0","0","0","0","0","0","0","0","0"
"*041sc*","Jordan Balazovic","(N/A)","SP","1642","FA","27","0","0","1%","0%","0","0.00","0","0","0","0","0","0","0","0","0","0"
"*05tdf*","Pierce Coppola","CHC","SP","2828","FA","23","0","0","1%","0%","0","0.00","0","0","0","0","0","0","0","0","0","0"
"*06fuo*","Mathias LaCombe","CHW","SP","5426","FA","24","0","0","1%","0%","0","0.00","0","0","0","0","0","0","0","0","0","0"
"*06hoy*","Sterling Patick","LAD","SP","7201","FA","21","0","0","1%","0%","0","0.00","0","0","0","0","0","0","0","0","0","0"
"*06ydp*","Jared Spencer","TOR","SP","8847","FA","23","0","0","1%","0%","0","0.00","0","0","0","0","0","0","0","0","0","0"
"*06run*","Dylan Volantis","(N/A)","RP","9593","FA","20","0","0","1%","0%","0","0.00","0","0","0","0","0","0","0","0","0","0"
"*06if9*","Carson Wiggins","NYM","SP","9783","FA","21","0","0","1%","0%","0","0.00","0","0","0","0","0","0","0","0","0","0"
"*06yq8*","Sean Youngerman","PHI","SP,RP","9959","FA","22","0","0","1%","0%","0","0.00","0","0","0","0","0","0","0","0","0","0"
"*05g4l*","Nick Bitsko","(N/A)","SP,RP","1931","FA","24","0","0","1%","0%","0","0.00","0","0","0","0","0","0","0","0","0","0"
"*04oc6*","Jhonathan Diaz","SEA","RP","3311","FA","29","0","0","1%","0%","0","0.00","0","0","0","0","0","0","0","0","0","0"
"*06qne*","Carson Messina","TOR","RP","6388","FA","20","0","0","1%","0%","0","0.00","0","0","0","0","0","0","0","0","0","0"
"*0657d*","Zack Qin","SD","RP","7642","FA","21","0","0","1%","0%","0","0.00","0","0","0","0","0","0","0","0","0","0"
"*03p9d*","Dillon Tate","LAA","RP","9061","FA","32","0","0","1%","0%","0","0.00","0","0","0","0","0","0","0","0","0","0"
"*06qjt*","Jagger Beck","HOU","RP","1786","FA","19","0","0","1%","0%","0","0.00","0","0","0","0","0","0","0","0","0","0"
"*06gul*","Josh Grosz","ARI","SP","4395","FA","23","0","0","1%","0%","0","0.00","0","0","0","0","0","0","0","0","0","0"
"*06ew1*","Skylar Hales","STL","RP","4510","FA","24","0","0","1%","0%","0","0.00","0","0","0","0","0","0","0","0","0","0"
"*067xv*","Woo Jin An","(N/A)","SP","5126","FA","26","0","0","1%","0%","0","0.00","0","0","0","0","0","0","0","0","0","0"
"*072ca*","Lan-Hong Su","SD","SP","8963","FA","19","0","0","1%","0%","0","0.00","0","0","0","0","0","0","0","0","0","0"
"*05ubo*","Andrew Taylor","HOU","SP","9087","FA","24","0","0","1%","0%","0","0.00","0","0","0","0","0","0","0","0","0","0"
"*0664s*","Jordan Woods","KC","SP,RP","9888","FA","22","0","0","1%","0%","0","0.00","0","0","0","0","0","0","0","0","0","0"
"*06tf8*","Jack Bauer","(N/A)","SP","1756","FA","19","0","0","1%","0%","0","0.00","0","0","0","0","0","0","0","0","0","0"
"*06fzh*","Kannon Kemp","SD","SP,RP","5268","FA","21","0","0","1%","0%","0","0.00","0","0","0","0","0","0","0","0","0","0"
"*04ahc*","Bryan Mata","(N/A)","RP","6088","FA","27","0","0","1%","0%","0","0.00","0","0","0","0","0","0","0","0","0","0"
"*072qw*","Frandel Pineda","TEX","RP","7491","FA","17","0","0","1%","0%","0","0.00","0","0","0","0","0","0","0","0","0","0"
"*06nuh*","Josh Randall","WSH","SP","7757","FA","23","0","0","1%","0%","0","0.00","0","0","0","0","0","0","0","0","0","0"
"*03dsj*","J.B. Bukauskas","MIL","RP","2199","FA","29","0","0","1%","0%","0","0.00","0","0","0","0","0","0","0","0","0","0"
"*066t5*","Raimon Gomez","BAL","RP","4218","FA","24","0","0","1%","0%","0","0.00","0","0","0","0","0","0","0","0","0","0"
"*056j7*","Luis Gutierrez","SD","SP","4462","FA","22","0","0","1%","0%","0","0.00","0","0","0","0","0","0","0","0","0","0"
"*06fxd*","Joel Hurtado","LAA","SP","4983","FA","25","0","0","1%","0%","0","0.00","0","0","0","0","0","0","0","0","0","0"
"*06mw1*","Brandon Neely","BOS","SP,RP","6793","FA","23","0","0","1%","0%","0","0.00","0","0","0","0","0","0","0","0","0","0"
"*04ps3*","Kohl Franklin","CHC","SP","3896","FA","26","0","0","1%","0%","0","0.00","0","0","0","0","0","0","0","0","0","0"
"*04q6c*","Isaiah Campbell","ARI","RP","2344","FA","28","0","0","1%","0%","0","0.00","0","0","0","0","0","0","0","0","0","0"
"*05rjb*","Joel Diaz","NYM","SP","3312","FA","22","0","0","1%","0%","0","0.00","0","0","0","0","0","0","0","0","0","0"
"*06yyu*","Rory Fox","NYY","SP","3865","FA","22","0","0","1%","0%","0","0.00","0","0","0","0","0","0","0","0","0","0"
"*05xom*","Tyler Mattison","DET","SP","6126","FA","26","0","0","1%","0%","0","0.00","0","0","0","0","0","0","0","0","0","0"
"*05yer*","Patrick Monteverde","MIA","RP","6558","FA","28","0","0","1%","0%","0","0.00","0","0","0","0","0","0","0","0","0","0"
"*06gjy*","Grant Rogers","TOR","SP","8108","FA","25","0","0","1%","0%","0","0.00","0","0","0","0","0","0","0","0","0","0"
"*0421j*","Trevor Stephan","CLE","RP","8892","FA","30","0","0","1%","0%","0","0.00","0","0","0","0","0","0","0","0","0","0"
"*06mpj*","Landon Beidelschies","ATL","SP","1801","FA","22","0","0","1%","0%","0","0.00","0","0","0","0","0","0","0","0","0","0"
"*06oo5*","Jakob Wright","LAD","SP","9906","FA","23","0","0","1%","0%","0","0.00","0","0","0","0","0","0","0","0","0","0"
"*06p62*","Connor Foley","ARI","SP","3833","FA","23","0","0","1%","0%","0","0.00","0","0","0","0","0","0","0","0","0","0"
"*06zgt*","Grayson Grinsell","DET","SP","4388","FA","22","0","0","1%","0%","0","0.00","0","0","0","0","0","0","0","0","0","0"
"*0515a*","Noah Murdock","PIT","RP","6728","FA","27","0","0","1%","0%","0","0","0","0","0","0","0","0","0","0","0","0"
"*06kwn*","Jose Rodriguez","LAD","RP","8050","FA","25","0","0","1%","0%","0","0.00","0","0","0","0","0","0","0","0","0","0"
"*072hv*","Genei Sato","(N/A)","SP","8454","FA","21","0","0","1%","0%","0","0.00","0","0","0","0","0","0","0","0","0","0"
"*055hw*","Joander Suarez","NYM","SP","8970","FA","26","0","0","1%","0%","0","0.00","0","0","0","0","0","0","0","0","0","0"
"*05ydc*","Nate Lavender","NYM","RP","5514","FA","26","0","0","1%","0%","0","0.00","0","0","0","0","0","0","0","0","0","0"
"*0511g*","Ethan Small","(N/A)","RP","8720","FA","29","0","0","1%","0%","0","0.00","0","0","0","0","0","0","0","0","0","0"
"*04n0p*","Zack Thompson","STL","RP","9179","FA","28","0","0","1%","0%","0","0.00","0","0","0","0","0","0","0","0","0","0"
"*06f1p*","Ryan Birchard","MIL","SP","1923","FA","23","0","0","1%","0%","0","0.00","0","0","0","0","0","0","0","0","0","0"
"*062yw*","Trey Dombroski","HOU","SP,RP","3375","FA","25","0","0","1%","0%","0","0.00","0","0","0","0","0","0","0","0","0","0"
"*04qnb*","Richard Gallardo","TOR","SP","3981","FA","24","0","0","1%","0%","0","0.00","0","0","0","0","0","0","0","0","0","0"
"*0649f*","Tyler Gough","LAD","SP","4322","FA","22","0","0","1%","0%","0","0.00","0","0","0","0","0","0","0","0","0","0"
"*03ysp*","Jay Groome","(N/A)","SP","4391","FA","27","0","0","1%","0%","0","0.00","0","0","0","0","0","0","0","0","0","0"
"*06z9f*","Michael Salina","SD","SP","8316","FA","22","0","0","1%","0%","0","0.00","0","0","0","0","0","0","0","0","0","0"
"*01seh*","Alex Cobb","(N/A)","SP","2724","FA","38","0","0","1%","0%","0","0.00","0","0","0","0","0","0","0","0","0","0"
"*06kzb*","Javier Perez","HOU","SP,RP","7370","FA","22","0","0","1%","0%","0","0.00","0","0","0","0","0","0","0","0","0","0"
"*06qi1*","Brett Sears","ATL","SP","8536","FA","26","0","0","1%","0%","0","0.00","0","0","0","0","0","0","0","0","0","0"
"*04z6l*","Juan Carela","CHW","SP","2401","FA","24","0","0","1%","0%","0","0.00","0","0","0","0","0","0","0","0","0","0"
"*06cez*","Sam Horn","LAD","SP","4917","FA","22","0","0","1%","0%","0","0.00","0","0","0","0","0","0","0","0","0","0"
"*06fqr*","Tate Kuehner","MIL","SP","5414","FA","25","0","0","1%","0%","0","0.00","0","0","0","0","0","0","0","0","0","0"
"*05y19*","Hunter Parks","CIN","RP","7185","FA","25","0","0","1%","0%","0","0.00","0","0","0","0","0","0","0","0","0","0"
"*06p60*","Grant Shepardson","MIA","SP","8621","FA","20","0","0","1%","0%","0","0.00","0","0","0","0","0","0","0","0","0","0"
"*064ni*","Zack Showalter","(N/A)","RP","8637","FA","22","0","0","1%","0%","0","0.00","0","0","0","0","0","0","0","0","0","0"
"*05xsp*","Henry Williams","KC","SP","9806","FA","24","0","0","1%","0%","0","0.00","0","0","0","0","0","0","0","0","0","0"
"*05jp8*","Kevin Abel","CIN","SP","1182","FA","27","0","0","1%","0%","0","0.00","0","0","0","0","0","0","0","0","0","0"
"*041m0*","Ian Anderson","(N/A)","RP","1411","FA","28","0","0","1%","0%","0","0.00","0","0","0","0","0","0","0","0","0","0"
"*06pq9*","Dennis Colleran","KC","RP","2756","FA","22","0","0","1%","0%","0","0.00","0","0","0","0","0","0","0","0","0","0"
"*06qsh*","Kyle DeGroat","KC","SP","3214","FA","20","0","0","1%","0%","0","0.00","0","0","0","0","0","0","0","0","0","0"
"*06o0k*","Melvin Hernandez","MIL","SP","4749","FA","20","0","0","1%","0%","0","0.00","0","0","0","0","0","0","0","0","0","0"
"*06idg*","Shoki Murakami","(N/A)","SP","6727","FA","28","0","0","1%","0%","0","0.00","0","0","0","0","0","0","0","0","0","0"
"*06oo2*","Parker Smith","HOU","SP","8756","FA","23","0","0","1%","0%","0","0.00","0","0","0","0","0","0","0","0","0","0"
"*06fv1*","Ubaldo Soto","LAA","SP,RP","8827","FA","20","0","0","1%","0%","0","0.00","0","0","0","0","0","0","0","0","0","0"
"*03moe*","Jesus Tinoco","MIA","RP","9206","FA","31","0","0","1%","0%","0","0.00","0","0","0","0","0","0","0","0","0","0"
"*05156*","Bryan Hoeing","SD","RP","4867","FA","29","0","0","1%","0%","0","0","0","0","0","0","0","0","0","0","0","0"
"*025ey*","Luke Jackson","(N/A)","RP","5034","FA","34","0","0","1%","0%","0","0.00","0","0","0","0","0","0","0","0","0","0"
"*05ybt*","Jared Karros","LAD","SP","5233","FA","25","0","0","1%","0%","0","0.00","0","0","0","0","0","0","0","0","0","0"
"*05u9g*","Tristan Smith","CIN","RP","8764","FA","23","0","0","1%","0%","0","0.00","0","0","0","0","0","0","0","0","0","0"
"*04eru*","Jake Cousins","LAD","RP","2889","FA","32","0","0","1%","0%","0","0","0","0","0","0","0","0","0","0","0","0"
"*0516q*","Connor Gillispie","PHI","SP","4164","FA","28","0","0","1%","0%","0","0.00","0","0","0","0","0","0","0","0","0","0"
"*06rjl*","Adrian Pena","MIA","SP","7270","FA","18","0","0","1%","0%","0","0.00","0","0","0","0","0","0","0","0","0","0"
"*06lu6*","Darlin Saladin","STL","SP,RP","8297","FA","23","0","0","1%","0%","0","0.00","0","0","0","0","0","0","0","0","0","0"
"*069xx*","Logan Schmidt","CLE","1B,SP","8490","FA","18","0","0","1%","0%","0","0.00","0","0","0","0","0","0","0","0","0","0"
"*06cme*","Ben Abeldt","TEX","RP","1183","FA","22","0","0","1%","0%","0","0.00","0","0","0","0","0","0","0","0","0","0"
"*06pfg*","Joey Broughton","MIL","SP","2148","FA","20","0","0","1%","0%","0","0.00","0","0","0","0","0","0","0","0","0","0"
"*05mrt*","Ryan Murphy","STL","RP","6737","FA","26","0","0","1%","0%","0","0.00","0","0","0","0","0","0","0","0","0","0"
"*06pq5*","Brooks Auger","LAD","SP","1577","FA","24","0","0","1%","0%","0","0.00","0","0","0","0","0","0","0","0","0","0"
"*072as*","Charlie Christensen","DET","SP","2669","FA","22","0","0","1%","0%","0","0.00","0","0","0","0","0","0","0","0","0","0"
"*06qny*","Sebastian Gongora","BAL","SP","4229","FA","24","0","0","1%","0%","0","0.00","0","0","0","0","0","0","0","0","0","0"
"*05xu4*","Bryce Hubbart","CIN","RP","4944","FA","25","0","0","1%","0%","0","0.00","0","0","0","0","0","0","0","0","0","0"
"*06zqn*","Camden Lohman","NYM","SP","5695","FA","19","0","0","1%","0%","0","0.00","0","0","0","0","0","0","0","0","0","0"
"*06cqy*","Yunior Marte","SF","SP","5989","FA","22","0","0","1%","0%","0","0.00","0","0","0","0","0","0","0","0","0","0"
"*06589*","Brandon Neeck","PIT","RP","6792","FA","26","0","0","1%","0%","0","0.00","0","0","0","0","0","0","0","0","0","0"
"*0637k*","Leonel Sequera","STL","SP","8563","FA","20","0","0","1%","0%","0","0.00","0","0","0","0","0","0","0","0","0","0"
"*072qt*","Diego Serna","SD","SP","8565","FA","17","0","0","1%","0%","0","0.00","0","0","0","0","0","0","0","0","0","0"
"*06cq5*","Matt Ager","PIT","SP","1250","FA","23","0","0","1%","0%","0","0.00","0","0","0","0","0","0","0","0","0","0"
"*05uy2*","Irv Carter","TOR","RP","2454","FA","23","0","0","1%","0%","0","0.00","0","0","0","0","0","0","0","0","0","0"
"*06qid*","Brendan Girton","NYM","SP","4170","FA","24","0","0","1%","0%","0","0.00","0","0","0","0","0","0","0","0","0","0"
"*05iyt*","Yujanyer Herrera","COL","SP","4790","FA","22","0","0","1%","0%","0","0.00","0","0","0","0","0","0","0","0","0","0"
"*05mlv*","Christian Little","SEA","SP","5663","FA","23","0","0","1%","0%","0","0.00","0","0","0","0","0","0","0","0","0","0"
"*06y88*","Carlos De La Rosa","SF","SP","3154","FA","18","0","0","1%","0%","0","0.00","0","0","0","0","0","0","0","0","0","0"
"*072ym*","Tyler Early","(N/A)","1B,SP,RP","3495","FA","14","0","0","1%","0%","0","0.00","0","0","0","0","0","0","0","0","0","0"
"*072zy*","Kendri Fana","LAA","SP","3663","FA","17","0","0","1%","0%","0","0.00","0","0","0","0","0","0","0","0","0","0"
"*02bqj*","Michael Fulmer","SF","RP","3952","FA","33","0","0","1%","0%","0","0.00","0","0","0","0","0","0","0","0","0","0"
"*06qtf*","R.J. Gordon","NYM","SP","4315","FA","24","0","0","1%","0%","0","0.00","0","0","0","0","0","0","0","0","0","0"
"*072fa*","Jensen Hirschkorn","ATL","SP","4850","FA","18","0","0","1%","0%","0","0.00","0","0","0","0","0","0","0","0","0","0"
"*068c0*","Hunter Hollan","CIN","SP","4883","FA","24","0","0","1%","0%","0","0.00","0","0","0","0","0","0","0","0","0","0"
"*06ahd*","Seth Keener","CHW","SP,RP","5248","FA","24","0","0","1%","0%","0","0.00","0","0","0","0","0","0","0","0","0","0"
"*06yts*","Diustin Mayorquin","MIL","SP","6138","FA","18","0","0","1%","0%","0","0.00","0","0","0","0","0","0","0","0","0","0"
"*05xoq*","Shane Panzini","KC","SP,RP","7155","FA","24","0","0","1%","0%","0","0.00","0","0","0","0","0","0","0","0","0","0"
"*06mil*","Hancel Rincon","STL","SP","7902","FA","24","0","0","1%","0%","0","0.00","0","0","0","0","0","0","0","0","0","0"
"*05157*","Darius Vines","(N/A)","SP","9573","FA","28","0","0","1%","0%","0","0.00","0","0","0","0","0","0","0","0","0","0"
"*05jrk*","Justin Lange","(N/A)","RP","5460","FA","24","0","0","1%","0%","0","0.00","0","0","0","0","0","0","0","0","0","0"
"*041m1*","Matt Manning","(N/A)","RP","5907","FA","28","0","0","1%","0%","0","0.00","0","0","0","0","0","0","0","0","0","0"
"*04efr*","Freddy Tarnok","(N/A)","RP","9059","FA","27","0","0","1%","0%","0","0.00","0","0","0","0","0","0","0","0","0","0"
"*0310m*","Rob Zastryzny","MIL","RP","9988","FA","34","0","0","1%","0%","0","0","0","0","0","0","0","0","0","0","0","0"
"*06c5u*","Jose Chirinos","NYM","SP","2651","FA","21","0","0","1%","0%","0","0.00","0","0","0","0","0","0","0","0","0","0"
"*06dq6*","Jack Mahoney","COL","SP","5876","FA","24","0","0","1%","0%","0","0.00","0","0","0","0","0","0","0","0","0","0"
"*06xv4*","Adrian Ardines","HOU","SP,RP","1477","FA","19","0","0","1%","0%","0","0.00","0","0","0","0","0","0","0","0","0","0"
"*06pgh*","Konner Eaton","COL","SP","3499","FA","23","0","0","1%","0%","0","0.00","0","0","0","0","0","0","0","0","0","0"
"*04n0k*","Carlos Hernandez","CLE","RP","4706","FA","29","0","0","1%","0%","0","0.00","0","0","0","0","0","0","0","0","0","0"
"*05j92*","Dahian Santos","(N/A)","RP","8432","FA","23","0","0","1%","0%","0","0.00","0","0","0","0","0","0","0","0","0","0"
"*05j76*","Nate Savino","ARI","RP","8466","FA","24","0","0","1%","0%","0","0.00","0","0","0","0","0","0","0","0","0","0"
"*0511f*","TJ Sikkema","(N/A)","SP,RP","8654","FA","28","0","0","1%","0%","0","0.00","0","0","0","0","0","0","0","0","0","0"
"*066mc*","Reiner Lopez","STL","RP","5746","FA","20","0","0","1%","0%","0","0.00","0","0","0","0","0","0","0","0","0","0"
"*066mv*","Janero Miller","MIA","RP","6449","FA","20","0","0","1%","0%","0","0.00","0","0","0","0","0","0","0","0","0","0"
"*06qhy*","Brock Moore","SEA","RP","6578","FA","26","0","0","1%","0%","0","0.00","0","0","0","0","0","0","0","0","0","0"
"*05ylk*","Pierson Ohl","COL","RP","6964","FA","26","0","0","1%","0%","0","0","0","0","0","0","0","0","0","0","0","0"
"*060x5*","Luis Peralta","CHC","RP","7320","FA","25","0","0","1%","0%","0","0","0","0","0","0","0","0","0","0","0","0"
"*06qp3*","Tyler Renz","MIL","SP","7817","FA","19","0","0","1%","0%","0","0.00","0","0","0","0","0","0","0","0","0","0"
"*04yi6*","Carlos Duran","LAD","RP","3470","FA","24","0","0","1%","0%","0","0","0","0","0","0","0","0","0","0","0","0"
"*06pgp*","Caden Favors","CLE","SP","3683","FA","24","0","0","1%","0%","0","0.00","0","0","0","0","0","0","0","0","0","0"
"*06k86*","Manuel Genao","MIA","SP,RP","4113","FA","20","0","0","1%","0%","0","0.00","0","0","0","0","0","0","0","0","0","0"
"*05jqe*","Grayson Hitt","(N/A)","RP","4851","FA","24","0","0","1%","0%","0","0.00","0","0","0","0","0","0","0","0","0","0"
"*06mwg*","Jacob Kmatz","TB","SP","5346","FA","23","0","0","1%","0%","0","0.00","0","0","0","0","0","0","0","0","0","0"
"*04ely*","Tommy Mace","(N/A)","SP,RP","5830","FA","27","0","0","1%","0%","0","0.00","0","0","0","0","0","0","0","0","0","0"
"*0423z*","John McMillon","(N/A)","RP","6237","FA","28","0","0","1%","0%","0","0.00","0","0","0","0","0","0","0","0","0","0"
"*06hew*","William Schmidt","(N/A)","SP","8491","FA","20","0","0","1%","0%","0","0.00","0","0","0","0","0","0","0","0","0","0"
"*04ata*","Jorge Alcala","TOR","RP","1280","FA","31","0","0","1%","0%","0","0.00","0","0","0","0","0","0","0","0","0","0"
"*03to4*","Pedro Avila","(N/A)","SP,RP","1594","FA","29","0","0","1%","0%","0","0.00","0","0","0","0","0","0","0","0","0","0"
"*05gs7*","Ian Bedell","(N/A)","SP","1795","FA","26","0","0","1%","0%","0","0.00","0","0","0","0","0","0","0","0","0","0"
"*06qjd*","Javen Coleman","TOR","RP","2744","FA","24","0","0","1%","0%","0","0.00","0","0","0","0","0","0","0","0","0","0"
"*0647q*","Kenya Huggins","ATH","SP","4953","FA","23","0","0","1%","0%","0","0.00","0","0","0","0","0","0","0","0","0","0"
"*070bp*","Jacob Johnson","TEX","SP","5142","FA","20","0","0","1%","0%","0","0.00","0","0","0","0","0","0","0","0","0","0"
"*06655*","Brody McCullough","CHC","SP","6171","FA","26","0","0","1%","0%","0","0.00","0","0","0","0","0","0","0","0","0","0"
"*06bkt*","Alex Pham","BAL","SP,RP","7445","FA","26","0","0","1%","0%","0","0.00","0","0","0","0","0","0","0","0","0","0"
"*06z7m*","Jason Reitz","MIN","SP","7808","FA","22","0","0","1%","0%","0","0.00","0","0","0","0","0","0","0","0","0","0"
"*06oo6*","Rafe Schlesinger","CLE","SP","8488","FA","23","0","0","1%","0%","0","0.00","0","0","0","0","0","0","0","0","0","0"
"*04q7i*","Colin Selby","BAL","RP","8548","FA","28","0","0","1%","0%","0","0","0","0","0","0","0","0","0","0","0","0"
"*0512o*","Andrew Dalquist","SD","RP","3036","FA","25","0","0","1%","0%","0","0.00","0","0","0","0","0","0","0","0","0","0"
"*0620s*","Gerelmi Maldonado","SF","SP","5890","FA","22","0","0","1%","0%","0","0.00","0","0","0","0","0","0","0","0","0","0"
"*06jfo*","Jose Paulino","MIA","SP","7222","FA","19","0","0","1%","0%","0","0.00","0","0","0","0","0","0","0","0","0","0"
"*04pme*","Lenny Torres","(N/A)","RP","9261","FA","25","0","0","1%","0%","0","0.00","0","0","0","0","0","0","0","0","0","0"
"*06hx1*","Josh Trentadue","TEX","SP","9300","FA","24","0","0","1%","0%","0","0.00","0","0","0","0","0","0","0","0","0","0"
"*05xo6*","Mason Albright","COL","SP","1276","FA","23","0","0","1%","0%","0","0.00","0","0","0","0","0","0","0","0","0","0"
"*04tf0*","Omar Cruz","SD","RP","2967","FA","27","0","0","1%","0%","0","0.00","0","0","0","0","0","0","0","0","0","0"
"*05xu6*","Adam Maier","SEA","SP","5878","FA","24","0","0","1%","0%","0","0.00","0","0","0","0","0","0","0","0","0","0"
"*03d7n*","Trey Supak","TEX","SP","8998","FA","30","0","0","1%","0%","0","0.00","0","0","0","0","0","0","0","0","0","0"
"*06qyv*","Cam Appenzeller","(N/A)","SP","1458","FA","19","0","0","1%","0%","0","0.00","0","0","0","0","0","0","0","0","0","0"
"*06agt*","Greysen Carter","NYY","SP","2453","FA","23","0","0","1%","0%","0","0.00","0","0","0","0","0","0","0","0","0","0"
"*06lp6*","Yordin Chalas","ARI","SP,RP","2605","FA","22","0","0","1%","0%","0","0.00","0","0","0","0","0","0","0","0","0","0"
"*0484h*","Nabil Crismatt","(N/A)","SP","2921","FA","31","0","0","1%","0%","0","0.00","0","0","0","0","0","0","0","0","0","0"
"*0630a*","Michael Knorr","HOU","RP","5360","FA","26","0","0","1%","0%","0","0.00","0","0","0","0","0","0","0","0","0","0"
"*05jqj*","Jack Leftwich","CLE","RP","5567","FA","27","0","0","1%","0%","0","0.00","0","0","0","0","0","0","0","0","0","0"
"*051am*","Easton Lucas","(N/A)","SP","5771","FA","29","0","0","1%","0%","0","0.00","0","0","0","0","0","0","0","0","0","0"
"*0657c*","Will Mabrey","ARI","RP","5820","FA","25","0","0","1%","0%","0","0.00","0","0","0","0","0","0","0","0","0","0"
"*05ym9*","Jake Madden","COL","RP","5852","FA","24","0","0","1%","0%","0","0.00","0","0","0","0","0","0","0","0","0","0"
"*04y7b*","Brennan Malone","(N/A)","RP","5896","FA","25","0","0","1%","0%","0","0.00","0","0","0","0","0","0","0","0","0","0"
"*064rr*","Francis Pena","SD","RP","7283","FA","25","0","0","1%","0%","0","0.00","0","0","0","0","0","0","0","0","0","0"
"*06r1m*","Alejandro Rivera","CLE","SP","7927","FA","19","0","0","1%","0%","0","0.00","0","0","0","0","0","0","0","0","0","0"
"*05wy3*","Royber Salinas","(N/A)","RP","8319","FA","25","0","0","1%","0%","0","0.00","0","0","0","0","0","0","0","0","0","0"
"*06ywj*","Danny Thompson","TOR","RP","9165","FA","23","0","0","1%","0%","0","0.00","0","0","0","0","0","0","0","0","0","0"
"*06575*","T.J. Brock","TOR","RP","2136","FA","26","0","0","1%","0%","0","0.00","0","0","0","0","0","0","0","0","0","0"
"*02bqd*","Andrew Chafin","(N/A)","RP","2603","FA","36","0","0","1%","0%","0","0.00","0","0","0","0","0","0","0","0","0","0"
"*06rmy*","Junior Ciprian","ARI","SP","2682","FA","21","0","0","1%","0%","0","0.00","0","0","0","0","0","0","0","0","0","0"
"*06zfr*","Gabe Craig","PHI","RP","2902","FA","25","0","0","1%","0%","0","0.00","0","0","0","0","0","0","0","0","0","0"
"*06imz*","Alessandro Ercolani","PIT","SP","3573","FA","22","0","0","1%","0%","0","0.00","0","0","0","0","0","0","0","0","0","0"
"*04ofy*","Sandy Gaston","WSH","RP","4093","FA","24","0","0","1%","0%","0","0.00","0","0","0","0","0","0","0","0","0","0"
"*06gig*","Riley Gowens","CHW","SP","4326","FA","26","0","0","1%","0%","0","0.00","0","0","0","0","0","0","0","0","0","0"
"*0374o*","Chad Green","(N/A)","RP","4363","FA","35","0","0","1%","0%","0","0.00","0","0","0","0","0","0","0","0","0","0"
"*041ru*","Cole Irvin","LAD","SP","5011","FA","32","0","0","1%","0%","0","0.00","0","0","0","0","0","0","0","0","0","0"
"*0630c*","Dalton Rogers","BOS","SP","8107","FA","25","0","0","1%","0%","0","0.00","0","0","0","0","0","0","0","0","0","0"
"*06r9f*","Kenny Serwa","DET","SP","8578","FA","28","0","0","1%","0%","0","0.00","0","0","0","0","0","0","0","0","0","0"
"*06pvl*","Chia-Shi Shen","SEA","SP","8617","FA","22","0","0","1%","0%","0","0.00","0","0","0","0","0","0","0","0","0","0"
"*06f0n*","Jason Woodward","MIL","SP","9891","FA","24","0","0","1%","0%","0","0.00","0","0","0","0","0","0","0","0","0","0"
"*0406o*","Deivi Garcia","(N/A)","SP","4031","FA","27","0","0","1%","0%","0","0.00","0","0","0","0","0","0","0","0","0","0"
"*06zco*","Joey Volini","MIA","RP","9595","FA","23","0","0","1%","0%","0","0.00","0","0","0","0","0","0","0","0","0","0"
"*03o0h*","Hagen Danner","(N/A)","RP","3052","FA","27","0","0","1%","0%","0","0.00","0","0","0","0","0","0","0","0","0","0"
"*06nzz*","L.P. Langevin","KC","RP","5462","FA","23","0","0","1%","0%","0","0.00","0","0","0","0","0","0","0","0","0","0"
"*05yob*","Joseph Montalvo","DET","SP","6530","FA","24","0","0","1%","0%","0","0.00","0","0","0","0","0","0","0","0","0","0"
"*065iy*","Connor Noland","CHC","SP","6859","FA","27","0","0","1%","0%","0","0.00","0","0","0","0","0","0","0","0","0","0"
"*0663r*","Emmanuel Reyes","KC","SP","7836","FA","22","0","0","1%","0%","0","0.00","0","0","0","0","0","0","0","0","0","0"
"*05grk*","Norge Vera","(N/A)","SP","9524","FA","26","0","0","1%","0%","0","0.00","0","0","0","0","0","0","0","0","0","0"
"*06pqf*","Connor Wietgrefe","PIT","SP","9781","FA","24","0","0","1%","0%","0","0.00","0","0","0","0","0","0","0","0","0","0"
"*068z4*","Jerson Alejandro","NYY","SP","1303","FA","20","0","0","1%","0%","0","0.00","0","0","0","0","0","0","0","0","0","0"
"*06oo0*","Chase Allsup","BAL","SP","1336","FA","23","0","0","1%","0%","0","0.00","0","0","0","0","0","0","0","0","0","0"
"*066cx*","Jack Choate","SF","SP","2658","FA","25","0","0","1%","0%","0","0.00","0","0","0","0","0","0","0","0","0","0"
"*06zgy*","Ryan Hall","DET","SP","4522","FA","19","0","0","1%","0%","0","0.00","0","0","0","0","0","0","0","0","0","0"
"*041rc*","Tyson Miller","(N/A)","RP","6458","FA","30","0","0","1%","0%","0","0.00","0","0","0","0","0","0","0","0","0","0"
"*06ic8*","Oscar Pujols","COL","RP","7632","FA","19","0","0","1%","0%","0","0.00","0","0","0","0","0","0","0","0","0","0"
"*0440n*","Sixto Sanchez","(N/A)","SP","8380","FA","27","0","0","1%","0%","0","0.00","0","0","0","0","0","0","0","0","0","0"
"*06kk1*","Zach Swanson","DET","SP","9016","FA","20","0","0","1%","0%","0","0.00","0","0","0","0","0","0","0","0","0","0"
"*051gv*","Cameron Wagoner","MIL","SP","9611","FA","25","0","0","1%","0%","0","0.00","0","0","0","0","0","0","0","0","0","0"
"*06pgr*","Blake Aita","STL","SP","1265","FA","23","0","0","1%","0%","0","0.00","0","0","0","0","0","0","0","0","0","0"
"*07033*","Harrison Bodendorf","CLE","SP","1965","FA","22","0","0","1%","0%","0","0.00","0","0","0","0","0","0","0","0","0","0"
"*072pq*","Emmanuel Hernandez","TB","SP","4720","FA","17","0","0","1%","0%","0","0.00","0","0","0","0","0","0","0","0","0","0"
"*06yy0*","Alberto Laroche","SF","SP","5497","FA","20","0","0","1%","0%","0","0.00","0","0","0","0","0","0","0","0","0","0"
"*061vz*","Jorge Marcheco","ATH","SP,RP","5926","FA","23","0","0","1%","0%","0","0.00","0","0","0","0","0","0","0","0","0","0"
"*02jhl*","Rafael Montero","NYY","RP","6548","FA","35","0","0","1%","0%","0","0.00","0","0","0","0","0","0","0","0","0","0"
"*04ecd*","Eric Pardinho","(N/A)","RP","7161","FA","25","0","0","1%","0%","0","0.00","0","0","0","0","0","0","0","0","0","0"
"*05y41*","Sean Sullivan","PIT","SP,RP","8991","FA","25","0","0","1%","0%","0","0.00","0","0","0","0","0","0","0","0","0","0"
"*03qlh*","Brandon Waddell","NYM","RP","9603","FA","32","0","0","1%","0%","0","0.00","0","0","0","0","0","0","0","0","0","0"
"*04ef1*","Sam Carlson","HOU","RP","2415","FA","27","0","0","1%","0%","0","0.00","0","0","0","0","0","0","0","0","0","0"
"*066ma*","Hendry Chivilli","MIN","SP","2656","FA","20","0","0","1%","0%","0","0.00","0","0","0","0","0","0","0","0","0","0"
"*066pk*","Wyatt Crowell","LAD","SP","2941","FA","24","0","0","1%","0%","0","0.00","0","0","0","0","0","0","0","0","0","0"
"*06amq*","Dom Fritton","TB","SP","3933","FA","23","0","0","1%","0%","0","0.00","0","0","0","0","0","0","0","0","0","0"
"*0657g*","Brody Jessee","CIN","RP","5089","FA","25","0","0","1%","0%","0","0.00","0","0","0","0","0","0","0","0","0","0"
"*06hvd*","Will Johnston","ATH","SP,RP","5162","FA","25","0","0","1%","0%","0","0.00","0","0","0","0","0","0","0","0","0","0"
"*06rmx*","Po-Chun Lin","SEA","SP","5631","FA","20","0","0","1%","0%","0","0.00","0","0","0","0","0","0","0","0","0","0"
"*01sev*","Wade Miley","(N/A)","SP","6430","FA","39","0","0","1%","0%","0","0.00","0","0","0","0","0","0","0","0","0","0"
"*04tp0*","Luis Palacios","MIA","RP","7133","FA","26","0","0","1%","0%","0","0.00","0","0","0","0","0","0","0","0","0","0"
"*06hf1*","Ben Shields","COL","SP","8624","FA","27","0","0","1%","0%","0","0.00","0","0","0","0","0","0","0","0","0","0"
"*05y18*","Collin Snider","CHC","RP","8776","FA","30","0","0","1%","0%","0","0.00","0","0","0","0","0","0","0","0","0","0"
"*04pre*","Thaddeus Ward","(N/A)","SP,RP","9655","FA","29","0","0","1%","0%","0","0.00","0","0","0","0","0","0","0","0","0","0"
"*06fz5*","Kyle Amendt","ARI","RP","1394","FA","26","0","0","1%","0%","0","0.00","0","0","0","0","0","0","0","0","0","0"
"*06pgf*","Charlie Beilenson","SEA","RP","1802","FA","26","0","0","1%","0%","0","0.00","0","0","0","0","0","0","0","0","0","0"
"*04aec*","Alex Faedo","LAA","RP","3651","FA","30","0","0","1%","0%","0","0.00","0","0","0","0","0","0","0","0","0","0"
"*05146*","Evan Fitterer","SD","SP,RP","3775","FA","26","0","0","1%","0%","0","0.00","0","0","0","0","0","0","0","0","0","0"
"*06480*","Marcus Johnson","TB","SP","5150","FA","25","0","0","1%","0%","0","0.00","0","0","0","0","0","0","0","0","0","0"
"*06ie7*","Sabier Marte","NYY","SP","5988","FA","22","0","0","1%","0%","0","0.00","0","0","0","0","0","0","0","0","0","0"
"*06c29*","Tzu-Chen Sha","ATH","SP","8593","FA","22","0","0","1%","0%","0","0.00","0","0","0","0","0","0","0","0","0","0"
"*05y3y*","Logan Workman","TB","SP","9897","FA","27","0","0","1%","0%","0","0.00","0","0","0","0","0","0","0","0","0","0"
"*06fpj*","Josh Bostick","SF","SP","2018","FA","24","0","0","1%","0%","0","0.00","0","0","0","0","0","0","0","0","0","0"
"*06num*","Oliver Gonzalez","LAD","SP","4288","FA","19","0","0","1%","0%","0","0.00","0","0","0","0","0","0","0","0","0","0"
"*06z7n*","Mason McConnaughey","TEX","SP","6162","FA","22","0","0","1%","0%","0","0.00","0","0","0","0","0","0","0","0","0","0"
"*070dt*","Xavier Mitchell","LAA","SP","6489","FA","20","0","0","1%","0%","0","0.00","0","0","0","0","0","0","0","0","0","0"
"*06f0w*","Dylan Questad","MIN","SP,RP","7646","FA","21","0","0","1%","0%","0","0.00","0","0","0","0","0","0","0","0","0","0"
"*06idh*","Jeremy Reyes","ATL","SP","7844","FA","20","0","0","1%","0%","0","0.00","0","0","0","0","0","0","0","0","0","0"
"*061oc*","Yaqui Rivera","BAL","RP","7939","FA","23","0","0","1%","0%","0","0.00","0","0","0","0","0","0","0","0","0","0"
"*06ooi*","Cam Schuelke","CLE","RP","8508","FA","24","0","0","1%","0%","0","0.00","0","0","0","0","0","0","0","0","0","0"
"*06qqy*","Tyler Switalski","SF","RP","9022","FA","23","0","0","1%","0%","0","0.00","0","0","0","0","0","0","0","0","0","0"
"*0701r*","Reid Worley","SF","SP","9899","FA","20","0","0","1%","0%","0","0.00","0","0","0","0","0","0","0","0","0","0"
"*041px*","Ben Bowden","ATH","RP","2030","FA","31","0","0","1%","0%","0","0.00","0","0","0","0","0","0","0","0","0","0"
"*06quj*","Austin Cates","TOR","SP","2537","FA","23","0","0","1%","0%","0","0.00","0","0","0","0","0","0","0","0","0","0"
"*06z0z*","Christian Foutch","BOS","RP","3854","FA","22","0","0","1%","0%","0","0.00","0","0","0","0","0","0","0","0","0","0"
"*06ywd*","Blake Gillespie","NYY","SP","4157","FA","22","0","0","1%","0%","0","0.00","0","0","0","0","0","0","0","0","0","0"
"*04ei8*","Sean Guenther","DET","RP","4412","FA","30","0","0","1%","0%","0","0.00","0","0","0","0","0","0","0","0","0","0"
"*06ulp*","Chung-Hsiang Huang","ARI","SP","4942","FA","20","0","0","1%","0%","0","0.00","0","0","0","0","0","0","0","0","0","0"
"*06z7p*","Riley Kelly","COL","SP","5267","FA","22","0","0","1%","0%","0","0.00","0","0","0","0","0","0","0","0","0","0"
"*05mrk*","Dylan MacLean","TEX","SP,RP","5825","FA","24","0","0","1%","0%","0","0.00","0","0","0","0","0","0","0","0","0","0"
"*03deo*","Julian Merryweather","MIN","RP","6382","FA","34","0","0","1%","0%","0","0.00","0","0","0","0","0","0","0","0","0","0"
"*063a0*","Juan Nunez","BAL","RP","6904","FA","25","0","0","1%","0%","0","0.00","0","0","0","0","0","0","0","0","0","0"
"*04muw*","Konnor Pilkington","WSH","RP","7473","FA","28","0","0","1%","0%","0","0.00","0","0","0","0","0","0","0","0","0","0"
"*072e0*","Chase Bentley","MIL","SP","1856","FA","19","0","0","1%","0%","0","0.00","0","0","0","0","0","0","0","0","0","0"
"*072jg*","Tyler Boudreau","NYY","RP","2025","FA","23","0","0","1%","0%","0","0.00","0","0","0","0","0","0","0","0","0","0"
"*06pqc*","Robert Cranz","WSH","RP","2906","FA","23","0","0","1%","0%","0","0.00","0","0","0","0","0","0","0","0","0","0"
"*05jpf*","Trenton Denholm","CLE","SP,RP","3269","FA","26","0","0","1%","0%","0","0.00","0","0","0","0","0","0","0","0","0","0"
"*067z6*","Blake Dickerson","DET","SP","3336","FA","21","0","0","1%","0%","0","0.00","0","0","0","0","0","0","0","0","0","0"
"*06quk*","Carson Dorsey","BAL","SP","3398","FA","23","0","0","1%","0%","0","0.00","0","0","0","0","0","0","0","0","0","0"
"*06fzp*","Drew Dowd","TB","RP","3410","FA","24","0","0","1%","0%","0","0.00","0","0","0","0","0","0","0","0","0","0"
"*03qs8*","Scott Effross","DET","RP","3518","FA","32","0","0","1%","0%","0","0.00","0","0","0","0","0","0","0","0","0","0"
"*06hol*","Luke Fox","LAD","SP","3862","FA","24","0","0","1%","0%","0","0.00","0","0","0","0","0","0","0","0","0","0"
"*0657a*","Mark McLaughlin","CHW","RP","6230","FA","25","0","0","1%","0%","0","0.00","0","0","0","0","0","0","0","0","0","0"
"*05gws*","Carson Montgomery","SD","SP","6560","FA","23","0","0","1%","0%","0","0.00","0","0","0","0","0","0","0","0","0","0"
"*06zfo*","Nick Potter","HOU","RP","7587","FA","22","0","0","1%","0%","0","0.00","0","0","0","0","0","0","0","0","0","0"
"*04ef0*","Matt Sauer","(N/A)","RP","8458","FA","27","0","0","1%","0%","0","0.00","0","0","0","0","0","0","0","0","0","0"
"*066sv*","Ricardo Yan","ARI","RP","9925","FA","23","0","0","1%","0%","0","0.00","0","0","0","0","0","0","0","0","0","0"
"*06ejy*","Declan Cronin","TEX","RP","2927","FA","28","0","0","1%","0%","0","0.00","0","0","0","0","0","0","0","0","0","0"
"*05ua0*","Max Debiec","(N/A)","SP","3234","FA","23","0","0","1%","0%","0","0.00","0","0","0","0","0","0","0","0","0","0"
"*04pxb*","Shawn Dubin","(N/A)","RP","3437","FA","30","0","0","1%","0%","0","0.00","0","0","0","0","0","0","0","0","0","0"
"*060xy*","Jose Gerardo","(N/A)","RP","4125","FA","21","0","0","1%","0%","0","0.00","0","0","0","0","0","0","0","0","0","0"
"*06zgr*","Nelson Keljo","CLE","SP","5253","FA","22","0","0","1%","0%","0","0.00","0","0","0","0","0","0","0","0","0","0"
"*05tzf*","Camden Minacci","LAA","RP","6465","FA","24","0","0","1%","0%","0","0.00","0","0","0","0","0","0","0","0","0","0"
"*05yhp*","Accimias Morales","LAD","RP","6596","FA","21","0","0","1%","0%","0","0.00","0","0","0","0","0","0","0","0","0","0"
"*06ek6*","Emmett Olson","MIA","SP","6993","FA","24","0","0","1%","0%","0","0.00","0","0","0","0","0","0","0","0","0","0"
"*04k22*","Luis Patino","(N/A)","SP","7202","FA","26","0","0","1%","0%","0","0.00","0","0","0","0","0","0","0","0","0","0"
"*06qru*","Cole Peschl","MIN","SP","7414","FA","23","0","0","1%","0%","0","0.00","0","0","0","0","0","0","0","0","0","0"
"*05jqt*","Holden Powell","WSH","RP","7590","FA","26","0","0","1%","0%","0","0.00","0","0","0","0","0","0","0","0","0","0"
"*066lp*","Darren Bowen","MIN","SP,RP","2032","FA","25","0","0","0%","0%","0","0.00","0","0","0","0","0","0","0","0","0","0"
"*05js8*","Ben Hernandez","SEA","RP","4705","FA","25","0","0","0%","0%","0","0.00","0","0","0","0","0","0","0","0","0","0"
"*06c4z*","Grant Kipp","CHC","SP","5328","FA","26","0","0","0%","0%","0","0.00","0","0","0","0","0","0","0","0","0","0"
"*04yjb*","Helcris Olivarez","(N/A)","RP","6978","FA","25","0","0","0%","0%","0","0.00","0","0","0","0","0","0","0","0","0","0"
"*06y01*","Hunter Owen","KC","SP","7086","FA","24","0","0","0%","0%","0","0.00","0","0","0","0","0","0","0","0","0","0"
"*0512k*","Levi Stoudt","PHI","RP","8931","FA","28","0","0","0%","0%","0","0.00","0","0","0","0","0","0","0","0","0","0"
"*04rzq*","Matthew Thompson","(N/A)","SP","9173","FA","25","0","0","0%","0%","0","0.00","0","0","0","0","0","0","0","0","0","0"
"*03d75*","Spencer Turnbull","(N/A)","RP","9333","FA","33","0","0","0%","0%","0","0.00","0","0","0","0","0","0","0","0","0","0"
"*05u98*","Ryan Webb","CLE","SP","9690","FA","27","0","0","0%","0%","0","0.00","0","0","0","0","0","0","0","0","0","0"
"*04pzz*","Allan Winans","(N/A)","RP","9846","FA","30","0","0","0%","0%","0","0.00","0","0","0","0","0","0","0","0","0","0"
"*04c0s*","Daison Acosta","SD","RP","1213","FA","27","0","0","0%","0%","0","0.00","0","0","0","0","0","0","0","0","0","0"
"*06rlk*","Joseph Deng Thon","LAD","RP","3268","FA","18","0","0","0%","0%","0","0.00","0","0","0","0","0","0","0","0","0","0"
"*06h92*","Sawyer Hawks","ARI","RP","4619","FA","23","0","0","0%","0%","0","0.00","0","0","0","0","0","0","0","0","0","0"
"*051ip*","Trey McGough","(N/A)","RP","6200","FA","28","0","0","0%","0%","0","0.00","0","0","0","0","0","0","0","0","0","0"
"*041rr*","Chris Rodriguez","(N/A)","SP,RP","8015","FA","28","0","0","0%","0%","0","0.00","0","0","0","0","0","0","0","0","0","0"
"*021jb*","Ryan Brasier","(N/A)","RP","2071","FA","38","0","0","0%","0%","0","0.00","0","0","0","0","0","0","0","0","0","0"
"*04b3a*","Roansy Contreras","(N/A)","RP","2812","FA","26","0","0","0%","0%","0","0.00","0","0","0","0","0","0","0","0","0","0"
"*06k85*","Jose Feliz","WSH","SP","3701","FA","20","0","0","0%","0%","0","0.00","0","0","0","0","0","0","0","0","0","0"
"*05mrs*","Bailey Horn","DET","RP","4915","FA","28","0","0","0%","0%","0","0","0","0","0","0","0","0","0","0","0","0"
"*06pq7*","Mason Marriott","ARI","SP","5976","FA","23","0","0","0%","0%","0","0.00","0","0","0","0","0","0","0","0","0","0"
"*0633d*","Michael Prosecky","COL","SP","7622","FA","25","0","0","0%","0%","0","0.00","0","0","0","0","0","0","0","0","0","0"
"*064wh*","Chris Campos","LAD","SP","2355","FA","25","0","0","0%","0%","0","0.00","0","0","0","0","0","0","0","0","0","0"
"*06v1u*","Jhonan Coba","DET","SP","2723","FA","20","0","0","0%","0%","0","0.00","0","0","0","0","0","0","0","0","0","0"
"*06qpm*","Hunter Dryden","SF","SP","3432","FA","24","0","0","0%","0%","0","0.00","0","0","0","0","0","0","0","0","0","0"
"*06zdj*","Sean Episcope","MIL","SP","3571","FA","22","0","0","0%","0%","0","0.00","0","0","0","0","0","0","0","0","0","0"
"*06ony*","Luke Hayden","CIN","SP","4620","FA","23","0","0","0%","0%","0","0.00","0","0","0","0","0","0","0","0","0","0"
"*05a1c*","Chih-Jung Liu","(N/A)","SP","5666","FA","27","0","0","0%","0%","0","0.00","0","0","0","0","0","0","0","0","0","0"
"*05xpu*","Christian McGowan","PHI","SP","6202","FA","26","0","0","0%","0%","0","0.00","0","0","0","0","0","0","0","0","0","0"
"*05lt9*","Edwin Nunez","(N/A)","RP","6897","FA","24","0","0","0%","0%","0","0.00","0","0","0","0","0","0","0","0","0","0"
"*06307*","Jose Olivares","MIN","SP","6977","FA","23","0","0","0%","0%","0","0.00","0","0","0","0","0","0","0","0","0","0"
"*05unj*","Micah Ottenbreit","PHI","SP","7071","FA","23","0","0","0%","0%","0","0.00","0","0","0","0","0","0","0","0","0","0"
"*06m9q*","Ovis Portes","CIN","SP,RP","7579","FA","21","0","0","0%","0%","0","0.00","0","0","0","0","0","0","0","0","0","0"
"*04yds*","Jerming Rosario","LAD","RP","8201","FA","24","0","0","0%","0%","0","0.00","0","0","0","0","0","0","0","0","0","0"
"*051hu*","Dane Acker","TEX","RP","1205","FA","27","0","0","0%","0%","0","0.00","0","0","0","0","0","0","0","0","0","0"
"*06fzc*","Corey Avant","ATH","SP,RP","1588","FA","24","0","0","0%","0%","0","0.00","0","0","0","0","0","0","0","0","0","0"
"*06hto*","Nigel Belgrave","MIA","RP","1807","FA","24","0","0","0%","0%","0","0.00","0","0","0","0","0","0","0","0","0","0"
"*04q0v*","R.J. Dabovich","SF","RP","3022","FA","27","0","0","0%","0%","0","0.00","0","0","0","0","0","0","0","0","0","0"
"*06ruo*","Juan Fraide","HOU","SP","3867","FA","20","0","0","0%","0%","0","0.00","0","0","0","0","0","0","0","0","0","0"
"*05rht*","Alejandro Hidalgo","MIN","SP","4813","FA","23","0","0","0%","0%","0","0.00","0","0","0","0","0","0","0","0","0","0"
"*0511q*","Ryan Jensen","(N/A)","RP","5084","FA","28","0","0","0%","0%","0","0.00","0","0","0","0","0","0","0","0","0","0"
"*05vy4*","Eric Silva","DET","SP","8662","FA","23","0","0","0%","0%","0","0.00","0","0","0","0","0","0","0","0","0","0"
"*05uhc*","Russell Smith","MIL","RP","8759","FA","27","0","0","0%","0%","0","0.00","0","0","0","0","0","0","0","0","0","0"
"*06ber*","Joey Volchko","CHW","SP,RP","9594","FA","21","0","0","0%","0%","0","0.00","0","0","0","0","0","0","0","0","0","0"
"*06c2w*","Chalniel Arias","NYY","RP","1493","FA","22","0","0","0%","0%","0","0.00","0","0","0","0","0","0","0","0","0","0"
"*06h1z*","Paul Bonzagni","TEX","SP","2002","FA","24","0","0","0%","0%","0","0.00","0","0","0","0","0","0","0","0","0","0"
"*05r3l*","Po-Yu Chen","PIT","SP","2632","FA","24","0","0","0%","0%","0","0.00","0","0","0","0","0","0","0","0","0","0"
"*063e1*","Nathan Dettmer","ATH","SP","3280","FA","24","0","0","0%","0%","0","0.00","0","0","0","0","0","0","0","0","0","0"
"*062n2*","Omar Gonzalez","NYY","SP","4289","FA","21","0","0","0%","0%","0","0.00","0","0","0","0","0","0","0","0","0","0"
"*06247*","Tanner Hall","MIN","SP","4524","FA","24","0","0","0%","0%","0","0.00","0","0","0","0","0","0","0","0","0","0"
"*06l4z*","Nestor Lorant","CIN","SP","5750","FA","24","0","0","0%","0%","0","0.00","0","0","0","0","0","0","0","0","0","0"
"*06rw4*","Adriano Marrero","LAD","SP","5971","FA","18","0","0","0%","0%","0","0.00","0","0","0","0","0","0","0","0","0","0"
"*06qoh*","Twine Palmer","BAL","SP","7149","FA","21","0","0","0%","0%","0","0.00","0","0","0","0","0","0","0","0","0","0"
"*0515s*","Nick Robertson","LAD","SP,RP","7969","FA","28","0","0","0%","0%","0","0.00","0","0","0","0","0","0","0","0","0","0"
"*02btg*","Tayler Scott","(N/A)","RP","8526","FA","34","0","0","0%","0%","0","0.00","0","0","0","0","0","0","0","0","0","0"
"*05jpy*","Nick Swiney","(N/A)","RP","9021","FA","27","0","0","0%","0%","0","0.00","0","0","0","0","0","0","0","0","0","0"
"*05y0d*","Rodney Boone","CLE","SP","2005","FA","26","0","0","0%","0%","0","0.00","0","0","0","0","0","0","0","0","0","0"
"*060vg*","Jake Brooks","COL","SP","2142","FA","25","0","0","0%","0%","0","0.00","0","0","0","0","0","0","0","0","0","0"
"*06gjx*","Garrett Edwards","TB","SP","3514","FA","24","0","0","0%","0%","0","0.00","0","0","0","0","0","0","0","0","0","0"
"*06qnx*","Aidan Foeller","LAD","SP","3831","FA","24","0","0","0%","0%","0","0.00","0","0","0","0","0","0","0","0","0","0"
"*072e1*","Ma'Kale Holden","MIL","SP","4879","FA","19","0","0","0%","0%","0","0.00","0","0","0","0","0","0","0","0","0","0"
"*03h90*","Hector Neris","(N/A)","RP","6804","FA","37","0","0","0%","0%","0","0.00","0","0","0","0","0","0","0","0","0","0"
"*05uk1*","Elvis Peguero","BAL","RP","7252","FA","29","0","0","0%","0%","0","0.00","0","0","0","0","0","0","0","0","0","0"
"*06hp3*","Jeremy Pilon","TB","SP","7475","FA","20","0","0","0%","0%","0","0.00","0","0","0","0","0","0","0","0","0","0"
"*06nyu*","Davis Polo","ATL","SP","7563","FA","21","0","0","0%","0%","0","0.00","0","0","0","0","0","0","0","0","0","0"
"*05jr6*","Adam Seminaris","PHI","SP","8554","FA","27","0","0","0%","0%","0","0.00","0","0","0","0","0","0","0","0","0","0"
"*068nz*","Brady Tygart","BOS","SP","9344","FA","22","0","0","0%","0%","0","0.00","0","0","0","0","0","0","0","0","0","0"
"*05123*","Josh Wolf","(N/A)","SP,RP","9877","FA","25","0","0","0%","0%","0","0.00","0","0","0","0","0","0","0","0","0","0"
"*06qle*","Channing Austin","NYM","SP,RP","1580","FA","24","0","0","0%","0%","0","0.00","0","0","0","0","0","0","0","0","0","0"
"*06uw8*","Winyer Chourio","SD","SP,RP","2667","FA","22","0","0","0%","0%","0","0.00","0","0","0","0","0","0","0","0","0","0"
"*041qq*","Jon Duplantier","(N/A)","SP,RP","3468","FA","32","0","0","0%","0%","0","0.00","0","0","0","0","0","0","0","0","0","0"
"*06nm0*","Aidan Major","CLE","SP","5881","FA","23","0","0","0%","0%","0","0.00","0","0","0","0","0","0","0","0","0","0"
"*05y71*","Zach Messinger","NYY","RP","6391","FA","26","0","0","0%","0%","0","0.00","0","0","0","0","0","0","0","0","0","0"
"*05zyc*","Blake Money","BAL","SP,RP","6523","FA","24","0","0","0%","0%","0","0.00","0","0","0","0","0","0","0","0","0","0"
"*06pgo*","Peyton Olejnik","LAA","SP","6973","FA","23","0","0","0%","0%","0","0.00","0","0","0","0","0","0","0","0","0","0"
"*06zcl*","Braylon Owens","MIL","SP","7088","FA","23","0","0","0%","0%","0","0.00","0","0","0","0","0","0","0","0","0","0"
"*06gwj*","Atsuki Taneichi","(N/A)","SP","9051","FA","27","0","0","0%","0%","0","0.00","0","0","0","0","0","0","0","0","0","0"
"*04tlx*","Tahnaj Thomas","(N/A)","SP","9158","FA","27","0","0","0%","0%","0","0.00","0","0","0","0","0","0","0","0","0","0"
"*06p4m*","Juan Bello","HOU","SP,RP","1821","FA","22","0","0","0%","0%","0","0.00","0","0","0","0","0","0","0","0","0","0"
"*06z14*","Leighton Finley","BOS","SP","3764","FA","22","0","0","0%","0%","0","0.00","0","0","0","0","0","0","0","0","0","0"
"*06oo9*","Austin Gordon","LAA","SP","4311","FA","23","0","0","0%","0%","0","0.00","0","0","0","0","0","0","0","0","0","0"
"*06gir*","Jace Kaminska","MIN","SP","5223","FA","24","0","0","0%","0%","0","0.00","0","0","0","0","0","0","0","0","0","0"
"*06z44*","Lucas Kelly","SEA","RP","5266","FA","23","0","0","0%","0%","0","0.00","0","0","0","0","0","0","0","0","0","0"
"*051a6*","Tyler Owens","DET","RP","7090","FA","25","0","0","0%","0%","0","0.00","0","0","0","0","0","0","0","0","0","0"
"*066m7*","Luis Reyes","CHW","SP","7852","FA","20","0","0","0%","0%","0","0.00","0","0","0","0","0","0","0","0","0","0"
"*0603m*","Connor Staine","COL","SP","8863","FA","25","0","0","0%","0%","0","0.00","0","0","0","0","0","0","0","0","0","0"
"*064wg*","Reid VanScoter","SEA","SP","9435","FA","27","0","0","0%","0%","0","0.00","0","0","0","0","0","0","0","0","0","0"
"*03gl9*","Huascar Ynoa","LAA","SP","9941","FA","28","0","0","0%","0%","0","0.00","0","0","0","0","0","0","0","0","0","0"
"*0516e*","Ty Adcock","SD","RP","1238","FA","29","0","0","0%","0%","0","0","0","0","0","0","0","0","0","0","0","0"
"*072ap*","Max Banks","CHW","SP","1658","FA","23","0","0","0%","0%","0","0.00","0","0","0","0","0","0","0","0","0","0"
"*07304*","Greyson Bell","(N/A)","SP","1810","FA","16","0","0","0%","0%","0","0.00","0","0","0","0","0","0","0","0","0","0"
"*061zf*","Angel Benitez","NYY","SP","1840","FA","22","0","0","0%","0%","0","0.00","0","0","0","0","0","0","0","0","0","0"
"*062zu*","Gabe Gaeckle","ATH","SP","3960","FA","21","0","0","0%","0%","0","0.00","0","0","0","0","0","0","0","0","0","0"
"*05tow*","Kevin Kopps","(N/A)","RP","5393","FA","29","0","0","0%","0%","0","0.00","0","0","0","0","0","0","0","0","0","0"
"*06y2w*","Pedro Montero","MIA","SP","6547","FA","19","0","0","0%","0%","0","0.00","0","0","0","0","0","0","0","0","0","0"
"*06rn1*","Brad Pacheco","PHI","SP","7104","FA","21","0","0","0%","0%","0","0.00","0","0","0","0","0","0","0","0","0","0"
"*06hq0*","Kamdyn Perry","TEX","SP","7410","FA","20","0","0","0%","0%","0","0.00","0","0","0","0","0","0","0","0","0","0"
"*02b2k*","Cody Poteet","(N/A)","RP","7584","FA","31","0","0","0%","0%","0","0.00","0","0","0","0","0","0","0","0","0","0"
"*04qot*","Yerry Rodriguez","NYY","SP","8096","FA","28","0","0","0%","0%","0","0.00","0","0","0","0","0","0","0","0","0","0"
"*03dec*","Dan Altavilla","KC","RP","1360","FA","33","0","0","0%","0%","0","0.00","0","0","0","0","0","0","0","0","0","0"
"*040cf*","Genesis Cabrera","(N/A)","RP","2275","FA","29","0","0","0%","0%","0","0.00","0","0","0","0","0","0","0","0","0","0"
"*06fqn*","Ty Cummings","SEA","SP,RP","2994","FA","24","0","0","0%","0%","0","0","0","0","0","0","0","0","0","0","0","0"
"*05gbb*","Robert Dominguez","(N/A)","RP","3384","FA","24","0","0","0%","0%","0","0.00","0","0","0","0","0","0","0","0","0","0"
"*05tp8*","Andrew Dutkanych","STL","SP","3485","FA","22","0","0","0%","0%","0","0.00","0","0","0","0","0","0","0","0","0","0"
"*06f1e*","Lucas Gordon","CHW","SP","4313","FA","24","0","0","0%","0%","0","0.00","0","0","0","0","0","0","0","0","0","0"
"*05jqd*","Marquis Grissom Jr.","WSH","RP","4389","FA","25","0","0","0%","0%","0","0.00","0","0","0","0","0","0","0","0","0","0"
"*06qs0*","Haruto Inoue","(N/A)","SP","5005","FA","25","0","0","0%","0%","0","0.00","0","0","0","0","0","0","0","0","0","0"
"*06lw0*","Nate Knowles","TB","SP","5365","FA","22","0","0","0%","0%","0","0.00","0","0","0","0","0","0","0","0","0","0"
"*06zgx*","Luke Lacourse","LAA","SP","5437","FA","19","0","0","0%","0%","0","0.00","0","0","0","0","0","0","0","0","0","0"
"*05uo3*","Austin Love","STL","RP","5762","FA","27","0","0","0%","0%","0","0.00","0","0","0","0","0","0","0","0","0","0"
"*05tux*","Dauri Moreta","(N/A)","RP","6630","FA","30","0","0","0%","0%","0","0.00","0","0","0","0","0","0","0","0","0","0"
"*05rfn*","Kaleb Ort","LAA","RP","7020","FA","34","0","0","0%","0%","0","0.00","0","0","0","0","0","0","0","0","0","0"
"*06yy5*","Truman Pauley","CHW","SP","7214","FA","22","0","0","0%","0%","0","0.00","0","0","0","0","0","0","0","0","0","0"
"*06kxi*","Jackson Wentworth","TOR","SP","9719","FA","23","0","0","0%","0%","0","0.00","0","0","0","0","0","0","0","0","0","0"
"*06uhl*","Wilian Bormie","TEX","RP","2009","FA","23","0","0","0%","0%","0","0.00","0","0","0","0","0","0","0","0","0","0"
"*06sb8*","Yeremmy Cabeza","COL","SP","2264","FA","22","0","0","0%","0%","0","0.00","0","0","0","0","0","0","0","0","0","0"
"*06su2*","Luis Carias","LAD","SP","2406","FA","21","0","0","0%","0%","0","0.00","0","0","0","0","0","0","0","0","0","0"
"*061mi*","Carson Coleman","NYY","RP","2742","FA","27","0","0","0%","0%","0","0.00","0","0","0","0","0","0","0","0","0","0"
"*05yfb*","Connor Cooke","(N/A)","RP","2820","FA","26","0","0","0%","0%","0","0.00","0","0","0","0","0","0","0","0","0","0"
"*04ak4*","Blayne Enlow","ATL","SP","3568","FA","27","0","0","0%","0%","0","0.00","0","0","0","0","0","0","0","0","0","0"
"*02n67*","Carson Fulmer","SEA","RP","3951","FA","32","0","0","0%","0%","0","0.00","0","0","0","0","0","0","0","0","0","0"
"*06ql3*","Jack Hostetler","MIL","SP","4925","FA","22","0","0","0%","0%","0","0.00","0","0","0","0","0","0","0","0","0","0"
"*072en*","McLane Moody","PIT","SP","6570","FA","19","0","0","0%","0%","0","0.00","0","0","0","0","0","0","0","0","0","0"
"*06kv9*","Eiver Mosquera","MIA","SP","6678","FA","19","0","0","0%","0%","0","0.00","0","0","0","0","0","0","0","0","0","0"
"*06v2f*","Emilio Obispo","NYM","SP","6941","FA","19","0","0","0%","0%","0","0.00","0","0","0","0","0","0","0","0","0","0"
"*0512i*","Jacob Wallace","CHC","RP","9630","FA","27","0","0","0%","0%","0","0.00","0","0","0","0","0","0","0","0","0","0"
"*06z3w*","Jack Anker","PIT","RP","1439","FA","22","0","0","0%","0%","0","0.00","0","0","0","0","0","0","0","0","0","0"
"*06qo3*","Sean Barnett","SD","UT,RP","1687","FA","23","0","0","0%","0%","0","0.00","0","0","0","0","0","0","0","0","0","0"
"*064np*","Tyler Cleveland","SEA","RP","2715","FA","26","0","0","0%","0%","0","0.00","0","0","0","0","0","0","0","0","0","0"
"*06yqz*","Mason Estrada","LAD","SP","3624","FA","22","0","0","0%","0%","0","0.00","0","0","0","0","0","0","0","0","0","0"
"*06z7j*","Caleb Leys","DET","SP","5615","FA","23","0","0","0%","0%","0","0.00","0","0","0","0","0","0","0","0","0","0"
"*06htt*","Ryan Lobus","TEX","RP","5677","FA","25","0","0","0%","0%","0","0.00","0","0","0","0","0","0","0","0","0","0"
"*03rrh*","Adonis Medina","(N/A)","RP","6256","FA","29","0","0","0%","0%","0","0.00","0","0","0","0","0","0","0","0","0","0"
"*05wbc*","Luke Murphy","LAA","RP","6735","FA","26","0","0","0%","0%","0","0.00","0","0","0","0","0","0","0","0","0","0"
"*04ywp*","Enoli Paredes","BAL","RP","7164","FA","30","0","0","0%","0%","0","0.00","0","0","0","0","0","0","0","0","0","0"
"*03mul*","Giovanny Gallegos","(N/A)","RP","3986","FA","34","0","0","0%","0%","0","0.00","0","0","0","0","0","0","0","0","0","0"
"*06588*","Tanner Jacobson","(N/A)","RP","5040","FA","26","0","0","0%","0%","0","0.00","0","0","0","0","0","0","0","0","0","0"
"*06kwo*","Ryan Prager","CLE","SP","7599","FA","23","0","0","0%","0%","0","0.00","0","0","0","0","0","0","0","0","0","0"
"*060og*","Gabriel Reyes","DET","SP","7839","FA","23","0","0","0%","0%","0","0.00","0","0","0","0","0","0","0","0","0","0"
"*05174*","Tyler Schlaffer","CHC","SP","8487","FA","25","0","0","0%","0%","0","0.00","0","0","0","0","0","0","0","0","0","0"
"*04psd*","Josh Winder","(N/A)","SP,RP","9848","FA","29","0","0","0%","0%","0","0.00","0","0","0","0","0","0","0","0","0","0"
"*06qxj*","Koyo Aoyagi","(N/A)","SP,RP","1451","FA","32","0","0","0%","0%","0","0.00","0","0","0","0","0","0","0","0","0","0"
"*05mrl*","Christian Chamberlain","KC","RP","2607","FA","27","0","0","0%","0%","0","0.00","0","0","0","0","0","0","0","0","0","0"
"*072f6*","Joseph Contreras","(N/A)","SP","2809","FA","18","0","0","0%","0%","0","0.00","0","0","0","0","0","0","0","0","0","0"
"*05137*","Matt Cronin","(N/A)","RP","2928","FA","28","0","0","0%","0%","0","0.00","0","0","0","0","0","0","0","0","0","0"
"*06494*","Dylan DeLucia","CLE","SP","3219","FA","25","0","0","0%","0%","0","0.00","0","0","0","0","0","0","0","0","0","0"
"*03g4b*","Anderson Espinoza","(N/A)","RP","3601","FA","28","0","0","0%","0%","0","0.00","0","0","0","0","0","0","0","0","0","0"
"*06yyp*","Nathan Hall","NYM","SP","4519","FA","22","0","0","0%","0%","0","0.00","0","0","0","0","0","0","0","0","0","0"
"*06ysg*","Jake Knapp","CHC","SP","5349","FA","25","0","0","0%","0%","0","0.00","0","0","0","0","0","0","0","0","0","0"
"*041rm*","Sean Reynolds","(N/A)","RP","7865","FA","28","0","0","0%","0%","0","0.00","0","0","0","0","0","0","0","0","0","0"
"*06pgj*","Josiah Romeo","ATH","SP","8144","FA","20","0","0","0%","0%","0","0.00","0","0","0","0","0","0","0","0","0","0"
"*04yb5*","Junior Santos","(N/A)","RP","8436","FA","24","0","0","0%","0%","0","0.00","0","0","0","0","0","0","0","0","0","0"
"*06kkd*","Travis Smith","MIL","SP","8763","FA","23","0","0","0%","0%","0","0.00","0","0","0","0","0","0","0","0","0","0"
"*01ses*","Hunter Strickland","(N/A)","RP","8941","FA","37","0","0","0%","0%","0","0.00","0","0","0","0","0","0","0","0","0","0"
"*05jpb*","Sam Weatherly","COL","RP","9685","FA","27","0","0","0%","0%","0","0.00","0","0","0","0","0","0","0","0","0","0"
"*025ko*","Justin Wilson","(N/A)","RP","9833","FA","38","0","0","0%","0%","0","0.00","0","0","0","0","0","0","0","0","0","0"
"*072dv*","Grayson Boles","KC","SP","1978","FA","19","0","0","0%","0%","0","0.00","0","0","0","0","0","0","0","0","0","0"
"*03pj3*","Beau Burrows","PIT","RP","2235","FA","29","0","0","0%","0%","0","0.00","0","0","0","0","0","0","0","0","0","0"
"*06c8v*","Aiven Cabral","ATL","SP","2265","FA","22","0","0","0%","0%","0","0.00","0","0","0","0","0","0","0","0","0","0"
"*06o0d*","Clark Candiotti","SD","SP","2369","FA","25","0","0","0%","0%","0","0.00","0","0","0","0","0","0","0","0","0","0"
"*06r7d*","Jake Clemente","MIA","RP","2709","FA","22","0","0","0%","0%","0","0.00","0","0","0","0","0","0","0","0","0","0"
"*04pva*","Noah Davis","PIT","RP","3093","FA","29","0","0","0%","0%","0","0.00","0","0","0","0","0","0","0","0","0","0"
"*06371*","Ross Dunn","MIN","SP","3462","FA","24","0","0","0%","0%","0","0.00","0","0","0","0","0","0","0","0","0","0"
"*06rrz*","Aidan King","(N/A)","RP","5308","FA","20","0","0","0%","0%","0","0.00","0","0","0","0","0","0","0","0","0","0"
"*06ron*","Karson Ligon","TOR","SP","5625","FA","23","0","0","0%","0%","0","0.00","0","0","0","0","0","0","0","0","0","0"
"*06eko*","Andrew Lindsey","TB","SP","5645","FA","26","0","0","0%","0%","0","0.00","0","0","0","0","0","0","0","0","0","0"
"*02brf*","Jorge Lopez","(N/A)","RP","5736","FA","33","0","0","0%","0%","0","0.00","0","0","0","0","0","0","0","0","0","0"
"*06h00*","Rorik Maltrud","CLE","SP","5897","FA","26","0","0","0%","0%","0","0.00","0","0","0","0","0","0","0","0","0","0"
"*05jrt*","Matt Mikulski","(N/A)","RP","6424","FA","27","0","0","0%","0%","0","0.00","0","0","0","0","0","0","0","0","0","0"
"*0603o*","Andrew Moore","SD","RP","6576","FA","26","0","0","0%","0%","0","0.00","0","0","0","0","0","0","0","0","0","0"
"*072cm*","Reed Moring","MIN","SP","6650","FA","22","0","0","0%","0%","0","0.00","0","0","0","0","0","0","0","0","0","0"
"*06mdk*","JeanPierre Ortiz","CIN","SP,RP","7039","FA","22","0","0","0%","0%","0","0.00","0","0","0","0","0","0","0","0","0","0"
"*06zfq*","Peyton Prescott","NYM","RP","7609","FA","22","0","0","0%","0%","0","0.00","0","0","0","0","0","0","0","0","0","0"
"*04mkm*","Osiel Rodriguez","(N/A)","SP","8080","FA","24","0","0","0%","0%","0","0.00","0","0","0","0","0","0","0","0","0","0"
"*06rt2*","Yordan Rodriguez","NYM","RP","8099","FA","18","0","0","0%","0%","0","0.00","0","0","0","0","0","0","0","0","0","0"
"*06zaj*","Roberto Salas","COL","SP","8304","FA","18","0","0","0%","0%","0","0.00","0","0","0","0","0","0","0","0","0","0"
"*06o0a*","Sam Stuhr","ATH","SP,RP","8956","FA","23","0","0","0%","0%","0","0.00","0","0","0","0","0","0","0","0","0","0"
"*067z7*","Jaden Woods","CHW","RP","9887","FA","24","0","0","0%","0%","0","0.00","0","0","0","0","0","0","0","0","0","0"
"*06rw6*","Ranciel Abreu","NYY","SP","1193","FA","19","0","0","0%","0%","0","0.00","0","0","0","0","0","0","0","0","0","0"
"*065nn*","Blake Adams","COL","SP,RP","1228","FA","25","0","0","0%","0%","0","0.00","0","0","0","0","0","0","0","0","0","0"
"*06f0v*","Chris Clark","TB","SP","2689","FA","24","0","0","0%","0%","0","0.00","0","0","0","0","0","0","0","0","0","0"
"*06ekj*","Isaiah Coupet","COL","RP","2886","FA","23","0","0","0%","0%","0","0.00","0","0","0","0","0","0","0","0","0","0"
"*06kvl*","Dioris De La Rosa","LAA","SP","3155","FA","19","0","0","0%","0%","0","0.00","0","0","0","0","0","0","0","0","0","0"
"*02but*","Anthony DeSclafani","(N/A)","RP","3224","FA","36","0","0","0%","0%","0","0.00","0","0","0","0","0","0","0","0","0","0"
"*06zak*","Bryson Dudley","KC","RP","3439","FA","22","0","0","0%","0%","0","0.00","0","0","0","0","0","0","0","0","0","0"
"*06klh*","Kifraidy Encarnacion","MIA","RP","3560","FA","20","0","0","0%","0%","0","0.00","0","0","0","0","0","0","0","0","0","0"
"*05lb9*","Nick Garcia","SEA","RP","4059","FA","27","0","0","0%","0%","0","0.00","0","0","0","0","0","0","0","0","0","0"
"*05re8*","Fidel Montero","CHW","RP","6541","FA","22","0","0","0%","0%","0","0.00","0","0","0","0","0","0","0","0","0","0"
"*06ekp*","Connor O'Halloran","TOR","SP","6924","FA","23","0","0","0%","0%","0","0.00","0","0","0","0","0","0","0","0","0","0"
"*0516o*","Colin Peluse","PHI","RP","7268","FA","28","0","0","0%","0%","0","0.00","0","0","0","0","0","0","0","0","0","0"
"*066lx*","Marcelo Perez","SEA","SP","7382","FA","26","0","0","0%","0%","0","0.00","0","0","0","0","0","0","0","0","0","0"
"*03pp7*","Tanner Rainey","DET","RP","7686","FA","33","0","0","0%","0%","0","0.00","0","0","0","0","0","0","0","0","0","0"
"*0515j*","Jack Ralston","MIA","RP","7687","FA","28","0","0","0%","0%","0","0.00","0","0","0","0","0","0","0","0","0","0"
"*06qlk*","Tony Rossi","NYY","RP","8225","FA","27","0","0","0%","0%","0","0.00","0","0","0","0","0","0","0","0","0","0"
"*06ag9*","Kaima Taira","(N/A)","SP","9032","FA","26","0","0","0%","0%","0","0.00","0","0","0","0","0","0","0","0","0","0"
"*05rkf*","Misael Tamarez","SD","RP","9047","FA","26","0","0","0%","0%","0","0.00","0","0","0","0","0","0","0","0","0","0"
"*03dbv*","Jeff Brigham","(N/A)","RP","2111","FA","34","0","0","0%","0%","0","0.00","0","0","0","0","0","0","0","0","0","0"
"*065j5*","Alex Cook","TB","RP","2815","FA","25","0","0","0%","0%","0","0","0","0","0","0","0","0","0","0","0","0"
"*06zgs*","Jaxon Dalena","SD","SP","3029","FA","24","0","0","0%","0%","0","0.00","0","0","0","0","0","0","0","0","0","0"
"*02n5v*","Chris Flexen","(N/A)","RP","3794","FA","32","0","0","0%","0%","0","0.00","0","0","0","0","0","0","0","0","0","0"
"*066r6*","Yorman Galindez","MIL","SP","3972","FA","23","0","0","0%","0%","0","0.00","0","0","0","0","0","0","0","0","0","0"
"*06zb3*","Payton Graham","STL","SP","4337","FA","22","0","0","0%","0%","0","0.00","0","0","0","0","0","0","0","0","0","0"
"*06rfy*","Aidan Haugh","TB","SP","4611","FA","23","0","0","0%","0%","0","0.00","0","0","0","0","0","0","0","0","0","0"
"*03d7m*","Brent Honeywell Jr.","(N/A)","RP","4904","FA","31","0","0","0%","0%","0","0.00","0","0","0","0","0","0","0","0","0","0"
"*0687a*","Garrett Horn","MIN","SP","4916","FA","23","0","0","0%","0%","0","0.00","0","0","0","0","0","0","0","0","0","0"
"*06k6r*","Lebarron Johnson","COL","SP","5147","FA","24","0","0","0%","0%","0","0.00","0","0","0","0","0","0","0","0","0","0"
"*06fzg*","Nicholas Judice","BOS","RP","5208","FA","25","0","0","0%","0%","0","0.00","0","0","0","0","0","0","0","0","0","0"
"*06z00*","Jack Martinez","STL","SP,RP","6035","FA","23","0","0","0%","0%","0","0.00","0","0","0","0","0","0","0","0","0","0"
"*06av8*","Kyle McCoy","CIN","SP","6166","FA","22","0","0","0%","0%","0","0.00","0","0","0","0","0","0","0","0","0","0"
"*06fuv*","Zach Penrod","WSH","SP,RP","7307","FA","29","0","0","0%","0%","0","0.00","0","0","0","0","0","0","0","0","0","0"
"*05rh6*","Juan Pinto","SEA","SP","7510","FA","21","0","0","0%","0%","0","0.00","0","0","0","0","0","0","0","0","0","0"
"*05lg4*","Carson Ragsdale","(N/A)","RP","7683","FA","28","0","0","0%","0%","0","0.00","0","0","0","0","0","0","0","0","0","0"
"*05geb*","Pablo Aldonis","(N/A)","RP","1299","FA","24","0","0","0%","0%","0","0.00","0","0","0","0","0","0","0","0","0","0"
"*066m1*","Marwys Cabrera","KC","SP","2282","FA","20","0","0","0%","0%","0","0.00","0","0","0","0","0","0","0","0","0","0"
"*06qnz*","Michael Carpenter","MIN","SP","2426","FA","22","0","0","0%","0%","0","0.00","0","0","0","0","0","0","0","0","0","0"
"*06rmf*","Angel Cervantes","(N/A)","SP","2583","FA","18","0","0","0%","0%","0","0.00","0","0","0","0","0","0","0","0","0","0"
"*05h7l*","Jose Davila","STL","SP","3076","FA","23","0","0","0%","0%","0","0.00","0","0","0","0","0","0","0","0","0","0"
"*062zq*","Juan De La Cruz","MIA","SP","3133","FA","21","0","0","0%","0%","0","0.00","0","0","0","0","0","0","0","0","0","0"
"*06oog*","Frank Elissalt","STL","SP,RP","3529","FA","24","0","0","0%","0%","0","0.00","0","0","0","0","0","0","0","0","0","0"
"*05y17*","Logan Gillaspie","SD","RP","4155","FA","29","0","0","0%","0%","0","0.00","0","0","0","0","0","0","0","0","0","0"
"*0689s*","Cristofer Gomez","NYM","RP","4201","FA","23","0","0","0%","0%","0","0.00","0","0","0","0","0","0","0","0","0","0"
"*04nx1*","Sean Hjelle","(N/A)","RP","4855","FA","29","0","0","0%","0%","0","0.00","0","0","0","0","0","0","0","0","0","0"
"*06mpo*","Elison Joseph","ATL","RP","5196","FA","25","0","0","0%","0%","0","0.00","0","0","0","0","0","0","0","0","0","0"
"*05uvy*","Victor Juarez","COL","RP","5207","FA","23","0","0","0%","0%","0","0.00","0","0","0","0","0","0","0","0","0","0"
"*06ics*","Carlos Mateo","PIT","RP","6094","FA","20","0","0","0%","0%","0","0.00","0","0","0","0","0","0","0","0","0","0"
"*06fi0*","Sandy Mejia","HOU","SP","6295","FA","22","0","0","0%","0%","0","0.00","0","0","0","0","0","0","0","0","0","0"
"*05y66*","Brayan Mendoza","MIA","RP","6342","FA","22","0","0","0%","0%","0","0.00","0","0","0","0","0","0","0","0","0","0"
"*04eny*","Kyle Nelson","(N/A)","RP","6800","FA","30","0","0","0%","0%","0","0.00","0","0","0","0","0","0","0","0","0","0"
"*072on*","Claudio Pereira","BOS","SP","7333","FA","17","0","0","0%","0%","0","0.00","0","0","0","0","0","0","0","0","0","0"
"*02mz1*","Colin Poche","(N/A)","RP","7539","FA","32","0","0","0%","0%","0","0.00","0","0","0","0","0","0","0","0","0","0"
"*06qgq*","Kyle Robinson","PIT","SP","7980","FA","23","0","0","0%","0%","0","0.00","0","0","0","0","0","0","0","0","0","0"
"*04ppm*","John Rooney","TB","RP","8173","FA","29","0","0","0%","0%","0","0.00","0","0","0","0","0","0","0","0","0","0"
"*06bku*","Samuel Sanchez","LAD","SP","8378","FA","20","0","0","0%","0%","0","0.00","0","0","0","0","0","0","0","0","0","0"
"*05ygw*","Jason Savacool","(N/A)","SP","8463","FA","24","0","0","0%","0%","0","0.00","0","0","0","0","0","0","0","0","0","0"
"*061mp*","Peter Strzelecki","STL","RP","8952","FA","31","0","0","0%","0%","0","0","0","0","0","0","0","0","0","0","0","0"
"*06ywm*","Ty Van Dyke","STL","SP","9429","FA","22","0","0","0%","0%","0","0.00","0","0","0","0","0","0","0","0","0","0"
"*06roa*","Daury Vasquez","ARI","SP","9468","FA","20","0","0","0%","0%","0","0.00","0","0","0","0","0","0","0","0","0","0"
"*05mri*","Jeremy Wu-Yelland","BOS","RP","9910","FA","27","0","0","0%","0%","0","0.00","0","0","0","0","0","0","0","0","0","0"
"*04ywo*","Joan Adon","(N/A)","SP","1244","FA","27","0","0","0%","0%","0","0.00","0","0","0","0","0","0","0","0","0","0"
"*06klc*","Gilberto Batista","TOR","SP,RP","1748","FA","21","0","0","0%","0%","0","0.00","0","0","0","0","0","0","0","0","0","0"
"*05xng*","Rayner Castillo","DET","SP","2509","FA","22","0","0","0%","0%","0","0.00","0","0","0","0","0","0","0","0","0","0"
"*065j7*","Nolan DeVos","HOU","SP","3227","FA","25","0","0","0%","0%","0","0.00","0","0","0","0","0","0","0","0","0","0"
"*06f1i*","Cade Denton","COL","RP","3273","FA","24","0","0","0%","0%","0","0.00","0","0","0","0","0","0","0","0","0","0"
"*06mcd*","Jose Gonzalez","LAA","SP","4274","FA","24","0","0","0%","0%","0","0.00","0","0","0","0","0","0","0","0","0","0"
"*066sr*","Jimmy Joyce","SEA","RP","5201","FA","27","0","0","0%","0%","0","0.00","0","0","0","0","0","0","0","0","0","0"
"*06ami*","Janzen Keisel","(N/A)","SP,RP","5250","FA","23","0","0","0%","0%","0","0.00","0","0","0","0","0","0","0","0","0","0"
"*05xot*","Owen Kellington","PIT","SP","5259","FA","23","0","0","0%","0%","0","0.00","0","0","0","0","0","0","0","0","0","0"
"*0420n*","Seth Martinez","BOS","RP","6070","FA","31","0","0","0%","0%","0","0.00","0","0","0","0","0","0","0","0","0","0"
"*06giu*","Luis Martinez-Gomez","CHC","RP","6076","FA","23","0","0","0%","0%","0","0.00","0","0","0","0","0","0","0","0","0","0"
"*06fz9*","Hayden Minton","DET","SP","6471","FA","25","0","0","0%","0%","0","0.00","0","0","0","0","0","0","0","0","0","0"
"*05jqn*","Koen Moreno","CHC","RP","6627","FA","24","0","0","0%","0%","0","0.00","0","0","0","0","0","0","0","0","0","0"
"*04et8*","Daniel Robert","PHI","RP","7956","FA","31","0","0","0%","0%","0","0.00","0","0","0","0","0","0","0","0","0","0"
"*03qkc*","Drew Smith","(N/A)","RP","8742","FA","32","0","0","0%","0%","0","0","0","0","0","0","0","0","0","0","0","0"
"*05122*","Kendall Williams","(N/A)","SP","9811","FA","25","0","0","0%","0%","0","0.00","0","0","0","0","0","0","0","0","0","0"
"*06z01*","Hunter Allen","BAL","SP","1328","FA","23","0","0","0%","0%","0","0.00","0","0","0","0","0","0","0","0","0","0"
"*06sas*","Anderson Alvarez","TB","SP","1366","FA","18","0","0","0%","0%","0","0.00","0","0","0","0","0","0","0","0","0","0"
"*05yo1*","Justin Armbruester","NYM","RP","1525","FA","27","0","0","0%","0%","0","0.00","0","0","0","0","0","0","0","0","0","0"
"*05jp6*","Burl Carraway","(N/A)","RP","2439","FA","27","0","0","0%","0%","0","0.00","0","0","0","0","0","0","0","0","0","0"
"*04z9h*","Hyun-il Choi","(N/A)","SP,RP","2661","FA","26","0","0","0%","0%","0","0.00","0","0","0","0","0","0","0","0","0","0"
"*05yb3*","Ryan Costeiu","LAA","SP","2874","FA","25","0","0","0%","0%","0","0.00","0","0","0","0","0","0","0","0","0","0"
"*0648u*","Noah Dean","WSH","SP,RP","3232","FA","25","0","0","0%","0%","0","0.00","0","0","0","0","0","0","0","0","0","0"
"*02xih*","Shintaro Fujinami","(N/A)","RP","3947","FA","32","0","0","0%","0%","0","0.00","0","0","0","0","0","0","0","0","0","0"
"*06z5j*","Alexander Garcia","CLE","SP","4013","FA","20","0","0","0%","0%","0","0.00","0","0","0","0","0","0","0","0","0","0"
"*06m8l*","Ettore Giulianelli","(N/A)","RP","4172","FA","23","0","0","0%","0%","0","0.00","0","0","0","0","0","0","0","0","0","0"
"*061zi*","Sean Hermann","SEA","RP","4691","FA","23","0","0","0%","0%","0","0.00","0","0","0","0","0","0","0","0","0","0"
"*059zc*","Dany Jimenez","(N/A)","RP","5105","FA","32","0","0","0%","0%","0","0.00","0","0","0","0","0","0","0","0","0","0"
"*06hhj*","Hudson Leach","HOU","RP","5532","FA","24","0","0","0%","0%","0","0.00","0","0","0","0","0","0","0","0","0","0"
"*062sf*","Ryan Loutos","SEA","RP","5760","FA","27","0","0","0%","0%","0","0","0","0","0","0","0","0","0","0","0","0"
"*06jgh*","Yander Maria","CHC","SP","5933","FA","19","0","0","0%","0%","0","0.00","0","0","0","0","0","0","0","0","0","0"
"*0701p*","Justin Mitrovich","MIN","SP","6490","FA","22","0","0","0%","0%","0","0.00","0","0","0","0","0","0","0","0","0","0"
"*070br*","Barrett Morgan","BOS","SP","6634","FA","21","0","0","0%","0%","0","0.00","0","0","0","0","0","0","0","0","0","0"
"*060x0*","Jaylen Nowlin","MIN","RP","6887","FA","25","0","0","0%","0%","0","0.00","0","0","0","0","0","0","0","0","0","0"
"*04egl*","Glenn Otto","HOU","SP,RP","7072","FA","30","0","0","0%","0%","0","0.00","0","0","0","0","0","0","0","0","0","0"
"*070cz*","Braeden Sloan","BAL","RP","8717","FA","23","0","0","0%","0%","0","0.00","0","0","0","0","0","0","0","0","0","0"
"*06rsh*","Geremy Villoria","MIN","SP","9566","FA","17","0","0","0%","0%","0","0.00","0","0","0","0","0","0","0","0","0","0"
"*06cqu*","Ismael Agreda","TEX","SP","1252","FA","22","0","0","0%","0%","0","0.00","0","0","0","0","0","0","0","0","0","0"
"*03qnb*","Logan Allen","(N/A)","SP,RP","1331","FA","29","0","0","0%","0%","0","0.00","0","0","0","0","0","0","0","0","0","0"
"*02n7z*","Yency Almonte","LAD","RP","1351","FA","32","0","0","0%","0%","0","0.00","0","0","0","0","0","0","0","0","0","0"
"*072yw*","Tom Apfelbaum","LAD","SP","1452","FA","17","0","0","0%","0%","0","0.00","0","0","0","0","0","0","0","0","0","0"
"*0429m*","Joe Barlow","(N/A)","RP","1682","FA","30","0","0","0%","0%","0","0.00","0","0","0","0","0","0","0","0","0","0"
"*06qui*","Nick Brink","MIA","SP","2116","FA","24","0","0","0%","0%","0","0.00","0","0","0","0","0","0","0","0","0","0"
"*06maw*","Anderson Cardenas","ARI","RP","2393","FA","20","0","0","0%","0%","0","0.00","0","0","0","0","0","0","0","0","0","0"
"*06qo4*","Edgar Colon","CIN","SP","2774","FA","20","0","0","0%","0%","0","0.00","0","0","0","0","0","0","0","0","0","0"
"*06f0l*","Matt Duffy","BOS","SP","3446","FA","24","0","0","0%","0%","0","0.00","0","0","0","0","0","0","0","0","0","0"
"*06h20*","Andrew Dunford","HOU","RP","3455","FA","21","0","0","0%","0%","0","0.00","0","0","0","0","0","0","0","0","0","0"
"*072dj*","Clay Edmondson","SD","SP","3511","FA","23","0","0","0%","0%","0","0.00","0","0","0","0","0","0","0","0","0","0"
"*06qta*","Pierce George","CHW","RP","4121","FA","23","0","0","0%","0%","0","0.00","0","0","0","0","0","0","0","0","0","0"
"*06hsc*","Josh Hansell","KC","SP","4556","FA","24","0","0","0%","0%","0","0.00","0","0","0","0","0","0","0","0","0","0"
"*03at0*","Kevin Herget","NYM","RP","4689","FA","35","0","0","0%","0%","0","0.00","0","0","0","0","0","0","0","0","0","0"
"*06zci*","Davion Hickson","LAD","SP","4811","FA","22","0","0","0%","0%","0","0.00","0","0","0","0","0","0","0","0","0","0"
"*051ay*","Jared Johnson","ATH","RP","5143","FA","25","0","0","0%","0%","0","0.00","0","0","0","0","0","0","0","0","0","0"
"*05y4i*","Tanner Kohlhepp","DET","RP","5376","FA","27","0","0","0%","0%","0","0.00","0","0","0","0","0","0","0","0","0","0"
"*0518d*","Anthony Maldonado","(N/A)","RP","5888","FA","28","0","0","0%","0%","0","0.00","0","0","0","0","0","0","0","0","0","0"
"*06ibb*","Dong Ju Moon","(N/A)","SP","6573","FA","22","0","0","0%","0%","0","0.00","0","0","0","0","0","0","0","0","0","0"
"*06mmu*","Sandy Ozuna","COL","SP,RP","7098","FA","20","0","0","0%","0%","0","0.00","0","0","0","0","0","0","0","0","0","0"
"*05t92*","Inohan Paniagua","(N/A)","SP","7153","FA","26","0","0","0%","0%","0","0.00","0","0","0","0","0","0","0","0","0","0"
"*06490*","Hunter Patteson","KC","SP","7209","FA","26","0","0","0%","0%","0","0.00","0","0","0","0","0","0","0","0","0","0"
"*05yg4*","Erian Rodriguez","CHC","SP","8031","FA","24","0","0","0%","0%","0","0.00","0","0","0","0","0","0","0","0","0","0"
"*06hu3*","Will Schomberg","MIA","SP,RP","8499","FA","25","0","0","0%","0%","0","0.00","0","0","0","0","0","0","0","0","0","0"
"*06zrb*","Evan Siary","TEX","SP","8646","FA","22","0","0","0%","0%","0","0.00","0","0","0","0","0","0","0","0","0","0"
"*06hud*","Ben Simon","NYM","RP","8687","FA","24","0","0","0%","0%","0","0.00","0","0","0","0","0","0","0","0","0","0"
"*06qua*","Griffin Tobias","MIL","RP","9211","FA","21","0","0","0%","0%","0","0.00","0","0","0","0","0","0","0","0","0","0"
"*06pee*","Wande Torres","MIL","SP","9270","FA","21","0","0","0%","0%","0","0.00","0","0","0","0","0","0","0","0","0","0"
"*056j3*","Esmerlin Vinicio","SF","RP","9574","FA","23","0","0","0%","0%","0","0.00","0","0","0","0","0","0","0","0","0","0"
"*051dv*","Cole Waites","(N/A)","RP","9615","FA","28","0","0","0%","0%","0","0.00","0","0","0","0","0","0","0","0","0","0"
"*06zli*","Cale Wetwiska","DET","SP","9738","FA","22","0","0","0%","0%","0","0.00","0","0","0","0","0","0","0","0","0","0"
"*0514q*","Colby White","(N/A)","RP","9751","FA","28","0","0","0%","0%","0","0.00","0","0","0","0","0","0","0","0","0","0"
"*06hom*","Eric Yost","SD","SP","9946","FA","23","0","0","0%","0%","0","0.00","0","0","0","0","0","0","0","0","0","0"
"*06ky7*","Alexander Almonte","NYY","SP","1343","FA","19","0","0","0%","0%","0","0.00","0","0","0","0","0","0","0","0","0","0"
"*06qhs*","Ryan Andrade","TB","SP","1423","FA","23","0","0","0%","0%","0","0.00","0","0","0","0","0","0","0","0","0","0"
"*06gih*","Ryan Brown","LAD","RP","2169","FA","23","0","0","0%","0%","0","0.00","0","0","0","0","0","0","0","0","0","0"
"*06qnq*","Everett Catlett","COL","SP,RP","2538","FA","24","0","0","0%","0%","0","0.00","0","0","0","0","0","0","0","0","0","0"
"*06bpx*","Enniel Cortez","MIL","SP","2870","FA","20","0","0","0%","0%","0","0.00","0","0","0","0","0","0","0","0","0","0"
"*04pra*","Austin Cox","(N/A)","RP","2897","FA","29","0","0","0%","0%","0","0.00","0","0","0","0","0","0","0","0","0","0"
"*06qib*","Owen Hackman","ATL","SP","4494","FA","24","0","0","0%","0%","0","0.00","0","0","0","0","0","0","0","0","0","0"
"*06fqo*","Noah Hall","NYM","SP","4520","FA","25","0","0","0%","0%","0","0.00","0","0","0","0","0","0","0","0","0","0"
"*06alh*","Duque Hebbert","DET","RP","4634","FA","24","0","0","0%","0%","0","0.00","0","0","0","0","0","0","0","0","0","0"
"*0008c*","Rich Hill","(N/A)","SP","4838","FA","46","0","0","0%","0%","0","0.00","0","0","0","0","0","0","0","0","0","0"
"*06kkm*","Angel Jimenez","COL","SP","5096","FA","23","0","0","0%","0%","0","0.00","0","0","0","0","0","0","0","0","0","0"
"*05r9n*","Ray Kerr","ATL","RP","5284","FA","31","0","0","0%","0%","0","0.00","0","0","0","0","0","0","0","0","0","0"
"*06gic*","Mark Manfredi","MIL","RP","5900","FA","25","0","0","0%","0%","0","0.00","0","0","0","0","0","0","0","0","0","0"
"*03mhv*","Angel Perdomo","(N/A)","RP","7327","FA","32","0","0","0%","0%","0","0.00","0","0","0","0","0","0","0","0","0","0"
"*0513h*","Erik Rivera","BOS","RP","7933","FA","25","0","0","0%","0%","0","0.00","0","0","0","0","0","0","0","0","0","0"
"*06h02*","Nick Sando","CIN","SP,RP","8395","FA","25","0","0","0%","0%","0","0.00","0","0","0","0","0","0","0","0","0","0"
"*06fqs*","Teddy Sharkey","BAL","RP","8599","FA","24","0","0","0%","0%","0","0.00","0","0","0","0","0","0","0","0","0","0"
"*0517a*","Anthony Veneziano","TEX","RP","9513","FA","28","0","0","0%","0%","0","0.00","0","0","0","0","0","0","0","0","0","0"
"*06483*","Eric Adler","(N/A)","RP","1242","FA","25","0","0","0%","0%","0","0.00","0","0","0","0","0","0","0","0","0","0"
"*05l1p*","Luarbert Arias","(N/A)","RP","1509","FA","25","0","0","0%","0%","0","0.00","0","0","0","0","0","0","0","0","0","0"
"*06rqp*","Aiden Jimenez","KC","RP","5093","FA","22","0","0","0%","0%","0","0.00","0","0","0","0","0","0","0","0","0","0"
"*05a07*","Penn Murfee","(N/A)","RP","6729","FA","32","0","0","0%","0%","0","0.00","0","0","0","0","0","0","0","0","0","0"
"*03qlb*","Thomas Szapucki","(N/A)","RP","9025","FA","30","0","0","0%","0%","0","0.00","0","0","0","0","0","0","0","0","0","0"
"*06zbk*","Ethan Young","STL","RP","9952","FA","22","0","0","0%","0%","0","0.00","0","0","0","0","0","0","0","0","0","0"
"*05162*","Kyle Brnovich","PHI","SP","2132","FA","28","0","0","0%","0%","0","0.00","0","0","0","0","0","0","0","0","0","0"
"*03qkx*","Ryan Burr","(N/A)","RP","2231","FA","32","0","0","0%","0%","0","0.00","0","0","0","0","0","0","0","0","0","0"
"*04pq2*","Dylan Coleman","(N/A)","RP","2743","FA","29","0","0","0%","0%","0","0.00","0","0","0","0","0","0","0","0","0","0"
"*02ob9*","John Curtiss","(N/A)","RP","3012","FA","33","0","0","0%","0%","0","0.00","0","0","0","0","0","0","0","0","0","0"
"*06qo2*","Mack Estrada","NYY","SP","3623","FA","21","0","0","0%","0%","0","0.00","0","0","0","0","0","0","0","0","0","0"
"*062ea*","Jack Findlay","STL","RP","3762","FA","23","0","0","0%","0%","0","0.00","0","0","0","0","0","0","0","0","0","0"
"*04efv*","Tyler Ivey","(N/A)","SP","5020","FA","30","0","0","0%","0%","0","0.00","0","0","0","0","0","0","0","0","0","0"
"*06qwy*","Eli Jones","MIN","SP","5173","FA","23","0","0","0%","0%","0","0.00","0","0","0","0","0","0","0","0","0","0"
"*05yae*","Evan Justice","COL","SP","5216","FA","28","0","0","0%","0%","0","0.00","0","0","0","0","0","0","0","0","0","0"
"*05rek*","Christian MacLeod","MIA","SP,RP","5826","FA","26","0","0","0%","0%","0","0.00","0","0","0","0","0","0","0","0","0","0"
"*0730a*","Kaiden McCarthy","ATL","SP","6151","FA","17","0","0","0%","0%","0","0.00","0","0","0","0","0","0","0","0","0","0"
"*06zlg*","Will McCausland","CLE","SP,RP","6155","FA","22","0","0","0%","0%","0","0.00","0","0","0","0","0","0","0","0","0","0"
"*06mw6*","Sann Omosako","TOR","SP","6999","FA","20","0","0","0%","0%","0","0.00","0","0","0","0","0","0","0","0","0","0"
"*06zgu*","Gabel Pentecost","HOU","SP","7309","FA","23","0","0","0%","0%","0","0.00","0","0","0","0","0","0","0","0","0","0"
"*06qx2*","Anderson Pilar","ATL","RP","7472","FA","28","0","0","0%","0%","0","0.00","0","0","0","0","0","0","0","0","0","0"
"*06qv1*","R.J. Sales","WSH","SP","8313","FA","23","0","0","0%","0%","0","0.00","0","0","0","0","0","0","0","0","0","0"
"*06422*","Enrique Segura","TEX","SP","8542","FA","21","0","0","0%","0%","0","0.00","0","0","0","0","0","0","0","0","0","0"
"*041q9*","Alex Speas","(N/A)","SP","8842","FA","28","0","0","0%","0%","0","0.00","0","0","0","0","0","0","0","0","0","0"
"*041qz*","Mason Thompson","TEX","RP","9172","FA","28","0","0","0%","0%","0","0.00","0","0","0","0","0","0","0","0","0","0"
"*04zaw*","Naoyuki Uwasawa","(N/A)","SP","9387","FA","32","0","0","0%","0%","0","0.00","0","0","0","0","0","0","0","0","0","0"
"*066p9*","Brendan White","(N/A)","RP","9750","FA","27","0","0","0%","0%","0","0.00","0","0","0","0","0","0","0","0","0","0"
"*02hq8*","Rowan Wick","SF","RP","9773","FA","33","0","0","0%","0%","0","0","0","0","0","0","0","0","0","0","0","0"
"*06fhz*","Adrian Acosta","(N/A)","RP","1206","FA","21","0","0","0%","0%","0","0.00","0","0","0","0","0","0","0","0","0","0"
"*04nay*","Tyler Baum","WSH","RP","1758","FA","28","0","0","0%","0%","0","0.00","0","0","0","0","0","0","0","0","0","0"
"*072ep*","Mikey Cascino","LAA","SP","2463","FA","19","0","0","0%","0%","0","0.00","0","0","0","0","0","0","0","0","0","0"
"*05mrb*","Adisyn Coffey","CHW","RP","2728","FA","27","0","0","0%","0%","0","0.00","0","0","0","0","0","0","0","0","0","0"
"*04225*","Tucker Davidson","PHI","SP","3072","FA","30","0","0","0%","0%","0","0.00","0","0","0","0","0","0","0","0","0","0"
"*070ct*","Ryan DeSanto","CLE","SP","3223","FA","22","0","0","0%","0%","0","0.00","0","0","0","0","0","0","0","0","0","0"
"*06z13*","Luke Dotson","ARI","RP","3403","FA","22","0","0","0%","0%","0","0.00","0","0","0","0","0","0","0","0","0","0"
"*06qug*","Greg Farone","SF","SP","3673","FA","24","0","0","0%","0%","0","0.00","0","0","0","0","0","0","0","0","0","0"
"*03qpg*","Ian Gibaut","(N/A)","RP","4136","FA","32","0","0","0%","0%","0","0.00","0","0","0","0","0","0","0","0","0","0"
"*031c2*","Kendall Graveman","(N/A)","RP","4349","FA","35","0","0","0%","0%","0","0.00","0","0","0","0","0","0","0","0","0","0"
"*05yns*","Tyson Guerrero","KC","SP","4427","FA","27","0","0","0%","0%","0","0.00","0","0","0","0","0","0","0","0","0","0"
"*06fzl*","Ryan Hawks","SEA","SP","4618","FA","25","0","0","0%","0%","0","0.00","0","0","0","0","0","0","0","0","0","0"
"*04eon*","Brandon Hughes","(N/A)","RP","4954","FA","30","0","0","0%","0%","0","0.00","0","0","0","0","0","0","0","0","0","0"
"*05ycn*","Rhett Kouba","(N/A)","RP","5396","FA","26","0","0","0%","0%","0","0.00","0","0","0","0","0","0","0","0","0","0"
"*0514a*","Gunner Mayer","SEA","RP","6134","FA","26","0","0","0%","0%","0","0.00","0","0","0","0","0","0","0","0","0","0"
"*0436o*","Francisco Morales","(N/A)","RP","6600","FA","26","0","0","0%","0%","0","0.00","0","0","0","0","0","0","0","0","0","0"
"*04pqg*","Michael Plassmeyer","SEA","SP,RP","7533","FA","29","0","0","0%","0%","0","0.00","0","0","0","0","0","0","0","0","0","0"
"*06yvu*","Grant Richardson","ATH","SP","7882","FA","22","0","0","0%","0%","0","0.00","0","0","0","0","0","0","0","0","0","0"
"*072nz*","Sandro Santana","ARI","RP","8419","FA","21","0","0","0%","0%","0","0.00","0","0","0","0","0","0","0","0","0","0"
"*01skh*","Will Smith","(N/A)","RP","8766","FA","37","0","0","0%","0%","0","0.00","0","0","0","0","0","0","0","0","0","0"
"*05y4p*","Austin Vernon","TB","RP","9536","FA","27","0","0","0%","0%","0","0.00","0","0","0","0","0","0","0","0","0","0"
"*06hnp*","Bryce Warrecker","NYY","RP","9660","FA","24","0","0","0%","0%","0","0.00","0","0","0","0","0","0","0","0","0","0"
"*0647n*","Jacob Watters","TB","SP","9681","FA","25","0","0","0%","0%","0","0.00","0","0","0","0","0","0","0","0","0","0"
"*05jsb*","Tanner Witt","NYM","RP","9871","FA","24","0","0","0%","0%","0","0.00","0","0","0","0","0","0","0","0","0","0"
"*0614d*","Nick Zwack","SF","SP","10019","FA","27","0","0","0%","0%","0","0.00","0","0","0","0","0","0","0","0","0","0"
"*06qtn*","Evan Aschenbeck","CHC","SP","1558","FA","25","0","0","0%","0%","0","0.00","0","0","0","0","0","0","0","0","0","0"
"*06hnl*","Justin Chambers","LAD","RP","2608","FA","20","0","0","0%","0%","0","0.00","0","0","0","0","0","0","0","0","0","0"
"*06pif*","Aaron Combs","PHI","SP","2780","FA","24","0","0","0%","0%","0","0.00","0","0","0","0","0","0","0","0","0","0"
"*0622r*","Alexander Cornielle","NYY","SP","2850","FA","24","0","0","0%","0%","0","0.00","0","0","0","0","0","0","0","0","0","0"
"*066io*","Jake Faherty","MIA","RP","3653","FA","23","0","0","0%","0%","0","0.00","0","0","0","0","0","0","0","0","0","0"
"*04ppx*","Durbin Feltman","STL","SP,RP","3706","FA","29","0","0","0%","0%","0","0.00","0","0","0","0","0","0","0","0","0","0"
"*06k88*","Miguel Flores","CLE","SP","3811","FA","21","0","0","0%","0%","0","0.00","0","0","0","0","0","0","0","0","0","0"
"*06hn8*","Riley Frey","ATL","SP,RP","3917","FA","24","0","0","0%","0%","0","0.00","0","0","0","0","0","0","0","0","0","0"
"*06hw6*","Marty Gair","PHI","RP","3964","FA","23","0","0","0%","0%","0","0.00","0","0","0","0","0","0","0","0","0","0"
"*06c4d*","Saul Garcia","NYM","RP","4070","FA","23","0","0","0%","0%","0","0.00","0","0","0","0","0","0","0","0","0","0"
"*05yof*","Keagan Gillies","BAL","RP","4160","FA","28","0","0","0%","0%","0","0.00","0","0","0","0","0","0","0","0","0","0"
"*04rhh*","Alvin Guzman","(N/A)","RP","4468","FA","24","0","0","0%","0%","0","0.00","0","0","0","0","0","0","0","0","0","0"
"*06f0o*","Wyatt Hudepohl","NYM","SP","4945","FA","24","0","0","0%","0%","0","0.00","0","0","0","0","0","0","0","0","0","0"
"*04ees*","Steven Jennings","(N/A)","RP","5083","FA","27","0","0","0%","0%","0","0.00","0","0","0","0","0","0","0","0","0","0"
"*04q1u*","Reiss Knehr","MIL","RP","5352","FA","29","0","0","0%","0%","0","0.00","0","0","0","0","0","0","0","0","0","0"
"*068xx*","Ty Langenberg","MIN","SP","5461","FA","24","0","0","0%","0%","0","0.00","0","0","0","0","0","0","0","0","0","0"
"*06qyw*","Garrett McDaniels","LAD","RP","6179","FA","26","0","0","0%","0%","0","0.00","0","0","0","0","0","0","0","0","0","0"
"*05lg2*","Liam Norris","(N/A)","RP","6876","FA","24","0","0","0%","0%","0","0.00","0","0","0","0","0","0","0","0","0","0"
"*06z05*","Braden Osbolt","CIN","SP","7050","FA","21","0","0","0%","0%","0","0.00","0","0","0","0","0","0","0","0","0","0"
"*04eoc*","Tommy Romero","(N/A)","SP","8165","FA","29","0","0","0%","0%","0","0.00","0","0","0","0","0","0","0","0","0","0"
"*0241y*","Aaron Sanchez","(N/A)","SP","8337","FA","34","0","0","0%","0%","0","0.00","0","0","0","0","0","0","0","0","0","0"
"*04yl9*","Jayvien Sandridge","BAL","RP","8398","FA","27","0","0","0%","0%","0","0","0","0","0","0","0","0","0","0","0","0"
"*04uwo*","Victor Santos","STL","RP","8443","FA","26","0","0","0%","0%","0","0.00","0","0","0","0","0","0","0","0","0","0"
"*06r74*","Savion Sims","(N/A)","SP","8699","FA","19","0","0","0%","0%","0","0.00","0","0","0","0","0","0","0","0","0","0"
"*03pp2*","Josh Staumont","(N/A)","RP","8881","FA","32","0","0","0%","0%","0","0.00","0","0","0","0","0","0","0","0","0","0"
"*072fk*","Kaden Waechter","SF","SP","9606","FA","18","0","0","0%","0%","0","0.00","0","0","0","0","0","0","0","0","0","0"
"*04qp0*","Miguel Yajure","(N/A)","RP","9919","FA","28","0","0","0%","0%","0","0.00","0","0","0","0","0","0","0","0","0","0"
"*060y1*","Sam Benschoter","CIN","SP,RP","1854","FA","28","0","0","0%","0%","0","0.00","0","0","0","0","0","0","0","0","0","0"
"*03109*","Phil Bickford","(N/A)","RP","1905","FA","31","0","0","0%","0%","0","0.00","0","0","0","0","0","0","0","0","0","0"
"*06c9z*","Carlos Castillo","PIT","SP","2487","FA","20","0","0","0%","0%","0","0.00","0","0","0","0","0","0","0","0","0","0"
"*06awr*","Harrison Cohen","NYY","RP","2734","FA","27","0","0","0%","0%","0","0.00","0","0","0","0","0","0","0","0","0","0"
"*06rws*","Omar Damian","HOU","SP","3039","FA","18","0","0","0%","0%","0","0.00","0","0","0","0","0","0","0","0","0","0"
"*06huo*","Hayden Durke","ARI","RP","3482","FA","24","0","0","0%","0%","0","0.00","0","0","0","0","0","0","0","0","0","0"
"*05xpx*","Thomas Farr","CIN","RP","3676","FA","27","0","0","0%","0%","0","0.00","0","0","0","0","0","0","0","0","0","0"
"*06dsb*","Hunter Furtado","PIT","RP","3955","FA","24","0","0","0%","0%","0","0.00","0","0","0","0","0","0","0","0","0","0"
"*064o3*","Tyler Guilfoil","(N/A)","RP","4436","FA","26","0","0","0%","0%","0","0.00","0","0","0","0","0","0","0","0","0","0"
"*06615*","Grant Hartwig","MIN","SP","4601","FA","28","0","0","0%","0%","0","0.00","0","0","0","0","0","0","0","0","0","0"
"*04eeu*","Spencer Howard","(N/A)","SP","4934","FA","30","0","0","0%","0%","0","0.00","0","0","0","0","0","0","0","0","0","0"
"*041md*","Dakota Hudson","(N/A)","SP","4946","FA","31","0","0","0%","0%","0","0.00","0","0","0","0","0","0","0","0","0","0"
"*04prb*","Justin Jarvis","(N/A)","SP","5055","FA","26","0","0","0%","0%","0","0.00","0","0","0","0","0","0","0","0","0","0"
"*062yn*","Inmer Lobo","PIT","RP","5676","FA","22","0","0","0%","0%","0","0.00","0","0","0","0","0","0","0","0","0","0"
"*06h21*","Logan Martin","SF","SP","5998","FA","25","0","0","0%","0%","0","0.00","0","0","0","0","0","0","0","0","0","0"
"*06u6f*","Miqueas Mercedes","MIL","SP","6373","FA","20","0","0","0%","0%","0","0.00","0","0","0","0","0","0","0","0","0","0"
"*041q4*","Kyle Muller","(N/A)","SP,RP","6707","FA","28","0","0","0%","0%","0","0.00","0","0","0","0","0","0","0","0","0","0"
"*05jqm*","Trent Palmer","(N/A)","SP,RP","7148","FA","27","0","0","0%","0%","0","0.00","0","0","0","0","0","0","0","0","0","0"
"*04eez*","Joe Perez","(N/A)","RP","7373","FA","26","0","0","0%","0%","0","0.00","0","0","0","0","0","0","0","0","0","0"
"*06zcp*","Trace Phillips","TB","SP","7454","FA","22","0","0","0%","0%","0","0.00","0","0","0","0","0","0","0","0","0","0"
"*05r16*","Jean Pinto","(N/A)","SP","7507","FA","25","0","0","0%","0%","0","0.00","0","0","0","0","0","0","0","0","0","0"
"*025ew*","Noah Syndergaard","(N/A)","SP","9024","FA","33","0","0","0%","0%","0","0.00","0","0","0","0","0","0","0","0","0","0"
"*02oyz*","Michael Tonkin","(N/A)","RP","9234","FA","36","0","0","0%","0%","0","0.00","0","0","0","0","0","0","0","0","0","0"
"*02yog*","Touki Toussaint","(N/A)","RP","9275","FA","30","0","0","0%","0%","0","0.00","0","0","0","0","0","0","0","0","0","0"
"*05r5p*","Brian Van Belle","TB","RP","9426","FA","29","0","0","0%","0%","0","0.00","0","0","0","0","0","0","0","0","0","0"
"*05yfx*","Trenton Wallace","TOR","SP,RP","9632","FA","27","0","0","0%","0%","0","0.00","0","0","0","0","0","0","0","0","0","0"
"*06zbi*","Dylan Watts","TOR","RP","9683","FA","22","0","0","0%","0%","0","0.00","0","0","0","0","0","0","0","0","0","0"
"*06c7l*","Nelfy Ynfante","STL","SP,RP","9940","FA","21","0","0","0%","0%","0","0.00","0","0","0","0","0","0","0","0","0","0"
"*06mv5*","Franco Zabaleta","ATH","SP","9970","FA","19","0","0","0%","0%","0","0.00","0","0","0","0","0","0","0","0","0","0"
"*06pw2*","Donovan Zsak","CLE","RP","10013","FA","23","0","0","0%","0%","0","0.00","0","0","0","0","0","0","0","0","0","0"
"*06qsv*","Cohen Achen","BAL","SP,RP","1203","FA","24","0","0","0%","0%","0","0.00","0","0","0","0","0","0","0","0","0","0"
"*070c5*","Alex Barr","ATH","SP","1694","FA","19","0","0","0%","0%","0","0.00","0","0","0","0","0","0","0","0","0","0"
"*06tl5*","Alex Carrillo","SF","RP","2447","FA","29","0","0","0%","0%","0","0","0","0","0","0","0","0","0","0","0","0"
"*05t8w*","Indigo Diaz","(N/A)","RP","3304","FA","27","0","0","0%","0%","0","0.00","0","0","0","0","0","0","0","0","0","0"
"*03dpn*","J.P. Feyereisen","LAD","RP","3745","FA","33","0","0","0%","0%","0","0.00","0","0","0","0","0","0","0","0","0","0"
"*06giw*","Zach Franklin","CHW","RP","3899","FA","27","0","0","0%","0%","0","0.00","0","0","0","0","0","0","0","0","0","0"
"*04ysx*","Luis Frias","(N/A)","RP","3921","FA","28","0","0","0%","0%","0","0.00","0","0","0","0","0","0","0","0","0","0"
"*06qsw*","Will Gagnon","LAD","SP","3962","FA","22","0","0","0%","0%","0","0.00","0","0","0","0","0","0","0","0","0","0"
"*06z41*","Jordan Gottesman","SF","SP","4321","FA","23","0","0","0%","0%","0","0.00","0","0","0","0","0","0","0","0","0","0"
"*070bq*","Luke Jackson","TB","RP","5035","FA","22","0","0","0%","0%","0","0.00","0","0","0","0","0","0","0","0","0","0"
"*072mr*","Jaitoine Kelly","ARI","SP","5263","FA","19","0","0","0%","0%","0","0.00","0","0","0","0","0","0","0","0","0","0"
"*06z47*","Isaac Lyon","WSH","SP","5814","FA","22","0","0","0%","0%","0","0.00","0","0","0","0","0","0","0","0","0","0"
"*06k87*","Erick Matos","ATH","SP","6114","FA","19","0","0","0%","0%","0","0.00","0","0","0","0","0","0","0","0","0","0"
"*06qu2*","Sean Matson","CLE","SP,RP","6116","FA","24","0","0","0%","0%","0","0.00","0","0","0","0","0","0","0","0","0","0"
"*05itd*","Manuel Mercedes","SF","SP,RP","6372","FA","23","0","0","0%","0%","0","0.00","0","0","0","0","0","0","0","0","0","0"
"*06ax1*","Douglas Orellana","NYM","RP","7010","FA","24","0","0","0%","0%","0","0.00","0","0","0","0","0","0","0","0","0","0"
"*06drr*","Edgar Portes","BAL","RP","7578","FA","23","0","0","0%","0%","0","0.00","0","0","0","0","0","0","0","0","0","0"
"*03d7a*","Sean Reid-Foley","(N/A)","RP","7797","FA","30","0","0","0%","0%","0","0.00","0","0","0","0","0","0","0","0","0","0"
"*04q48*","Dalton Roach","(N/A)","RP","7950","FA","30","0","0","0%","0%","0","0.00","0","0","0","0","0","0","0","0","0","0"
"*06ytt*","Naimer Rosario","ARI","SP","8206","FA","20","0","0","0%","0%","0","0.00","0","0","0","0","0","0","0","0","0","0"
"*05rlb*","Eduardo Salazar","MIN","RP","8306","FA","28","0","0","0%","0%","0","0.00","0","0","0","0","0","0","0","0","0","0"
"*06f0s*","Austin Troesser","NYM","RP","9309","FA","24","0","0","0%","0%","0","0.00","0","0","0","0","0","0","0","0","0","0"
"*06uqk*","Deivi Villafana","CIN","SP","9551","FA","23","0","0","0%","0%","0","0.00","0","0","0","0","0","0","0","0","0","0"
"*06qku*","Jayden Voelker","TB","SP","9586","FA","23","0","0","0%","0%","0","0.00","0","0","0","0","0","0","0","0","0","0"
"*041qa*","Mitch White","(N/A)","SP","9757","FA","31","0","0","0%","0%","0","0.00","0","0","0","0","0","0","0","0","0","0"
"*06ekb*","Dylan Wilson","SEA","SP","9830","FA","20","0","0","0%","0%","0","0.00","0","0","0","0","0","0","0","0","0","0"
"*051co*","Andrew Baker","COL","RP","1635","FA","26","0","0","0%","0%","0","0.00","0","0","0","0","0","0","0","0","0","0"
"*06u0c*","Irving Cota","NYM","SP,RP","2879","FA","22","0","0","0%","0%","0","0.00","0","0","0","0","0","0","0","0","0","0"
"*06495*","Derek Diamond","PIT","RP","3289","FA","25","0","0","0%","0%","0","0.00","0","0","0","0","0","0","0","0","0","0"
"*06dpt*","Jatnk Diaz","DET","SP","3307","FA","21","0","0","0%","0%","0","0.00","0","0","0","0","0","0","0","0","0","0"
"*06ux7*","Alexander Fuentes","SF","SP","3943","FA","21","0","0","0%","0%","0","0.00","0","0","0","0","0","0","0","0","0","0"
"*06yyk*","Jason Gilman","BOS","SP","4165","FA","23","0","0","0%","0%","0","0.00","0","0","0","0","0","0","0","0","0","0"
"*06qo0*","Troy Guthrie","TOR","RP","4449","FA","20","0","0","0%","0%","0","0.00","0","0","0","0","0","0","0","0","0","0"
"*041ql*","Thomas Hatch","(N/A)","RP","4609","FA","31","0","0","0%","0%","0","0.00","0","0","0","0","0","0","0","0","0","0"
"*03adt*","James Kaprielian","(N/A)","SP","5228","FA","32","0","0","0%","0%","0","0.00","0","0","0","0","0","0","0","0","0","0"
"*06oom*","Luke Lashutka","MIA","SP,RP","5503","FA","24","0","0","0%","0%","0","0.00","0","0","0","0","0","0","0","0","0","0"
"*0513z*","Jack Little","DET","RP","5664","FA","28","0","0","0%","0%","0","0.00","0","0","0","0","0","0","0","0","0","0"
"*06c5n*","Jacob Mayers","BOS","RP","6135","FA","22","0","0","0%","0%","0","0.00","0","0","0","0","0","0","0","0","0","0"
"*06hw8*","Garrett McMillan","PIT","SP","6236","FA","25","0","0","0%","0%","0","0.00","0","0","0","0","0","0","0","0","0","0"
"*05u6j*","Wes Mendes","HOU","SP","6319","FA","21","0","0","0%","0%","0","0.00","0","0","0","0","0","0","0","0","0","0"
"*05y4n*","Jake Miller","CLE","RP","6447","FA","26","0","0","0%","0%","0","0.00","0","0","0","0","0","0","0","0","0","0"
"*05ual*","Caedmon Parker","CHW","SP","7179","FA","23","0","0","0%","0%","0","0.00","0","0","0","0","0","0","0","0","0","0"
"*06r2p*","Myles Patton","BOS","SP","7210","FA","22","0","0","0%","0%","0","0.00","0","0","0","0","0","0","0","0","0","0"
"*06hws*","Hayden Robinson","MIL","SP","7977","FA","21","0","0","0%","0%","0","0.00","0","0","0","0","0","0","0","0","0","0"
"*05zd5*","Luis R. Rodriguez","NYM","SP","8065","FA","23","0","0","0%","0%","0","0.00","0","0","0","0","0","0","0","0","0","0"
"*06min*","Yoel Roque","MIN","SP","8177","FA","19","0","0","0%","0%","0","0.00","0","0","0","0","0","0","0","0","0","0"
"*06576*","Luis Rujano","CHC","RP","8262","FA","23","0","0","0%","0%","0","0.00","0","0","0","0","0","0","0","0","0","0"
"*06zrg*","Hayden Vucinovich","MIL","SP","9601","FA","19","0","0","0%","0%","0","0.00","0","0","0","0","0","0","0","0","0","0"
"*06gja*","Roman Angelo","ARI","SP","1434","FA","26","0","0","0%","0%","0","0.00","0","0","0","0","0","0","0","0","0","0"
"*06id7*","Frankeli Arias","CHW","SP,RP","1500","FA","23","0","0","0%","0%","0","0.00","0","0","0","0","0","0","0","0","0","0"
"*07101*","Anthony Astudillo","TEX","SP","1568","FA","21","0","0","0%","0%","0","0.00","0","0","0","0","0","0","0","0","0","0"
"*04efe*","Mike Baumann","(N/A)","RP","1761","FA","30","0","0","0%","0%","0","0.00","0","0","0","0","0","0","0","0","0","0"
"*06r7i*","Kolton Curtis","TEX","SP","3010","FA","22","0","0","0%","0%","0","0.00","0","0","0","0","0","0","0","0","0","0"
"*05ydf*","Noah Denoyer","(N/A)","SP","3272","FA","28","0","0","0%","0%","0","0.00","0","0","0","0","0","0","0","0","0","0"
"*064n3*","Magnus Ellerts","CLE","RP","3535","FA","25","0","0","0%","0%","0","0.00","0","0","0","0","0","0","0","0","0","0"
"*06c5s*","Andrew Healy","MIL","SP","4627","FA","23","0","0","0%","0%","0","0.00","0","0","0","0","0","0","0","0","0","0"
"*06hw0*","Bjorn Johnson","MIL","RP","5134","FA","21","0","0","0%","0%","0","0.00","0","0","0","0","0","0","0","0","0","0"
"*05yj2*","Cameron Johnson","CHW","SP","5137","FA","21","0","0","0%","0%","0","0.00","0","0","0","0","0","0","0","0","0","0"
"*06c5a*","Keythel Key","LAA","SP,RP","5291","FA","22","0","0","0%","0%","0","0.00","0","0","0","0","0","0","0","0","0","0"
"*04em5*","Darren McCaughan","(N/A)","RP","6154","FA","30","0","0","0%","0%","0","0.00","0","0","0","0","0","0","0","0","0","0"
"*02btq*","Scott McGough","(N/A)","RP","6199","FA","36","0","0","0%","0%","0","0.00","0","0","0","0","0","0","0","0","0","0"
"*06zba*","Ben Moore","WSH","RP","6577","FA","22","0","0","0%","0%","0","0.00","0","0","0","0","0","0","0","0","0","0"
"*05yio*","Juan Olmos","ATL","RP","6987","FA","21","0","0","0%","0%","0","0.00","0","0","0","0","0","0","0","0","0","0"
"*06fv5*","Jake Peppers","CHW","RP","7312","FA","24","0","0","0%","0%","0","0.00","0","0","0","0","0","0","0","0","0","0"
"*06f1l*","Coleman Picard","KC","RP","7458","FA","24","0","0","0%","0%","0","0.00","0","0","0","0","0","0","0","0","0","0"
"*072qx*","Roderic Ramirez","CHW","RP","7726","FA","17","0","0","0%","0%","0","0.00","0","0","0","0","0","0","0","0","0","0"
"*06tl1*","Angel Rivero","TOR","SP","7940","FA","19","0","0","0%","0%","0","0.00","0","0","0","0","0","0","0","0","0","0"
"*066qw*","Raimy Rodriguez","HOU","SP","8082","FA","21","0","0","0%","0%","0","0.00","0","0","0","0","0","0","0","0","0","0"
"*0664z*","Will Rudy","MIL","SP","8242","FA","25","0","0","0%","0%","0","0.00","0","0","0","0","0","0","0","0","0","0"
"*06git*","Zane Russell","ARI","RP","8271","FA","24","0","0","0%","0%","0","0.00","0","0","0","0","0","0","0","0","0","0"
"*0648h*","Liam Simon","SF","RP","8690","FA","25","0","0","0%","0%","0","0.00","0","0","0","0","0","0","0","0","0","0"
"*06ghi*","Nic Swanson","HOU","SP","9015","FA","27","0","0","0%","0%","0","0.00","0","0","0","0","0","0","0","0","0","0"
"*04hy7*","Juan Then","(N/A)","RP","9144","FA","26","0","0","0%","0%","0","0.00","0","0","0","0","0","0","0","0","0","0"
"*06hw5*","Josh Tiedemann","NYY","RP","9191","FA","22","0","0","0%","0%","0","0.00","0","0","0","0","0","0","0","0","0","0"
"*06577*","Michael Walsh","PIT","RP","9639","FA","25","0","0","0%","0%","0","0.00","0","0","0","0","0","0","0","0","0","0"
"*05mrn*","Case Williams","COL","SP","9802","FA","24","0","0","0%","0%","0","0.00","0","0","0","0","0","0","0","0","0","0"
"*06sbi*","Carlos Zambrano","(N/A)","RP","9974","FA","21","0","0","0%","0%","0","0.00","0","0","0","0","0","0","0","0","0","0"
"*06iey*","Luis Arestigueta","ATL","SP","1485","FA","20","0","0","0%","0%","0","0.00","0","0","0","0","0","0","0","0","0","0"
"*05gdd*","Kohei Arihara","(N/A)","SP","1520","FA","33","0","0","0%","0%","0","0.00","0","0","0","0","0","0","0","0","0","0"
"*06qp7*","Isaac Ayon","LAD","SP","1606","FA","24","0","0","0%","0%","0","0.00","0","0","0","0","0","0","0","0","0","0"
"*04el1*","Brandon Bielak","HOU","RP","1909","FA","30","0","0","0%","0%","0","0.00","0","0","0","0","0","0","0","0","0","0"
"*05jpl*","Bryce Bonnin","(N/A)","RP","2000","FA","27","0","0","0%","0%","0","0.00","0","0","0","0","0","0","0","0","0","0"
"*06img*","Jesus Carrera","HOU","RP","2443","FA","21","0","0","0%","0%","0","0.00","0","0","0","0","0","0","0","0","0","0"
"*064of*","Luichi Casilla","COL","SP","2469","FA","21","0","0","0%","0%","0","0.00","0","0","0","0","0","0","0","0","0","0"
"*03mey*","Gerson Garabito","MIL","RP","4002","FA","30","0","0","0%","0%","0","0.00","0","0","0","0","0","0","0","0","0","0"
"*06qna*","Cayman Goode","ATL","SP","4306","FA","21","0","0","0%","0%","0","0.00","0","0","0","0","0","0","0","0","0","0"
"*06mfr*","Jose Guevara","NYM","SP","4432","FA","21","0","0","0%","0%","0","0.00","0","0","0","0","0","0","0","0","0","0"
"*06qhp*","Franyer Herrera","NYY","RP","4775","FA","21","0","0","0%","0%","0","0.00","0","0","0","0","0","0","0","0","0","0"
"*05zy8*","Chris McElvain","TOR","SP","6188","FA","25","0","0","0%","0%","0","0.00","0","0","0","0","0","0","0","0","0","0"
"*072fg*","Luke Mensik","SF","SP","6355","FA","18","0","0","0%","0%","0","0.00","0","0","0","0","0","0","0","0","0","0"
"*062dw*","Layonel Ovalles","(N/A)","RP","7077","FA","23","0","0","0%","0%","0","0.00","0","0","0","0","0","0","0","0","0","0"
"*04z9g*","Aldo Ramirez","(N/A)","RP","7694","FA","25","0","0","0%","0%","0","0.00","0","0","0","0","0","0","0","0","0","0"
"*06rmw*","Yobal Rodriguez","CHW","SP","8097","FA","18","0","0","0%","0%","0","0.00","0","0","0","0","0","0","0","0","0","0"
"*0680r*","Yondrei Rojas","TOR","RP","8136","FA","23","0","0","0%","0%","0","0.00","0","0","0","0","0","0","0","0","0","0"
"*06yy2*","Zach Royse","ATL","SP","8232","FA","22","0","0","0%","0%","0","0.00","0","0","0","0","0","0","0","0","0","0"
"*02i45*","Jose Ruiz","(N/A)","RP","8252","FA","31","0","0","0%","0%","0","0.00","0","0","0","0","0","0","0","0","0","0"
"*06do6*","Jonathan Russell","TB","RP","8268","FA","21","0","0","0%","0%","0","0.00","0","0","0","0","0","0","0","0","0","0"
"*06fqh*","Jared Simpson","WSH","RP","8695","FA","26","0","0","0%","0%","0","0.00","0","0","0","0","0","0","0","0","0","0"
"*025ej*","Drew Smyly","(N/A)","SP,RP","8770","FA","37","0","0","0%","0%","0","0.00","0","0","0","0","0","0","0","0","0","0"
"*06dsc*","Justin Storm","MIA","RP","8930","FA","24","0","0","0%","0%","0","0.00","0","0","0","0","0","0","0","0","0","0"
"*059ed*","Devin Sweet","BOS","RP","9018","FA","29","0","0","0%","0%","0","0.00","0","0","0","0","0","0","0","0","0","0"
"*06hro*","Donny Troconis","ATH","SP","9308","FA","20","0","0","0%","0%","0","0.00","0","0","0","0","0","0","0","0","0","0"
"*06pqa*","Fidel Ulloa","COL","RP","9357","FA","23","0","0","0%","0%","0","0.00","0","0","0","0","0","0","0","0","0","0"
"*06tn7*","Grant Umberger","CHW","SP","9359","FA","24","0","0","0%","0%","0","0.00","0","0","0","0","0","0","0","0","0","0"
"*06yn3*","Kade Woods","ATL","RP","9889","FA","23","0","0","0%","0%","0","0.00","0","0","0","0","0","0","0","0","0","0"
"*06k84*","Earle Zulueta","STL","SP","10016","FA","19","0","0","0%","0%","0","0.00","0","0","0","0","0","0","0","0","0","0"
"*06r0a*","Blane Abeyta","ATL","RP","1185","FA","27","0","0","0%","0%","0","0.00","0","0","0","0","0","0","0","0","0","0"
"*06qv6*","Nate Ackenhausen","KC","RP","1204","FA","24","0","0","0%","0%","0","0.00","0","0","0","0","0","0","0","0","0","0"
"*070dm*","Cesar Acosta","NYY","SP","1211","FA","19","0","0","0%","0%","0","0.00","0","0","0","0","0","0","0","0","0","0"
"*02yxi*","Austin Adams","(N/A)","RP","1227","FA","35","0","0","0%","0%","0","0.00","0","0","0","0","0","0","0","0","0","0"
"*06qyb*","Dony Aguilera","CIN","SP","1260","FA","19","0","0","0%","0%","0","0.00","0","0","0","0","0","0","0","0","0","0"
"*03do2*","Justin Anderson","(N/A)","RP","1413","FA","33","0","0","0%","0%","0","0.00","0","0","0","0","0","0","0","0","0","0"
"*05ynj*","Keyshawn Askew","(N/A)","RP","1566","FA","26","0","0","0%","0%","0","0.00","0","0","0","0","0","0","0","0","0","0"
"*06qso*","Alex Bouchard","BOS","SP","2021","FA","22","0","0","0%","0%","0","0.00","0","0","0","0","0","0","0","0","0","0"
"*04q78*","Sean Boyle","SD","SP","2051","FA","29","0","0","0%","0%","0","0.00","0","0","0","0","0","0","0","0","0","0"
"*06zaz*","Alex Breckheimer","STL","RP","2087","FA","22","0","0","0%","0%","0","0.00","0","0","0","0","0","0","0","0","0","0"
"*064n6*","Ben Brutti","CIN","RP","2184","FA","23","0","0","0%","0%","0","0.00","0","0","0","0","0","0","0","0","0","0"
"*0731f*","Justin Burgos","PHI","SP","2211","FA","17","0","0","0%","0%","0","0.00","0","0","0","0","0","0","0","0","0","0"
"*06qu8*","Aiden Butler","SEA","SP","2247","FA","22","0","0","0%","0%","0","0.00","0","0","0","0","0","0","0","0","0","0"
"*04oul*","Tim Cate","(N/A)","RP","2536","FA","28","0","0","0%","0%","0","0.00","0","0","0","0","0","0","0","0","0","0"
"*0668i*","Will Childers","MIL","RP","2641","FA","25","0","0","0%","0%","0","0.00","0","0","0","0","0","0","0","0","0","0"
"*05y3g*","Stiven Cruz","MIL","RP","2974","FA","24","0","0","0%","0%","0","0.00","0","0","0","0","0","0","0","0","0","0"
"*0376n*","Jose De Leon","(N/A)","SP","3174","FA","33","0","0","0%","0%","0","0.00","0","0","0","0","0","0","0","0","0","0"
"*06hoa*","Nick Dean","CHC","SP","3231","FA","25","0","0","0%","0%","0","0.00","0","0","0","0","0","0","0","0","0","0"
"*06gif*","Jay Driver","CLE","RP","3426","FA","24","0","0","0%","0%","0","0.00","0","0","0","0","0","0","0","0","0","0"
"*03mo2*","Junior Fernandez","(N/A)","RP","3726","FA","29","0","0","0%","0%","0","0.00","0","0","0","0","0","0","0","0","0","0"
"*03c97*","Domingo German","(N/A)","SP","4126","FA","33","0","0","0%","0%","0","0.00","0","0","0","0","0","0","0","0","0","0"
"*0519m*","Dan Hammer","NYM","RP","4537","FA","28","0","0","0%","0%","0","0","0","0","0","0","0","0","0","0","0","0"
"*06qot*","Jace Hampson","NYM","SP","4544","FA","20","0","0","0%","0%","0","0.00","0","0","0","0","0","0","0","0","0","0"
"*066lc*","Landon Harper","ATL","SP,RP","4574","FA","25","0","0","0%","0%","0","0.00","0","0","0","0","0","0","0","0","0","0"
"*05yaq*","Devereaux Harrison","TOR","SP,RP","4589","FA","25","0","0","0%","0%","0","0.00","0","0","0","0","0","0","0","0","0","0"
"*06z02*","Justin Henschel","CIN","SP","4672","FA","22","0","0","0%","0%","0","0.00","0","0","0","0","0","0","0","0","0","0"
"*06pqd*","Bridger Holmes","LAA","RP","4894","FA","23","0","0","0%","0%","0","0.00","0","0","0","0","0","0","0","0","0","0"
"*05ueo*","Jorge Juan","(N/A)","RP","5204","FA","27","0","0","0%","0%","0","0.00","0","0","0","0","0","0","0","0","0","0"
"*05129*","Karl Kauffmann","(N/A)","RP","5238","FA","28","0","0","0%","0%","0","0.00","0","0","0","0","0","0","0","0","0","0"
"*06tlf*","Jackson Kirkpatrick","CHC","RP","5332","FA","23","0","0","0%","0%","0","0.00","0","0","0","0","0","0","0","0","0","0"
"*06qrc*","Eric Loomis","TEX","RP","5714","FA","24","0","0","0%","0%","0","0.00","0","0","0","0","0","0","0","0","0","0"
"*06tvl*","Ryan McDonagh","KC","SP","6180","FA","20","0","0","0%","0%","0","0.00","0","0","0","0","0","0","0","0","0","0"
"*06ek2*","Xavier Meachem","MIA","RP","6247","FA","23","0","0","0%","0%","0","0.00","0","0","0","0","0","0","0","0","0","0"
"*05xoe*","Zane Mills","CHC","RP","6462","FA","26","0","0","0%","0%","0","0.00","0","0","0","0","0","0","0","0","0","0"
"*03quj*","Anthony Misiewicz","CIN","RP","6479","FA","31","0","0","0%","0%","0","0.00","0","0","0","0","0","0","0","0","0","0"
"*06zf5*","Robert Mitchell","LAA","SP","6486","FA","20","0","0","0%","0%","0","0.00","0","0","0","0","0","0","0","0","0","0"
"*06agd*","Jack O'Connor","LAD","RP","6920","FA","22","0","0","0%","0%","0","0.00","0","0","0","0","0","0","0","0","0","0"
"*06z04*","Kellan Oakes","HOU","RP","6937","FA","22","0","0","0%","0%","0","0.00","0","0","0","0","0","0","0","0","0","0"
"*051jq*","Bryce Osmond","LAA","SP","7054","FA","25","0","0","0%","0%","0","0.00","0","0","0","0","0","0","0","0","0","0"
"*0515z*","Drew Parrish","(N/A)","RP","7192","FA","28","0","0","0%","0%","0","0.00","0","0","0","0","0","0","0","0","0","0"
"*06h1v*","Paulshawn Pasqualotto","MIN","RP","7197","FA","25","0","0","0%","0%","0","0.00","0","0","0","0","0","0","0","0","0","0"
"*06y02*","Francisco Pazos","SEA","SP","7240","FA","20","0","0","0%","0%","0","0.00","0","0","0","0","0","0","0","0","0","0"
"*04zv4*","Robinson Pina","(N/A)","RP","7479","FA","27","0","0","0%","0%","0","0.00","0","0","0","0","0","0","0","0","0","0"
"*072f1*","Luke Roupe","MIL","SP","8229","FA","19","0","0","0%","0%","0","0.00","0","0","0","0","0","0","0","0","0","0"
"*06o0p*","Gregory Sanchez","COL","SP","8357","FA","19","0","0","0%","0%","0","0.00","0","0","0","0","0","0","0","0","0","0"
"*0519b*","Avery Short","ARI","SP","8634","FA","25","0","0","0%","0%","0","0.00","0","0","0","0","0","0","0","0","0","0"
"*06hnb*","Casey Steward","PHI","SP","8909","FA","24","0","0","0%","0%","0","0.00","0","0","0","0","0","0","0","0","0","0"
"*06cmh*","James Tallon","PHI","RP","9044","FA","22","0","0","0%","0%","0","0.00","0","0","0","0","0","0","0","0","0","0"
"*06hzh*","Yereny Teus","TB","SP","9140","FA","22","0","0","0%","0%","0","0.00","0","0","0","0","0","0","0","0","0","0"
"*02j6w*","Jose Urena","(N/A)","SP,RP","9377","FA","34","0","0","0%","0%","0","0.00","0","0","0","0","0","0","0","0","0","0"
"*06qn7*","John West","ARI","SP","9730","FA","24","0","0","0%","0%","0","0.00","0","0","0","0","0","0","0","0","0","0"
"*066jl*","JP Wheat","CHC","SP","9743","FA","23","0","0","0%","0%","0","0.00","0","0","0","0","0","0","0","0","0","0"
"*06hwa*","Luis Aguilar","HOU","SP,RP","1257","FA","22","0","0","0%","0%","0","0.00","0","0","0","0","0","0","0","0","0","0"
"*062po*","Patricio Aquino","MIL","RP","1462","FA","23","0","0","0%","0%","0","0.00","0","0","0","0","0","0","0","0","0","0"
"*03ysq*","Jaime Barria","(N/A)","SP,RP","1707","FA","30","0","0","0%","0%","0","0.00","0","0","0","0","0","0","0","0","0","0"
"*05yc2*","Garrett Burhenn","DET","SP","2216","FA","26","0","0","0%","0%","0","0.00","0","0","0","0","0","0","0","0","0","0"
"*0351m*","Miguel Castro","(N/A)","RP","2530","FA","31","0","0","0%","0%","0","0.00","0","0","0","0","0","0","0","0","0","0"
"*06za4*","Seth Clausen","COL","RP","2705","FA","23","0","0","0%","0%","0","0.00","0","0","0","0","0","0","0","0","0","0"
"*06fz1*","Miguel Cordero","(N/A)","RP","2840","FA","19","0","0","0%","0%","0","0.00","0","0","0","0","0","0","0","0","0","0"
"*06qup*","Ramsey David","HOU","SP,RP","3069","FA","25","0","0","0%","0%","0","0.00","0","0","0","0","0","0","0","0","0","0"
"*06l5c*","Jason DeCaro","PIT","SP","3212","FA","20","0","0","0%","0%","0","0.00","0","0","0","0","0","0","0","0","0","0"
"*06rsg*","Anderson Diaz","DET","SP","3293","FA","18","0","0","0%","0%","0","0.00","0","0","0","0","0","0","0","0","0","0"
"*072r0*","Yoel Duarte","SD","SP","3435","FA","17","0","0","0%","0%","0","0.00","0","0","0","0","0","0","0","0","0","0"
"*0700z*","Riley Eikhoff","CHW","SP","3526","FA","24","0","0","0%","0%","0","0.00","0","0","0","0","0","0","0","0","0","0"
"*064w7*","Nixon Encarnacion","(N/A)","RP","3563","FA","21","0","0","0%","0%","0","0.00","0","0","0","0","0","0","0","0","0","0"
"*060qf*","Carlos Espinosa","LAA","RP","3599","FA","24","0","0","0%","0%","0","0.00","0","0","0","0","0","0","0","0","0","0"
"*06hpu*","Ethan Flanagan","CHC","SP","3784","FA","24","0","0","0%","0%","0","0.00","0","0","0","0","0","0","0","0","0","0"
"*0511x*","Ryan Garcia","(N/A)","RP","4068","FA","28","0","0","0%","0%","0","0.00","0","0","0","0","0","0","0","0","0","0"
"*04ei1*","Lucas Gilbreath","(N/A)","RP","4152","FA","30","0","0","0%","0%","0","0.00","0","0","0","0","0","0","0","0","0","0"
"*051d8*","Ryan Harbin","PIT","SP,RP","4562","FA","24","0","0","0%","0%","0","0","0","0","0","0","0","0","0","0","0","0"
"*06pg8*","Melkis Hernandez","CLE","SP","4748","FA","21","0","0","0%","0%","0","0.00","0","0","0","0","0","0","0","0","0","0"
"*06pgy*","Colby Holcombe","TOR","SP,RP","4877","FA","23","0","0","0%","0%","0","0.00","0","0","0","0","0","0","0","0","0","0"
"*04elo*","Andre Jackson","(N/A)","RP","5026","FA","30","0","0","0%","0%","0","0.00","0","0","0","0","0","0","0","0","0","0"
"*051d5*","Antoine Jean","COL","RP","5067","FA","24","0","0","0%","0%","0","0.00","0","0","0","0","0","0","0","0","0","0"
"*063dq*","Jefferson Jean","(N/A)","SP","5069","FA","21","0","0","0%","0%","0","0.00","0","0","0","0","0","0","0","0","0","0"
"*065v4*","Marques Johnson","SF","RP","5151","FA","26","0","0","0%","0%","0","0.00","0","0","0","0","0","0","0","0","0","0"
"*06pgi*","Tanner Jones","KC","SP","5187","FA","23","0","0","0%","0%","0","0.00","0","0","0","0","0","0","0","0","0","0"
"*03quq*","Kyle Keller","BOS","RP","5254","FA","33","0","0","0%","0%","0","0.00","0","0","0","0","0","0","0","0","0","0"
"*066t8*","Cesar Lares","MIN","SP","5494","FA","23","0","0","0%","0%","0","0.00","0","0","0","0","0","0","0","0","0","0"
"*06zhe*","Carson Laws","MIA","RP","5521","FA","23","0","0","0%","0%","0","0.00","0","0","0","0","0","0","0","0","0","0"
"*06akd*","Christian Lopez","CIN","RP","5721","FA","20","0","0","0%","0%","0","0.00","0","0","0","0","0","0","0","0","0","0"
"*06hub*","Alex Makarewich","LAD","RP","5882","FA","24","0","0","0%","0%","0","0.00","0","0","0","0","0","0","0","0","0","0"
"*06qr5*","Colby Martin","MIA","RP","5993","FA","25","0","0","0%","0%","0","0.00","0","0","0","0","0","0","0","0","0","0"
"*06qky*","Niko Mazza","SF","SP","6140","FA","24","0","0","0%","0%","0","0.00","0","0","0","0","0","0","0","0","0","0"
"*0516m*","Evan McKendry","MIA","SP,RP","6220","FA","28","0","0","0%","0%","0","0.00","0","0","0","0","0","0","0","0","0","0"
"*06aga*","Livan Moinelo","(N/A)","SP","6501","FA","30","0","0","0%","0%","0","0.00","0","0","0","0","0","0","0","0","0","0"
"*051ai*","McKinley Moore","(N/A)","RP","6587","FA","27","0","0","0%","0%","0","0.00","0","0","0","0","0","0","0","0","0","0"
"*06c5k*","DJ Newman","HOU","SP","6815","FA","22","0","0","0%","0%","0","0.00","0","0","0","0","0","0","0","0","0","0"
"*0701q*","Mason Nichols","TB","RP","6826","FA","23","0","0","0%","0%","0","0.00","0","0","0","0","0","0","0","0","0","0"
"*0514h*","Zach Peek","NYM","RP","7248","FA","28","0","0","0%","0%","0","0.00","0","0","0","0","0","0","0","0","0","0"
"*05y43*","Jose Pena Jr.","PHI","RP","7269","FA","23","0","0","0%","0%","0","0.00","0","0","0","0","0","0","0","0","0","0"
"*041wu*","Zach Plesac","(N/A)","SP","7535","FA","31","0","0","0%","0%","0","0.00","0","0","0","0","0","0","0","0","0","0"
"*04avf*","Elvin Rodriguez","(N/A)","RP","8029","FA","28","0","0","0%","0%","0","0.00","0","0","0","0","0","0","0","0","0","0"
"*06awm*","Rafael Sanchez","(N/A)","SP","8376","FA","26","0","0","0%","0%","0","0.00","0","0","0","0","0","0","0","0","0","0"
"*072eh*","Tyler Schmitt","SD","SP","8492","FA","21","0","0","0%","0%","0","0.00","0","0","0","0","0","0","0","0","0","0"
"*06fzd*","Thomas Schultz","WSH","RP","8512","FA","26","0","0","0%","0%","0","0.00","0","0","0","0","0","0","0","0","0","0"
"*05y4r*","Adam Shoemaker","HOU","SP","8631","FA","23","0","0","0%","0%","0","0.00","0","0","0","0","0","0","0","0","0","0"
"*06qwu*","Kolten Smith","MIN","SP,RP","8751","FA","22","0","0","0%","0%","0","0.00","0","0","0","0","0","0","0","0","0","0"
"*06und*","Saul Teran","PHI","RP","9128","FA","24","0","0","0%","0%","0","0.00","0","0","0","0","0","0","0","0","0","0"
"*03de5*","Zach Thompson","(N/A)","RP","9178","FA","32","0","0","0%","0%","0","0.00","0","0","0","0","0","0","0","0","0","0"
"*06c1h*","Shosei Togo","(N/A)","SP","9215","FA","25","0","0","0%","0%","0","0.00","0","0","0","0","0","0","0","0","0","0"
"*06rpx*","Adrian Torres","LAD","SP","9246","FA","18","0","0","0%","0%","0","0.00","0","0","0","0","0","0","0","0","0","0"
"*05ydd*","Eric Torres","BAL","RP","9253","FA","26","0","0","0%","0%","0","0.00","0","0","0","0","0","0","0","0","0","0"
"*06zat*","Shane Van Dam","KC","RP","9427","FA","22","0","0","0%","0%","0","0.00","0","0","0","0","0","0","0","0","0","0"
"*05gbx*","Jordany Ventura","(N/A)","RP","9519","FA","26","0","0","0%","0%","0","0.00","0","0","0","0","0","0","0","0","0","0"
"*06fzj*","Cory Wall","ATL","RP","9625","FA","26","0","0","0%","0%","0","0.00","0","0","0","0","0","0","0","0","0","0"
"*05rhq*","Gabriel Agostini","(N/A)","RP","1251","FA","22","0","0","0%","0%","0","0.00","0","0","0","0","0","0","0","0","0","0"
"*05tb4*","Luke Albright","(N/A)","RP","1275","FA","26","0","0","0%","0%","0","0.00","0","0","0","0","0","0","0","0","0","0"
"*0429o*","A.J. Alexy","(N/A)","SP","1311","FA","28","0","0","0%","0%","0","0.00","0","0","0","0","0","0","0","0","0","0"
"*04akb*","Michel Baez","(N/A)","RP","1626","FA","30","0","0","0%","0%","0","0.00","0","0","0","0","0","0","0","0","0","0"
"*02new*","Jose Castillo","(N/A)","RP","2498","FA","30","0","0","0%","0%","0","0.00","0","0","0","0","0","0","0","0","0","0"
"*04k4u*","Max Castillo","(N/A)","SP","2505","FA","27","0","0","0%","0%","0","0.00","0","0","0","0","0","0","0","0","0","0"
"*03zu0*","Yonny Chirinos","(N/A)","SP","2655","FA","32","0","0","0%","0%","0","0.00","0","0","0","0","0","0","0","0","0","0"
"*061p7*","Luis De Avila","(N/A)","SP","3105","FA","25","0","0","0%","0%","0","0.00","0","0","0","0","0","0","0","0","0","0"
"*02hhd*","Dylan Floro","(N/A)","RP","3824","FA","35","0","0","0%","0%","0","0.00","0","0","0","0","0","0","0","0","0","0"
"*041q3*","Kevin Gowdy","(N/A)","RP","4325","FA","28","0","0","0%","0%","0","0.00","0","0","0","0","0","0","0","0","0","0"
"*066st*","Jose Hernandez","(N/A)","RP","4733","FA","28","0","0","0%","0%","0","0.00","0","0","0","0","0","0","0","0","0","0"
"*05uvv*","Antonio Jimenez","(N/A)","RP","5097","FA","25","0","0","0%","0%","0","0.00","0","0","0","0","0","0","0","0","0","0"
"*0648j*","Seth Keller","(N/A)","RP","5255","FA","21","0","0","0%","0%","0","0.00","0","0","0","0","0","0","0","0","0","0"
"*045ok*","Sauryn Lao","(N/A)","RP","5480","FA","26","0","0","0%","0%","0","0.00","0","0","0","0","0","0","0","0","0","0"
"*0421l*","Sam Long","(N/A)","RP","5708","FA","31","0","0","0%","0%","0","0.00","0","0","0","0","0","0","0","0","0","0"
"*01iz0*","Tyler Matzek","(N/A)","RP","6127","FA","35","0","0","0%","0%","0","0.00","0","0","0","0","0","0","0","0","0","0"
"*063u5*","Manuel Medina","(N/A)","RP","6267","FA","24","0","0","0%","0%","0","0.00","0","0","0","0","0","0","0","0","0","0"
"*03dnu*","Bryce Montes de Oca","(N/A)","RP","6552","FA","30","0","0","0%","0%","0","0.00","0","0","0","0","0","0","0","0","0","0"
"*03zuo*","Luis Oviedo","(N/A)","SP","7084","FA","27","0","0","0%","0%","0","0.00","0","0","0","0","0","0","0","0","0","0"
"*06kyc*","Walter Pennington","(N/A)","RP","7306","FA","28","0","0","0%","0%","0","0.00","0","0","0","0","0","0","0","0","0","0"
"*04eue*","Cam Robinson","(N/A)","RP","7973","FA","26","0","0","0%","0%","0","0.00","0","0","0","0","0","0","0","0","0","0"
"*04evj*","Riley Thompson","(N/A)","SP,RP","9175","FA","30","0","0","0%","0%","0","0.00","0","0","0","0","0","0","0","0","0","0"
"*05166*","Nathan Wiles","(N/A)","RP","9788","FA","28","0","0","0%","0%","0","0.00","0","0","0","0","0","0","0","0","0","0"
"*05y70*","Alaska Abney","CLE","RP","1186","FA","26","0","0","0%","0%","0","0.00","0","0","0","0","0","0","0","0","0","0"
"*06s3r*","Jervis Alfaro","CLE","SP","1312","FA","22","0","0","0%","0%","0","0.00","0","0","0","0","0","0","0","0","0","0"
"*06hun*","Sam Armstrong","MIN","SP","1531","FA","25","0","0","0%","0%","0","0.00","0","0","0","0","0","0","0","0","0","0"
"*041me*","Diego Castillo","(N/A)","RP","2491","FA","32","0","0","0%","0%","0","0.00","0","0","0","0","0","0","0","0","0","0"
"*05u1z*","Sam Cozart","(N/A)","SP","2901","FA","20","0","0","0%","0%","0","0.00","0","0","0","0","0","0","0","0","0","0"
"*06ofp*","Dugan Darnell","(N/A)","RP","3054","FA","29","0","0","0%","0%","0","0.00","0","0","0","0","0","0","0","0","0","0"
"*070bn*","Alton Davis II","LAA","RP","3078","FA","22","0","0","0%","0%","0","0.00","0","0","0","0","0","0","0","0","0","0"
"*04pn2*","Tanner Dodson","(N/A)","RP","3368","FA","29","0","0","0%","0%","0","0.00","0","0","0","0","0","0","0","0","0","0"
"*041y7*","Parker Dunshee","(N/A)","SP,RP","3465","FA","31","0","0","0%","0%","0","0.00","0","0","0","0","0","0","0","0","0","0"
"*02n6j*","Buck Farmer","(N/A)","RP","3670","FA","35","0","0","0%","0%","0","0.00","0","0","0","0","0","0","0","0","0","0"
"*06mmp*","Eddy Felix","DET","SP","3693","FA","22","0","0","0%","0%","0","0.00","0","0","0","0","0","0","0","0","0","0"
"*06ajo*","Jackson Finley","ATH","SP,RP","3763","FA","25","0","0","0%","0%","0","0.00","0","0","0","0","0","0","0","0","0","0"
"*06pqb*","Phil Fox","CHW","RP","3864","FA","23","0","0","0%","0%","0","0.00","0","0","0","0","0","0","0","0","0","0"
"*06yyr*","Jacob Frost","LAD","SP","3937","FA","23","0","0","0%","0%","0","0.00","0","0","0","0","0","0","0","0","0","0"
"*03740*","Stephen Gonsalves","(N/A)","RP","4230","FA","32","0","0","0%","0%","0","0.00","0","0","0","0","0","0","0","0","0","0"
"*072qz*","Jonathan Hechavarria","ATL","SP","4636","FA","17","0","0","0%","0%","0","0.00","0","0","0","0","0","0","0","0","0","0"
"*0701n*","Trevor Heishman","DET","SP","4642","FA","19","0","0","0%","0%","0","0.00","0","0","0","0","0","0","0","0","0","0"
"*041ue*","Nick Hernandez","ATH","RP","4753","FA","31","0","0","0%","0%","0","0.00","0","0","0","0","0","0","0","0","0","0"
"*06rum*","Yoslaniel Hernandez","PIT","SP","4767","FA","18","0","0","0%","0%","0","0.00","0","0","0","0","0","0","0","0","0","0"
"*06guk*","Carson Hobbs","LAD","RP","4857","FA","24","0","0","0%","0%","0","0.00","0","0","0","0","0","0","0","0","0","0"
"*04ylr*","Joel Ibarra","PIT","RP","4993","FA","24","0","0","0%","0%","0","0.00","0","0","0","0","0","0","0","0","0","0"
"*0680o*","Eli Jerzembeck","CHC","RP","5088","FA","23","0","0","0%","0%","0","0.00","0","0","0","0","0","0","0","0","0","0"
"*06hf6*","Chris Kean","NYY","RP","5241","FA","24","0","0","0%","0%","0","0.00","0","0","0","0","0","0","0","0","0","0"
"*06mmq*","Daniel Keaney","TEX","RP","5243","FA","21","0","0","0%","0%","0","0.00","0","0","0","0","0","0","0","0","0","0"
"*06zll*","Jacob Kuhn","TB","SP","5416","FA","22","0","0","0%","0%","0","0.00","0","0","0","0","0","0","0","0","0","0"
"*041s7*","Jimmy Lambert","(N/A)","RP","5446","FA","31","0","0","0%","0%","0","0.00","0","0","0","0","0","0","0","0","0","0"
"*041qc*","Travis MacGregor","NYY","RP","5823","FA","28","0","0","0%","0%","0","0.00","0","0","0","0","0","0","0","0","0","0"
"*06aq1*","Erigaldi Perez","CLE","SP","7363","FA","20","0","0","0%","0%","0","0.00","0","0","0","0","0","0","0","0","0","0"
"*0657m*","Dylan Phillips","LAA","RP","7452","FA","27","0","0","0%","0%","0","0.00","0","0","0","0","0","0","0","0","0","0"
"*070c2*","Owen Proksch","TEX","RP","7621","FA","22","0","0","0%","0%","0","0.00","0","0","0","0","0","0","0","0","0","0"
"*04k0x*","Jose Quijada","(N/A)","RP","7653","FA","30","0","0","0%","0%","0","0.00","0","0","0","0","0","0","0","0","0","0"
"*06kln*","Irwin Ramirez","PIT","SP","7705","FA","19","0","0","0%","0%","0","0.00","0","0","0","0","0","0","0","0","0","0"
"*061a6*","Ryan Ramsey","KC","SP","7756","FA","25","0","0","0%","0%","0","0.00","0","0","0","0","0","0","0","0","0","0"
"*051c4*","Logan Rinehart","(N/A)","RP","7905","FA","28","0","0","0%","0%","0","0.00","0","0","0","0","0","0","0","0","0","0"
"*0633j*","Juan Rojas","BAL","SP,RP","8126","FA","22","0","0","0%","0%","0","0.00","0","0","0","0","0","0","0","0","0","0"
"*05y5q*","Dustin Saenz","TEX","RP","8290","FA","27","0","0","0%","0%","0","0.00","0","0","0","0","0","0","0","0","0","0"
"*04ej0*","Bryan Sammons","(N/A)","RP","8329","FA","31","0","0","0%","0%","0","0.00","0","0","0","0","0","0","0","0","0","0"
"*06qi4*","Logan Samuels","ATL","RP","8332","FA","24","0","0","0%","0%","0","0.00","0","0","0","0","0","0","0","0","0","0"
"*06avy*","Marino Santy","CHC","RP","8447","FA","24","0","0","0%","0%","0","0.00","0","0","0","0","0","0","0","0","0","0"
"*05xq3*","Nick Sinacola","(N/A)","RP","8700","FA","26","0","0","0%","0%","0","0.00","0","0","0","0","0","0","0","0","0","0"
"*06qtc*","Nolan Sparks","STL","SP","8840","FA","23","0","0","0%","0%","0","0.00","0","0","0","0","0","0","0","0","0","0"
"*02mw1*","Chris Stratton","(N/A)","RP","8937","FA","35","0","0","0%","0%","0","0.00","0","0","0","0","0","0","0","0","0","0"
"*068a4*","Liam Sullivan","WSH","SP","8990","FA","24","0","0","0%","0%","0","0.00","0","0","0","0","0","0","0","0","0","0"
"*06hes*","Braydon Tucker","PHI","SP","9320","FA","27","0","0","0%","0%","0","0.00","0","0","0","0","0","0","0","0","0","0"
"*06pq3*","Chandler Welch","MIL","SP","9708","FA","23","0","0","0%","0%","0","0.00","0","0","0","0","0","0","0","0","0","0"
"*06zik*","Kaiden Wilson","MIA","RP","9834","FA","22","0","0","0%","0%","0","0.00","0","0","0","0","0","0","0","0","0","0"
"*06gie*","Christian Worley","STL","RP","9898","FA","24","0","0","0%","0%","0","0.00","0","0","0","0","0","0","0","0","0","0"
"*06hv7*","Chay Yeager","TOR","RP","9931","FA","23","0","0","0%","0%","0","0.00","0","0","0","0","0","0","0","0","0","0"
"*06af9*","Gavin Adams","PIT","RP","1231","FA","23","0","0","0%","0%","0","0.00","0","0","0","0","0","0","0","0","0","0"
"*06z16*","Joe Ariola","ARI","RP","1521","FA","22","0","0","0%","0%","0","0.00","0","0","0","0","0","0","0","0","0","0"
"*06hhl*","Kelly Austin","NYY","RP","1581","FA","25","0","0","0%","0%","0","0.00","0","0","0","0","0","0","0","0","0","0"
"*070c8*","Jake Barbee","TEX","SP","1669","FA","19","0","0","0%","0%","0","0.00","0","0","0","0","0","0","0","0","0","0"
"*061hw*","Blake Beers","ATH","SP","1800","FA","28","0","0","0%","0%","0","0.00","0","0","0","0","0","0","0","0","0","0"
"*06qsk*","Mason Burns","STL","RP","2227","FA","24","0","0","0%","0%","0","0.00","0","0","0","0","0","0","0","0","0","0"
"*0620l*","Manuel Castro","SD","RP","2529","FA","24","0","0","0%","0%","0","0.00","0","0","0","0","0","0","0","0","0","0"
"*05h7g*","Joshua Cornielly","NYM","RP","2851","FA","25","0","0","0%","0%","0","0.00","0","0","0","0","0","0","0","0","0","0"
"*06f1d*","Jacob Cravey","BAL","SP,RP","2907","FA","24","0","0","0%","0%","0","0.00","0","0","0","0","0","0","0","0","0","0"
"*06huc*","Elijah Dale","SEA","RP","3027","FA","25","0","0","0%","0%","0","0.00","0","0","0","0","0","0","0","0","0","0"
"*05jpn*","Stevie Emanuels","ATH","RP","3546","FA","27","0","0","0%","0%","0","0.00","0","0","0","0","0","0","0","0","0","0"
"*0641j*","Jaydenn Estanista","MIA","RP","3614","FA","24","0","0","0%","0%","0","0.00","0","0","0","0","0","0","0","0","0","0"
"*06agk*","Cade Fisher","BOS","SP","3769","FA","22","0","0","0%","0%","0","0.00","0","0","0","0","0","0","0","0","0","0"
"*05jr8*","Jackson Fristoe","NYY","RP","3932","FA","25","0","0","0%","0%","0","0.00","0","0","0","0","0","0","0","0","0","0"
"*06qrw*","Luke Gabrysh","PHI","SP","3959","FA","23","0","0","0%","0%","0","0.00","0","0","0","0","0","0","0","0","0","0"
"*04pym*","Zach Greene","(N/A)","RP","4376","FA","29","0","0","0%","0%","0","0.00","0","0","0","0","0","0","0","0","0","0"
"*06zqp*","Jamie Hitt","SD","RP","4852","FA","24","0","0","0%","0%","0","0.00","0","0","0","0","0","0","0","0","0","0"
"*04yco*","Denny Larrondo","(N/A)","SP","5498","FA","24","0","0","0%","0%","0","0.00","0","0","0","0","0","0","0","0","0","0"
"*05y4o*","Quinton Low","MIL","SP","5766","FA","23","0","0","0%","0%","0","0.00","0","0","0","0","0","0","0","0","0","0"
"*05y5h*","DJ McCarty","TEX","SP","6152","FA","23","0","0","0%","0%","0","0.00","0","0","0","0","0","0","0","0","0","0"
"*06qnp*","Alexander Meckley","WSH","SP","6255","FA","23","0","0","0%","0%","0","0.00","0","0","0","0","0","0","0","0","0","0"
"*062l4*","Jordarlin Mendoza","NYY","RP","6347","FA","22","0","0","0%","0%","0","0.00","0","0","0","0","0","0","0","0","0","0"
"*069xv*","Christian Montes De Oca","(N/A)","RP","6551","FA","26","0","0","0%","0%","0","0.00","0","0","0","0","0","0","0","0","0","0"
"*04ei3*","Parker Mushinski","COL","RP","6749","FA","30","0","0","0%","0%","0","0.00","0","0","0","0","0","0","0","0","0","0"
"*03yt7*","Ljay Newsome","(N/A)","SP","6817","FA","29","0","0","0%","0%","0","0.00","0","0","0","0","0","0","0","0","0","0"
"*0649c*","Cy Nielson","PIT","RP","6833","FA","25","0","0","0%","0%","0","0.00","0","0","0","0","0","0","0","0","0","0"
"*06s3j*","Steven Perez","CLE","RP","7399","FA","25","0","0","0%","0%","0","0.00","0","0","0","0","0","0","0","0","0","0"
"*06z0o*","Robby Porco","LAD","RP","7575","FA","22","0","0","0%","0%","0","0.00","0","0","0","0","0","0","0","0","0","0"
"*05zy9*","Luis Ramirez","TEX","RP","7716","FA","25","0","0","0%","0%","0","0.00","0","0","0","0","0","0","0","0","0","0"
"*06ftu*","Oscar Rayo","KC","RP","7775","FA","24","0","0","0%","0%","0","0.00","0","0","0","0","0","0","0","0","0","0"
"*066rq*","Gerardo Salas","STL","SP","8301","FA","23","0","0","0%","0%","0","0.00","0","0","0","0","0","0","0","0","0","0"
"*06rqc*","Robinson Smith","PIT","SP","8758","FA","18","0","0","0%","0%","0","0.00","0","0","0","0","0","0","0","0","0","0"
"*070bj*","Dylan Tate","LAD","RP","9062","FA","22","0","0","0%","0%","0","0.00","0","0","0","0","0","0","0","0","0","0"
"*05y73*","Carlos Tavera","BAL","RP","9076","FA","27","0","0","0%","0%","0","0.00","0","0","0","0","0","0","0","0","0","0"
"*05ymv*","Dameivi Tineo","MIA","SP","9201","FA","22","0","0","0%","0%","0","0.00","0","0","0","0","0","0","0","0","0","0"
"*04pqy*","Chris Vallimont","MIN","SP","9423","FA","29","0","0","0%","0%","0","0.00","0","0","0","0","0","0","0","0","0","0"
"*02bru*","Jordan Weems","(N/A)","RP","9695","FA","33","0","0","0%","0%","0","0.00","0","0","0","0","0","0","0","0","0","0"
"*0665v*","Lucas Wepf","LAD","RP","9723","FA","26","0","0","0%","0%","0","0.00","0","0","0","0","0","0","0","0","0","0"
"*03aad*","Alex Young","WSH","RP","9948","FA","32","0","0","0%","0%","0","0.00","0","0","0","0","0","0","0","0","0","0"
"*06mpq*","Nico Zeglin","HOU","RP","9996","FA","26","0","0","0%","0%","0","0.00","0","0","0","0","0","0","0","0","0","0"
"*06hve*","Cody Adcock","CIN","RP","1237","FA","24","0","0","0%","0%","0","0.00","0","0","0","0","0","0","0","0","0","0"
"*02hi5*","Scott Alexander","KC","RP","1310","FA","37","0","0","0%","0%","0","0.00","0","0","0","0","0","0","0","0","0","0"
"*06c8q*","Jarol Baez","STL","RP","1616","FA","20","0","0","0%","0%","0","0.00","0","0","0","0","0","0","0","0","0","0"
"*060yf*","Jonatan Bernal","ARI","SP,RP","1873","FA","24","0","0","0%","0%","0","0.00","0","0","0","0","0","0","0","0","0","0"
"*06685*","John Michael Bertrand","SF","SP","1888","FA","28","0","0","0%","0%","0","0.00","0","0","0","0","0","0","0","0","0","0"
"*0701t*","Ethin Bingaman","(N/A)","SP","1921","FA","19","0","0","0%","0%","0","0.00","0","0","0","0","0","0","0","0","0","0"
"*06z9v*","Colton Book","CHC","SP","2003","FA","23","0","0","0%","0%","0","0.00","0","0","0","0","0","0","0","0","0","0"
"*060hu*","Caleb Boushley","(N/A)","RP","2028","FA","32","0","0","0%","0%","0","0.00","0","0","0","0","0","0","0","0","0","0"
"*06mw7*","Reiver Camacho","COL","RP","2329","FA","19","0","0","0%","0%","0","0.00","0","0","0","0","0","0","0","0","0","0"
"*06mpl*","Juan Cazarez","SEA","SP","2547","FA","20","0","0","0%","0%","0","0.00","0","0","0","0","0","0","0","0","0","0"
"*06oh2*","Derek Clark","LAA","SP","2690","FA","24","0","0","0%","0%","0","0.00","0","0","0","0","0","0","0","0","0","0"
"*06rt3*","Christopher Cordero","BOS","SP","2834","FA","18","0","0","0%","0%","0","0.00","0","0","0","0","0","0","0","0","0","0"
"*064nh*","Omari Daniel","DET","RP","3046","FA","22","0","0","0%","0%","0","0.00","0","0","0","0","0","0","0","0","0","0"
"*06fqj*","Joey Dixon","HOU","RP","3366","FA","24","0","0","0%","0%","0","0.00","0","0","0","0","0","0","0","0","0","0"
"*07039*","Samuel Dutton","ATH","SP","3486","FA","23","0","0","0%","0%","0","0.00","0","0","0","0","0","0","0","0","0","0"
"*06zam*","Kamden Edge","KC","RP","3508","FA","21","0","0","0%","0%","0","0.00","0","0","0","0","0","0","0","0","0","0"
"*05jqq*","Mason Erla","LAA","RP","3575","FA","28","0","0","0%","0%","0","0.00","0","0","0","0","0","0","0","0","0","0"
"*070db*","Carson Fischer","WSH","RP","3768","FA","23","0","0","0%","0%","0","0.00","0","0","0","0","0","0","0","0","0","0"
"*0724h*","Kaemyn Franklin","CHC","SP","3895","FA","20","0","0","0%","0%","0","0.00","0","0","0","0","0","0","0","0","0","0"
"*06z10*","Patrick Galle","STL","RP","3982","FA","22","0","0","0%","0%","0","0.00","0","0","0","0","0","0","0","0","0","0"
"*072r1*","Alexis Gallego","SF","SP","3983","FA","17","0","0","0%","0%","0","0.00","0","0","0","0","0","0","0","0","0","0"
"*0512n*","Grant Gambrell","KC","SP","3997","FA","28","0","0","0%","0%","0","0.00","0","0","0","0","0","0","0","0","0","0"
"*03mmw*","Vladimir Gutierrez","(N/A)","RP","4465","FA","30","0","0","0%","0%","0","0.00","0","0","0","0","0","0","0","0","0","0"
"*05mrm*","Jack Hartman","TB","RP","4598","FA","28","0","0","0%","0%","0","0.00","0","0","0","0","0","0","0","0","0","0"
"*06z40*","Casey Hintz","SEA","RP","4847","FA","22","0","0","0%","0%","0","0.00","0","0","0","0","0","0","0","0","0","0"
"*0658c*","Preston Johnson","MIN","SP","5154","FA","26","0","0","0%","0%","0","0.00","0","0","0","0","0","0","0","0","0","0"
"*070c7*","Cameron Keshock","PIT","RP","5286","FA","22","0","0","0%","0%","0","0.00","0","0","0","0","0","0","0","0","0","0"
"*05y9i*","Zac Leigh","CHC","RP","5571","FA","28","0","0","0%","0%","0","0.00","0","0","0","0","0","0","0","0","0","0"
"*04aza*","Mauricio Llovera","(N/A)","RP","5671","FA","30","0","0","0%","0%","0","0.00","0","0","0","0","0","0","0","0","0","0"
"*05yeu*","Lael Lockhart","DET","SP","5680","FA","28","0","0","0%","0%","0","0.00","0","0","0","0","0","0","0","0","0","0"
"*04er0*","Seth Lonsway","SF","SP","5713","FA","27","0","0","0%","0%","0","0.00","0","0","0","0","0","0","0","0","0","0"
"*06yyh*","Carter Lovasz","ATL","RP","5761","FA","23","0","0","0%","0%","0","0.00","0","0","0","0","0","0","0","0","0","0"
"*06akj*","Wilmer Lugo","NYM","RP","5791","FA","20","0","0","0%","0%","0","0.00","0","0","0","0","0","0","0","0","0","0"
"*06rsc*","Logan Lunceford","LAD","SP","5807","FA","22","0","0","0%","0%","0","0.00","0","0","0","0","0","0","0","0","0","0"
"*06z46*","Danny Macchiarola","SEA","SP","5829","FA","21","0","0","0%","0%","0","0.00","0","0","0","0","0","0","0","0","0","0"
"*06yar*","Landon Mack","(N/A)","SP","5849","FA","20","0","0","0%","0%","0","0.00","0","0","0","0","0","0","0","0","0","0"
"*06yyg*","Riley Maddox","WSH","SP,RP","5853","FA","0","0","0","0%","0%","0","0.00","0","0","0","0","0","0","0","0","0","0"
"*06qtg*","Matt McShane","BOS","RP","6243","FA","23","0","0","0%","0%","0","0.00","0","0","0","0","0","0","0","0","0","0"
"*0689l*","Jose Montero","CIN","SP","6544","FA","23","0","0","0%","0%","0","0.00","0","0","0","0","0","0","0","0","0","0"
"*01fug*","Matt Moore","KC","RP","6586","FA","37","0","0","0%","0%","0","0.00","0","0","0","0","0","0","0","0","0","0"
"*06fpl*","Trennor O'Donnell","BOS","RP","6922","FA","25","0","0","0%","0%","0","0.00","0","0","0","0","0","0","0","0","0","0"
"*05y0s*","Freddy Pacheco","(N/A)","RP","7107","FA","28","0","0","0%","0%","0","0.00","0","0","0","0","0","0","0","0","0","0"
"*05j8m*","Carlos Pena","DET","SP,RP","7273","FA","27","0","0","0%","0%","0","0.00","0","0","0","0","0","0","0","0","0","0"
"*062x6*","Dominic Perachi","PIT","SP","7313","FA","25","0","0","0%","0%","0","0.00","0","0","0","0","0","0","0","0","0","0"
"*06l0q*","Sebastian Perez","TB","SP","7398","FA","19","0","0","0%","0%","0","0.00","0","0","0","0","0","0","0","0","0","0"
"*0657r*","Nate Peterson","CIN","RP","7430","FA","26","0","0","0%","0%","0","0.00","0","0","0","0","0","0","0","0","0","0"
"*06fu6*","Eric Prado","MIL","SP","7597","FA","20","0","0","0%","0%","0","0.00","0","0","0","0","0","0","0","0","0","0"
"*02c2m*","Adrian Sampson","(N/A)","SP","8331","FA","34","0","0","0%","0%","0","0.00","0","0","0","0","0","0","0","0","0","0"
"*06qpy*","Jacob Shafer","ATL","SP","8596","FA","24","0","0","0%","0%","0","0.00","0","0","0","0","0","0","0","0","0","0"
"*072bh*","Andrew Shaffner","CIN","RP","8598","FA","23","0","0","0%","0%","0","0.00","0","0","0","0","0","0","0","0","0","0"
"*05ui1*","Joaquin Tejada","(N/A)","RP","9111","FA","23","0","0","0%","0%","0","0.00","0","0","0","0","0","0","0","0","0","0"
"*06c4x*","Francis Texido","LAA","SP,RP","9141","FA","21","0","0","0%","0%","0","0.00","0","0","0","0","0","0","0","0","0","0"
"*06qhu*","Brandt Thompson","STL","SP","9164","FA","24","0","0","0%","0%","0","0.00","0","0","0","0","0","0","0","0","0","0"
"*06gib*","Ryan Vanderhei","SF","RP","9437","FA","25","0","0","0%","0%","0","0.00","0","0","0","0","0","0","0","0","0","0"
"*06mig*","Yeferson Vargas","LAA","SP","9458","FA","21","0","0","0%","0%","0","0.00","0","0","0","0","0","0","0","0","0","0"
"*066es*","Zach Veen","(N/A)","SP","9489","FA","25","0","0","0%","0%","0","0.00","0","0","0","0","0","0","0","0","0","0"
"*03qv3*","Nick Vespi","(N/A)","RP","9539","FA","30","0","0","0%","0%","0","0.00","0","0","0","0","0","0","0","0","0","0"
"*06dpy*","Danny Watson","NYY","RP","9673","FA","25","0","0","0%","0%","0","0.00","0","0","0","0","0","0","0","0","0","0"
"*0514v*","Avery Weems","(N/A)","RP","9694","FA","29","0","0","0%","0%","0","0.00","0","0","0","0","0","0","0","0","0","0"
"*05r6h*","Dailoui Abad","LAD","RP","1179","FA","24","0","0","0%","0%","0","0.00","0","0","0","0","0","0","0","0","0","0"
"*06rqy*","Cristobal Abreu","ATL","RP","1190","FA","20","0","0","0%","0%","0","0.00","0","0","0","0","0","0","0","0","0","0"
"*06s46*","Henry Alcantara","SEA","RP","1289","FA","18","0","0","0%","0%","0","0.00","0","0","0","0","0","0","0","0","0","0"
"*06qu6*","Tanner Bauman","NYY","SP,RP","1759","FA","24","0","0","0%","0%","0","0.00","0","0","0","0","0","0","0","0","0","0"
"*05y9s*","Gabe Bierman","MIA","RP","1912","FA","26","0","0","0%","0%","0","0.00","0","0","0","0","0","0","0","0","0","0"
"*06hpv*","Kade Bragg","MIA","RP","2064","FA","25","0","0","0%","0%","0","0.00","0","0","0","0","0","0","0","0","0","0"
"*05ygx*","Max Carlson","BOS","RP","2413","FA","24","0","0","0%","0%","0","0.00","0","0","0","0","0","0","0","0","0","0"
"*04yl7*","Efrain Contreras","(N/A)","RP","2805","FA","26","0","0","0%","0%","0","0.00","0","0","0","0","0","0","0","0","0","0"
"*05ui8*","Nathanael Cruz","(N/A)","SP","2964","FA","23","0","0","0%","0%","0","0.00","0","0","0","0","0","0","0","0","0","0"
"*070bw*","Colin Daniel","ATL","SP","3044","FA","22","0","0","0%","0%","0","0.00","0","0","0","0","0","0","0","0","0","0"
"*0664r*","Michael Darrell-Hicks","PIT","RP","3055","FA","28","0","0","0%","0%","0","0.00","0","0","0","0","0","0","0","0","0","0"
"*06qub*","Jason Doktorczyk","MIN","SP,RP","3371","FA","23","0","0","0%","0%","0","0.00","0","0","0","0","0","0","0","0","0","0"
"*041m4*","Justin Dunn","LAA","SP","3459","FA","30","0","0","0%","0%","0","0.00","0","0","0","0","0","0","0","0","0","0"
"*06zb4*","Kaden Echeman","STL","SP","3504","FA","23","0","0","0%","0%","0","0.00","0","0","0","0","0","0","0","0","0","0"
"*0514x*","Drake Fellows","PHI","SP,RP","3705","FA","28","0","0","0%","0%","0","0.00","0","0","0","0","0","0","0","0","0","0"
"*06qpt*","Andres Galan","TB","SP","3967","FA","23","0","0","0%","0%","0","0.00","0","0","0","0","0","0","0","0","0","0"
"*06qtk*","Drake George","SF","SP","4117","FA","24","0","0","0%","0%","0","0.00","0","0","0","0","0","0","0","0","0","0"
"*03aqt*","Victor Gonzalez","(N/A)","RP","4301","FA","30","0","0","0%","0%","0","0.00","0","0","0","0","0","0","0","0","0","0"
"*03fi1*","Javy Guerra","CHW","RP","4414","FA","30","0","0","0%","0%","0","0.00","0","0","0","0","0","0","0","0","0","0"
"*051gc*","Bradley Hanner","NYY","RP","4555","FA","27","0","0","0%","0%","0","0","0","0","0","0","0","0","0","0","0","0"
"*06cmn*","Alix Hernandez","SF","RP","4701","FA","22","0","0","0%","0%","0","0.00","0","0","0","0","0","0","0","0","0","0"
"*03dsa*","Jordan Holloway","(N/A)","RP","4891","FA","30","0","0","0%","0%","0","0.00","0","0","0","0","0","0","0","0","0","0"
"*06c33*","Joe Jacques","NYM","SP","5041","FA","31","0","0","0%","0%","0","0.00","0","0","0","0","0","0","0","0","0","0"
"*0657j*","Matt Keating","NYY","RP","5245","FA","25","0","0","0%","0%","0","0.00","0","0","0","0","0","0","0","0","0","0"
"*06qhw*","Jacob Kroeger","ATL","SP,RP","5407","FA","26","0","0","0%","0%","0","0.00","0","0","0","0","0","0","0","0","0","0"
"*03179*","Chad Kuhl","(N/A)","SP","5415","FA","33","0","0","0%","0%","0","0.00","0","0","0","0","0","0","0","0","0","0"
"*06l2q*","Anyer Laureano","CIN","RP","5510","FA","23","0","0","0%","0%","0","0.00","0","0","0","0","0","0","0","0","0","0"
"*04egu*","Ethan Lindow","(N/A)","SP","5644","FA","27","0","0","0%","0%","0","0.00","0","0","0","0","0","0","0","0","0","0"
"*06fqm*","Justin Long","ATL","RP","5706","FA","24","0","0","0%","0%","0","0.00","0","0","0","0","0","0","0","0","0","0"
"*01gjf*","Jordan Lyles","(N/A)","SP","5811","FA","35","0","0","0%","0%","0","0.00","0","0","0","0","0","0","0","0","0","0"
"*04b21*","Angel Macuare","(N/A)","RP","5851","FA","26","0","0","0%","0%","0","0.00","0","0","0","0","0","0","0","0","0","0"
"*06yyf*","Lucas Mahlstedt","LAA","RP","5875","FA","23","0","0","0%","0%","0","0.00","0","0","0","0","0","0","0","0","0","0"
"*06mw5*","Luis Maracara","SD","RP","5916","FA","18","0","0","0%","0%","0","0.00","0","0","0","0","0","0","0","0","0","0"
"*05y68*","Bryce McGowan","COL","RP","6201","FA","26","0","0","0%","0%","0","0.00","0","0","0","0","0","0","0","0","0","0"
"*06kki*","Marcus Morgan","(N/A)","SP,RP","6638","FA","23","0","0","0%","0%","0","0.00","0","0","0","0","0","0","0","0","0","0"
"*041r9*","Nick Nelson","(N/A)","RP","6802","FA","30","0","0","0%","0%","0","0.00","0","0","0","0","0","0","0","0","0","0"
"*03doq*","Connor Overton","(N/A)","SP,RP","7079","FA","33","0","0","0%","0%","0","0.00","0","0","0","0","0","0","0","0","0","0"
"*06qvr*","Liam Paddack","CHW","RP","7115","FA","23","0","0","0%","0%","0","0.00","0","0","0","0","0","0","0","0","0","0"
"*06zbc*","Trendan Parish","TB","RP","7171","FA","24","0","0","0%","0%","0","0.00","0","0","0","0","0","0","0","0","0","0"
"*05xuj*","Bryan Perez","(N/A)","SP","7348","FA","22","0","0","0%","0%","0","0.00","0","0","0","0","0","0","0","0","0","0"
"*06hnm*","Kai Peterson","WSH","RP","7428","FA","23","0","0","0%","0%","0","0.00","0","0","0","0","0","0","0","0","0","0"
"*06z3t*","Braydon Risley","PIT","SP,RP","7913","FA","21","0","0","0%","0%","0","0.00","0","0","0","0","0","0","0","0","0","0"
"*05ui0*","Julio Robaina","ATL","SP","7952","FA","25","0","0","0%","0%","0","0.00","0","0","0","0","0","0","0","0","0","0"
"*06kr5*","Yerlin Rodriguez","MIL","RP","8095","FA","24","0","0","0%","0%","0","0.00","0","0","0","0","0","0","0","0","0","0"
"*04z9n*","Juan Sanchez","(N/A)","RP","8367","FA","25","0","0","0%","0%","0","0.00","0","0","0","0","0","0","0","0","0","0"
"*06gj0*","Shay Schanaman","ATL","RP","8478","FA","26","0","0","0%","0%","0","0.00","0","0","0","0","0","0","0","0","0","0"
"*0514g*","Seth Shuman","WSH","SP,RP","8641","FA","28","0","0","0%","0%","0","0.00","0","0","0","0","0","0","0","0","0","0"
"*06qtj*","Shea Sprague","BOS","SP,RP","8853","FA","23","0","0","0%","0%","0","0.00","0","0","0","0","0","0","0","0","0","0"
"*072fc*","Dillon Stiltner","NYM","SP","8919","FA","19","0","0","0%","0%","0","0.00","0","0","0","0","0","0","0","0","0","0"
"*04eg8*","Drew Strotman","(N/A)","RP","8949","FA","29","0","0","0%","0%","0","0.00","0","0","0","0","0","0","0","0","0","0"
"*06mq5*","Orlando Suarez","CHW","SP","8973","FA","19","0","0","0%","0%","0","0.00","0","0","0","0","0","0","0","0","0","0"
"*06581*","Tyler Vogel","SF","RP","9590","FA","25","0","0","0%","0%","0","0.00","0","0","0","0","0","0","0","0","0","0"
"*072bs*","Alex Wallace","TB","SP","9627","FA","22","0","0","0%","0%","0","0.00","0","0","0","0","0","0","0","0","0","0"
"*06zqm*","Brian Walters","PHI","SP,RP","9643","FA","23","0","0","0%","0%","0","0.00","0","0","0","0","0","0","0","0","0","0"
"*06f1f*","CJ Weins","DET","RP","9703","FA","25","0","0","0%","0%","0","0.00","0","0","0","0","0","0","0","0","0","0"
"*051d7*","Amos Willingham","MIA","RP","9821","FA","27","0","0","0%","0%","0","0.00","0","0","0","0","0","0","0","0","0","0"
"*06rwd*","Kelvin Zapata","BAL","SP","9985","FA","18","0","0","0%","0%","0","0.00","0","0","0","0","0","0","0","0","0","0"
"*04ef6*","Cory Abbott","(N/A)","SP","1181","FA","30","0","0","0%","0%","0","0.00","0","0","0","0","0","0","0","0","0","0"
"*03xy4*","Albert Abreu","(N/A)","RP","1187","FA","30","0","0","0%","0%","0","0.00","0","0","0","0","0","0","0","0","0","0"
"*06gjs*","Casey Anderson","ARI","SP,RP","1407","FA","25","0","0","0%","0%","0","0.00","0","0","0","0","0","0","0","0","0","0"
"*04egk*","Andrew Bechtold","PHI","RP","1784","FA","30","0","0","0%","0%","0","0.00","0","0","0","0","0","0","0","0","0","0"
"*0410p*","Austin Bergner","(N/A)","SP,RP","1868","FA","29","0","0","0%","0%","0","0.00","0","0","0","0","0","0","0","0","0","0"
"*0657z*","Julian Bosnic","(N/A)","RP","2017","FA","26","0","0","0%","0%","0","0.00","0","0","0","0","0","0","0","0","0","0"
"*06gjc*","Adam Boucher","WSH","RP","2023","FA","24","0","0","0%","0%","0","0.00","0","0","0","0","0","0","0","0","0","0"
"*06za0*","Jake Brink","CIN","SP","2115","FA","23","0","0","0%","0%","0","0.00","0","0","0","0","0","0","0","0","0","0"
"*063do*","Moises Brito","(N/A)","RP","2125","FA","24","0","0","0%","0%","0","0.00","0","0","0","0","0","0","0","0","0","0"
"*06144*","Kelvin Caceres","(N/A)","RP","2292","FA","26","0","0","0%","0%","0","0.00","0","0","0","0","0","0","0","0","0","0"
"*055cd*","Kristian Cardozo","(N/A)","RP","2399","FA","23","0","0","0%","0%","0","0.00","0","0","0","0","0","0","0","0","0","0"
"*02mx4*","J.T. Chargois","(N/A)","RP","2615","FA","35","0","0","0%","0%","0","0.00","0","0","0","0","0","0","0","0","0","0"
"*03pja*","Kyle Cody","(N/A)","RP","2727","FA","31","0","0","0%","0%","0","0.00","0","0","0","0","0","0","0","0","0","0"
"*04o63*","Edwar Colina","(N/A)","SP","2747","FA","29","0","0","0%","0%","0","0.00","0","0","0","0","0","0","0","0","0","0"
"*05ss8*","Luis Contreras","(N/A)","RP","2810","FA","30","0","0","0%","0%","0","0.00","0","0","0","0","0","0","0","0","0","0"
"*065v0*","Micah Dallas","ATH","RP","3034","FA","26","0","0","0%","0%","0","0.00","0","0","0","0","0","0","0","0","0","0"
"*06mhu*","Manuel Davila","MIL","RP","3077","FA","18","0","0","0%","0%","0","0.00","0","0","0","0","0","0","0","0","0","0"
"*05163*","Ricky DeVito","(N/A)","RP","3226","FA","27","0","0","0%","0%","0","0.00","0","0","0","0","0","0","0","0","0","0"
"*04ef7*","Tommy Doyle","(N/A)","RP","3419","FA","30","0","0","0%","0%","0","0.00","0","0","0","0","0","0","0","0","0","0"
"*06fqk*","Jake Eddington","PHI","RP","3506","FA","25","0","0","0%","0%","0","0.00","0","0","0","0","0","0","0","0","0","0"
"*06l4q*","Austin Ehrlicher","BOS","SP,RP","3522","FA","23","0","0","0%","0%","0","0.00","0","0","0","0","0","0","0","0","0","0"
"*062zr*","Anthony Flores","MIL","SP,RP","3802","FA","21","0","0","0%","0%","0","0.00","0","0","0","0","0","0","0","0","0","0"
"*0422q*","Matt Foster","(N/A)","RP","3851","FA","31","0","0","0%","0%","0","0.00","0","0","0","0","0","0","0","0","0","0"
"*03nqh*","Kyle Funkhouser","(N/A)","SP,RP","3953","FA","32","0","0","0%","0%","0","0.00","0","0","0","0","0","0","0","0","0","0"
"*05140*","Conor Grammes","(N/A)","SP,RP","4340","FA","29","0","0","0%","0%","0","0.00","0","0","0","0","0","0","0","0","0","0"
"*06ysk*","Kailen Hamson","BAL","SP","4547","FA","24","0","0","0%","0%","0","0.00","0","0","0","0","0","0","0","0","0","0"
"*06fqp*","Charles Harrison","(N/A)","RP","4588","FA","24","0","0","0%","0%","0","0.00","0","0","0","0","0","0","0","0","0","0"
"*04efp*","Jacob Heatherly","CHW","SP","4633","FA","28","0","0","0%","0%","0","0.00","0","0","0","0","0","0","0","0","0","0"
"*05gdy*","Cristian Hernandez","(N/A)","RP","4709","FA","25","0","0","0%","0%","0","0.00","0","0","0","0","0","0","0","0","0","0"
"*06qnv*","Titan Kennedy-Hayes","PHI","RP","5277","FA","24","0","0","0%","0%","0","0.00","0","0","0","0","0","0","0","0","0","0"
"*02bze*","Joey Krehbiel","(N/A)","RP","5402","FA","33","0","0","0%","0%","0","0.00","0","0","0","0","0","0","0","0","0","0"
"*03ry2*","Dinelson Lamet","(N/A)","RP","5449","FA","34","0","0","0%","0%","0","0.00","0","0","0","0","0","0","0","0","0","0"
"*065v7*","Kyle Luckham","WSH","SP","5779","FA","26","0","0","0%","0%","0","0.00","0","0","0","0","0","0","0","0","0","0"
"*06zap*","Max Martin","HOU","RP","6000","FA","22","0","0","0%","0%","0","0.00","0","0","0","0","0","0","0","0","0","0"
"*06uwd*","Kevin Martinez","COL","SP","6048","FA","18","0","0","0%","0%","0","0.00","0","0","0","0","0","0","0","0","0","0"
"*061a5*","Maximo Martinez","(N/A)","RP","6054","FA","22","0","0","0%","0%","0","0.00","0","0","0","0","0","0","0","0","0","0"
"*07032*","Tyler McLoughlin","NYM","SP,RP","6232","FA","24","0","0","0%","0%","0","0.00","0","0","0","0","0","0","0","0","0","0"
"*06aq2*","Francisco Morao","BAL","SP","6612","FA","20","0","0","0%","0%","0","0.00","0","0","0","0","0","0","0","0","0","0"
"*06qnb*","Cody Morse","LAD","RP","6668","FA","23","0","0","0%","0%","0","0.00","0","0","0","0","0","0","0","0","0","0"
"*06hv6*","Chandler Murphy","TB","SP,RP","6731","FA","25","0","0","0%","0%","0","0.00","0","0","0","0","0","0","0","0","0","0"
"*031au*","Patrick Murphy","(N/A)","RP","6736","FA","31","0","0","0%","0%","0","0.00","0","0","0","0","0","0","0","0","0","0"
"*02j2u*","Tyler Naquin","(N/A)","RP","6769","FA","35","0","0","0%","0%","0","0.00","0","0","0","0","0","0","0","0","0","0"
"*06iaz*","Ruddy Navarro","SEA","SP","6785","FA","20","0","0","0%","0%","0","0.00","0","0","0","0","0","0","0","0","0","0"
"*05yen*","Alberto Pacheco","COL","SP,RP","7102","FA","23","0","0","0%","0%","0","0.00","0","0","0","0","0","0","0","0","0","0"
"*031ce*","Thomas Pannone","MIL","SP","7154","FA","32","0","0","0%","0%","0","0.00","0","0","0","0","0","0","0","0","0","0"
"*06cge*","Yimi Presinal","KC","RP","7610","FA","21","0","0","0%","0%","0","0.00","0","0","0","0","0","0","0","0","0","0"
"*063gl*","Jawilme Ramirez","STL","RP","7706","FA","24","0","0","0%","0%","0","0.00","0","0","0","0","0","0","0","0","0","0"
"*06qkw*","Will Riley","SEA","RP","7899","FA","24","0","0","0%","0%","0","0.00","0","0","0","0","0","0","0","0","0","0"
"*03yri*","Domingo Robles","ATH","SP,RP","7984","FA","28","0","0","0%","0%","0","0.00","0","0","0","0","0","0","0","0","0","0"
"*06qus*","Christian Rodriguez","BAL","SP","8018","FA","24","0","0","0%","0%","0","0.00","0","0","0","0","0","0","0","0","0","0"
"*06t24*","Shai Romero","LAD","SP,RP","8164","FA","18","0","0","0%","0%","0","0.00","0","0","0","0","0","0","0","0","0","0"
"*06hva*","Noah Ruen","LAD","RP","8244","FA","23","0","0","0%","0%","0","0.00","0","0","0","0","0","0","0","0","0","0"
"*06kxp*","Yosber Sanchez","DET","RP","8389","FA","25","0","0","0%","0%","0","0.00","0","0","0","0","0","0","0","0","0","0"
"*05u9f*","Davis Sharpe","CLE","RP","8603","FA","26","0","0","0%","0%","0","0.00","0","0","0","0","0","0","0","0","0","0"
"*060of*","Andres Silvera","PIT","RP","8671","FA","22","0","0","0%","0%","0","0.00","0","0","0","0","0","0","0","0","0","0"
"*06qgr*","Ethan Sloan","DET","RP","8718","FA","23","0","0","0%","0%","0","0.00","0","0","0","0","0","0","0","0","0","0"
"*01shb*","Robert Stock","NYM","RP","8922","FA","36","0","0","0%","0%","0","0.00","0","0","0","0","0","0","0","0","0","0"
"*06upv*","Alistair Tanner","DET","SP","9052","FA","19","0","0","0%","0%","0","0.00","0","0","0","0","0","0","0","0","0","0"
"*06ywl*","Julian Tonghini","WSH","RP","9232","FA","24","0","0","0%","0%","0","0.00","0","0","0","0","0","0","0","0","0","0"
"*04q2b*","Kyle Tyler","(N/A)","SP,RP","9345","FA","29","0","0","0%","0%","0","0.00","0","0","0","0","0","0","0","0","0","0"
"*06pg9*","Kevin Velasco","BAL","SP","9496","FA","20","0","0","0%","0%","0","0.00","0","0","0","0","0","0","0","0","0","0"
"*06yw7*","Justin West","NYY","RP","9731","FA","22","0","0","0%","0%","0","0.00","0","0","0","0","0","0","0","0","0","0"
"*06qp4*","Holden Wilkerson","TOR","SP","9791","FA","23","0","0","0%","0%","0","0.00","0","0","0","0","0","0","0","0","0","0"
"*06489*","Alex Williams","MIA","SP,RP","9800","FA","26","0","0","0%","0%","0","0.00","0","0","0","0","0","0","0","0","0","0"
"*06yw3*","Reece Wissinger","TOR","SP","9865","FA","25","0","0","0%","0%","0","0.00","0","0","0","0","0","0","0","0","0","0"
"*065nw*","Luke Young","WSH","RP","9954","FA","24","0","0","0%","0%","0","0.00","0","0","0","0","0","0","0","0","0","0"
"*066p3*","Alfredo Zarraga","TB","RP","9987","FA","25","0","0","0%","0%","0","0.00","0","0","0","0","0","0","0","0","0","0"
"*06hv9*","Keegan Zinn","CLE","SP,RP","10009","FA","21","0","0","0%","0%","0","0.00","0","0","0","0","0","0","0","0","0","0"
"*0524m*","Brett de Geus","(N/A)","RP","10021","FA","28","0","0","0%","0%","0","0.00","0","0","0","0","0","0","0","0","0","0"
"*06rpa*","Peyton Alford","SEA","RP","1320","FA","28","0","0","0%","0%","0","0.00","0","0","0","0","0","0","0","0","0","0"
"*06giv*","Ryan Ammons","NYM","RP","1396","FA","25","0","0","0%","0%","0","0.00","0","0","0","0","0","0","0","0","0","0"
"*06ptv*","Cesar Aquino","PIT","RP","1459","FA","21","0","0","0%","0%","0","0.00","0","0","0","0","0","0","0","0","0","0"
"*06l0v*","Jhonny Aranguren","TB","RP","1465","FA","19","0","0","0%","0%","0","0.00","0","0","0","0","0","0","0","0","0","0"
"*066k1*","Thomas Balboni Jr.","NYY","RP","1644","FA","26","0","0","0%","0%","0","0.00","0","0","0","0","0","0","0","0","0","0"
"*06qob*","Merritt Beeker","WSH","RP","1798","FA","24","0","0","0%","0%","0","0.00","0","0","0","0","0","0","0","0","0","0"
"*06zav*","Tucker Biven","WSH","RP","1932","FA","22","0","0","0%","0%","0","0.00","0","0","0","0","0","0","0","0","0","0"
"*066ck*","Jonathan Brand","TEX","RP","2068","FA","26","0","0","0%","0%","0","0.00","0","0","0","0","0","0","0","0","0","0"
"*06qo6*","Steven Brooks","BOS","SP","2144","FA","23","0","0","0%","0%","0","0.00","0","0","0","0","0","0","0","0","0","0"
"*061bm*","Ross Carver","(N/A)","RP","2455","FA","26","0","0","0%","0%","0","0.00","0","0","0","0","0","0","0","0","0","0"
"*050if*","Humberto Castellanos","(N/A)","RP","2482","FA","28","0","0","0%","0%","0","0.00","0","0","0","0","0","0","0","0","0","0"
"*050ym*","Brayan Castillo","COL","RP","2485","FA","25","0","0","0%","0%","0","0.00","0","0","0","0","0","0","0","0","0","0"
"*03am2*","Luis Cessa","(N/A)","SP","2594","FA","34","0","0","0%","0%","0","0.00","0","0","0","0","0","0","0","0","0","0"
"*064od*","Hung-Leng Chang","PIT","SP","2611","FA","24","0","0","0%","0%","0","0.00","0","0","0","0","0","0","0","0","0","0"
"*06kxq*","Gabriel Chinchilla","STL","SP","2642","FA","19","0","0","0%","0%","0","0.00","0","0","0","0","0","0","0","0","0","0"
"*0055e*","Johnny Cueto","(N/A)","SP","2979","FA","40","0","0","0%","0%","0","0.00","0","0","0","0","0","0","0","0","0","0"
"*06l5w*","Dylan Cumming","CHW","SP,RP","2993","FA","27","0","0","0%","0%","0","0.00","0","0","0","0","0","0","0","0","0","0"
"*06qtw*","Aidan Deakins","TEX","SP","3228","FA","22","0","0","0%","0%","0","0.00","0","0","0","0","0","0","0","0","0","0"
"*060vz*","Luis Devers","(N/A)","SP","3284","FA","26","0","0","0%","0%","0","0.00","0","0","0","0","0","0","0","0","0","0"
"*06mey*","Jairon Digon","ARI","RP","3350","FA","20","0","0","0%","0%","0","0.00","0","0","0","0","0","0","0","0","0","0"
"*057za*","Breidy Encarnacion","(N/A)","SP","3555","FA","25","0","0","0%","0%","0","0.00","0","0","0","0","0","0","0","0","0","0"
"*06zhd*","Peyton Fosher","MIA","RP","3849","FA","23","0","0","0%","0%","0","0.00","0","0","0","0","0","0","0","0","0","0"
"*051bd*","Caleb Freeman","TOR","RP","3909","FA","28","0","0","0%","0%","0","0.00","0","0","0","0","0","0","0","0","0","0"
"*066lw*","Pat Gallagher","TOR","RP","3977","FA","26","0","0","0%","0%","0","0.00","0","0","0","0","0","0","0","0","0","0"
"*02i3x*","Amir Garrett","(N/A)","RP","4081","FA","34","0","0","0%","0%","0","0.00","0","0","0","0","0","0","0","0","0","0"
"*072fh*","Connor Gehr","BAL","SP","4106","FA","20","0","0","0%","0%","0","0.00","0","0","0","0","0","0","0","0","0","0"
"*07034*","Cole Gilley","PHI","RP","4158","FA","25","0","0","0%","0%","0","0.00","0","0","0","0","0","0","0","0","0","0"
"*031gh*","Ben Heller","(N/A)","RP","4645","FA","34","0","0","0%","0%","0","0.00","0","0","0","0","0","0","0","0","0","0"
"*05llv*","Mason Hickman","(N/A)","RP","4808","FA","27","0","0","0%","0%","0","0.00","0","0","0","0","0","0","0","0","0","0"
"*055ca*","Garrett Hill","(N/A)","RP","4834","FA","30","0","0","0%","0%","0","0.00","0","0","0","0","0","0","0","0","0","0"
"*05yl4*","Blake Holub","MIL","RP","4900","FA","27","0","0","0%","0%","0","0.00","0","0","0","0","0","0","0","0","0","0"
"*05ue8*","Eiker Huizi","WSH","RP","4962","FA","25","0","0","0%","0%","0","0.00","0","0","0","0","0","0","0","0","0","0"
"*06h05*","Carson Jacobs","CHW","RP","5038","FA","24","0","0","0%","0%","0","0.00","0","0","0","0","0","0","0","0","0","0"
"*06qv5*","Fisher Jameson","COL","RP","5048","FA","23","0","0","0%","0%","0","0.00","0","0","0","0","0","0","0","0","0","0"
"*06qkz*","Luke Jewett","COL","RP","5091","FA","23","0","0","0%","0%","0","0.00","0","0","0","0","0","0","0","0","0","0"
"*050yo*","Carlos Jimenez","(N/A)","RP","5099","FA","24","0","0","0%","0%","0","0.00","0","0","0","0","0","0","0","0","0","0"
"*0658a*","Brandon Johnson","KC","RP","5135","FA","27","0","0","0%","0%","0","0.00","0","0","0","0","0","0","0","0","0","0"
"*06qv4*","Luke Johnson","WSH","SP,RP","5148","FA","24","0","0","0%","0%","0","0.00","0","0","0","0","0","0","0","0","0","0"
"*070c9*","Brady Jones","TB","SP","5165","FA","22","0","0","0%","0%","0","0.00","0","0","0","0","0","0","0","0","0","0"
"*06l5i*","Danny Kirwin","(N/A)","RP","5336","FA","26","0","0","0%","0%","0","0.00","0","0","0","0","0","0","0","0","0","0"
"*04m5p*","Blaine Knight","(N/A)","RP","5355","FA","30","0","0","0%","0%","0","0.00","0","0","0","0","0","0","0","0","0","0"
"*06hw4*","Dane Lais","SD","RP","5442","FA","21","0","0","0%","0%","0","0.00","0","0","0","0","0","0","0","0","0","0"
"*06zaa*","Carson Latimer","CIN","SP,RP","5508","FA","22","0","0","0%","0%","0","0.00","0","0","0","0","0","0","0","0","0","0"
"*04awd*","Casey Lawrence","SEA","RP","5518","FA","38","0","0","0%","0%","0","0.00","0","0","0","0","0","0","0","0","0","0"
"*06aky*","Chen-Hsun Lee","SF","SP","5554","FA","24","0","0","0%","0%","0","0.00","0","0","0","0","0","0","0","0","0","0"
"*066le*","Jared Lyons","CIN","SP,RP","5816","FA","25","0","0","0%","0%","0","0.00","0","0","0","0","0","0","0","0","0","0"
"*0603j*","Nick Maldonado","MIA","RP","5892","FA","26","0","0","0%","0%","0","0.00","0","0","0","0","0","0","0","0","0","0"
"*0657n*","Chazz Martinez","KC","RP","6022","FA","26","0","0","0%","0%","0","0.00","0","0","0","0","0","0","0","0","0","0"
"*06tzw*","Santiago Martinez","MIL","SP","6068","FA","18","0","0","0%","0%","0","0.00","0","0","0","0","0","0","0","0","0","0"
"*0648t*","J.P. Massey","(N/A)","RP","6085","FA","26","0","0","0%","0%","0","0.00","0","0","0","0","0","0","0","0","0","0"
"*06aqj*","Trey McLoughlin","HOU","RP","6231","FA","27","0","0","0%","0%","0","0.00","0","0","0","0","0","0","0","0","0","0"
"*07038*","J.D. McReynolds","TEX","RP","6242","FA","23","0","0","0%","0%","0","0.00","0","0","0","0","0","0","0","0","0","0"
"*03mog*","Erick Mejia","WSH","RP","6282","FA","31","0","0","0%","0%","0","0.00","0","0","0","0","0","0","0","0","0","0"
"*06ifi*","Ruben Menes","STL","SP","6353","FA","24","0","0","0%","0%","0","0.00","0","0","0","0","0","0","0","0","0","0"
"*05yfj*","Juan Mercedes","(N/A)","SP,RP","6370","FA","26","0","0","0%","0%","0","0.00","0","0","0","0","0","0","0","0","0","0"
"*031av*","Keynan Middleton","(N/A)","RP","6413","FA","32","0","0","0%","0%","0","0.00","0","0","0","0","0","0","0","0","0","0"
"*066bu*","Joe Miller","DET","SP","6450","FA","26","0","0","0%","0%","0","0.00","0","0","0","0","0","0","0","0","0","0"
"*072ev*","Derek Munoz","CLE","SP","6717","FA","18","0","0","0%","0%","0","0.00","0","0","0","0","0","0","0","0","0","0"
"*0637l*","Jean Munoz","SEA","RP","6718","FA","23","0","0","0%","0%","0","0.00","0","0","0","0","0","0","0","0","0","0"
"*06uq2*","Dawson Netz","CHC","SP,RP","6807","FA","25","0","0","0%","0%","0","0.00","0","0","0","0","0","0","0","0","0","0"
"*06yy7*","Dalton Neuschwander","BAL","SP","6809","FA","24","0","0","0%","0%","0","0.00","0","0","0","0","0","0","0","0","0","0"
"*06qfn*","Jormy Nivar","TEX","SP,RP","6848","FA","23","0","0","0%","0%","0","0.00","0","0","0","0","0","0","0","0","0","0"
"*05xy1*","Wyatt Olds","BOS","RP","6972","FA","26","0","0","0%","0%","0","0.00","0","0","0","0","0","0","0","0","0","0"
"*050ig*","Oliver Ortega","(N/A)","RP","7024","FA","29","0","0","0%","0%","0","0.00","0","0","0","0","0","0","0","0","0","0"
"*06sua*","Ricardo Osorio","ATH","RP","7061","FA","18","0","0","0%","0%","0","0.00","0","0","0","0","0","0","0","0","0","0"
"*072j5*","Jeronimo Palmeros","SD","SP","7150","FA","19","0","0","0%","0%","0","0.00","0","0","0","0","0","0","0","0","0","0"
"*06klm*","Edelvis Perez","CLE","SP","7358","FA","21","0","0","0%","0%","0","0.00","0","0","0","0","0","0","0","0","0","0"
"*072zj*","Jordan Perez","SD","SP","7374","FA","17","0","0","0%","0%","0","0.00","0","0","0","0","0","0","0","0","0","0"
"*064s2*","Enmanuel Pinales","SD","SP","7482","FA","25","0","0","0%","0%","0","0.00","0","0","0","0","0","0","0","0","0","0"
"*06kgm*","Joshua Quezada","MIL","RP","7648","FA","22","0","0","0%","0%","0","0.00","0","0","0","0","0","0","0","0","0","0"
"*06mwa*","Trey Rangel","(N/A)","SP","7760","FA","19","0","0","0%","0%","0","0.00","0","0","0","0","0","0","0","0","0","0"
"*051ao*","Bodi Rascon","(N/A)","RP","7765","FA","25","0","0","0%","0%","0","0.00","0","0","0","0","0","0","0","0","0","0"
"*06z0u*","Carter Rasmussen","(N/A)","RP","7766","FA","22","0","0","0%","0%","0","0.00","0","0","0","0","0","0","0","0","0","0"
"*06z3s*","Dusty Revis","CIN","SP","7825","FA","23","0","0","0%","0%","0","0.00","0","0","0","0","0","0","0","0","0","0"
"*06y00*","Yenrri Rojas","CHC","SP","8135","FA","22","0","0","0%","0%","0","0.00","0","0","0","0","0","0","0","0","0","0"
"*0429i*","Kenny Rosenberg","(N/A)","RP","8218","FA","31","0","0","0%","0%","0","0.00","0","0","0","0","0","0","0","0","0","0"
"*06r8c*","Wilmy Sanchez","NYY","SP,RP","8382","FA","22","0","0","0%","0%","0","0.00","0","0","0","0","0","0","0","0","0","0"
"*06fqv*","Nolan Santos","MIN","RP","8438","FA","25","0","0","0%","0%","0","0.00","0","0","0","0","0","0","0","0","0","0"
"*041vf*","Kirby Snead","PHI","RP","8771","FA","31","0","0","0%","0%","0","0.00","0","0","0","0","0","0","0","0","0","0"
"*03mp9*","Wander Suero","ATH","RP","8982","FA","34","0","0","0%","0%","0","0.00","0","0","0","0","0","0","0","0","0","0"
"*061ym*","Tyler Thornton","(N/A)","RP","9181","FA","26","0","0","0%","0%","0","0.00","0","0","0","0","0","0","0","0","0","0"
"*05ilr*","Shohei Tomioka","ATH","RP","9230","FA","30","0","0","0%","0%","0","0.00","0","0","0","0","0","0","0","0","0","0"
"*05ilp*","Blake Townsend","TEX","SP,RP","9288","FA","25","0","0","0%","0%","0","0.00","0","0","0","0","0","0","0","0","0","0"
"*04pvn*","Connor Van Scoyoc","WSH","RP","9431","FA","26","0","0","0%","0%","0","0.00","0","0","0","0","0","0","0","0","0","0"
"*06dqh*","Jose Varela","HOU","RP","9441","FA","21","0","0","0%","0%","0","0.00","0","0","0","0","0","0","0","0","0","0"
"*03qyt*","Art Warren","(N/A)","RP","9661","FA","33","0","0","0%","0%","0","0.00","0","0","0","0","0","0","0","0","0","0"
"*03dty*","Patrick Weigel","COL","RP","9700","FA","32","0","0","0%","0%","0","0.00","0","0","0","0","0","0","0","0","0","0"
"*070cc*","Jay Woolfolk","ATL","SP","9893","FA","23","0","0","0%","0%","0","0.00","0","0","0","0","0","0","0","0","0","0"
"*060fv*","Raul Alcantara","(N/A)","RP","1294","FA","25","0","0","0%","0%","0","0.00","0","0","0","0","0","0","0","0","0","0"
"*06qzn*","Jhan Almeida","CIN","SP","1340","FA","21","0","0","0%","0%","0","0.00","0","0","0","0","0","0","0","0","0","0"
"*06m7y*","Luis Alvarez","NYM","RP","1378","FA","23","0","0","0%","0%","0","0.00","0","0","0","0","0","0","0","0","0","0"
"*06z9w*","Bryce Archie","CIN","RP","1474","FA","22","0","0","0%","0%","0","0.00","0","0","0","0","0","0","0","0","0","0"
"*06mei*","Nathan Arends","ATH","RP","1483","FA","19","0","0","0%","0%","0","0.00","0","0","0","0","0","0","0","0","0","0"
"*066ky*","Daniel Avitia","CHC","SP","1598","FA","23","0","0","0%","0%","0","0.00","0","0","0","0","0","0","0","0","0","0"
"*051bv*","Edgar Barclay","(N/A)","SP","1675","FA","28","0","0","0%","0%","0","0.00","0","0","0","0","0","0","0","0","0","0"
"*02bq5*","Tyler Beede","(N/A)","RP","1797","FA","33","0","0","0%","0%","0","0.00","0","0","0","0","0","0","0","0","0","0"
"*064nt*","Bo Bonds","(N/A)","RP","1989","FA","25","0","0","0%","0%","0","0.00","0","0","0","0","0","0","0","0","0","0"
"*02n53*","Matt Bowman","MIN","RP","2041","FA","35","0","0","0%","0%","0","0.00","0","0","0","0","0","0","0","0","0","0"
"*06zr3*","Corey Braun","ATH","SP","2074","FA","23","0","0","0%","0%","0","0.00","0","0","0","0","0","0","0","0","0","0"
"*06htm*","Rio Britton","ARI","RP","2130","FA","23","0","0","0%","0%","0","0.00","0","0","0","0","0","0","0","0","0","0"
"*05jqo*","Ryan Bruno","ARI","RP","2179","FA","24","0","0","0%","0%","0","0.00","0","0","0","0","0","0","0","0","0","0"
"*06r7z*","Jack Bushell","DET","RP","2243","FA","20","0","0","0%","0%","0","0.00","0","0","0","0","0","0","0","0","0","0"
"*0730l*","Efrailin Caminero","ATL","SP","2337","FA","17","0","0","0%","0%","0","0.00","0","0","0","0","0","0","0","0","0","0"
"*06hvx*","Jarrod Cande","COL","SP","2366","FA","26","0","0","0%","0%","0","0.00","0","0","0","0","0","0","0","0","0","0"
"*06hti*","Dylan Carmouche","CHW","SP","2421","FA","24","0","0","0%","0%","0","0.00","0","0","0","0","0","0","0","0","0","0"
"*05yoe*","Luis F. Castillo","(N/A)","SP","2504","FA","31","0","0","0%","0%","0","0.00","0","0","0","0","0","0","0","0","0","0"
"*0646e*","Walin Castillo","MIA","SP,RP","2513","FA","21","0","0","0%","0%","0","0.00","0","0","0","0","0","0","0","0","0","0"
"*072bv*","Davis Chastain","LAD","RP","2622","FA","22","0","0","0%","0%","0","0.00","0","0","0","0","0","0","0","0","0","0"
"*063gm*","Amilcar Chirinos","HOU","RP","2646","FA","24","0","0","0%","0%","0","0.00","0","0","0","0","0","0","0","0","0","0"
"*06c5q*","Evan Chrest","CLE","SP","2668","FA","22","0","0","0%","0%","0","0.00","0","0","0","0","0","0","0","0","0","0"
"*03178*","Adam Cimber","(N/A)","RP","2679","FA","35","0","0","0%","0%","0","0.00","0","0","0","0","0","0","0","0","0","0"
"*066n2*","Randel Clemente","STL","RP","2711","FA","24","0","0","0%","0%","0","0.00","0","0","0","0","0","0","0","0","0","0"
"*06c3m*","Luis Cohen","BOS","SP,RP","2735","FA","23","0","0","0%","0%","0","0.00","0","0","0","0","0","0","0","0","0","0"
"*06ql0*","Nick Conte","KC","RP","2802","FA","24","0","0","0%","0%","0","0.00","0","0","0","0","0","0","0","0","0","0"
"*070dx*","Callan Fang","MIN","SP","3666","FA","22","0","0","0%","0%","0","0.00","0","0","0","0","0","0","0","0","0","0"
"*05uvf*","Jeferson Figueroa","(N/A)","RP","3758","FA","25","0","0","0%","0%","0","0.00","0","0","0","0","0","0","0","0","0","0"
"*04esk*","Dylan File","DET","SP","3761","FA","30","0","0","0%","0%","0","0.00","0","0","0","0","0","0","0","0","0","0"
"*06qe5*","Dariel Florentino","PIT","SP","3797","FA","20","0","0","0%","0%","0","0.00","0","0","0","0","0","0","0","0","0","0"
"*04pru*","Michael Flynn","SD","RP","3830","FA","29","0","0","0%","0%","0","0.00","0","0","0","0","0","0","0","0","0","0"
"*06g6d*","T.J. Fondtain","TB","RP","3834","FA","25","0","0","0%","0%","0","0.00","0","0","0","0","0","0","0","0","0","0"
"*06qkv*","Sam Garcia","MIL","SP,RP","4069","FA","24","0","0","0%","0%","0","0.00","0","0","0","0","0","0","0","0","0","0"
"*072fd*","Cory Geinzer","TEX","SP","4107","FA","20","0","0","0%","0%","0","0.00","0","0","0","0","0","0","0","0","0","0"
"*06qsi*","Sam Gerth","COL","RP","4133","FA","21","0","0","0%","0%","0","0.00","0","0","0","0","0","0","0","0","0","0"
"*06rwj*","Daniel Gomez","STL","SP","4202","FA","18","0","0","0%","0%","0","0.00","0","0","0","0","0","0","0","0","0","0"
"*05xrw*","Hunter Gregory","MIN","RP","4380","FA","27","0","0","0%","0%","0","0.00","0","0","0","0","0","0","0","0","0","0"
"*05lg6*","Jeffrey Hakanson","(N/A)","SP,RP","4507","FA","27","0","0","0%","0%","0","0.00","0","0","0","0","0","0","0","0","0","0"
"*06h1y*","Bryson Hammer","COL","RP","4536","FA","24","0","0","0%","0%","0","0.00","0","0","0","0","0","0","0","0","0","0"
"*05up5*","Adrian Hernandez","(N/A)","RP","4695","FA","26","0","0","0%","0%","0","0.00","0","0","0","0","0","0","0","0","0","0"
"*061yi*","Joseph Hernandez","(N/A)","RP","4734","FA","26","0","0","0%","0%","0","0.00","0","0","0","0","0","0","0","0","0","0"
"*04avd*","Wilkel Hernandez","(N/A)","SP,RP","4764","FA","27","0","0","0%","0%","0","0.00","0","0","0","0","0","0","0","0","0","0"
"*064zl*","Marcos Herrera","COL","SP","4782","FA","21","0","0","0%","0%","0","0.00","0","0","0","0","0","0","0","0","0","0"
"*06c8w*","Yordy Herrera","STL","RP","4789","FA","21","0","0","0%","0%","0","0.00","0","0","0","0","0","0","0","0","0","0"
"*04t9a*","Zack Hess","(N/A)","SP,RP","4799","FA","29","0","0","0%","0%","0","0.00","0","0","0","0","0","0","0","0","0","0"
"*06qkq*","Dylan Howard","HOU","SP","4932","FA","23","0","0","0%","0%","0","0.00","0","0","0","0","0","0","0","0","0","0"
"*05y2z*","Levi Huesman","WSH","RP","4948","FA","22","0","0","0%","0%","0","0.00","0","0","0","0","0","0","0","0","0","0"
"*061je*","Sean Hunley","(N/A)","RP","4971","FA","27","0","0","0%","0%","0","0.00","0","0","0","0","0","0","0","0","0","0"
"*01z83*","Dallas Keuchel","ATH","SP","5290","FA","38","0","0","0%","0%","0","0.00","0","0","0","0","0","0","0","0","0","0"
"*05yao*","Larson Kindreich","TEX","RP","5307","FA","27","0","0","0%","0%","0","0.00","0","0","0","0","0","0","0","0","0","0"
"*06mi2*","Austin Kitchen","SEA","RP","5338","FA","29","0","0","0%","0%","0","0.00","0","0","0","0","0","0","0","0","0","0"
"*06kxb*","Aidan Knaak","(N/A)","SP","5347","FA","21","0","0","0%","0%","0","0.00","0","0","0","0","0","0","0","0","0","0"
"*0701m*","Will Koger","SD","RP","5375","FA","23","0","0","0%","0%","0","0.00","0","0","0","0","0","0","0","0","0","0"
"*060mr*","Travis Kuhn","(N/A)","RP","5417","FA","28","0","0","0%","0%","0","0.00","0","0","0","0","0","0","0","0","0","0"
"*06roo*","Tommy LaPour","MIN","SP","5428","FA","21","0","0","0%","0%","0","0.00","0","0","0","0","0","0","0","0","0","0"
"*05y6x*","Kyle Larsen","PIT","RP","5499","FA","23","0","0","0%","0%","0","0.00","0","0","0","0","0","0","0","0","0","0"
"*051ec*","Adam Laskey","COL","SP,RP","5504","FA","28","0","0","0%","0%","0","0.00","0","0","0","0","0","0","0","0","0","0"
"*05u1w*","Ben Leeper","(N/A)","RP","5565","FA","29","0","0","0%","0%","0","0.00","0","0","0","0","0","0","0","0","0","0"
"*05151*","Michael Limoncelli","(N/A)","SP,RP","5628","FA","26","0","0","0%","0%","0","0.00","0","0","0","0","0","0","0","0","0","0"
"*06ek1*","Angel Liranzo","PHI","SP","5657","FA","19","0","0","0%","0%","0","0.00","0","0","0","0","0","0","0","0","0","0"
"*06qij*","Josh Mallitz","SD","RP","5894","FA","24","0","0","0%","0%","0","0.00","0","0","0","0","0","0","0","0","0","0"
"*05u9a*","Jordan Marks","(N/A)","RP","5952","FA","27","0","0","0%","0%","0","0.00","0","0","0","0","0","0","0","0","0","0"
"*06qlb*","Chandler Marsh","BAL","RP","5978","FA","23","0","0","0%","0%","0","0.00","0","0","0","0","0","0","0","0","0","0"
"*04ydj*","Jose Marte","NYM","RP","5986","FA","30","0","0","0%","0%","0","0.00","0","0","0","0","0","0","0","0","0","0"
"*05u3c*","Adrian Martinez","(N/A)","RP","6011","FA","29","0","0","0%","0%","0","0.00","0","0","0","0","0","0","0","0","0","0"
"*068vt*","Tommy McCollum","TB","RP","6160","FA","27","0","0","0%","0%","0","0.00","0","0","0","0","0","0","0","0","0","0"
"*06gj2*","LJ McDonough","ATL","RP","6182","FA","26","0","0","0%","0%","0","0.00","0","0","0","0","0","0","0","0","0","0"
"*04nkc*","Alejandro Melean","(N/A)","RP","6302","FA","25","0","0","0%","0%","0","0.00","0","0","0","0","0","0","0","0","0","0"
"*05186*","Nick Mikolajchak","(N/A)","RP","6423","FA","28","0","0","0%","0%","0","0.00","0","0","0","0","0","0","0","0","0","0"
"*06v66*","Wylan Moss","(N/A)","SP","6683","FA","20","0","0","0%","0%","0","0.00","0","0","0","0","0","0","0","0","0","0"
"*06zab*","Austin Newton","COL","SP,RP","6818","FA","22","0","0","0%","0%","0","0.00","0","0","0","0","0","0","0","0","0","0"
"*067zk*","Jesus Palacios","(N/A)","SP","7130","FA","21","0","0","0%","0%","0","0.00","0","0","0","0","0","0","0","0","0","0"
"*066a4*","Cole Paplham","SD","RP","7158","FA","26","0","0","0%","0%","0","0.00","0","0","0","0","0","0","0","0","0","0"
"*06quh*","Wyatt Parliament","NYY","SP","7186","FA","22","0","0","0%","0%","0","0.00","0","0","0","0","0","0","0","0","0","0"
"*04ywz*","Brayan Perez","(N/A)","RP","7347","FA","25","0","0","0%","0%","0","0.00","0","0","0","0","0","0","0","0","0","0"
"*06mee*","Drew Pestka","CIN","RP","7416","FA","22","0","0","0%","0%","0","0.00","0","0","0","0","0","0","0","0","0","0"
"*02cch*","Erasmo Ramirez","(N/A)","RP","7702","FA","36","0","0","0%","0%","0","0.00","0","0","0","0","0","0","0","0","0","0"
"*06ro3*","Yeuri Ramirez","DET","SP","7731","FA","18","0","0","0%","0%","0","0.00","0","0","0","0","0","0","0","0","0","0"
"*06z06*","Cole Raymond","LAA","SP","7773","FA","19","0","0","0%","0%","0","0.00","0","0","0","0","0","0","0","0","0","0"
"*06suf*","Ricardo Reyes","ATH","SP","7856","FA","18","0","0","0%","0%","0","0.00","0","0","0","0","0","0","0","0","0","0"
"*06op9*","Jarold Rosado","CHW","RP","8187","FA","24","0","0","0%","0%","0","0.00","0","0","0","0","0","0","0","0","0","0"
"*06hq4*","Luke Russo","PHI","RP","8272","FA","25","0","0","0%","0%","0","0.00","0","0","0","0","0","0","0","0","0","0"
"*051i3*","Carter Rustad","CLE","RP","8273","FA","25","0","0","0%","0%","0","0.00","0","0","0","0","0","0","0","0","0","0"
"*064vx*","Braian Salazar","SD","RP","8305","FA","21","0","0","0%","0%","0","0.00","0","0","0","0","0","0","0","0","0","0"
"*06zid*","Joe Scarborough","NYM","RP","8474","FA","22","0","0","0%","0%","0","0.00","0","0","0","0","0","0","0","0","0","0"
"*03dt9*","Peter Solomon","(N/A)","SP,RP","8797","FA","29","0","0","0%","0%","0","0.00","0","0","0","0","0","0","0","0","0","0"
"*070dy*","Ethan Storm","TB","SP","8929","FA","22","0","0","0%","0%","0","0.00","0","0","0","0","0","0","0","0","0","0"
"*06fqg*","Austin Strickland","SF","RP","8940","FA","24","0","0","0%","0%","0","0.00","0","0","0","0","0","0","0","0","0","0"
"*06mii*","Luis Vargas","ATL","RP","9454","FA","24","0","0","0%","0%","0","0.00","0","0","0","0","0","0","0","0","0","0"
"*06qlj*","Chris Veach","NYY","RP","9486","FA","24","0","0","0%","0%","0","0.00","0","0","0","0","0","0","0","0","0","0"
"*06qts*","Mike Villani","CIN","RP","9555","FA","23","0","0","0%","0%","0","0.00","0","0","0","0","0","0","0","0","0","0"
"*059zn*","Kodi Whitley","TB","RP","9764","FA","31","0","0","0%","0%","0","0.00","0","0","0","0","0","0","0","0","0","0"
"*0642n*","Tyler Woessner","(N/A)","SP,RP","9873","FA","26","0","0","0%","0%","0","0.00","0","0","0","0","0","0","0","0","0","0"
"*04pqv*","Adam Wolf","(N/A)","RP","9875","FA","29","0","0","0%","0%","0","0.00","0","0","0","0","0","0","0","0","0","0"
"*06zra*","Blaine Wynk","CHW","SP","9914","FA","22","0","0","0%","0%","0","0.00","0","0","0","0","0","0","0","0","0","0"
"*0515n*","Eric Yang","(N/A)","C,RP","9928","FA","28","0","0","0%","0%","0","0.00","0","0","0","0","0","0","0","0","0","0"
"*05umy*","Tyrone Yulie","(N/A)","RP","9965","FA","24","0","0","0%","0%","0","0.00","0","0","0","0","0","0","0","0","0","0"
"*065jb*","Joe Adametz","TEX","RP","1225","FA","26","0","0","0%","0%","0","0.00","0","0","0","0","0","0","0","0","0","0"
"*06zal*","Hunter Alberini","KC","RP","1270","FA","24","0","0","0%","0%","0","0.00","0","0","0","0","0","0","0","0","0","0"
"*06ooc*","Dash Albus","KC","RP","1277","FA","24","0","0","0%","0%","0","0.00","0","0","0","0","0","0","0","0","0","0"
"*060oe*","Eliander Alcalde","(N/A)","RP","1283","FA","22","0","0","0%","0%","0","0.00","0","0","0","0","0","0","0","0","0","0"
"*06akl*","Xavier Alvero","BAL","SP","1383","FA","20","0","0","0%","0%","0","0.00","0","0","0","0","0","0","0","0","0","0"
"*0669s*","Alex Amalfi","TOR","SP,RP","1387","FA","25","0","0","0%","0%","0","0.00","0","0","0","0","0","0","0","0","0","0"
"*06zb5*","Gensi Angeles","ATL","RP","1433","FA","18","0","0","0%","0%","0","0.00","0","0","0","0","0","0","0","0","0","0"
"*066fq*","Eli Ankeney","NYM","RP","1438","FA","25","0","0","0%","0%","0","0.00","0","0","0","0","0","0","0","0","0","0"
"*06r4b*","Cristian Aray","SEA","SP","1471","FA","19","0","0","0%","0%","0","0.00","0","0","0","0","0","0","0","0","0","0"
"*06gj6*","Zack Austin","(N/A)","RP","1586","FA","25","0","0","0%","0%","0","0.00","0","0","0","0","0","0","0","0","0","0"
"*066sq*","Nick Avila","(N/A)","SP,RP","1593","FA","29","0","0","0%","0%","0","0.00","0","0","0","0","0","0","0","0","0","0"
"*04ylm*","Gabriel Barbosa","PHI","SP,RP","1674","FA","24","0","0","0%","0%","0","0.00","0","0","0","0","0","0","0","0","0","0"
"*02c14*","Jacob Barnes","(N/A)","RP","1684","FA","36","0","0","0%","0%","0","0.00","0","0","0","0","0","0","0","0","0","0"
"*061zx*","Edinson Batista","(N/A)","SP","1745","FA","24","0","0","0%","0%","0","0.00","0","0","0","0","0","0","0","0","0","0"
"*06c87*","Yadiel Batista","STL","SP,RP","1751","FA","22","0","0","0%","0%","0","0.00","0","0","0","0","0","0","0","0","0","0"
"*06sjo*","Trey Beard","MIA","SP","1781","FA","21","0","0","0%","0%","0","0.00","0","0","0","0","0","0","0","0","0","0"
"*06qnd*","Christian Becerra","MIN","SP","1783","FA","23","0","0","0%","0%","0","0.00","0","0","0","0","0","0","0","0","0","0"
"*0515u*","Brock Bell","(N/A)","RP","1808","FA","28","0","0","0%","0%","0","0.00","0","0","0","0","0","0","0","0","0","0"
"*06htk*","Spencer Bengard","MIN","RP","1839","FA","24","0","0","0%","0%","0","0.00","0","0","0","0","0","0","0","0","0","0"
"*05y5m*","Jesse Bergin","MIN","RP","1866","FA","26","0","0","0%","0%","0","0.00","0","0","0","0","0","0","0","0","0","0"
"*04eot*","Caleb Bolden","BOS","SP,RP","1976","FA","27","0","0","0%","0%","0","0.00","0","0","0","0","0","0","0","0","0","0"
"*06zcf*","Jarrette Bonet","MIL","RP","1992","FA","20","0","0","0%","0%","0","0.00","0","0","0","0","0","0","0","0","0","0"
"*06gj5*","Ryan Bourassa","(N/A)","RP","2027","FA","26","0","0","0%","0%","0","0.00","0","0","0","0","0","0","0","0","0","0"
"*072j4*","Blaine Brown","(N/A)","OF,SP","2151","FA","20","0","0","0%","0%","0","0.00","0","0","0","0","0","0","0","0","0","0"
"*06z3y*","Ben Bybee","SF","RP","2252","FA","22","0","0","0%","0%","0","0.00","0","0","0","0","0","0","0","0","0","0"
"*064vv*","Jhon Cabral","CHC","RP","2269","FA","20","0","0","0%","0%","0","0.00","0","0","0","0","0","0","0","0","0","0"
"*061lp*","Yorlin Calderon","(N/A)","RP","2313","FA","24","0","0","0%","0%","0","0.00","0","0","0","0","0","0","0","0","0","0"
"*06qp6*","Michael Caldon","BAL","SP,RP","2314","FA","23","0","0","0%","0%","0","0.00","0","0","0","0","0","0","0","0","0","0"
"*06qnk*","Will Cannon","CIN","RP","2373","FA","23","0","0","0%","0%","0","0.00","0","0","0","0","0","0","0","0","0","0"
"*06zzb*","Tommy Case","LAD","SP","2465","FA","19","0","0","0%","0%","0","0.00","0","0","0","0","0","0","0","0","0","0"
"*04o0a*","Wandisson Charles","DET","RP","2619","FA","29","0","0","0%","0%","0","0.00","0","0","0","0","0","0","0","0","0","0"
"*06qum*","Luke Craig","ARI","RP","2903","FA","24","0","0","0%","0%","0","0.00","0","0","0","0","0","0","0","0","0","0"
"*064ru*","Nicolas Cruz","LAD","RP","2966","FA","22","0","0","0%","0%","0","0.00","0","0","0","0","0","0","0","0","0","0"
"*0518v*","Jack Dashwood","HOU","RP","3059","FA","28","0","0","0%","0%","0","0.00","0","0","0","0","0","0","0","0","0","0"
"*06l0m*","Cam Day","LAD","RP","3099","FA","24","0","0","0%","0%","0","0.00","0","0","0","0","0","0","0","0","0","0"
"*052i1*","Luis De La Rosa","(N/A)","SP","3160","FA","24","0","0","0%","0%","0","0.00","0","0","0","0","0","0","0","0","0","0"
"*06ook*","Brandon Decker","NYY","SP,RP","3235","FA","24","0","0","0%","0%","0","0.00","0","0","0","0","0","0","0","0","0","0"
"*06z42*","Cody Delvecchio","SF","SP","3262","FA","22","0","0","0%","0%","0","0.00","0","0","0","0","0","0","0","0","0","0"
"*0710t*","Jay Dill","ATH","RP","3352","FA","23","0","0","0%","0%","0","0.00","0","0","0","0","0","0","0","0","0","0"
"*06agi*","Nick Dombkowski","PIT","SP,RP","3374","FA","27","0","0","0%","0%","0","0.00","0","0","0","0","0","0","0","0","0","0"
"*051bk*","Michael Dominguez","(N/A)","SP,RP","3381","FA","25","0","0","0%","0%","0","0.00","0","0","0","0","0","0","0","0","0","0"
"*06fv7*","Jack Dougherty","MIN","SP","3406","FA","24","0","0","0%","0%","0","0.00","0","0","0","0","0","0","0","0","0","0"
"*0421i*","Robert Dugger","(N/A)","SP","3449","FA","31","0","0","0%","0%","0","0.00","0","0","0","0","0","0","0","0","0","0"
"*06qll*","J.T. Etheridge","NYY","SP","3628","FA","24","0","0","0%","0%","0","0.00","0","0","0","0","0","0","0","0","0","0"
"*06gjq*","Stu Flesland III","COL","SP,RP","3789","FA","25","0","0","0%","0%","0","0.00","0","0","0","0","0","0","0","0","0","0"
"*0586u*","Sadrac Franco","SD","RP","3889","FA","26","0","0","0%","0%","0","0.00","0","0","0","0","0","0","0","0","0","0"
"*06qi9*","Garrett Gainey","TB","SP,RP","3963","FA","26","0","0","0%","0%","0","0.00","0","0","0","0","0","0","0","0","0","0"
"*06hq7*","Isaac Gallegos","ATL","RP","3987","FA","23","0","0","0%","0%","0","0.00","0","0","0","0","0","0","0","0","0","0"
"*05uaz*","Jose Garces","PIT","RP","4009","FA","22","0","0","0%","0%","0","0.00","0","0","0","0","0","0","0","0","0","0"
"*06hem*","Ruddy Gomez","MIN","RP","4222","FA","26","0","0","0%","0%","0","0.00","0","0","0","0","0","0","0","0","0","0"
"*06ake*","Irvin Gonzalez","CIN","RP","4264","FA","20","0","0","0%","0%","0","0.00","0","0","0","0","0","0","0","0","0","0"
"*06kxh*","James Gonzalez","ATH","SP","4267","FA","25","0","0","0%","0%","0","0.00","0","0","0","0","0","0","0","0","0","0"
"*06hn9*","Spencer Green","LAD","SP","4372","FA","21","0","0","0%","0%","0","0.00","0","0","0","0","0","0","0","0","0","0"
"*04ym4*","Richard Guasch","BAL","RP","4407","FA","28","0","0","0%","0%","0","0.00","0","0","0","0","0","0","0","0","0","0"
"*06uxc*","Jose Gutierrez","KC","SP","4461","FA","23","0","0","0%","0%","0","0.00","0","0","0","0","0","0","0","0","0","0"
"*066lq*","Johnathan Harmon","CIN","SP","4570","FA","25","0","0","0%","0%","0","0.00","0","0","0","0","0","0","0","0","0","0"
"*066cm*","Sean Harney","ARI","RP","4572","FA","28","0","0","0%","0%","0","0.00","0","0","0","0","0","0","0","0","0","0"
"*06za5*","Zach Harris","COL","RP","4587","FA","22","0","0","0%","0%","0","0.00","0","0","0","0","0","0","0","0","0","0"
"*072bo*","Jacob Hartlaub","TB","SP","4594","FA","23","0","0","0%","0%","0","0.00","0","0","0","0","0","0","0","0","0","0"
"*065iz*","Ryan Harvey","DET","RP","4603","FA","25","0","0","0%","0%","0","0.00","0","0","0","0","0","0","0","0","0","0"
"*02nc0*","Taylor Hearn","(N/A)","RP","4631","FA","31","0","0","0%","0%","0","0.00","0","0","0","0","0","0","0","0","0","0"
"*031ev*","Ryan Hendrix","(N/A)","RP","4658","FA","31","0","0","0%","0%","0","0.00","0","0","0","0","0","0","0","0","0","0"
"*06gjj*","Brian Hendry","NYY","SP","4659","FA","26","0","0","0%","0%","0","0.00","0","0","0","0","0","0","0","0","0","0"
"*06s39*","Wisler Infante","SEA","SP","5002","FA","18","0","0","0%","0%","0","0.00","0","0","0","0","0","0","0","0","0","0"
"*06hp0*","Matt Jachec","CLE","RP","5025","FA","25","0","0","0%","0%","0","0.00","0","0","0","0","0","0","0","0","0","0"
"*03n6f*","Tyler Jay","(N/A)","SP,RP","5066","FA","32","0","0","0%","0%","0","0.00","0","0","0","0","0","0","0","0","0","0"
"*062x5*","Edwin Jimenez","MIL","SP","5107","FA","24","0","0","0%","0%","0","0.00","0","0","0","0","0","0","0","0","0","0"
"*0724i*","Merit Jones","MIN","SP","5182","FA","23","0","0","0%","0%","0","0.00","0","0","0","0","0","0","0","0","0","0"
"*06149*","Brandon Knarr","(N/A)","SP","5350","FA","28","0","0","0%","0%","0","0.00","0","0","0","0","0","0","0","0","0","0"
"*06hop*","Colby Langford","HOU","RP","5463","FA","24","0","0","0%","0%","0","0.00","0","0","0","0","0","0","0","0","0","0"
"*06tpi*","Bryan Lara","LAD","SP","5482","FA","18","0","0","0%","0%","0","0.00","0","0","0","0","0","0","0","0","0","0"
"*05iyj*","Valentin Linarez","(N/A)","RP","5641","FA","26","0","0","0%","0%","0","0.00","0","0","0","0","0","0","0","0","0","0"
"*04af8*","Jesus Liranzo","(N/A)","RP","5658","FA","31","0","0","0%","0%","0","0.00","0","0","0","0","0","0","0","0","0","0"
"*066fm*","Joshua Loeschorn","PIT","RP","5687","FA","26","0","0","0%","0%","0","0.00","0","0","0","0","0","0","0","0","0","0"
"*04ejq*","Zach Logue","(N/A)","RP","5694","FA","30","0","0","0%","0%","0","0.00","0","0","0","0","0","0","0","0","0","0"
"*06bxl*","Ryan Long","BAL","SP,RP","5707","FA","26","0","0","0%","0%","0","0.00","0","0","0","0","0","0","0","0","0","0"
"*0614f*","Jose Lopez","(N/A)","RP","5737","FA","27","0","0","0%","0%","0","0.00","0","0","0","0","0","0","0","0","0","0"
"*06njt*","Esteban Luna","BAL","SP","5802","FA","19","0","0","0%","0%","0","0.00","0","0","0","0","0","0","0","0","0","0"
"*06ma5*","Darrel Lunar","WSH","SP","5806","FA","20","0","0","0%","0%","0","0.00","0","0","0","0","0","0","0","0","0","0"
"*06qr2*","Wyatt Lunsford-Shenkman","SEA","RP","5808","FA","23","0","0","0%","0%","0","0.00","0","0","0","0","0","0","0","0","0","0"
"*06giq*","Case Matter","TEX","RP","6120","FA","24","0","0","0%","0%","0","0.00","0","0","0","0","0","0","0","0","0","0"
"*0512h*","Michael McAvene","(N/A)","SP,RP","6144","FA","28","0","0","0%","0%","0","0.00","0","0","0","0","0","0","0","0","0","0"
"*0662x*","Connor McCullough","CHW","SP","6172","FA","26","0","0","0%","0%","0","0.00","0","0","0","0","0","0","0","0","0","0"
"*05yng*","Justin Meis","PIT","RP","6278","FA","26","0","0","0%","0%","0","0.00","0","0","0","0","0","0","0","0","0","0"
"*05t5w*","Jaime Melendez","(N/A)","SP,RP","6309","FA","24","0","0","0%","0%","0","0.00","0","0","0","0","0","0","0","0","0","0"
"*05ynz*","Antonio Menendez","ARI","RP","6352","FA","27","0","0","0%","0%","0","0.00","0","0","0","0","0","0","0","0","0","0"
"*06qzc*","Enderson Mercado","MIL","SP","6359","FA","19","0","0","0%","0%","0","0.00","0","0","0","0","0","0","0","0","0","0"
"*04ajs*","Michell Miliano","(N/A)","SP,RP","6431","FA","26","0","0","0%","0%","0","0.00","0","0","0","0","0","0","0","0","0","0"
"*051aq*","Nick Morreale","(N/A)","RP","6657","FA","29","0","0","0%","0%","0","0.00","0","0","0","0","0","0","0","0","0","0"
"*06587*","Branden Noriega","(N/A)","SP","6871","FA","25","0","0","0%","0%","0","0.00","0","0","0","0","0","0","0","0","0","0"
"*06hwb*","Joan Ogando","HOU","SP,RP","6956","FA","22","0","0","0%","0%","0","0.00","0","0","0","0","0","0","0","0","0","0"
"*07342*","Jack Ohman","(N/A)","SP","6965","FA","20","0","0","0%","0%","0","0.00","0","0","0","0","0","0","0","0","0","0"
"*0422w*","Adam Oller","(N/A)","SP","6985","FA","31","0","0","0%","0%","0","0.00","0","0","0","0","0","0","0","0","0","0"
"*06zin*","Brayan Orrantia","BAL","RP","7018","FA","20","0","0","0%","0%","0","0.00","0","0","0","0","0","0","0","0","0","0"
"*06dne*","Marcos Paz","(N/A)","1B,SP","7238","FA","19","0","0","0%","0%","0","0.00","0","0","0","0","0","0","0","0","0","0"
"*04al9*","Francisco Perez","(N/A)","RP","7365","FA","29","0","0","0%","0%","0","0.00","0","0","0","0","0","0","0","0","0","0"
"*051bb*","Austin Pope","(N/A)","RP","7571","FA","27","0","0","0%","0%","0","0.00","0","0","0","0","0","0","0","0","0","0"
"*041pt*","A.J. Puckett","(N/A)","RP","7626","FA","31","0","0","0%","0%","0","0.00","0","0","0","0","0","0","0","0","0","0"
"*04y7y*","Jackson Rees","(N/A)","SP,RP","7789","FA","31","0","0","0%","0%","0","0.00","0","0","0","0","0","0","0","0","0","0"
"*066qy*","Bryan Rivera","MIL","RP","7931","FA","21","0","0","0%","0%","0","0.00","0","0","0","0","0","0","0","0","0","0"
"*061yo*","Javier Rivera","CIN","SP","7934","FA","26","0","0","0%","0%","0","0.00","0","0","0","0","0","0","0","0","0","0"
"*066nd*","Gustavo Rodriguez","ATH","RP","8041","FA","25","0","0","0%","0%","0","0.00","0","0","0","0","0","0","0","0","0","0"
"*03ani*","Joely Rodriguez","(N/A)","RP","8045","FA","34","0","0","0%","0%","0","0.00","0","0","0","0","0","0","0","0","0","0"
"*06pqq*","Melvin Rodriguez","MIN","SP","8071","FA","20","0","0","0%","0%","0","0.00","0","0","0","0","0","0","0","0","0","0"
"*05txv*","Miguel Rodriguez","(N/A)","SP","8073","FA","27","0","0","0%","0%","0","0.00","0","0","0","0","0","0","0","0","0","0"
"*05r62*","Christian Romero","LAD","SP,RP","8149","FA","23","0","0","0%","0%","0","0.00","0","0","0","0","0","0","0","0","0","0"
"*06imf*","Jose Romero","SEA","SP","8153","FA","22","0","0","0%","0%","0","0.00","0","0","0","0","0","0","0","0","0","0"
"*06qp5*","Michael Ross","MIN","SP","8224","FA","24","0","0","0%","0%","0","0.00","0","0","0","0","0","0","0","0","0","0"
"*057mz*","Houston Roth","SEA","RP","8226","FA","28","0","0","0%","0%","0","0.00","0","0","0","0","0","0","0","0","0","0"
"*06umq*","Yermain Ruiz","BOS","SP","8258","FA","20","0","0","0%","0%","0","0.00","0","0","0","0","0","0","0","0","0","0"
"*06s49*","Filippo Sabatini","PHI","RP","8284","FA","19","0","0","0%","0%","0","0.00","0","0","0","0","0","0","0","0","0","0"
"*046td*","Antonio Santos","(N/A)","SP","8431","FA","29","0","0","0%","0%","0","0.00","0","0","0","0","0","0","0","0","0","0"
"*04eh7*","Alex Scherff","(N/A)","SP","8482","FA","28","0","0","0%","0%","0","0.00","0","0","0","0","0","0","0","0","0","0"
"*06c1i*","Matt Scott","(N/A)","SP","8523","FA","22","0","0","0%","0%","0","0.00","0","0","0","0","0","0","0","0","0","0"
"*066by*","Ben Sears","KC","RP","8535","FA","26","0","0","0%","0%","0","0.00","0","0","0","0","0","0","0","0","0","0"
"*06hf2*","Trent Sellers","NYY","SP","8550","FA","26","0","0","0%","0%","0","0.00","0","0","0","0","0","0","0","0","0","0"
"*01uay*","Bryan Shaw","(N/A)","RP","8605","FA","38","0","0","0%","0%","0","0.00","0","0","0","0","0","0","0","0","0","0"
"*067x1*","Johan Simon","DET","RP","8689","FA","25","0","0","0%","0%","0","0.00","0","0","0","0","0","0","0","0","0","0"
"*06hs5*","Isaac Stebens","BOS","RP","8883","FA","24","0","0","0%","0%","0","0.00","0","0","0","0","0","0","0","0","0","0"
"*06pla*","Anthony Susac","TEX","RP","9006","FA","23","0","0","0%","0%","0","0.00","0","0","0","0","0","0","0","0","0","0"
"*03116*","Blake Taylor","(N/A)","RP","9089","FA","30","0","0","0%","0%","0","0.00","0","0","0","0","0","0","0","0","0","0"
"*05t0n*","Sam Thoresen","(N/A)","RP","9180","FA","27","0","0","0%","0%","0","0.00","0","0","0","0","0","0","0","0","0","0"
"*06rt7*","Brian Tiburcio","COL","RP","9189","FA","18","0","0","0%","0%","0","0.00","0","0","0","0","0","0","0","0","0","0"
"*06qow*","Cole Tolbert","BOS","SP","9217","FA","23","0","0","0%","0%","0","0.00","0","0","0","0","0","0","0","0","0","0"
"*06r7h*","Jose Vasquez","LAD","SP","9472","FA","21","0","0","0%","0%","0","0.00","0","0","0","0","0","0","0","0","0","0"
"*07318*","Marcos Veras","MIL","SP","9525","FA","16","0","0","0%","0%","0","0.00","0","0","0","0","0","0","0","0","0","0"
"*05ued*","Luis Vizcaino","(N/A)","RP","9581","FA","25","0","0","0%","0%","0","0.00","0","0","0","0","0","0","0","0","0","0"
"*06zii*","Conner Ware","NYM","SP,RP","9657","FA","22","0","0","0%","0%","0","0.00","0","0","0","0","0","0","0","0","0","0"
"*06qiu*","Michael Watson","STL","RP","9676","FA","24","0","0","0%","0%","0","0.00","0","0","0","0","0","0","0","0","0","0"
"*04pyl*","Troy Watson","DET","SP,RP","9678","FA","29","0","0","0%","0%","0","0","0","0","0","0","0","0","0","0","0","0"
"*05yod*","Jacob Webb","MIN","RP","9688","FA","27","0","0","0%","0%","0","0.00","0","0","0","0","0","0","0","0","0","0"
"*06zil*","Jadon Williamson","MIA","RP","9820","FA","23","0","0","0%","0%","0","0.00","0","0","0","0","0","0","0","0","0","0"
"*0703a*","Daniel Wright","CHW","RP","9903","FA","24","0","0","0%","0%","0","0.00","0","0","0","0","0","0","0","0","0","0"
"*0669z*","Hayden Wynja","SF","SP","9913","FA","27","0","0","0%","0%","0","0.00","0","0","0","0","0","0","0","0","0","0"
"*06zov*","Zuher Yousuf","PHI","SP","9960","FA","20","0","0","0%","0%","0","0.00","0","0","0","0","0","0","0","0","0","0"
"*06clo*","Jose Zerpa","SEA","RP","9998","FA","21","0","0","0%","0%","0","0.00","0","0","0","0","0","0","0","0","0","0"
"*070bt*","Holden deJong","BAL","SP","10022","FA","22","0","0","0%","0%","0","0.00","0","0","0","0","0","0","0","0","0","0"
"*04nr0*","Aldry Acosta","(N/A)","RP","1208","FA","26","0","0","0%","0%","0","0.00","0","0","0","0","0","0","0","0","0","0"
"*066jy*","Mark Adamiak","ATH","RP","1226","FA","25","0","0","0%","0%","0","0.00","0","0","0","0","0","0","0","0","0","0"
"*06z9x*","Brady Afthim","CIN","RP","1248","FA","23","0","0","0%","0%","0","0.00","0","0","0","0","0","0","0","0","0","0"
"*05r6k*","Austin Aldeano","(N/A)","SP","1297","FA","22","0","0","0%","0%","0","0.00","0","0","0","0","0","0","0","0","0","0"
"*06qov*","Bryce Alewine","DET","RP","1307","FA","21","0","0","0%","0%","0","0.00","0","0","0","0","0","0","0","0","0","0"
"*06ru4*","Keuri Almonte","PIT","SP","1350","FA","20","0","0","0%","0%","0","0.00","0","0","0","0","0","0","0","0","0","0"
"*04si4*","Jhosmer Alvarez","(N/A)","RP","1376","FA","25","0","0","0%","0%","0","0.00","0","0","0","0","0","0","0","0","0","0"
"*06r1l*","Wilinyer Ardiles","CLE","SP","1476","FA","18","0","0","0%","0%","0","0.00","0","0","0","0","0","0","0","0","0","0"
"*06mvq*","Jackson Barberi","(N/A)","SP","1672","FA","19","0","0","0%","0%","0","0.00","0","0","0","0","0","0","0","0","0","0"
"*04ek0*","Jorge Benitez","(N/A)","RP","1843","FA","27","0","0","0%","0%","0","0.00","0","0","0","0","0","0","0","0","0","0"
"*03de6*","Wes Benjamin","(N/A)","SP","1849","FA","33","0","0","0%","0%","0","0.00","0","0","0","0","0","0","0","0","0","0"
"*071ma*","Wilner Berroteran","LAA","SP","1882","FA","18","0","0","0%","0%","0","0.00","0","0","0","0","0","0","0","0","0","0"
"*04pwm*","Jason Bilous","(N/A)","SP","1918","FA","28","0","0","0%","0%","0","0.00","0","0","0","0","0","0","0","0","0","0"
"*06qyo*","Kyle Bischoff","MIN","RP","1927","FA","26","0","0","0%","0%","0","0.00","0","0","0","0","0","0","0","0","0","0"
"*064zk*","Peter Bonilla","LAD","RP","1999","FA","21","0","0","0%","0%","0","0.00","0","0","0","0","0","0","0","0","0","0"
"*06su8*","Yerlin Burgos","ATH","RP","2215","FA","18","0","0","0%","0%","0","0.00","0","0","0","0","0","0","0","0","0","0"
"*066k5*","Ike Buxton","(N/A)","SP,RP","2251","FA","26","0","0","0%","0%","0","0.00","0","0","0","0","0","0","0","0","0","0"
"*06yce*","Osiris Calvo","(N/A)","SP","2323","FA","22","0","0","0%","0%","0","0.00","0","0","0","0","0","0","0","0","0","0"
"*06zcv*","Frank Camarillo","NYM","RP","2333","FA","22","0","0","0%","0%","0","0.00","0","0","0","0","0","0","0","0","0","0"
"*06qoe*","Zachary Cawyer","KC","RP","2545","FA","23","0","0","0%","0%","0","0.00","0","0","0","0","0","0","0","0","0","0"
"*05191*","Brendan Cellucci","TOR","RP","2566","FA","28","0","0","0%","0%","0","0.00","0","0","0","0","0","0","0","0","0","0"
"*03pj5*","Dakota Chalmers","(N/A)","RP","2606","FA","29","0","0","0%","0%","0","0.00","0","0","0","0","0","0","0","0","0","0"
"*06qo1*","Cade Citelli","TB","RP","2687","FA","24","0","0","0%","0%","0","0.00","0","0","0","0","0","0","0","0","0","0"
"*06gjl*","Drew Conover","CHW","SP","2795","FA","25","0","0","0%","0%","0","0.00","0","0","0","0","0","0","0","0","0","0"
"*06r1r*","Yohandri Contreras","ATH","RP","2814","FA","19","0","0","0%","0%","0","0.00","0","0","0","0","0","0","0","0","0","0"
"*05zzf*","Deivy Cruz","(N/A)","RP","2952","FA","22","0","0","0%","0%","0","0.00","0","0","0","0","0","0","0","0","0","0"
"*066n8*","Jose Cruz","(N/A)","RP","2958","FA","26","0","0","0%","0%","0","0.00","0","0","0","0","0","0","0","0","0","0"
"*050yp*","Angel Cuenca","(N/A)","RP","2977","FA","25","0","0","0%","0%","0","0.00","0","0","0","0","0","0","0","0","0","0"
"*05yna*","Jonny Cuevas","TB","RP","2983","FA","25","0","0","0%","0%","0","0.00","0","0","0","0","0","0","0","0","0","0"
"*06zdk*","Hayden Cuthbertson","MIA","RP","3017","FA","22","0","0","0%","0%","0","0.00","0","0","0","0","0","0","0","0","0","0"
"*072bw*","Matthew Dalquist","MIN","SP","3037","FA","23","0","0","0%","0%","0","0.00","0","0","0","0","0","0","0","0","0","0"
"*064oc*","Yuliangel De La Cruz","LAD","RP","3148","FA","21","0","0","0%","0%","0","0.00","0","0","0","0","0","0","0","0","0","0"
"*0516i*","Jose Dicochea","ATH","SP,RP","3343","FA","25","0","0","0%","0%","0","0.00","0","0","0","0","0","0","0","0","0","0"
"*064vp*","Mauricio Estrella","SF","RP","3627","FA","22","0","0","0%","0%","0","0.00","0","0","0","0","0","0","0","0","0","0"
"*06vy8*","Cesar Familia","CHW","RP","3660","FA","18","0","0","0%","0%","0","0.00","0","0","0","0","0","0","0","0","0","0"
"*060mo*","Angel Felipe","(N/A)","RP","3691","FA","28","0","0","0%","0%","0","0.00","0","0","0","0","0","0","0","0","0","0"
"*06hwm*","Danny Flatt","NYY","SP","3785","FA","22","0","0","0%","0%","0","0.00","0","0","0","0","0","0","0","0","0","0"
"*04z8l*","Santiago Florez","(N/A)","SP","3822","FA","26","0","0","0%","0%","0","0.00","0","0","0","0","0","0","0","0","0","0"
"*06hp6*","Zach Fogell","BOS","RP","3832","FA","26","0","0","0%","0%","0","0.00","0","0","0","0","0","0","0","0","0","0"
"*0316r*","Trevor Gott","(N/A)","RP","4320","FA","33","0","0","0%","0%","0","0.00","0","0","0","0","0","0","0","0","0","0"
"*04py0*","Josh Green","(N/A)","RP","4366","FA","30","0","0","0%","0%","0","0.00","0","0","0","0","0","0","0","0","0","0"
"*06l0h*","Roque Gutierrez","LAD","SP,RP","4464","FA","23","0","0","0%","0%","0","0.00","0","0","0","0","0","0","0","0","0","0"
"*04yk5*","Carlos Guzman","NYM","RP","4471","FA","28","0","0","0%","0%","0","0.00","0","0","0","0","0","0","0","0","0","0"
"*0424v*","Blair Henley","(N/A)","SP,RP","4660","FA","29","0","0","0%","0%","0","0.00","0","0","0","0","0","0","0","0","0","0"
"*06tzs*","Freddy Hernandez","LAA","SP","4723","FA","18","0","0","0%","0%","0","0.00","0","0","0","0","0","0","0","0","0","0"
"*06cuf*","Michael Hobbs","SEA","RP","4858","FA","27","0","0","0%","0%","0","0.00","0","0","0","0","0","0","0","0","0","0"
"*06kxj*","Riley Huge","ATH","RP","4952","FA","24","0","0","0%","0%","0","0.00","0","0","0","0","0","0","0","0","0","0"
"*06652*","Nick Hull","SEA","RP","4964","FA","26","0","0","0%","0%","0","0.00","0","0","0","0","0","0","0","0","0","0"
"*060up*","Kolton Ingram","(N/A)","RP","5003","FA","29","0","0","0%","0%","0","0.00","0","0","0","0","0","0","0","0","0","0"
"*06in1*","Thomas Ireland","TEX","RP","5008","FA","24","0","0","0%","0%","0","0.00","0","0","0","0","0","0","0","0","0","0"
"*06qfl*","Anderson Jimenez","SEA","SP","5095","FA","18","0","0","0%","0%","0","0.00","0","0","0","0","0","0","0","0","0","0"
"*06l2p*","Kyle Johnson","TB","SP","5146","FA","21","0","0","0%","0%","0","0.00","0","0","0","0","0","0","0","0","0","0"
"*065uz*","Kyle Jones","(N/A)","RP","5179","FA","26","0","0","0%","0%","0","0.00","0","0","0","0","0","0","0","0","0","0"
"*06r0r*","Wenderlyn King","MIL","RP","5322","FA","20","0","0","0%","0%","0","0.00","0","0","0","0","0","0","0","0","0","0"
"*071xa*","Griffin Kirn","ATH","SP","5333","FA","24","0","0","0%","0%","0","0.00","0","0","0","0","0","0","0","0","0","0"
"*05yo7*","Antonio Knowles","LAD","RP","5362","FA","26","0","0","0%","0%","0","0.00","0","0","0","0","0","0","0","0","0","0"
"*06h1w*","Sam Knowlton","SF","RP","5367","FA","26","0","0","0%","0%","0","0.00","0","0","0","0","0","0","0","0","0","0"
"*051ae*","Zac Kristofak","(N/A)","SP,RP","5405","FA","28","0","0","0%","0%","0","0.00","0","0","0","0","0","0","0","0","0","0"
"*0649a*","Austin Krob","(N/A)","RP","5406","FA","26","0","0","0%","0%","0","0.00","0","0","0","0","0","0","0","0","0","0"
"*06tld*","Trevor Kuncl","CIN","RP","5421","FA","27","0","0","0%","0%","0","0.00","0","0","0","0","0","0","0","0","0","0"
"*06rpz*","Jackson Lancaster","TB","RP","5452","FA","27","0","0","0%","0%","0","0.00","0","0","0","0","0","0","0","0","0","0"
"*06hq5*","Andrew Landry","NYY","SP","5455","FA","24","0","0","0%","0%","0","0.00","0","0","0","0","0","0","0","0","0","0"
"*06qno*","Ethan Lanthier","NYM","SP","5470","FA","23","0","0","0%","0%","0","0.00","0","0","0","0","0","0","0","0","0","0"
"*051if*","Jeff Lindgren","(N/A)","SP,RP","5643","FA","29","0","0","0%","0%","0","0.00","0","0","0","0","0","0","0","0","0","0"
"*04km8*","Andres Machado","(N/A)","RP","5833","FA","33","0","0","0%","0%","0","0.00","0","0","0","0","0","0","0","0","0","0"
"*05uai*","Irvin Machuca","(N/A)","RP","5842","FA","26","0","0","0%","0%","0","0.00","0","0","0","0","0","0","0","0","0","0"
"*04puv*","Josh Maciejewski","(N/A)","RP","5846","FA","30","0","0","0%","0%","0","0.00","0","0","0","0","0","0","0","0","0","0"
"*06z03*","Maison Martinez","CIN","RP","6053","FA","22","0","0","0%","0%","0","0.00","0","0","0","0","0","0","0","0","0","0"
"*06498*","Jacob Meador","(N/A)","SP,RP","6248","FA","25","0","0","0%","0%","0","0.00","0","0","0","0","0","0","0","0","0","0"
"*06klj*","Gerinton Mendez","MIA","SP","6323","FA","19","0","0","0%","0%","0","0.00","0","0","0","0","0","0","0","0","0","0"
"*06kzd*","Ernesto Mercedes","NYM","RP","6367","FA","22","0","0","0%","0%","0","0.00","0","0","0","0","0","0","0","0","0","0"
"*05r0y*","Vinny Nittoli","(N/A)","RP","6845","FA","35","0","0","0%","0%","0","0.00","0","0","0","0","0","0","0","0","0","0"
"*041rt*","Braeden Ogle","(N/A)","RP","6962","FA","28","0","0","0%","0%","0","0.00","0","0","0","0","0","0","0","0","0","0"
"*05svl*","Rafael Ohashi","(N/A)","SP","6963","FA","23","0","0","0%","0%","0","0.00","0","0","0","0","0","0","0","0","0","0"
"*0649g*","Davis Palermo","COL","RP","7137","FA","26","0","0","0%","0%","0","0.00","0","0","0","0","0","0","0","0","0","0"
"*0662u*","Jake Palisch","CHW","RP","7138","FA","27","0","0","0%","0%","0","0.00","0","0","0","0","0","0","0","0","0","0"
"*06cmp*","Wilkin Paredes","ARI","SP","7168","FA","22","0","0","0%","0%","0","0.00","0","0","0","0","0","0","0","0","0","0"
"*06zae*","Brady Parker","COL","SP","7177","FA","22","0","0","0%","0%","0","0.00","0","0","0","0","0","0","0","0","0","0"
"*04k4v*","Naswell Paulino","(N/A)","RP","7223","FA","26","0","0","0%","0%","0","0.00","0","0","0","0","0","0","0","0","0","0"
"*06z5c*","Emilio Payro","HOU","SP","7234","FA","18","0","0","0%","0%","0","0.00","0","0","0","0","0","0","0","0","0","0"
"*03dwk*","CD Pelham","PIT","RP","7265","FA","31","0","0","0%","0%","0","0.00","0","0","0","0","0","0","0","0","0","0"
"*06z5n*","Joan Pena","MIL","SP","7286","FA","18","0","0","0%","0%","0","0.00","0","0","0","0","0","0","0","0","0","0"
"*043ny*","Hector Perez","(N/A)","SP,RP","7367","FA","30","0","0","0%","0%","0","0.00","0","0","0","0","0","0","0","0","0","0"
"*03mol*","Ricardo Pinto","(N/A)","RP","7513","FA","32","0","0","0%","0%","0","0.00","0","0","0","0","0","0","0","0","0","0"
"*04ptv*","Dominic Pipkin","PIT","RP","7519","FA","26","0","0","0%","0%","0","0.00","0","0","0","0","0","0","0","0","0","0"
"*06qut*","Trey Pooser","STL","SP","7570","FA","24","0","0","0%","0%","0","0.00","0","0","0","0","0","0","0","0","0","0"
"*06bpw*","Keiverson Ramirez","STL","SP","7713","FA","21","0","0","0%","0%","0","0.00","0","0","0","0","0","0","0","0","0","0"
"*06zi6*","Chase Renner","MIA","RP","7814","FA","22","0","0","0%","0%","0","0.00","0","0","0","0","0","0","0","0","0","0"
"*06qy5*","Kendy Richard","ATL","SP","7878","FA","21","0","0","0%","0%","0","0.00","0","0","0","0","0","0","0","0","0","0"
"*06rm1*","Carlos Rodriguez","DET","SP","8014","FA","20","0","0","0%","0%","0","0.00","0","0","0","0","0","0","0","0","0","0"
"*064q9*","Pitterson Rosa","PIT","RP","8184","FA","21","0","0","0%","0%","0","0.00","0","0","0","0","0","0","0","0","0","0"
"*05rkx*","Braxton Roxby","SF","RP","8231","FA","27","0","0","0%","0%","0","0.00","0","0","0","0","0","0","0","0","0","0"
"*06ky5*","Enixon Sanchez","NYY","SP","8353","FA","19","0","0","0%","0%","0","0.00","0","0","0","0","0","0","0","0","0","0"
"*070ei*","Aaron Savary","CLE","SP","8465","FA","22","0","0","0%","0%","0","0.00","0","0","0","0","0","0","0","0","0","0"
"*06l5o*","Frankie Scalzo Jr.","CHC","RP","8471","FA","26","0","0","0%","0%","0","0.00","0","0","0","0","0","0","0","0","0","0"
"*06akt*","Dominic Scheffler","CIN","RP","8479","FA","22","0","0","0%","0%","0","0.00","0","0","0","0","0","0","0","0","0","0"
"*063vy*","Garrett Schoenle","CHW","RP","8495","FA","28","0","0","0%","0%","0","0.00","0","0","0","0","0","0","0","0","0","0"
"*041u2*","Andre Scrubb","(N/A)","RP","8529","FA","31","0","0","0%","0%","0","0.00","0","0","0","0","0","0","0","0","0","0"
"*06hwz*","Jack Sellinger","MIA","RP","8551","FA","26","0","0","0%","0%","0","0.00","0","0","0","0","0","0","0","0","0","0"
"*06zic*","RJ Shunck","MIA","RP","8643","FA","22","0","0","0%","0%","0","0.00","0","0","0","0","0","0","0","0","0","0"
"*041ry*","Devin Smeltzer","(N/A)","RP","8723","FA","30","0","0","0%","0%","0","0.00","0","0","0","0","0","0","0","0","0","0"
"*03753*","Caleb Smith","(N/A)","SP","8735","FA","35","0","0","0%","0%","0","0.00","0","0","0","0","0","0","0","0","0","0"
"*06qrp*","Tanner Smith","BAL","RP","8762","FA","23","0","0","0%","0%","0","0.00","0","0","0","0","0","0","0","0","0","0"
"*06hpq*","Hayden Snelsire","TB","SP,RP","8774","FA","25","0","0","0%","0%","0","0.00","0","0","0","0","0","0","0","0","0","0"
"*070ca*","Connor Spencer","CHC","RP","8846","FA","25","0","0","0%","0%","0","0.00","0","0","0","0","0","0","0","0","0","0"
"*065j6*","Dale Stanavich","SF","RP","8865","FA","27","0","0","0%","0%","0","0.00","0","0","0","0","0","0","0","0","0","0"
"*06zig*","Brennan Stuprich","NYY","SP","8962","FA","24","0","0","0%","0%","0","0.00","0","0","0","0","0","0","0","0","0","0"
"*064n5*","Dylan Tebrake","WSH","RP","9103","FA","27","0","0","0%","0%","0","0.00","0","0","0","0","0","0","0","0","0","0"
"*06hh5*","Benny Thompson","LAA","RP","9163","FA","24","0","0","0%","0%","0","0.00","0","0","0","0","0","0","0","0","0","0"
"*06qp1*","Matt Tiberia","SEA","SP","9188","FA","24","0","0","0%","0%","0","0.00","0","0","0","0","0","0","0","0","0","0"
"*06gin*","Landon Tomkins","PIT","RP","9231","FA","26","0","0","0%","0%","0","0.00","0","0","0","0","0","0","0","0","0","0"
"*06z07*","Sam Tookoian","LAA","RP","9235","FA","23","0","0","0%","0%","0","0.00","0","0","0","0","0","0","0","0","0","0"
"*05g46*","Noe Toribio","(N/A)","SP","9238","FA","26","0","0","0%","0%","0","0.00","0","0","0","0","0","0","0","0","0","0"
"*06qni*","Evan Truitt","SEA","SP","9315","FA","23","0","0","0%","0%","0","0.00","0","0","0","0","0","0","0","0","0","0"
"*04eg4*","Erich Uelmen","(N/A)","RP","9350","FA","30","0","0","0%","0%","0","0.00","0","0","0","0","0","0","0","0","0","0"
"*06hwq*","John Valle","WSH","RP","9421","FA","21","0","0","0%","0%","0","0.00","0","0","0","0","0","0","0","0","0","0"
"*03ym6*","Andrew Vasquez","(N/A)","RP","9464","FA","32","0","0","0%","0%","0","0.00","0","0","0","0","0","0","0","0","0","0"
"*068z3*","Mauricio Veliz","(N/A)","RP","9510","FA","24","0","0","0%","0%","0","0.00","0","0","0","0","0","0","0","0","0","0"
"*06qn8*","Ryan Verdugo","HOU","SP","9532","FA","23","0","0","0%","0%","0","0.00","0","0","0","0","0","0","0","0","0","0"
"*049ur*","Thyago Vieira","(N/A)","RP","9546","FA","33","0","0","0%","0%","0","0.00","0","0","0","0","0","0","0","0","0","0"
"*062zp*","Kendeglys Virguez","CLE","RP","9579","FA","22","0","0","0%","0%","0","0.00","0","0","0","0","0","0","0","0","0","0"
"*06z0r*","Ethan Walker","BOS","SP","9622","FA","22","0","0","0%","0%","0","0.00","0","0","0","0","0","0","0","0","0","0"
"*04ep2*","Jake Walsh","(N/A)","RP","9637","FA","31","0","0","0%","0%","0","0.00","0","0","0","0","0","0","0","0","0","0"
"*051aj*","Derek West","(N/A)","SP,RP","9728","FA","29","0","0","0%","0%","0","0.00","0","0","0","0","0","0","0","0","0","0"
"*06ooo*","Logan Whitaker","MIA","RP","9747","FA","26","0","0","0%","0%","0","0.00","0","0","0","0","0","0","0","0","0","0"
"*06hni*","Garrett Wright","CHW","RP","9904","FA","24","0","0","0%","0%","0","0.00","0","0","0","0","0","0","0","0","0","0"
"*05g3z*","Joseph Yabbour","(N/A)","RP","9918","FA","23","0","0","0%","0%","0","0.00","0","0","0","0","0","0","0","0","0","0"
"*06r5p*","Nien-Hsi Yang","SF","SP,RP","9929","FA","19","0","0","0%","0%","0","0.00","0","0","0","0","0","0","0","0","0","0"
"*06qu0*","Jack Young","CHW","RP","9953","FA","24","0","0","0%","0%","0","0.00","0","0","0","0","0","0","0","0","0","0"
"*06lth*","Gijs van den Brink","KC","SP","10023","FA","21","0","0","0%","0%","0","0.00","0","0","0","0","0","0","0","0","0","0"
"*01viz*","Fernando Abad","(N/A)","RP","1180","FA","40","0","0","0%","0%","0","0.00","0","0","0","0","0","0","0","0","0","0"
"*05ud8*","Gabriel Aguilera","(N/A)","SP","1261","FA","25","0","0","0%","0%","0","0.00","0","0","0","0","0","0","0","0","0","0"
"*0665o*","Max Alba","DET","SP","1269","FA","27","0","0","0%","0%","0","0.00","0","0","0","0","0","0","0","0","0","0"
"*06r3a*","Jhon Alcantara","(N/A)","SP","1291","FA","20","0","0","0%","0%","0","0.00","0","0","0","0","0","0","0","0","0","0"
"*06uqg*","Stanly Alcantara","NYY","RP","1296","FA","22","0","0","0%","0%","0","0.00","0","0","0","0","0","0","0","0","0","0"
"*066do*","Nick Altermatt","CHW","RP","1361","FA","26","0","0","0%","0%","0","0.00","0","0","0","0","0","0","0","0","0","0"
"*06rn0*","Juan Amarante","PHI","SP","1390","FA","22","0","0","0%","0%","0","0.00","0","0","0","0","0","0","0","0","0","0"
"*04pzw*","Clayton Andrews","(N/A)","SP","1424","FA","29","0","0","0%","0%","0","0.00","0","0","0","0","0","0","0","0","0","0"
"*06rn4*","Oswaldo Aponte","MIA","SP","1455","FA","20","0","0","0%","0%","0","0.00","0","0","0","0","0","0","0","0","0","0"
"*05yls*","Jose Atencio","LAA","SP","1572","FA","24","0","0","0%","0%","0","0.00","0","0","0","0","0","0","0","0","0","0"
"*05ynn*","Trent Baker","MIN","SP,RP","1640","FA","27","0","0","0%","0%","0","0.00","0","0","0","0","0","0","0","0","0","0"
"*06mmo*","Javier Bartolozzi","LAD","RP","1723","FA","21","0","0","0%","0%","0","0.00","0","0","0","0","0","0","0","0","0","0"
"*0514e*","Nick Bennett","(N/A)","RP","1851","FA","28","0","0","0%","0%","0","0.00","0","0","0","0","0","0","0","0","0","0"
"*051ap*","Adam Berghorst","(N/A)","SP,RP","1865","FA","25","0","0","0%","0%","0","0.00","0","0","0","0","0","0","0","0","0","0"
"*06qqv*","Josh Blum","NYM","RP","1961","FA","23","0","0","0%","0%","0","0.00","0","0","0","0","0","0","0","0","0","0"
"*06hvf*","Ethan Bosacker","KC","SP,RP","2014","FA","25","0","0","0%","0%","0","0.00","0","0","0","0","0","0","0","0","0","0"
"*065uy*","Sam Bower","SF","SP","2036","FA","25","0","0","0%","0%","0","0.00","0","0","0","0","0","0","0","0","0","0"
"*04q5d*","Bradley Brehmer","BAL","RP","2089","FA","26","0","0","0%","0%","0","0.00","0","0","0","0","0","0","0","0","0","0"
"*031d3*","Jake Brentz","(N/A)","RP","2094","FA","31","0","0","0%","0%","0","0.00","0","0","0","0","0","0","0","0","0","0"
"*06qri*","Sam Brodersen","WSH","RP","2138","FA","24","0","0","0%","0%","0","0.00","0","0","0","0","0","0","0","0","0","0"
"*05gx1*","Cam Brown","(N/A)","RP","2152","FA","24","0","0","0%","0%","0","0.00","0","0","0","0","0","0","0","0","0","0"
"*05tuq*","Gavin Bruni","WSH","RP","2177","FA","23","0","0","0%","0%","0","0.00","0","0","0","0","0","0","0","0","0","0"
"*051hf*","Blair Calvo","(N/A)","RP","2321","FA","30","0","0","0%","0%","0","0.00","0","0","0","0","0","0","0","0","0","0"
"*06ul0*","Kevin Camacho","CHC","SP,RP","2328","FA","21","0","0","0%","0%","0","0.00","0","0","0","0","0","0","0","0","0","0"
"*06zcu*","Xavier Cardenas","MIA","RP","2396","FA","23","0","0","0%","0%","0","0.00","0","0","0","0","0","0","0","0","0","0"
"*06s37*","Alan Carpinteiro","SEA","SP","2428","FA","19","0","0","0%","0%","0","0.00","0","0","0","0","0","0","0","0","0","0"
"*06ukz*","Carlos Carra","MIL","SP,RP","2434","FA","19","0","0","0%","0%","0","0.00","0","0","0","0","0","0","0","0","0","0"
"*04b3k*","Deury Carrasco","(N/A)","RP","2435","FA","26","0","0","0%","0%","0","0.00","0","0","0","0","0","0","0","0","0","0"
"*06r1k*","Hector Castillo","CLE","RP","2494","FA","19","0","0","0%","0%","0","0.00","0","0","0","0","0","0","0","0","0","0"
"*06hna*","Adler Cecil","SD","RP","2551","FA","21","0","0","0%","0%","0","0.00","0","0","0","0","0","0","0","0","0","0"
"*06hoi*","Ethan Chenault","PHI","RP","2634","FA","25","0","0","0%","0%","0","0.00","0","0","0","0","0","0","0","0","0","0"
"*03134*","Trevor Clifton","(N/A)","SP","2719","FA","31","0","0","0%","0%","0","0.00","0","0","0","0","0","0","0","0","0","0"
"*06hrx*","Samuel Colmenares","TOR","RP","2770","FA","21","0","0","0%","0%","0","0.00","0","0","0","0","0","0","0","0","0","0"
"*06l5q*","Daniel Corniel","MIL","RP","2847","FA","22","0","0","0%","0%","0","0.00","0","0","0","0","0","0","0","0","0","0"
"*06v22*","Jesus Cova","ATL","SP","2892","FA","18","0","0","0%","0%","0","0.00","0","0","0","0","0","0","0","0","0","0"
"*06quc*","Jack Crowder","BAL","RP","2939","FA","24","0","0","0%","0%","0","0.00","0","0","0","0","0","0","0","0","0","0"
"*070er*","Mathieu Curtis","ATL","RP","3011","FA","21","0","0","0%","0%","0","0.00","0","0","0","0","0","0","0","0","0","0"
"*06qq1*","Joey Danielson","TEX","RP","3049","FA","25","0","0","0%","0%","0","0.00","0","0","0","0","0","0","0","0","0","0"
"*06agj*","Nicolas De La Cruz","BOS","RP","3140","FA","20","0","0","0%","0%","0","0.00","0","0","0","0","0","0","0","0","0","0"
"*06m8j*","Ericksson De Los Santos","DET","RP","3186","FA","20","0","0","0%","0%","0","0.00","0","0","0","0","0","0","0","0","0","0"
"*06y9y*","Antonio Delgado","HOU","RP","3254","FA","19","0","0","0%","0%","0","0.00","0","0","0","0","0","0","0","0","0","0"
"*06qtr*","Brandon Downer","BAL","SP","3413","FA","23","0","0","0%","0%","0","0.00","0","0","0","0","0","0","0","0","0","0"
"*06ppu*","Ryan Dromboski","PHI","SP,RP","3427","FA","23","0","0","0%","0%","0","0.00","0","0","0","0","0","0","0","0","0","0"
"*06ig8*","Jacob Dudan","ATH","SP","3438","FA","21","0","0","0%","0%","0","0.00","0","0","0","0","0","0","0","0","0","0"
"*02mzd*","Tyler Duffey","(N/A)","RP","3443","FA","35","0","0","0%","0%","0","0.00","0","0","0","0","0","0","0","0","0","0"
"*06rw8*","Carlos Duran","(N/A)","SP","3471","FA","18","0","0","0%","0%","0","0.00","0","0","0","0","0","0","0","0","0","0"
"*06za6*","Noah Edders","CHC","RP","3505","FA","23","0","0","0%","0%","0","0.00","0","0","0","0","0","0","0","0","0","0"
"*06h1r*","Kenten Egbert","CHC","SP,RP","3519","FA","25","0","0","0%","0%","0","0.00","0","0","0","0","0","0","0","0","0","0"
"*05ydx*","Juan Daniel Encarnacion","(N/A)","SP","3559","FA","25","0","0","0%","0%","0","0.00","0","0","0","0","0","0","0","0","0","0"
"*066an*","Braeden Fausnaught","PHI","SP","3682","FA","26","0","0","0%","0%","0","0.00","0","0","0","0","0","0","0","0","0","0"
"*0657x*","Graham Firoved","(N/A)","RP","3766","FA","26","0","0","0%","0%","0","0.00","0","0","0","0","0","0","0","0","0","0"
"*0421a*","J.C. Flowers","(N/A)","RP","3825","FA","28","0","0","0%","0%","0","0.00","0","0","0","0","0","0","0","0","0","0"
"*0517x*","Taylor Floyd","CIN","RP","3826","FA","28","0","0","0%","0%","0","0.00","0","0","0","0","0","0","0","0","0","0"
"*070ee*","Logan Forsythe","ATL","RP","3848","FA","22","0","0","0%","0%","0","0.00","0","0","0","0","0","0","0","0","0","0"
"*070eu*","Brody Fowler","ATL","SP","3855","FA","22","0","0","0%","0%","0","0.00","0","0","0","0","0","0","0","0","0","0"
"*06z50*","Tadeo Gamez","CHC","SP","4000","FA","18","0","0","0%","0%","0","0.00","0","0","0","0","0","0","0","0","0","0"
"*05ui7*","Carlos Garcia","(N/A)","RP","4021","FA","27","0","0","0%","0%","0","0.00","0","0","0","0","0","0","0","0","0","0"
"*06byi*","Leonard Garcia","LAA","RP","4053","FA","22","0","0","0%","0%","0","0.00","0","0","0","0","0","0","0","0","0","0"
"*066dh*","Jake Garland","ATH","SP,RP","4077","FA","25","0","0","0%","0%","0","0.00","0","0","0","0","0","0","0","0","0","0"
"*03adu*","Justin Garza","(N/A)","RP","4090","FA","32","0","0","0%","0%","0","0.00","0","0","0","0","0","0","0","0","0","0"
"*02bvf*","Ken Giles","(N/A)","RP","4153","FA","35","0","0","0%","0%","0","0.00","0","0","0","0","0","0","0","0","0","0"
"*066cw*","Brett Gillis","HOU","SP","4162","FA","26","0","0","0%","0%","0","0.00","0","0","0","0","0","0","0","0","0","0"
"*06t23*","Tanner Gillis","MIL","SP","4163","FA","25","0","0","0%","0%","0","0.00","0","0","0","0","0","0","0","0","0","0"
"*05uch*","Rio Gomez","(N/A)","RP","4221","FA","31","0","0","0%","0%","0","0.00","0","0","0","0","0","0","0","0","0","0"
"*072df*","Jonathan Gonzalez","PHI","SP","4272","FA","23","0","0","0%","0%","0","0.00","0","0","0","0","0","0","0","0","0","0"
"*06qzd*","Lukas Gonzalez","MIL","RP","4286","FA","19","0","0","0%","0%","0","0.00","0","0","0","0","0","0","0","0","0","0"
"*06mij*","Rafael Gonzalez","HOU","RP","4293","FA","22","0","0","0%","0%","0","0.00","0","0","0","0","0","0","0","0","0","0"
"*01sha*","Anthony Gose","KC","RP","4317","FA","35","0","0","0%","0%","0","0.00","0","0","0","0","0","0","0","0","0","0"
"*06am3*","Jose Guedez","HOU","SP,RP","4411","FA","24","0","0","0%","0%","0","0.00","0","0","0","0","0","0","0","0","0","0"
"*06hox*","Harry Gustin","SD","RP","4447","FA","24","0","0","0%","0%","0","0.00","0","0","0","0","0","0","0","0","0","0"
"*06qkt*","Jakob Hall","(N/A)","RP","4517","FA","23","0","0","0%","0%","0","0.00","0","0","0","0","0","0","0","0","0","0"
"*060u2*","Patrick Halligan","BOS","RP","4526","FA","26","0","0","0%","0%","0","0.00","0","0","0","0","0","0","0","0","0","0"
"*05yb9*","Dominic Hambley","(N/A)","RP","4529","FA","23","0","0","0%","0%","0","0.00","0","0","0","0","0","0","0","0","0","0"
"*06qon*","Ben Hansen","ATH","SP","4558","FA","24","0","0","0%","0%","0","0.00","0","0","0","0","0","0","0","0","0","0"
"*05ub5*","James Hays","(N/A)","SP","4624","FA","22","0","0","0%","0%","0","0.00","0","0","0","0","0","0","0","0","0","0"
"*06kll*","Abraham Hernandez","MIA","SP","4694","FA","19","0","0","0%","0%","0","0.00","0","0","0","0","0","0","0","0","0","0"
"*068rs*","Maxwel Hernandez","(N/A)","RP","4747","FA","23","0","0","0%","0%","0","0.00","0","0","0","0","0","0","0","0","0","0"
"*06qrs*","Thomas Higgins Jr.","SEA","SP","4820","FA","23","0","0","0%","0%","0","0.00","0","0","0","0","0","0","0","0","0","0"
"*06qkr*","Camron Hill","PHI","SP","4830","FA","23","0","0","0%","0%","0","0.00","0","0","0","0","0","0","0","0","0","0"
"*06r75*","Bo Holloway","(N/A)","SP","4890","FA","18","0","0","0%","0%","0","0.00","0","0","0","0","0","0","0","0","0","0"
"*060yo*","Anthony Hoopii-Tuionetoa","(N/A)","RP","4907","FA","25","0","0","0%","0%","0","0.00","0","0","0","0","0","0","0","0","0","0"
"*06zan*","Matthew Hoskins","TB","RP","4923","FA","22","0","0","0%","0%","0","0.00","0","0","0","0","0","0","0","0","0","0"
"*06qsn*","Preston Howey","DET","SP,RP","4939","FA","24","0","0","0%","0%","0","0.00","0","0","0","0","0","0","0","0","0","0"
"*064ne*","Chance Huff","WSH","RP","4950","FA","26","0","0","0%","0%","0","0.00","0","0","0","0","0","0","0","0","0","0"
"*06qqt*","Nolan Hughes","WSH","RP","4960","FA","24","0","0","0%","0%","0","0.00","0","0","0","0","0","0","0","0","0","0"
"*06hwg*","Chase Isbell","KC","RP","5013","FA","25","0","0","0%","0%","0","0.00","0","0","0","0","0","0","0","0","0","0"
"*065j8*","Jack Jasiak","CLE","RP","5057","FA","25","0","0","0%","0%","0","0.00","0","0","0","0","0","0","0","0","0","0"
"*0689j*","Madison Jeffrey","(N/A)","RP","5074","FA","26","0","0","0%","0%","0","0.00","0","0","0","0","0","0","0","0","0","0"
"*06ag0*","Estibenzon Jimenez","PHI","SP,RP","5110","FA","24","0","0","0%","0%","0","0.00","0","0","0","0","0","0","0","0","0","0"
"*06tlb*","Marco Jimenez","DET","RP","5121","FA","26","0","0","0%","0%","0","0.00","0","0","0","0","0","0","0","0","0","0"
"*0310g*","Rob Kaminsky","LAA","SP","5224","FA","31","0","0","0%","0%","0","0.00","0","0","0","0","0","0","0","0","0","0"
"*04emj*","Ricky Karcher","(N/A)","RP","5230","FA","28","0","0","0%","0%","0","0.00","0","0","0","0","0","0","0","0","0","0"
"*06z45*","Anthony Karoly","SEA","SP","5231","FA","22","0","0","0%","0%","0","0.00","0","0","0","0","0","0","0","0","0","0"
"*04pw7*","Rylan Kaufman","(N/A)","RP","5239","FA","27","0","0","0%","0%","0","0.00","0","0","0","0","0","0","0","0","0","0"
"*06qqx*","Griffin Kilander","BOS","SP,RP","5295","FA","23","0","0","0%","0%","0","0.00","0","0","0","0","0","0","0","0","0","0"
"*065uv*","Joseph King","STL","RP","5314","FA","25","0","0","0%","0%","0","0.00","0","0","0","0","0","0","0","0","0","0"
"*04pvw*","Nolan Kingham","TEX","SP,RP","5325","FA","29","0","0","0%","0%","0","0.00","0","0","0","0","0","0","0","0","0","0"
"*060eq*","Jimmy Kingsbury","SEA","RP","5326","FA","27","0","0","0%","0%","0","0.00","0","0","0","0","0","0","0","0","0","0"
"*0310k*","Corey Knebel","(N/A)","RP","5351","FA","34","0","0","0%","0%","0","0.00","0","0","0","0","0","0","0","0","0","0"
"*072il*","Cole Koeninger","(N/A)","SS,SP,RP","5374","FA","18","0","0","0%","0%","0","0.00","0","0","0","0","0","0","0","0","0","0"
"*06zb6*","Luke Kovach","TOR","SP","5397","FA","23","0","0","0%","0%","0","0.00","0","0","0","0","0","0","0","0","0","0"
"*0513u*","Evan Kravetz","(N/A)","RP","5401","FA","29","0","0","0%","0%","0","0.00","0","0","0","0","0","0","0","0","0","0"
"*06qpr*","Harrison Kreiling","SEA","SP","5403","FA","24","0","0","0%","0%","0","0.00","0","0","0","0","0","0","0","0","0","0"
"*06aml*","Lisnerkin Lantigua","CIN","RP","5474","FA","21","0","0","0%","0%","0","0.00","0","0","0","0","0","0","0","0","0","0"
"*06bl2*","Davidxon Lara","MIA","RP","5483","FA","19","0","0","0%","0%","0","0.00","0","0","0","0","0","0","0","0","0","0"
"*05yni*","Conor Larkin","TOR","RP","5496","FA","27","0","0","0%","0%","0","0.00","0","0","0","0","0","0","0","0","0","0"
"*06hum*","Jeremy Lee","(N/A)","SP","5559","FA","24","0","0","0%","0%","0","0.00","0","0","0","0","0","0","0","0","0","0"
"*06pmw*","Bryan Magdaleno","TEX","RP","5868","FA","25","0","0","0%","0%","0","0.00","0","0","0","0","0","0","0","0","0","0"
"*06qsg*","Ryan Magdic","ATH","RP","5869","FA","26","0","0","0%","0%","0","0.00","0","0","0","0","0","0","0","0","0","0"
"*051bg*","Andrew Magno","BAL","RP","5873","FA","28","0","0","0%","0%","0","0.00","0","0","0","0","0","0","0","0","0","0"
"*06z5b*","Cesar Maiz","CIN","SP","5880","FA","18","0","0","0%","0%","0","0.00","0","0","0","0","0","0","0","0","0","0"
"*06qp0*","Thomas Mangus","CHC","RP","5901","FA","23","0","0","0%","0%","0","0.00","0","0","0","0","0","0","0","0","0","0"
"*04eie*","Nick Margevicius","(N/A)","SP","5930","FA","30","0","0","0%","0%","0","0.00","0","0","0","0","0","0","0","0","0","0"
"*05u1r*","Emilio Marquez","(N/A)","RP","5963","FA","28","0","0","0%","0%","0","0.00","0","0","0","0","0","0","0","0","0","0"
"*05mrh*","Kade Mechals","(N/A)","SP,RP","6254","FA","28","0","0","0%","0%","0","0.00","0","0","0","0","0","0","0","0","0","0"
"*06o0t*","Franyer Mendez","CIN","SP","6322","FA","19","0","0","0%","0%","0","0.00","0","0","0","0","0","0","0","0","0","0"
"*06me8*","Abel Mercedes","ATH","RP","6366","FA","24","0","0","0%","0%","0","0.00","0","0","0","0","0","0","0","0","0","0"
"*06ag7*","Kendal Meza","SEA","RP","6403","FA","20","0","0","0%","0%","0","0.00","0","0","0","0","0","0","0","0","0","0"
"*066d4*","Trevin Michael","DET","RP","6407","FA","28","0","0","0%","0%","0","0.00","0","0","0","0","0","0","0","0","0","0"
"*06lte*","Ryan Miller","COL","RP","6454","FA","30","0","0","0%","0%","0","0.00","0","0","0","0","0","0","0","0","0","0"
"*06gjd*","Josh Mollerus","(N/A)","SP","6515","FA","26","0","0","0%","0%","0","0.00","0","0","0","0","0","0","0","0","0","0"
"*06kvj*","Yaki Mondesir","BAL","SP","6520","FA","19","0","0","0%","0%","0","0.00","0","0","0","0","0","0","0","0","0","0"
"*06z0v*","Tayler Montiel","ARI","RP","6565","FA","24","0","0","0%","0%","0","0.00","0","0","0","0","0","0","0","0","0","0"
"*05tzb*","Grayson Moore","CHC","RP","6582","FA","25","0","0","0%","0%","0","0.00","0","0","0","0","0","0","0","0","0","0"
"*06qrg*","Mason Moore","CHW","SP","6585","FA","24","0","0","0%","0%","0","0.00","0","0","0","0","0","0","0","0","0","0"
"*06vy5*","Albert Morel","LAA","SP","6617","FA","18","0","0","0%","0%","0","0.00","0","0","0","0","0","0","0","0","0","0"
"*0637o*","Luis Moreno","MIA","RP","6629","FA","27","0","0","0%","0%","0","0.00","0","0","0","0","0","0","0","0","0","0"
"*06miq*","Edgar Moreta","NYM","SP","6631","FA","22","0","0","0%","0%","0","0.00","0","0","0","0","0","0","0","0","0","0"
"*0731g*","Alexandre Moreti","PHI","SP","6632","FA","19","0","0","0%","0%","0","0.00","0","0","0","0","0","0","0","0","0","0"
"*05xxo*","Oddanier Mosqueda","PIT","RP","6675","FA","27","0","0","0%","0%","0","0.00","0","0","0","0","0","0","0","0","0","0"
"*06hn4*","Aaron Munson","TOR","RP","6726","FA","24","0","0","0%","0%","0","0.00","0","0","0","0","0","0","0","0","0","0"
"*06rrh*","Brayan Narvaez","SF","SP","6772","FA","21","0","0","0%","0%","0","0.00","0","0","0","0","0","0","0","0","0","0"
"*041so*","Stephen Nogosek","(N/A)","RP","6855","FA","31","0","0","0%","0%","0","0.00","0","0","0","0","0","0","0","0","0","0"
"*06qvp*","Tucker Novotny","ATH","SP,RP","6885","FA","23","0","0","0%","0%","0","0.00","0","0","0","0","0","0","0","0","0","0"
"*04n1l*","Jack O'Loughlin","(N/A)","SP","6928","FA","26","0","0","0%","0%","0","0.00","0","0","0","0","0","0","0","0","0","0"
"*05yfv*","Ryan Och","SD","RP","6943","FA","28","0","0","0%","0%","0","0.00","0","0","0","0","0","0","0","0","0","0"
"*06ig0*","Gerald Ogando","BAL","RP","6955","FA","26","0","0","0%","0%","0","0.00","0","0","0","0","0","0","0","0","0","0"
"*06l2t*","Connor Oliver","PIT","SP,RP","6979","FA","25","0","0","0%","0%","0","0.00","0","0","0","0","0","0","0","0","0","0"
"*06r6o*","Carlos Olivo","TOR","SP","6982","FA","19","0","0","0%","0%","0","0.00","0","0","0","0","0","0","0","0","0","0"
"*06gio*","Graham Osman","CIN","RP","7053","FA","25","0","0","0%","0%","0","0.00","0","0","0","0","0","0","0","0","0","0"
"*0515t*","Nick Paciorek","(N/A)","SP,RP","7113","FA","28","0","0","0%","0%","0","0.00","0","0","0","0","0","0","0","0","0","0"
"*03qra*","Nicholas Padilla","(N/A)","RP","7119","FA","29","0","0","0%","0%","0","0.00","0","0","0","0","0","0","0","0","0","0"
"*06qww*","Angel Peralta","HOU","SP","7315","FA","19","0","0","0%","0%","0","0.00","0","0","0","0","0","0","0","0","0","0"
"*06ky9*","Christopher Peralta","MIL","SP","7316","FA","19","0","0","0%","0%","0","0.00","0","0","0","0","0","0","0","0","0","0"
"*064p5*","Manuel Perez","(N/A)","SP","7381","FA","20","0","0","0%","0%","0","0.00","0","0","0","0","0","0","0","0","0","0"
"*06zi5*","Cannon Pickell","MIA","RP","7463","FA","23","0","0","0%","0%","0","0.00","0","0","0","0","0","0","0","0","0","0"
"*072ii*","Nicolo Pinazzi","LAA","RP","7485","FA","26","0","0","0%","0%","0","0.00","0","0","0","0","0","0","0","0","0","0"
"*072do*","Jacob Pruitt","PHI","RP","7624","FA","22","0","0","0%","0%","0","0.00","0","0","0","0","0","0","0","0","0","0"
"*05u31*","Luis Quinones","MIN","SP","7657","FA","29","0","0","0%","0%","0","0.00","0","0","0","0","0","0","0","0","0","0"
"*026mp*","Nick Ramirez","(N/A)","RP","7719","FA","36","0","0","0%","0%","0","0.00","0","0","0","0","0","0","0","0","0","0"
"*065iv*","Vince Reilly","CHC","RP","7800","FA","25","0","0","0%","0%","0","0.00","0","0","0","0","0","0","0","0","0","0"
"*06qqw*","Jacob Remily","CLE","SP","7811","FA","20","0","0","0%","0%","0","0.00","0","0","0","0","0","0","0","0","0","0"
"*06hpw*","Carlos Rey","ARI","RP","7826","FA","24","0","0","0%","0%","0","0.00","0","0","0","0","0","0","0","0","0","0"
"*06qyh*","Maicol Reyes","TEX","RP","7853","FA","21","0","0","0%","0%","0","0.00","0","0","0","0","0","0","0","0","0","0"
"*04pr5*","Trey Riley","(N/A)","RP","7898","FA","28","0","0","0%","0%","0","0.00","0","0","0","0","0","0","0","0","0","0"
"*06qop*","Brayden Risedorph","CHC","RP","7912","FA","22","0","0","0%","0%","0","0.00","0","0","0","0","0","0","0","0","0","0"
"*060gk*","Gabriel Rodriguez","CHW","RP","8036","FA","23","0","0","0%","0%","0","0.00","0","0","0","0","0","0","0","0","0","0"
"*04vso*","Luis Rodriguez","(N/A)","SP","8060","FA","26","0","0","0%","0%","0","0.00","0","0","0","0","0","0","0","0","0","0"
"*03mnn*","Richard Rodriguez","(N/A)","RP","8087","FA","36","0","0","0%","0%","0","0.00","0","0","0","0","0","0","0","0","0","0"
"*06cqp*","Wuilliams Rodriguez","BOS","RP","8093","FA","20","0","0","0%","0%","0","0.00","0","0","0","0","0","0","0","0","0","0"
"*06uyb*","Santiago Rojas","MIN","RP","8130","FA","19","0","0","0%","0%","0","0.00","0","0","0","0","0","0","0","0","0","0"
"*051dt*","Jason Ruffcorn","SEA","RP","8246","FA","28","0","0","0%","0%","0","0.00","0","0","0","0","0","0","0","0","0","0"
"*05j6z*","Ruben Salinas","(N/A)","RP","8320","FA","23","0","0","0%","0%","0","0.00","0","0","0","0","0","0","0","0","0","0"
"*0689q*","Denison Sanchez","(N/A)","RP","8347","FA","20","0","0","0%","0%","0","0.00","0","0","0","0","0","0","0","0","0","0"
"*0514n*","Andrew Schultz","STL","RP","8510","FA","28","0","0","0%","0%","0","0.00","0","0","0","0","0","0","0","0","0","0"
"*06mno*","Reidis Sena","BOS","RP","8558","FA","25","0","0","0%","0%","0","0.00","0","0","0","0","0","0","0","0","0","0"
"*03c9c*","Justus Sheffield","(N/A)","SP,RP","8612","FA","30","0","0","0%","0%","0","0.00","0","0","0","0","0","0","0","0","0","0"
"*06qsj*","Justin Sinibaldi","CHW","SP","8703","FA","24","0","0","0%","0%","0","0.00","0","0","0","0","0","0","0","0","0","0"
"*067xp*","Austin Smith","COL","RP","8729","FA","27","0","0","0%","0%","0","0.00","0","0","0","0","0","0","0","0","0","0"
"*04el5*","Jared Solomon","(N/A)","RP","8796","FA","29","0","0","0%","0%","0","0.00","0","0","0","0","0","0","0","0","0","0"
"*051fh*","Jared Southard","LAA","RP","8831","FA","25","0","0","0%","0%","0","0.00","0","0","0","0","0","0","0","0","0","0"
"*02n8k*","Jackson Stephens","(N/A)","RP","8894","FA","32","0","0","0%","0%","0","0.00","0","0","0","0","0","0","0","0","0","0"
"*06gun*","Travis Sthele","WSH","SP","8916","FA","24","0","0","0%","0%","0","0.00","0","0","0","0","0","0","0","0","0","0"
"*051ak*","Ted Stuka","(N/A)","SP,RP","8957","FA","29","0","0","0%","0%","0","0.00","0","0","0","0","0","0","0","0","0","0"
"*071xb*","Itsuki Takemoto","ATH","SP","9040","FA","22","0","0","0%","0%","0","0.00","0","0","0","0","0","0","0","0","0","0"
"*06ky2*","Junior Tavera","NYY","SP","9077","FA","19","0","0","0%","0%","0","0.00","0","0","0","0","0","0","0","0","0","0"
"*064w6*","Jhonly Taveras","(N/A)","RP","9083","FA","21","0","0","0%","0%","0","0.00","0","0","0","0","0","0","0","0","0","0"
"*066cp*","Evan Taylor","CHC","RP","9095","FA","26","0","0","0%","0%","0","0.00","0","0","0","0","0","0","0","0","0","0"
"*04eip*","Jackson Tetreault","(N/A)","SP","9139","FA","30","0","0","0%","0%","0","0.00","0","0","0","0","0","0","0","0","0","0"
"*06hhg*","Alejandro Torres","HOU","RP","9247","FA","25","0","0","0%","0%","0","0.00","0","0","0","0","0","0","0","0","0","0"
"*06hwe*","Michael Trausch","TEX","RP","9292","FA","22","0","0","0%","0%","0","0.00","0","0","0","0","0","0","0","0","0","0"
"*066k0*","Adam Tulloch","CLE","RP","9328","FA","26","0","0","0%","0%","0","0.00","0","0","0","0","0","0","0","0","0","0"
"*06vy7*","Luisberth Valdez","ATL","SP","9402","FA","18","0","0","0%","0%","0","0.00","0","0","0","0","0","0","0","0","0","0"
"*06mbq*","Luis Velasquez","NYY","RP","9503","FA","25","0","0","0%","0%","0","0.00","0","0","0","0","0","0","0","0","0","0"
"*06qv0*","Cade Vernon","SF","RP","9537","FA","24","0","0","0%","0%","0","0.00","0","0","0","0","0","0","0","0","0","0"
"*05y2c*","Caden Vire","BOS","RP","9578","FA","22","0","0","0%","0%","0","0.00","0","0","0","0","0","0","0","0","0","0"
"*06ooh*","Joe Vogatsky","BOS","RP","9587","FA","24","0","0","0%","0%","0","0.00","0","0","0","0","0","0","0","0","0","0"
"*06qol*","Cam Walty","CLE","SP","9650","FA","24","0","0","0%","0%","0","0.00","0","0","0","0","0","0","0","0","0","0"
"*06mvs*","Joshua Whritenour","(N/A)","SP","9771","FA","20","0","0","0%","0%","0","0.00","0","0","0","0","0","0","0","0","0","0"
"*05u97*","Patrick Wicklander","(N/A)","RP","9774","FA","26","0","0","0%","0%","0","0.00","0","0","0","0","0","0","0","0","0","0"
"*041x6*","Taylor Widener","(N/A)","SP,RP","9777","FA","31","0","0","0%","0%","0","0.00","0","0","0","0","0","0","0","0","0","0"
"*070ed*","Nate Williams","CHC","RP","9813","FA","24","0","0","0%","0%","0","0.00","0","0","0","0","0","0","0","0","0","0"
"*072bk*","Joey Wimpelberg","DET","SP","9845","FA","21","0","0","0%","0%","0","0.00","0","0","0","0","0","0","0","0","0","0"
"*0518y*","Chris Wright","(N/A)","RP","9902","FA","27","0","0","0%","0%","0","0.00","0","0","0","0","0","0","0","0","0","0"
"*06c3a*","Alison Zacarias","COL","SP","9972","FA","20","0","0","0%","0%","0","0.00","0","0","0","0","0","0","0","0","0","0"
"*072yo*","Keelan Zumwalt","(N/A)","1B,SP","10018","FA","16","0","0","0%","0%","0","0.00","0","0","0","0","0","0","0","0","0","0"
"*066ne*","Benjamin Arias","(N/A)","RP","1492","FA","24","0","0","0%","0%","0","0.00","0","0","0","0","0","0","0","0","0","0"
"*041v3*","Caleb Baragar","(N/A)","SP,RP","1666","FA","32","0","0","0%","0%","0","0.00","0","0","0","0","0","0","0","0","0","0"
"*06ydl*","Brett Crossland","(N/A)","SP","2935","FA","20","0","0","0%","0%","0","0.00","0","0","0","0","0","0","0","0","0","0"
"*03mkx*","Miguel Diaz","(N/A)","RP","3319","FA","31","0","0","0%","0%","0","0.00","0","0","0","0","0","0","0","0","0","0"
"*03dab*","Chris Ellis","(N/A)","SP","3538","FA","33","0","0","0%","0%","0","0.00","0","0","0","0","0","0","0","0","0","0"
"*02hqe*","Kent Emanuel","(N/A)","RP","3545","FA","34","0","0","0%","0%","0","0.00","0","0","0","0","0","0","0","0","0","0"
"*06dse*","Dalton Fowler","(N/A)","RP","3857","FA","26","0","0","0%","0%","0","0.00","0","0","0","0","0","0","0","0","0","0"
"*072je*","Nate Garkow","(N/A)","RP","4076","FA","28","0","0","0%","0%","0","0.00","0","0","0","0","0","0","0","0","0","0"
"*05yo9*","Jordan Jackson","(N/A)","RP","5033","FA","27","0","0","0%","0%","0","0.00","0","0","0","0","0","0","0","0","0","0"
"*0514w*","MD Johnson","(N/A)","SP","5149","FA","29","0","0","0%","0%","0","0.00","0","0","0","0","0","0","0","0","0","0"
"*05ubj*","Jake Lankie","(N/A)","SP","5468","FA","21","0","0","0%","0%","0","0.00","0","0","0","0","0","0","0","0","0","0"
"*06hs8*","Matthew Linskey","(N/A)","RP","5650","FA","24","0","0","0%","0%","0","0.00","0","0","0","0","0","0","0","0","0","0"
"*06yub*","Denton Lord","(N/A)","SP","5751","FA","18","0","0","0%","0%","0","0.00","0","0","0","0","0","0","0","0","0","0"
"*04pvr*","Tanner Myatt","(N/A)","RP","6753","FA","28","0","0","0%","0%","0","0.00","0","0","0","0","0","0","0","0","0","0"
"*06pgu*","Mason Russell","(N/A)","SP","8269","FA","20","0","0","0%","0%","0","0.00","0","0","0","0","0","0","0","0","0","0"
"*03qr4*","Cody Stashak","(N/A)","RP","8876","FA","32","0","0","0%","0%","0","0.00","0","0","0","0","0","0","0","0","0","0"
"*0616m*","Rodney Theophile","(N/A)","SP","9145","FA","26","0","0","0%","0%","0","0.00","0","0","0","0","0","0","0","0","0","0"
"*06tlh*","Cooper Adams","BOS","RP","1230","FA","26","0","0","0%","0%","0","0.00","0","0","0","0","0","0","0","0","0","0"
"*06dql*","Zane Adams","BAL","SP","1236","FA","22","0","0","0%","0%","0","0.00","0","0","0","0","0","0","0","0","0","0"
"*04epe*","Pedro Alfonseca","(N/A)","RP","1314","FA","28","0","0","0%","0%","0","0.00","0","0","0","0","0","0","0","0","0","0"
"*06qxe*","Jose Alvarado","TEX","SP","1365","FA","20","0","0","0%","0%","0","0.00","0","0","0","0","0","0","0","0","0","0"
"*06hsg*","Austin Amaral","WSH","RP","1388","FA","24","0","0","0%","0%","0","0.00","0","0","0","0","0","0","0","0","0","0"
"*026k6*","Chase Anderson","(N/A)","SP,RP","1408","FA","38","0","0","0%","0%","0","0.00","0","0","0","0","0","0","0","0","0","0"
"*06rpo*","Garrett Apker","HOU","RP","1453","FA","26","0","0","0%","0%","0","0.00","0","0","0","0","0","0","0","0","0","0"
"*06rvy*","Derik Aquino","LAD","RP","1461","FA","19","0","0","0%","0%","0","0.00","0","0","0","0","0","0","0","0","0","0"
"*06r57*","Gregori Arrieche","SEA","SP","1544","FA","24","0","0","0%","0%","0","0.00","0","0","0","0","0","0","0","0","0","0"
"*06qtv*","Kyle Ayers","ARI","RP","1604","FA","23","0","0","0%","0%","0","0.00","0","0","0","0","0","0","0","0","0","0"
"*06qur*","Seamus Barrett","LAD","RP","1706","FA","25","0","0","0%","0%","0","0.00","0","0","0","0","0","0","0","0","0","0"
"*06aqh*","Andersson Barvosa","TB","RP","1725","FA","20","0","0","0%","0%","0","0.00","0","0","0","0","0","0","0","0","0","0"
"*064p7*","Andy Basora","KC","RP","1729","FA","21","0","0","0%","0%","0","0.00","0","0","0","0","0","0","0","0","0","0"
"*06qiv*","Noah Beal","TB","RP","1779","FA","24","0","0","0%","0%","0","0.00","0","0","0","0","0","0","0","0","0","0"
"*06hvc*","Brandon Beckel","PHI","SP,RP","1788","FA","24","0","0","0%","0%","0","0.00","0","0","0","0","0","0","0","0","0","0"
"*05y64*","Cooper Benson","(N/A)","SP","1855","FA","25","0","0","0%","0%","0","0.00","0","0","0","0","0","0","0","0","0","0"
"*04q5u*","Jonathan Bermudez","(N/A)","SP","1871","FA","30","0","0","0%","0%","0","0.00","0","0","0","0","0","0","0","0","0","0"
"*06zaw*","Liam Best","STL","SP,RP","1891","FA","22","0","0","0%","0%","0","0.00","0","0","0","0","0","0","0","0","0","0"
"*06qhq*","Adam Bloebaum","WSH","RP","1958","FA","25","0","0","0%","0%","0","0.00","0","0","0","0","0","0","0","0","0","0"
"*06o14*","Yander Bonaci","BOS","RP","1988","FA","19","0","0","0%","0%","0","0.00","0","0","0","0","0","0","0","0","0","0"
"*068yb*","Ryan Boyer","(N/A)","RP","2049","FA","29","0","0","0%","0%","0","0.00","0","0","0","0","0","0","0","0","0","0"
"*06sug*","Jhose Brea","ATH","SP,RP","2082","FA","18","0","0","0%","0%","0","0.00","0","0","0","0","0","0","0","0","0","0"
"*066d9*","Will Brian","NYY","RP","2102","FA","27","0","0","0%","0%","0","0.00","0","0","0","0","0","0","0","0","0","0"
"*0421m*","Raymond Burgos","BOS","SP,RP","2213","FA","27","0","0","0%","0%","0","0.00","0","0","0","0","0","0","0","0","0","0"
"*0614e*","Jimmy Burnette","(N/A)","RP","2225","FA","27","0","0","0%","0%","0","0.00","0","0","0","0","0","0","0","0","0","0"
"*06r15*","Omar Calcurian","SF","RP","2306","FA","21","0","0","0%","0%","0","0.00","0","0","0","0","0","0","0","0","0","0"
"*071hf*","Edelson Canelon","MIA","RP","2370","FA","18","0","0","0%","0%","0","0.00","0","0","0","0","0","0","0","0","0","0"
"*06zdi*","Parker Carlson","NYM","RP","2414","FA","23","0","0","0%","0%","0","0.00","0","0","0","0","0","0","0","0","0","0"
"*06zdh*","Brandon Cassedy","HOU","SP","2473","FA","22","0","0","0%","0%","0","0.00","0","0","0","0","0","0","0","0","0","0"
"*066r1*","Edwin Cervantes","CIN","RP","2584","FA","21","0","0","0%","0%","0","0.00","0","0","0","0","0","0","0","0","0","0"
"*06435*","Javier Chacon","SD","RP","2598","FA","23","0","0","0%","0%","0","0.00","0","0","0","0","0","0","0","0","0","0"
"*06l0y*","Frank Chessman","(N/A)","RP","2638","FA","19","0","0","0%","0%","0","0.00","0","0","0","0","0","0","0","0","0","0"
"*06f8u*","Brady Choban","LAA","RP","2659","FA","25","0","0","0%","0%","0","0.00","0","0","0","0","0","0","0","0","0","0"
"*03day*","Sam Clay","(N/A)","RP","2707","FA","33","0","0","0%","0%","0","0.00","0","0","0","0","0","0","0","0","0","0"
"*03ded*","Sam Coonrod","(N/A)","RP","2821","FA","33","0","0","0%","0%","0","0.00","0","0","0","0","0","0","0","0","0","0"
"*04eng*","Harold Cortijo","(N/A)","SP,RP","2871","FA","28","0","0","0%","0%","0","0.00","0","0","0","0","0","0","0","0","0","0"
"*01uci*","Dylan Covey","(N/A)","RP","2895","FA","34","0","0","0%","0%","0","0.00","0","0","0","0","0","0","0","0","0","0"
"*06651*","Kyle Crigger","(N/A)","SP","2918","FA","27","0","0","0%","0%","0","0.00","0","0","0","0","0","0","0","0","0","0"
"*051hv*","Michael Cuevas","HOU","SP,RP","2986","FA","25","0","0","0%","0%","0","0.00","0","0","0","0","0","0","0","0","0","0"
"*062zt*","Matthew Dallas","WSH","SP","3033","FA","22","0","0","0%","0%","0","0.00","0","0","0","0","0","0","0","0","0","0"
"*0311e*","Tyler Danish","(N/A)","SP","3050","FA","31","0","0","0%","0%","0","0.00","0","0","0","0","0","0","0","0","0","0"
"*06uld*","Alexander De Los Santos","PHI","SP,RP","3179","FA","19","0","0","0%","0%","0","0.00","0","0","0","0","0","0","0","0","0","0"
"*06lff*","Bailey Dees","(N/A)","SP,RP","3239","FA","27","0","0","0%","0%","0","0.00","0","0","0","0","0","0","0","0","0","0"
"*064nm*","Jaycob Deese","PIT","RP","3240","FA","26","0","0","0%","0%","0","0.00","0","0","0","0","0","0","0","0","0","0"
"*06qpz*","Ryan Degges","CLE","SP","3242","FA","23","0","0","0%","0%","0","0.00","0","0","0","0","0","0","0","0","0","0"
"*06rs3*","Gleiner Diaz","SEA","RP","3303","FA","22","0","0","0%","0%","0","0.00","0","0","0","0","0","0","0","0","0","0"
"*06r51*","Oniel Diaz","CIN","SP","3323","FA","20","0","0","0%","0%","0","0.00","0","0","0","0","0","0","0","0","0","0"
"*06ooj*","Vicarte Domingo","SD","RP","3376","FA","23","0","0","0%","0%","0","0.00","0","0","0","0","0","0","0","0","0","0"
"*06zb0*","Dylan Driessen","STL","RP","3424","FA","21","0","0","0%","0%","0","0.00","0","0","0","0","0","0","0","0","0","0"
"*06kyz*","Fernando Duarte","(N/A)","RP","3434","FA","19","0","0","0%","0%","0","0.00","0","0","0","0","0","0","0","0","0","0"
"*06y0a*","Matt Dunaway","SF","RP","3454","FA","27","0","0","0%","0%","0","0.00","0","0","0","0","0","0","0","0","0","0"
"*06mel*","Marco Eluscat","SD","SP","3543","FA","20","0","0","0%","0%","0","0.00","0","0","0","0","0","0","0","0","0","0"
"*06op6*","Jeury Espinal","ARI","RP","3594","FA","19","0","0","0%","0%","0","0.00","0","0","0","0","0","0","0","0","0","0"
"*06y03*","Ricardo Estrada","SF","RP","3625","FA","24","0","0","0%","0%","0","0.00","0","0","0","0","0","0","0","0","0","0"
"*072az*","Luke Fernandez","CLE","RP","3727","FA","22","0","0","0%","0%","0","0.00","0","0","0","0","0","0","0","0","0","0"
"*06hwy*","Jake Fitzgibbons","ARI","RP","3782","FA","24","0","0","0%","0%","0","0.00","0","0","0","0","0","0","0","0","0","0"
"*06ul7*","Brent Francisco","MIN","RP","3877","FA","25","0","0","0%","0%","0","0.00","0","0","0","0","0","0","0","0","0","0"
"*04py8*","Matt Frisbee","(N/A)","SP,RP","3930","FA","29","0","0","0%","0%","0","0.00","0","0","0","0","0","0","0","0","0","0"
"*061sz*","Abel Fuerte","(N/A)","SP","3946","FA","21","0","0","0%","0%","0","0.00","0","0","0","0","0","0","0","0","0","0"
"*06bl5*","Jesus Gamez","TEX","RP","3999","FA","23","0","0","0%","0%","0","0.00","0","0","0","0","0","0","0","0","0","0"
"*071m2*","Daniel Garcia","MIL","SP","4024","FA","18","0","0","0%","0%","0","0.00","0","0","0","0","0","0","0","0","0","0"
"*06qrn*","Joey Gartrell","BOS","SP,RP","4088","FA","23","0","0","0%","0%","0","0.00","0","0","0","0","0","0","0","0","0","0"
"*066ew*","Evan Gates","PHI","RP","4094","FA","28","0","0","0%","0%","0","0.00","0","0","0","0","0","0","0","0","0","0"
"*064nq*","Domingo Geronimo","(N/A)","RP","4132","FA","21","0","0","0%","0%","0","0.00","0","0","0","0","0","0","0","0","0","0"
"*066ey*","Max Gieg","LAA","RP","4138","FA","25","0","0","0%","0%","0","0.00","0","0","0","0","0","0","0","0","0","0"
"*066ln*","Geoffrey Gilbert","NYY","RP","4150","FA","25","0","0","0%","0%","0","0.00","0","0","0","0","0","0","0","0","0","0"
"*06yvz*","Deiry Gonzalez","PHI","SP","4252","FA","18","0","0","0%","0%","0","0.00","0","0","0","0","0","0","0","0","0","0"
"*03749*","Conner Greene","(N/A)","RP","4373","FA","31","0","0","0%","0%","0","0.00","0","0","0","0","0","0","0","0","0","0"
"*06klg*","Eric Gutierrez","(N/A)","RP","4456","FA","20","0","0","0%","0%","0","0.00","0","0","0","0","0","0","0","0","0","0"
"*06qfm*","Jorge Guzman","(N/A)","SP","4477","FA","19","0","0","0%","0%","0","0.00","0","0","0","0","0","0","0","0","0","0"
"*04ps0*","Zach Haake","(N/A)","RP","4486","FA","29","0","0","0%","0%","0","0.00","0","0","0","0","0","0","0","0","0","0"
"*03yxs*","Hobie Harris","BOS","RP","4583","FA","33","0","0","0%","0%","0","0.00","0","0","0","0","0","0","0","0","0","0"
"*06hsy*","Cristian Hernandez","MIN","SP","4711","FA","21","0","0","0%","0%","0","0.00","0","0","0","0","0","0","0","0","0","0"
"*06ulk*","Danny Hilario","TB","RP","4827","FA","21","0","0","0%","0%","0","0.00","0","0","0","0","0","0","0","0","0","0"
"*03poy*","Juan Hillman","(N/A)","SP,RP","4841","FA","29","0","0","0%","0%","0","0.00","0","0","0","0","0","0","0","0","0","0"
"*049dt*","Josh James","(N/A)","RP","5045","FA","33","0","0","0%","0%","0","0.00","0","0","0","0","0","0","0","0","0","0"
"*06qun*","Jake Jekielek","TEX","RP","5075","FA","23","0","0","0%","0%","0","0.00","0","0","0","0","0","0","0","0","0","0"
"*05ogs*","Wil Jensen","(N/A)","RP","5085","FA","28","0","0","0%","0%","0","0.00","0","0","0","0","0","0","0","0","0","0"
"*06uy4*","Yeuris Jimenez","WSH","RP","5125","FA","25","0","0","0%","0%","0","0.00","0","0","0","0","0","0","0","0","0","0"
"*072br*","Brayden Jones","TB","RP","5166","FA","24","0","0","0%","0%","0","0.00","0","0","0","0","0","0","0","0","0","0"
"*051fu*","Stephen Jones","MIA","RP","5186","FA","28","0","0","0%","0%","0","0","0","0","0","0","0","0","0","0","0","0"
"*04z5q*","Trevor Kelley","(N/A)","RP","5258","FA","32","0","0","0%","0%","0","0.00","0","0","0","0","0","0","0","0","0","0"
"*051au*","Lucas Knowles","LAA","RP","5364","FA","28","0","0","0%","0%","0","0.00","0","0","0","0","0","0","0","0","0","0"
"*06qtq*","Xavier Kolhosser","MIN","RP","5382","FA","23","0","0","0%","0%","0","0.00","0","0","0","0","0","0","0","0","0","0"
"*05ynv*","Daniel Lloyd","BAL","RP","5672","FA","25","0","0","0%","0%","0","0.00","0","0","0","0","0","0","0","0","0","0"
"*06qte*","Fulton Lockhart","LAA","RP","5679","FA","22","0","0","0%","0%","0","0.00","0","0","0","0","0","0","0","0","0","0"
"*066l8*","Aidan Maldonado","MIL","RP","5887","FA","26","0","0","0%","0%","0","0.00","0","0","0","0","0","0","0","0","0","0"
"*06ky4*","Marco Manzano","NYY","RP","5912","FA","22","0","0","0%","0%","0","0.00","0","0","0","0","0","0","0","0","0","0"
"*06o04*","Manuel Marchan","CIN","SP","5925","FA","19","0","0","0%","0%","0","0.00","0","0","0","0","0","0","0","0","0","0"
"*06qwk*","Izaak Martinez","CLE","RP","6032","FA","24","0","0","0%","0%","0","0.00","0","0","0","0","0","0","0","0","0","0"
"*070dv*","Dylan Mathiesen","PIT","SP","6102","FA","22","0","0","0%","0%","0","0.00","0","0","0","0","0","0","0","0","0","0"
"*06qin*","Charlie McDaniel","SF","SP,RP","6176","FA","25","0","0","0%","0%","0","0.00","0","0","0","0","0","0","0","0","0","0"
"*06qpj*","Logan McGuire","CLE","RP","6206","FA","23","0","0","0%","0%","0","0.00","0","0","0","0","0","0","0","0","0","0"
"*051cu*","Morgan McSweeney","(N/A)","SP","6245","FA","28","0","0","0%","0%","0","0.00","0","0","0","0","0","0","0","0","0","0"
"*03dgk*","Sam McWilliams","BOS","RP","6246","FA","30","0","0","0%","0%","0","0.00","0","0","0","0","0","0","0","0","0","0"
"*06mmz*","Roberto Medina","TB","RP","6272","FA","21","0","0","0%","0%","0","0.00","0","0","0","0","0","0","0","0","0","0"
"*04o64*","J.C. Mejia","(N/A)","RP","6288","FA","29","0","0","0%","0%","0","0.00","0","0","0","0","0","0","0","0","0","0"
"*06ktl*","Samuel Mejia","(N/A)","RP","6294","FA","24","0","0","0%","0%","0","0.00","0","0","0","0","0","0","0","0","0","0"
"*04mll*","Damian Mendoza","(N/A)","RP","6344","FA","25","0","0","0%","0%","0","0.00","0","0","0","0","0","0","0","0","0","0"
"*066dn*","Hayden Merda","NYY","RP","6376","FA","26","0","0","0%","0%","0","0.00","0","0","0","0","0","0","0","0","0","0"
"*0668h*","Nick Merkel","MIL","RP","6378","FA","28","0","0","0%","0%","0","0.00","0","0","0","0","0","0","0","0","0","0"
"*06uya*","Jose Miguel Rodriguez","NYY","SP","6419","FA","22","0","0","0%","0%","0","0.00","0","0","0","0","0","0","0","0","0","0"
"*07340*","Jesus Miranda","DET","SP","6474","FA","17","0","0","0%","0%","0","0.00","0","0","0","0","0","0","0","0","0","0"
"*03db3*","Daniel Missaki","TEX","SP,RP","6480","FA","30","0","0","0%","0%","0","0.00","0","0","0","0","0","0","0","0","0","0"
"*06qnr*","Tommy Molsky","KC","RP","6517","FA","23","0","0","0%","0%","0","0.00","0","0","0","0","0","0","0","0","0","0"
"*01sl8*","Brian Moran","(N/A)","RP","6609","FA","37","0","0","0%","0%","0","0.00","0","0","0","0","0","0","0","0","0","0"
"*06v24*","Jhonny Morao","(N/A)","RP","6613","FA","18","0","0","0%","0%","0","0.00","0","0","0","0","0","0","0","0","0","0"
"*03ppb*","Gerson Moreno","(N/A)","RP","6624","FA","30","0","0","0%","0%","0","0.00","0","0","0","0","0","0","0","0","0","0"
"*04zia*","Gabe Mosser","SEA","SP","6684","FA","30","0","0","0%","0%","0","0.00","0","0","0","0","0","0","0","0","0","0"
"*06r5s*","Jorge Nunez","ATL","RP","6903","FA","18","0","0","0%","0%","0","0.00","0","0","0","0","0","0","0","0","0","0"
"*04pw4*","Jon Olsen","(N/A)","SP","6990","FA","29","0","0","0%","0%","0","0.00","0","0","0","0","0","0","0","0","0","0"
"*06bps*","Fran Oschell","(N/A)","RP","7051","FA","23","0","0","0%","0%","0","0.00","0","0","0","0","0","0","0","0","0","0"
"*072g5*","Anderson Ozuna","NYM","SP","7095","FA","19","0","0","0%","0%","0","0.00","0","0","0","0","0","0","0","0","0","0"
"*06bn3*","Yovannki Pascual","(N/A)","RP","7196","FA","23","0","0","0%","0%","0","0.00","0","0","0","0","0","0","0","0","0","0"
"*06ax6*","Shaddon Peavyhouse","(N/A)","RP","7244","FA","27","0","0","0%","0%","0","0.00","0","0","0","0","0","0","0","0","0","0"
"*01sfv*","Wily Peralta","(N/A)","RP","7323","FA","37","0","0","0%","0%","0","0.00","0","0","0","0","0","0","0","0","0","0"
"*06rlr*","Angel Perez","CLE","RP","7344","FA","22","0","0","0%","0%","0","0.00","0","0","0","0","0","0","0","0","0","0"
"*06ms4*","Yeri Perez","KC","RP","7402","FA","21","0","0","0%","0%","0","0.00","0","0","0","0","0","0","0","0","0","0"
"*06awo*","Leonardo Pestana","(N/A)","RP","7415","FA","27","0","0","0%","0%","0","0.00","0","0","0","0","0","0","0","0","0","0"
"*05jqx*","Jackson Phipps","ATH","SP","7456","FA","24","0","0","0%","0%","0","0.00","0","0","0","0","0","0","0","0","0","0"
"*06ifg*","Bladimir Pichardo","(N/A)","RP","7459","FA","20","0","0","0%","0%","0","0.00","0","0","0","0","0","0","0","0","0","0"
"*06kyu*","Carson Pierce","TOR","SP,RP","7466","FA","24","0","0","0%","0%","0","0.00","0","0","0","0","0","0","0","0","0","0"
"*06ruk*","Yostin Pinales","ATL","SP","7483","FA","18","0","0","0%","0%","0","0.00","0","0","0","0","0","0","0","0","0","0"
"*06qws*","Yander Pinero","ATL","RP","7500","FA","19","0","0","0%","0%","0","0.00","0","0","0","0","0","0","0","0","0","0"
"*0422f*","Sean Poppen","(N/A)","RP","7574","FA","32","0","0","0%","0%","0","0.00","0","0","0","0","0","0","0","0","0","0"
"*06hus*","William Privette","TEX","RP","7618","FA","24","0","0","0%","0%","0","0.00","0","0","0","0","0","0","0","0","0","0"
"*06s38*","Christopher Quiroz","SEA","SP","7674","FA","18","0","0","0%","0%","0","0.00","0","0","0","0","0","0","0","0","0","0"
"*06u6c*","Shane Rademacher","SF","SP","7679","FA","25","0","0","0%","0%","0","0.00","0","0","0","0","0","0","0","0","0","0"
"*066dj*","Stefan Raeth","(N/A)","RP","7681","FA","25","0","0","0%","0%","0","0.00","0","0","0","0","0","0","0","0","0","0"
"*03zxg*","Emmanuel Ramirez","(N/A)","SP","7700","FA","32","0","0","0%","0%","0","0.00","0","0","0","0","0","0","0","0","0","0"
"*04q57*","Lane Ramsey","(N/A)","RP","7755","FA","30","0","0","0%","0%","0","0.00","0","0","0","0","0","0","0","0","0","0"
"*072ei*","Ryan Reed","SD","SP","7786","FA","22","0","0","0%","0%","0","0.00","0","0","0","0","0","0","0","0","0","0"
"*040fv*","Denyi Reyes","(N/A)","SP","7834","FA","29","0","0","0%","0%","0","0.00","0","0","0","0","0","0","0","0","0","0"
"*06nr9*","Franyerson Reyes","DET","SP","7838","FA","19","0","0","0%","0%","0","0.00","0","0","0","0","0","0","0","0","0","0"
"*05yhb*","Jake Rice","(N/A)","RP","7875","FA","29","0","0","0%","0%","0","0.00","0","0","0","0","0","0","0","0","0","0"
"*072hr*","Hansel Rincon","NYY","RP","7903","FA","23","0","0","0%","0%","0","0.00","0","0","0","0","0","0","0","0","0","0"
"*0516c*","Austin Roberts","TEX","RP","7959","FA","28","0","0","0%","0%","0","0.00","0","0","0","0","0","0","0","0","0","0"
"*06bbx*","Adrian Rodriguez","TEX","RP","7999","FA","25","0","0","0%","0%","0","0.00","0","0","0","0","0","0","0","0","0","0"
"*06lfx*","Julio Rodriguez","HOU","RP","8054","FA","26","0","0","0%","0%","0","0.00","0","0","0","0","0","0","0","0","0","0"
"*06z5k*","Maximo Rodriguez","SEA","RP","8070","FA","20","0","0","0%","0%","0","0.00","0","0","0","0","0","0","0","0","0","0"
"*02byy*","Connor Sadzeck","(N/A)","RP","8289","FA","34","0","0","0%","0%","0","0.00","0","0","0","0","0","0","0","0","0","0"
"*066pj*","Franklin Sanchez","MIA","RP","8356","FA","25","0","0","0%","0%","0","0.00","0","0","0","0","0","0","0","0","0","0"
"*06htq*","J.J. Sanchez","(N/A)","RP","8360","FA","26","0","0","0%","0%","0","0.00","0","0","0","0","0","0","0","0","0","0"
"*06z57*","Yobanny Sanchez","NYM","SP","8385","FA","18","0","0","0%","0%","0","0.00","0","0","0","0","0","0","0","0","0","0"
"*06s3k*","Connor Schultz","CHC","SP,RP","8511","FA","27","0","0","0%","0%","0","0.00","0","0","0","0","0","0","0","0","0","0"
"*06mpt*","Shane Sdao","NYM","RP","8531","FA","22","0","0","0%","0%","0","0.00","0","0","0","0","0","0","0","0","0","0"
"*06z3o*","Trey Seeley","SF","SP","8540","FA","24","0","0","0%","0%","0","0.00","0","0","0","0","0","0","0","0","0","0"
"*06qr7*","Evan Shaw","LAD","RP","8607","FA","25","0","0","0%","0%","0","0.00","0","0","0","0","0","0","0","0","0","0"
"*04pqc*","Aaron Shortridge","WSH","SP","8635","FA","29","0","0","0%","0%","0","0.00","0","0","0","0","0","0","0","0","0","0"
"*06umx*","Darien Smith","SF","RP","8739","FA","26","0","0","0%","0%","0","0.00","0","0","0","0","0","0","0","0","0","0"
"*05yc0*","Tommy Sommer","(N/A)","SP","8798","FA","27","0","0","0%","0%","0","0.00","0","0","0","0","0","0","0","0","0","0"
"*05u9n*","Riley Stanford","TB","SP","8867","FA","23","0","0","0%","0%","0","0.00","0","0","0","0","0","0","0","0","0","0"
"*060oc*","John Stankiewicz","(N/A)","RP","8869","FA","27","0","0","0%","0%","0","0.00","0","0","0","0","0","0","0","0","0","0"
"*06h01*","Gabe Starks","CIN","RP","8873","FA","24","0","0","0%","0%","0","0.00","0","0","0","0","0","0","0","0","0","0"
"*072cp*","Jonathan Stevens","MIN","RP","8900","FA","22","0","0","0%","0%","0","0.00","0","0","0","0","0","0","0","0","0","0"
"*05xu9*","Adam Stone","CHC","RP","8926","FA","24","0","0","0%","0%","0","0.00","0","0","0","0","0","0","0","0","0","0"
"*06zih*","Garrett Stratton","NYM","RP","8938","FA","22","0","0","0%","0%","0","0.00","0","0","0","0","0","0","0","0","0","0"
"*05ynm*","Samuel Strickland","ATL","RP","8942","FA","27","0","0","0%","0%","0","0.00","0","0","0","0","0","0","0","0","0","0"
"*064wk*","Jayden Stroman","(N/A)","SS,SP","8944","FA","19","0","0","0%","0%","0","0.00","0","0","0","0","0","0","0","0","0","0"
"*05y3z*","Ryan Sublette","(N/A)","RP","8978","FA","27","0","0","0%","0%","0","0.00","0","0","0","0","0","0","0","0","0","0"
"*06qji*","Logan Tabeling","LAD","SP,RP","9028","FA","24","0","0","0%","0%","0","0.00","0","0","0","0","0","0","0","0","0","0"
"*06fu5*","Enmanuel Talavera","(N/A)","SP","9041","FA","20","0","0","0%","0%","0","0.00","0","0","0","0","0","0","0","0","0","0"
"*041ro*","Curtis Taylor","(N/A)","SP","9093","FA","31","0","0","0%","0%","0","0.00","0","0","0","0","0","0","0","0","0","0"
"*06gj7*","Shane Telfer","(N/A)","SP","9120","FA","25","0","0","0%","0%","0","0.00","0","0","0","0","0","0","0","0","0","0"
"*06mfi*","Jhoan Thomas","WSH","RP","9154","FA","19","0","0","0%","0%","0","0.00","0","0","0","0","0","0","0","0","0","0"
"*06hs1*","Josh Timmerman","MIL","RP","9198","FA","23","0","0","0%","0%","0","0.00","0","0","0","0","0","0","0","0","0","0"
"*06qi0*","Jonathan Todd","TOR","RP","9212","FA","24","0","0","0%","0%","0","0.00","0","0","0","0","0","0","0","0","0","0"
"*02mwx*","Duane Underwood Jr.","(N/A)","RP","9360","FA","32","0","0","0%","0%","0","0.00","0","0","0","0","0","0","0","0","0","0"
"*06zfg*","Ryan Ure","KC","SP,RP","9374","FA","23","0","0","0%","0%","0","0.00","0","0","0","0","0","0","0","0","0","0"
"*06c7y*","Giovanni Vargas","STL","RP","9448","FA","20","0","0","0%","0%","0","0.00","0","0","0","0","0","0","0","0","0","0"
"*06akf*","Andre Vasquez","CIN","SP,RP","9463","FA","20","0","0","0%","0%","0","0.00","0","0","0","0","0","0","0","0","0","0"
"*05vyl*","Antonio Velez","(N/A)","SP,RP","9508","FA","29","0","0","0%","0%","0","0.00","0","0","0","0","0","0","0","0","0","0"
"*06sb3*","Melky Ventura","COL","SP","9520","FA","18","0","0","0%","0%","0","0.00","0","0","0","0","0","0","0","0","0","0"
"*06th7*","Mason Vinyard","MIA","RP","9575","FA","27","0","0","0%","0%","0","0.00","0","0","0","0","0","0","0","0","0","0"
"*070cy*","Nico Wagner","ATL","RP","9610","FA","20","0","0","0%","0%","0","0.00","0","0","0","0","0","0","0","0","0","0"
"*06qtm*","Matthew Watson","SD","SP","9675","FA","24","0","0","0%","0%","0","0.00","0","0","0","0","0","0","0","0","0","0"
"*06zbj*","Anthony Watts","STL","RP","9682","FA","22","0","0","0%","0%","0","0.00","0","0","0","0","0","0","0","0","0","0"
"*051fp*","Jack Weisenburger","NYM","SP,RP","9705","FA","28","0","0","0%","0%","0","0.00","0","0","0","0","0","0","0","0","0","0"
"*06dsd*","Jacob Widener","(N/A)","RP","9776","FA","25","0","0","0%","0%","0","0.00","0","0","0","0","0","0","0","0","0","0"
"*02mwt*","Collin Wiles","(N/A)","SP","9787","FA","32","0","0","0%","0%","0","0.00","0","0","0","0","0","0","0","0","0","0"
"*06uhg*","Junior William","TB","RP","9798","FA","26","0","0","0%","0%","0","0.00","0","0","0","0","0","0","0","0","0","0"
"*03qtp*","Trey Wingenter","(N/A)","RP","9852","FA","32","0","0","0%","0%","0","0.00","0","0","0","0","0","0","0","0","0","0"
"*06qi7*","Nick Wissman","(N/A)","RP","9866","FA","25","0","0","0%","0%","0","0.00","0","0","0","0","0","0","0","0","0","0"
"*04akh*","Aneurys Zabala","(N/A)","SP","9968","FA","29","0","0","0%","0%","0","0.00","0","0","0","0","0","0","0","0","0","0"
"*05aof*","Delvis Alegre","(N/A)","SP","1302","FA","25","0","0","0%","0%","0","0.00","0","0","0","0","0","0","0","0","0","0"
"*04q67*","Cam Alldred","(N/A)","SP","1324","FA","30","0","0","0%","0%","0","0.00","0","0","0","0","0","0","0","0","0","0"
"*06upx*","Efren Alvarez","STL","SP","1372","FA","18","0","0","0%","0%","0","0.00","0","0","0","0","0","0","0","0","0","0"
"*0519l*","Ben Anderson","TEX","SP","1405","FA","28","0","0","0%","0%","0","0.00","0","0","0","0","0","0","0","0","0","0"
"*0519k*","Ryan Anderson","(N/A)","RP","1418","FA","28","0","0","0%","0%","0","0.00","0","0","0","0","0","0","0","0","0","0"
"*06v2z*","Luis Andujar","BAL","RP","1430","FA","20","0","0","0%","0%","0","0.00","0","0","0","0","0","0","0","0","0","0"
"*036ll*","Tomohiro Anraku","(N/A)","SP","1440","FA","29","0","0","0%","0%","0","0.00","0","0","0","0","0","0","0","0","0","0"
"*067zh*","Joneiker Arellano","(N/A)","SP,RP","1482","FA","21","0","0","0%","0%","0","0.00","0","0","0","0","0","0","0","0","0","0"
"*05xnl*","Erubiel Armenta","(N/A)","RP","1527","FA","26","0","0","0%","0%","0","0.00","0","0","0","0","0","0","0","0","0","0"
"*062e3*","Cade Austin","MIA","RP","1579","FA","24","0","0","0%","0%","0","0.00","0","0","0","0","0","0","0","0","0","0"
"*06gjb*","Morris Austin","CHW","RP","1582","FA","26","0","0","0%","0%","0","0.00","0","0","0","0","0","0","0","0","0","0"
"*06sbq*","Malvin Baez","ARI","SP","1622","FA","18","0","0","0%","0%","0","0.00","0","0","0","0","0","0","0","0","0","0"
"*06hov*","Alec Baker","ARI","SP,RP","1634","FA","26","0","0","0%","0%","0","0.00","0","0","0","0","0","0","0","0","0","0"
"*06zax*","Trace Baker","TOR","RP","1639","FA","22","0","0","0%","0%","0","0.00","0","0","0","0","0","0","0","0","0","0"
"*06hq2*","Merrick Baldo","WSH","RP","1648","FA","26","0","0","0%","0%","0","0.00","0","0","0","0","0","0","0","0","0","0"
"*06amk*","Sadiel Baro","(N/A)","RP","1693","FA","21","0","0","0%","0%","0","0.00","0","0","0","0","0","0","0","0","0","0"
"*06gis*","Chris Barraza","(N/A)","SP","1698","FA","26","0","0","0%","0%","0","0.00","0","0","0","0","0","0","0","0","0","0"
"*06rfw*","Hudson Barton","(N/A)","SP","1724","FA","20","0","0","0%","0%","0","0.00","0","0","0","0","0","0","0","0","0","0"
"*06sc3*","Adam Bates","BOS","SP,RP","1738","FA","20","0","0","0%","0%","0","0.00","0","0","0","0","0","0","0","0","0","0"
"*06uqd*","Erick Batista","SD","RP","1746","FA","20","0","0","0%","0%","0","0.00","0","0","0","0","0","0","0","0","0","0"
"*06s3e*","Jarod Bayless","PIT","SP,RP","1775","FA","29","0","0","0%","0%","0","0.00","0","0","0","0","0","0","0","0","0","0"
"*065ix*","Jared Beck","(N/A)","RP","1787","FA","26","0","0","0%","0%","0","0.00","0","0","0","0","0","0","0","0","0","0"
"*05yd6*","Donovan Benoit","(N/A)","SP","1853","FA","27","0","0","0%","0%","0","0.00","0","0","0","0","0","0","0","0","0","0"
"*06807*","Alvaro Benua","LAD","RP","1860","FA","23","0","0","0%","0%","0","0.00","0","0","0","0","0","0","0","0","0","0"
"*06qix*","Jadon Bercovich","TB","RP","1862","FA","24","0","0","0%","0%","0","0.00","0","0","0","0","0","0","0","0","0","0"
"*06qki*","Calvin Bickerstaff","BOS","RP","1904","FA","24","0","0","0%","0%","0","0.00","0","0","0","0","0","0","0","0","0","0"
"*06uku*","Merlin Bido","BOS","SP","1908","FA","20","0","0","0%","0%","0","0.00","0","0","0","0","0","0","0","0","0","0"
"*06qo9*","Jacob Bimbi","PIT","RP","1919","FA","24","0","0","0%","0%","0","0.00","0","0","0","0","0","0","0","0","0","0"
"*051ct*","A.J. Block","(N/A)","SP","1957","FA","28","0","0","0%","0%","0","0.00","0","0","0","0","0","0","0","0","0","0"
"*03djz*","Silvino Bracho","(N/A)","RP","2056","FA","34","0","0","0%","0%","0","0.00","0","0","0","0","0","0","0","0","0","0"
"*06hry*","Tyler Bradt","STL","RP","2061","FA","25","0","0","0%","0%","0","0.00","0","0","0","0","0","0","0","0","0","0"
"*02bt3*","Colten Brewer","(N/A)","RP","2097","FA","33","0","0","0%","0%","0","0.00","0","0","0","0","0","0","0","0","0","0"
"*051db*","Trevor Brigden","(N/A)","RP","2109","FA","30","0","0","0%","0%","0","0.00","0","0","0","0","0","0","0","0","0","0"
"*06zcx*","Daniel Brooks","ATL","SP","2141","FA","23","0","0","0%","0%","0","0.00","0","0","0","0","0","0","0","0","0","0"
"*072dt*","Kade Brown","(N/A)","RP","2165","FA","22","0","0","0%","0%","0","0.00","0","0","0","0","0","0","0","0","0","0"
"*06mip*","Thomas Bruss","DET","RP","2182","FA","27","0","0","0%","0%","0","0.00","0","0","0","0","0","0","0","0","0","0"
"*06rtu*","Deivid Burgos","CIN","RP","2209","FA","21","0","0","0%","0%","0","0.00","0","0","0","0","0","0","0","0","0","0"
"*06rts*","Luis Burgos","ATH","SP","2212","FA","20","0","0","0%","0%","0","0.00","0","0","0","0","0","0","0","0","0","0"
"*0558s*","Jeisson Cabrera","BAL","RP","2278","FA","27","0","0","0%","0%","0","0.00","0","0","0","0","0","0","0","0","0","0"
"*06rp1*","Jose Cabrera","(N/A)","RP","2279","FA","21","0","0","0%","0%","0","0.00","0","0","0","0","0","0","0","0","0","0"
"*06pg0*","Tegan Cain","PHI","RP","2298","FA","23","0","0","0%","0%","0","0.00","0","0","0","0","0","0","0","0","0","0"
"*06if0*","Jeison Calvo","(N/A)","RP","2322","FA","20","0","0","0%","0%","0","0.00","0","0","0","0","0","0","0","0","0","0"
"*04eso*","Paul Campbell","CHC","SP","2351","FA","31","0","0","0%","0%","0","0.00","0","0","0","0","0","0","0","0","0","0"
"*060ul*","Jack Carey","(N/A)","RP","2403","FA","26","0","0","0%","0%","0","0","0","0","0","0","0","0","0","0","0","0"
"*06qoq*","Chase Centala","SEA","RP","2567","FA","24","0","0","0%","0%","0","0.00","0","0","0","0","0","0","0","0","0","0"
"*060pg*","Felix Cepeda","NYM","SP,RP","2571","FA","26","0","0","0%","0%","0","0.00","0","0","0","0","0","0","0","0","0","0"
"*02jmi*","Jose Cisnero","(N/A)","RP","2685","FA","37","0","0","0%","0%","0","0.00","0","0","0","0","0","0","0","0","0","0"
"*06hw3*","Riley Cooper","BAL","SP","2825","FA","24","0","0","0%","0%","0","0.00","0","0","0","0","0","0","0","0","0","0"
"*06if4*","Jamdrick Cornelia","(N/A)","RP","2846","FA","20","0","0","0%","0%","0","0.00","0","0","0","0","0","0","0","0","0","0"
"*072ct*","Richie Cortese","PHI","RP","2867","FA","23","0","0","0%","0%","0","0.00","0","0","0","0","0","0","0","0","0","0"
"*04psl*","Gabriel Cotto","(N/A)","SP,RP","2882","FA","26","0","0","0%","0%","0","0.00","0","0","0","0","0","0","0","0","0","0"
"*06gjm*","Magdiel Cotto","(N/A)","RP","2883","FA","24","0","0","0%","0%","0","0.00","0","0","0","0","0","0","0","0","0","0"
"*06za2*","Dylan Crooks","COL","RP","2930","FA","23","0","0","0%","0%","0","0.00","0","0","0","0","0","0","0","0","0","0"
"*060w7*","Reynardo Cruz","CIN","SP,RP","2970","FA","24","0","0","0%","0%","0","0.00","0","0","0","0","0","0","0","0","0","0"
"*051ha*","Jack Cushing","(N/A)","RP","3013","FA","29","0","0","0%","0%","0","0.00","0","0","0","0","0","0","0","0","0","0"
"*03dji*","Austin Davis","(N/A)","RP","3079","FA","33","0","0","0%","0%","0","0.00","0","0","0","0","0","0","0","0","0","0"
"*059zq*","Angel De Jesus","(N/A)","RP","3111","FA","29","0","0","0%","0%","0","0.00","0","0","0","0","0","0","0","0","0","0"
"*06mvd*","Alejandro De La Cruz","MIA","RP","3119","FA","19","0","0","0%","0%","0","0.00","0","0","0","0","0","0","0","0","0","0"
"*05yft*","Theo Denlinger","(N/A)","SP","3270","FA","30","0","0","0%","0%","0","0.00","0","0","0","0","0","0","0","0","0","0"
"*06f0j*","Franyel Diaz","NYM","RP","3302","FA","21","0","0","0%","0%","0","0.00","0","0","0","0","0","0","0","0","0","0"
"*06kj1*","Alexis Dominguez","(N/A)","RP","3377","FA","20","0","0","0%","0%","0","0.00","0","0","0","0","0","0","0","0","0","0"
"*06z5l*","Steven Duran","MIL","SP","3478","FA","18","0","0","0%","0%","0","0.00","0","0","0","0","0","0","0","0","0","0"
"*06s3c*","Derrick Edington","TB","RP","3510","FA","27","0","0","0%","0%","0","0.00","0","0","0","0","0","0","0","0","0","0"
"*05rc1*","Jimmy Endersby","(N/A)","SP","3565","FA","28","0","0","0%","0%","0","0.00","0","0","0","0","0","0","0","0","0","0"
"*06o0x*","Luis Espinoza","BAL","SP","3607","FA","19","0","0","0%","0%","0","0.00","0","0","0","0","0","0","0","0","0","0"
"*06r6m*","Victor Espiritu","TOR","RP","3610","FA","21","0","0","0%","0%","0","0.00","0","0","0","0","0","0","0","0","0","0"
"*06ulj*","Andy Fabian","BAL","RP","3645","FA","23","0","0","0%","0%","0","0.00","0","0","0","0","0","0","0","0","0","0"
"*06hu5*","German Fajardo","SEA","RP","3655","FA","25","0","0","0%","0%","0","0.00","0","0","0","0","0","0","0","0","0","0"
"*04rzy*","Ignacio Feliz","(N/A)","SP","3700","FA","26","0","0","0%","0%","0","0.00","0","0","0","0","0","0","0","0","0","0"
"*05ybk*","William Fleming","MIN","SP,RP","3787","FA","27","0","0","0%","0%","0","0","0","0","0","0","0","0","0","0","0","0"
"*06rh8*","Jesus Flores","MIL","RP","3806","FA","21","0","0","0%","0%","0","0.00","0","0","0","0","0","0","0","0","0","0"
"*06qrz*","Brooks Fowler","TEX","SP","3856","FA","23","0","0","0%","0%","0","0.00","0","0","0","0","0","0","0","0","0","0"
"*06qrr*","Hayden Frank","CHC","SP","3891","FA","23","0","0","0%","0%","0","0.00","0","0","0","0","0","0","0","0","0","0"
"*051gx*","Nick Fraze","(N/A)","SP","3905","FA","28","0","0","0%","0%","0","0.00","0","0","0","0","0","0","0","0","0","0"
"*06r3b*","Madinson Frias","BOS","RP","3922","FA","21","0","0","0%","0%","0","0.00","0","0","0","0","0","0","0","0","0","0"
"*06z11*","Alex Galvan","ARI","RP","3991","FA","25","0","0","0%","0%","0","0.00","0","0","0","0","0","0","0","0","0","0"
"*06z0w*","Raul Garayzar","ARI","SP,RP","4005","FA","23","0","0","0%","0%","0","0.00","0","0","0","0","0","0","0","0","0","0"
"*06qkp*","Travis Garnett","(N/A)","RP","4079","FA","23","0","0","0%","0%","0","0.00","0","0","0","0","0","0","0","0","0","0"
"*06pgc*","Connor Gatwood","(N/A)","SP","4097","FA","20","0","0","0%","0%","0","0.00","0","0","0","0","0","0","0","0","0","0"
"*04aq9*","Grant Gavin","(N/A)","SP,RP","4101","FA","31","0","0","0%","0%","0","0.00","0","0","0","0","0","0","0","0","0","0"
"*064vt*","Luis German","SD","RP","4128","FA","24","0","0","0%","0%","0","0.00","0","0","0","0","0","0","0","0","0","0"
"*04es7*","Matt Givin","(N/A)","RP","4174","FA","27","0","0","0%","0%","0","0.00","0","0","0","0","0","0","0","0","0","0"
"*06qez*","Joe Glassey","BAL","SP","4177","FA","25","0","0","0%","0%","0","0.00","0","0","0","0","0","0","0","0","0","0"
"*0730m*","Geowin Gomez","ATL","SP","4204","FA","17","0","0","0%","0%","0","0.00","0","0","0","0","0","0","0","0","0","0"
"*064p0*","Raudy Gomez","(N/A)","SP","4219","FA","21","0","0","0%","0%","0","0.00","0","0","0","0","0","0","0","0","0","0"
"*06s3i*","Alex Gonzalez","HOU","SP","4233","FA","20","0","0","0%","0%","0","0.00","0","0","0","0","0","0","0","0","0","0"
"*06mfg*","Anferni Gonzalez","(N/A)","SP","4235","FA","20","0","0","0%","0%","0","0.00","0","0","0","0","0","0","0","0","0","0"
"*04put*","Regi Grace","(N/A)","SP,RP","4328","FA","26","0","0","0%","0%","0","0.00","0","0","0","0","0","0","0","0","0","0"
"*069zm*","Landon Green","(N/A)","SP","4367","FA","17","0","0","0%","0%","0","0.00","0","0","0","0","0","0","0","0","0","0"
"*04ejd*","Max Green","NYM","SP,RP","4369","FA","30","0","0","0%","0%","0","0.00","0","0","0","0","0","0","0","0","0","0"
"*06mi4*","Ricardo Guzman","TB","RP","4480","FA","21","0","0","0%","0%","0","0.00","0","0","0","0","0","0","0","0","0","0"
"*05y3o*","Adam Hachman","(N/A)","SP","4491","FA","21","0","0","0%","0%","0","0.00","0","0","0","0","0","0","0","0","0","0"
"*06ih1*","Shinnosuke Hada","(N/A)","SP","4496","FA","22","0","0","0%","0%","0","0.00","0","0","0","0","0","0","0","0","0","0"
"*06qrd*","Blake Hammond","ATH","RP","4541","FA","23","0","0","0%","0%","0","0.00","0","0","0","0","0","0","0","0","0","0"
"*06hn7*","Josh Harlow","CLE","RP","4569","FA","25","0","0","0%","0%","0","0.00","0","0","0","0","0","0","0","0","0","0"
"*066df*","Daniel Harper","PHI","RP","4573","FA","27","0","0","0%","0%","0","0.00","0","0","0","0","0","0","0","0","0","0"
"*05ybj*","Dylan Heid","(N/A)","RP","4640","FA","28","0","0","0%","0%","0","0.00","0","0","0","0","0","0","0","0","0","0"
"*04q4d*","Clay Helvey","(N/A)","RP","4648","FA","29","0","0","0%","0%","0","0.00","0","0","0","0","0","0","0","0","0","0"
"*04eg0*","Lincoln Henzman","(N/A)","RP","4677","FA","31","0","0","0%","0%","0","0.00","0","0","0","0","0","0","0","0","0","0"
"*070d3*","Ryan Heppner","ATL","SP","4678","FA","21","0","0","0%","0%","0","0.00","0","0","0","0","0","0","0","0","0","0"
"*06qnm*","Sean Heppner","(N/A)","RP","4679","FA","23","0","0","0%","0%","0","0.00","0","0","0","0","0","0","0","0","0","0"
"*06oh4*","Adrian Heredia","BAL","SP","4683","FA","21","0","0","0%","0%","0","0.00","0","0","0","0","0","0","0","0","0","0"
"*06ckn*","Evelio Hernandez","CLE","RP","4722","FA","22","0","0","0%","0%","0","0.00","0","0","0","0","0","0","0","0","0","0"
"*072g6*","Henderson Hernandez","NYM","SP","4724","FA","19","0","0","0%","0%","0","0.00","0","0","0","0","0","0","0","0","0","0"
"*059zp*","Eduardo Herrera","(N/A)","RP","4773","FA","26","0","0","0%","0%","0","0.00","0","0","0","0","0","0","0","0","0","0"
"*066k2*","Brady Hill","WSH","RP","4829","FA","25","0","0","0%","0%","0","0.00","0","0","0","0","0","0","0","0","0","0"
"*0637q*","Jamison Hill","(N/A)","SP,RP","4835","FA","27","0","0","0%","0%","0","0.00","0","0","0","0","0","0","0","0","0","0"
"*06r4e*","Paul Hoff","MIL","SP","4869","FA","19","0","0","0%","0%","0","0.00","0","0","0","0","0","0","0","0","0","0"
"*05vym*","Jo-Hsi Hsu","(N/A)","SP","4941","FA","25","0","0","0%","0%","0","0.00","0","0","0","0","0","0","0","0","0","0"
"*06hh2*","Isaiah Jackson","KC","RP","5030","FA","24","0","0","0%","0%","0","0.00","0","0","0","0","0","0","0","0","0","0"
"*0730z*","Wensloby Jhon","ATH","SP","5092","FA","18","0","0","0%","0%","0","0.00","0","0","0","0","0","0","0","0","0","0"
"*066lv*","Jackson Kelley","CHW","RP","5256","FA","26","0","0","0%","0%","0","0.00","0","0","0","0","0","0","0","0","0","0"
"*06ibh*","Seo Hyeon Kim","(N/A)","RP","5305","FA","22","0","0","0%","0%","0","0.00","0","0","0","0","0","0","0","0","0","0"
"*06tlp*","Chuck King","PHI","SP","5309","FA","28","0","0","0%","0%","0","0.00","0","0","0","0","0","0","0","0","0","0"
"*06kvs*","Justin King","MIA","RP","5315","FA","28","0","0","0%","0%","0","0.00","0","0","0","0","0","0","0","0","0","0"
"*06hp2*","Hunter Kublick","STL","SP,RP","5411","FA","23","0","0","0%","0%","0","0.00","0","0","0","0","0","0","0","0","0","0"
"*070cd*","Cash Kuiper","DET","SP,RP","5419","FA","21","0","0","0%","0%","0","0.00","0","0","0","0","0","0","0","0","0","0"
"*07309*","Bowen Landry","(N/A)","SP","5456","FA","15","0","0","0%","0%","0","0.00","0","0","0","0","0","0","0","0","0","0"
"*06r5x*","Rafael Lasorsa","(N/A)","SP","5506","FA","19","0","0","0%","0%","0","0.00","0","0","0","0","0","0","0","0","0","0"
"*02yor*","Erick Leal","(N/A)","SP","5535","FA","31","0","0","0%","0%","0","0.00","0","0","0","0","0","0","0","0","0","0"
"*04eho*","Aaron Leasher","(N/A)","SP","5538","FA","30","0","0","0%","0%","0","0.00","0","0","0","0","0","0","0","0","0","0"
"*06hiu*","Zack Lee","DET","SP,RP","5563","FA","25","0","0","0%","0%","0","0.00","0","0","0","0","0","0","0","0","0","0"
"*051bn*","Adam Leverett","SEA","SP","5600","FA","27","0","0","0%","0%","0","0.00","0","0","0","0","0","0","0","0","0","0"
"*06h91*","Justin Loer","COL","RP","5686","FA","23","0","0","0%","0%","0","0.00","0","0","0","0","0","0","0","0","0","0"
"*06r2y*","Jesus Lopez","(N/A)","RP","5731","FA","19","0","0","0%","0%","0","0.00","0","0","0","0","0","0","0","0","0","0"
"*06rs2*","Aneury Lora","SEA","RP","5749","FA","22","0","0","0%","0%","0","0.00","0","0","0","0","0","0","0","0","0","0"
"*06u6d*","David Lorduy","CIN","SP","5753","FA","22","0","0","0%","0%","0","0.00","0","0","0","0","0","0","0","0","0","0"
"*06l52*","Ismael Luciano","COL","SP,RP","5773","FA","23","0","0","0%","0%","0","0.00","0","0","0","0","0","0","0","0","0","0"
"*06ywa*","Reese Lumpkin","SEA","RP","5797","FA","24","0","0","0%","0%","0","0.00","0","0","0","0","0","0","0","0","0","0"
"*06cmo*","Jorge Luna","NYY","SP","5804","FA","21","0","0","0%","0%","0","0.00","0","0","0","0","0","0","0","0","0","0"
"*06uwr*","Ryan Lynch","SD","RP","5813","FA","21","0","0","0%","0%","0","0.00","0","0","0","0","0","0","0","0","0","0"
"*06zi1*","Zack Mack","NYM","RP","5850","FA","23","0","0","0%","0%","0","0.00","0","0","0","0","0","0","0","0","0","0"
"*066jq*","Joey Mancini","HOU","SP,RP","5899","FA","25","0","0","0%","0%","0","0.00","0","0","0","0","0","0","0","0","0","0"
"*060oh*","Carlos Marcano","DET","SP","5918","FA","23","0","0","0%","0%","0","0.00","0","0","0","0","0","0","0","0","0","0"
"*070cv*","Orlando Marcelin","TOR","RP","5923","FA","19","0","0","0%","0%","0","0.00","0","0","0","0","0","0","0","0","0","0"
"*06v29*","Edinzo Marquez","NYY","SP","5962","FA","21","0","0","0%","0%","0","0.00","0","0","0","0","0","0","0","0","0","0"
"*06kww*","Duncan Marsten","CIN","SP","5981","FA","21","0","0","0%","0%","0","0.00","0","0","0","0","0","0","0","0","0","0"
"*06er5*","Emmanuel Martinez","(N/A)","RP","6026","FA","22","0","0","0%","0%","0","0.00","0","0","0","0","0","0","0","0","0","0"
"*06kto*","Shinya Matsuyama","(N/A)","SP","6119","FA","26","0","0","0%","0%","0","0.00","0","0","0","0","0","0","0","0","0","0"
"*06ieu*","Ethan McElvain","KC","SP","6189","FA","21","0","0","0%","0%","0","0.00","0","0","0","0","0","0","0","0","0","0"
"*06r7t*","Johandi Medina","TOR","RP","6264","FA","19","0","0","0%","0%","0","0.00","0","0","0","0","0","0","0","0","0","0"
"*06mia*","Juan Medina","(N/A)","SP","6266","FA","19","0","0","0%","0%","0","0.00","0","0","0","0","0","0","0","0","0","0"
"*05w9d*","Enmanuel Mejia","(N/A)","RP","6281","FA","27","0","0","0%","0%","0","0.00","0","0","0","0","0","0","0","0","0","0"
"*05xzy*","Alvaro Mejias","TB","RP","6296","FA","22","0","0","0%","0%","0","0.00","0","0","0","0","0","0","0","0","0","0"
"*04z92*","Teofilo Mendez","ARI","RP","6337","FA","24","0","0","0%","0%","0","0.00","0","0","0","0","0","0","0","0","0","0"
"*06ru1*","Edwin Mendoza","ATH","RP","6346","FA","18","0","0","0%","0%","0","0.00","0","0","0","0","0","0","0","0","0","0"
"*05xws*","Brian Metoyer","NYM","RP","6393","FA","29","0","0","0%","0%","0","0.00","0","0","0","0","0","0","0","0","0","0"
"*0664f*","Justin Militello","STL","RP","6432","FA","22","0","0","0%","0%","0","0.00","0","0","0","0","0","0","0","0","0","0"
"*06oof*","Ryan Minckler","WSH","RP","6467","FA","23","0","0","0%","0%","0","0.00","0","0","0","0","0","0","0","0","0","0"
"*066rh*","Kevin Miranda","(N/A)","SP","6476","FA","27","0","0","0%","0%","0","0.00","0","0","0","0","0","0","0","0","0","0"
"*06v3w*","Omar Montano","MIN","SP","6532","FA","20","0","0","0%","0%","0","0.00","0","0","0","0","0","0","0","0","0","0"
"*06v2d*","Moises Morales","TEX","RP","6607","FA","22","0","0","0%","0%","0","0.00","0","0","0","0","0","0","0","0","0","0"
"*06c7c*","Jefferson Moran","STL","SP","6610","FA","22","0","0","0%","0%","0","0.00","0","0","0","0","0","0","0","0","0","0"
"*06hwo*","Zane Morehouse","CLE","RP","6615","FA","26","0","0","0%","0%","0","0.00","0","0","0","0","0","0","0","0","0","0"
"*06ooz*","Alfred Morillo","ARI","RP","6644","FA","24","0","0","0%","0%","0","0.00","0","0","0","0","0","0","0","0","0","0"
"*06qqo*","Andrew Morones","KC","RP","6656","FA","25","0","0","0%","0%","0","0.00","0","0","0","0","0","0","0","0","0","0"
"*06zac*","Izeah Muniz","COL","RP","6714","FA","22","0","0","0%","0%","0","0.00","0","0","0","0","0","0","0","0","0","0"
"*06yta*","Albert Munoz","CHW","RP","6715","FA","18","0","0","0%","0%","0","0.00","0","0","0","0","0","0","0","0","0","0"
"*06yw8*","Carson Myers","TOR","RP","6754","FA","23","0","0","0%","0%","0","0.00","0","0","0","0","0","0","0","0","0","0"
"*03qwi*","James Naile","(N/A)","RP","6763","FA","33","0","0","0%","0%","0","0.00","0","0","0","0","0","0","0","0","0","0"
"*06qwl*","Dominic Niman","TB","RP","6840","FA","25","0","0","0%","0%","0","0.00","0","0","0","0","0","0","0","0","0","0"
"*05ycg*","Jaden Noot","(N/A)","SP","6865","FA","22","0","0","0%","0%","0","0.00","0","0","0","0","0","0","0","0","0","0"
"*06rsd*","Ethan Norby","CIN","SP","6866","FA","21","0","0","0%","0%","0","0.00","0","0","0","0","0","0","0","0","0","0"
"*06qzk*","Juan Nunez","HOU","RP","6905","FA","22","0","0","0%","0%","0","0.00","0","0","0","0","0","0","0","0","0","0"
"*06rt8*","Pedro Nunez","COL","SP","6909","FA","18","0","0","0%","0%","0","0.00","0","0","0","0","0","0","0","0","0","0"
"*06klf*","Carlos Ochoa","MIA","RP","6945","FA","19","0","0","0%","0%","0","0.00","0","0","0","0","0","0","0","0","0","0"
"*05y74*","Mat Olsen","(N/A)","SP","6991","FA","26","0","0","0%","0%","0","0.00","0","0","0","0","0","0","0","0","0","0"
"*06qtb*","Bryant Olson","WSH","RP","6992","FA","23","0","0","0%","0%","0","0.00","0","0","0","0","0","0","0","0","0","0"
"*06y08*","Mason Olson","TOR","SP","6995","FA","24","0","0","0%","0%","0","0.00","0","0","0","0","0","0","0","0","0","0"
"*06qyg*","Andres Ortiz","DET","SP","7029","FA","19","0","0","0%","0%","0","0.00","0","0","0","0","0","0","0","0","0","0"
"*06u6n*","Adolfo Oviedo","PIT","RP","7080","FA","21","0","0","0%","0%","0","0.00","0","0","0","0","0","0","0","0","0","0"
"*07341*","Alexander Padilla","DET","SP","7117","FA","17","0","0","0%","0%","0","0.00","0","0","0","0","0","0","0","0","0","0"
"*06zb9*","Noah Palmese","TOR","RP","7151","FA","23","0","0","0%","0%","0","0.00","0","0","0","0","0","0","0","0","0","0"
"*05y6c*","Nixon Parra","(N/A)","RP","7191","FA","22","0","0","0%","0%","0","0.00","0","0","0","0","0","0","0","0","0","0"
"*06l0x*","Samuel Pateti","(N/A)","RP","7200","FA","19","0","0","0%","0%","0","0.00","0","0","0","0","0","0","0","0","0","0"
"*06uly*","Jeison Payano","BOS","RP","7227","FA","20","0","0","0%","0%","0","0.00","0","0","0","0","0","0","0","0","0","0"
"*066r8*","Nelfri Payano","CIN","RP","7228","FA","21","0","0","0%","0%","0","0.00","0","0","0","0","0","0","0","0","0","0"
"*072b0*","Landen Payne","CHW","RP","7231","FA","23","0","0","0%","0%","0","0.00","0","0","0","0","0","0","0","0","0","0"
"*05uc6*","Mason Pelio","(N/A)","SP","7266","FA","26","0","0","0%","0%","0","0.00","0","0","0","0","0","0","0","0","0","0"
"*06r43*","David Pena","SEA","SP","7276","FA","21","0","0","0%","0%","0","0.00","0","0","0","0","0","0","0","0","0","0"
"*06rt4*","Josh Perez","CLE","SP","7376","FA","18","0","0","0%","0%","0","0.00","0","0","0","0","0","0","0","0","0","0"
"*060vw*","Railin Perez","HOU","RP","7391","FA","24","0","0","0%","0%","0","0.00","0","0","0","0","0","0","0","0","0","0"
"*06htj*","Carlton Perkins","CHW","RP","7404","FA","23","0","0","0%","0%","0","0.00","0","0","0","0","0","0","0","0","0","0"
"*06h04*","Connery Peters","(N/A)","SP","7418","FA","26","0","0","0%","0%","0","0.00","0","0","0","0","0","0","0","0","0","0"
"*072bg*","Zane Petty","CLE","SP","7441","FA","22","0","0","0%","0%","0","0.00","0","0","0","0","0","0","0","0","0","0"
"*06v2o*","Luis Pimentel","CIN","RP","7478","FA","22","0","0","0%","0%","0","0.00","0","0","0","0","0","0","0","0","0","0"
"*06zbd*","Owen Puk","WSH","RP","7634","FA","23","0","0","0%","0%","0","0.00","0","0","0","0","0","0","0","0","0","0"
"*04es2*","Andrew Quezada","(N/A)","SP,RP","7647","FA","29","0","0","0%","0%","0","0.00","0","0","0","0","0","0","0","0","0","0"
"*06qsz*","Braden Quinn","(N/A)","SP","7654","FA","23","0","0","0%","0%","0","0.00","0","0","0","0","0","0","0","0","0","0"
"*05y2i*","Tyler Ras","CHC","RP","7764","FA","26","0","0","0%","0%","0","0.00","0","0","0","0","0","0","0","0","0","0"
"*0665t*","Livan Reinoso","MIA","RP","7804","FA","27","0","0","0%","0%","0","0.00","0","0","0","0","0","0","0","0","0","0"
"*06bl0*","Jesus Rios","MIA","RP","7910","FA","24","0","0","0%","0%","0","0.00","0","0","0","0","0","0","0","0","0","0"
"*06qog*","Erik Ritchie","(N/A)","RP","7914","FA","23","0","0","0%","0%","0","0.00","0","0","0","0","0","0","0","0","0","0"
"*0669t*","Andy Rodriguez","TB","RP","8005","FA","24","0","0","0%","0%","0","0.00","0","0","0","0","0","0","0","0","0","0"
"*06hta*","David Rodriguez","ATL","RP","8024","FA","24","0","0","0%","0%","0","0.00","0","0","0","0","0","0","0","0","0","0"
"*06hne*","Johnathan Rogers","DET","RP","8110","FA","21","0","0","0%","0%","0","0.00","0","0","0","0","0","0","0","0","0","0"
"*06mi9*","Shnaider Rojas","(N/A)","SP","8132","FA","19","0","0","0%","0%","0","0.00","0","0","0","0","0","0","0","0","0","0"
"*0700y*","Ricardo Roman","LAD","SP","8140","FA","19","0","0","0%","0%","0","0.00","0","0","0","0","0","0","0","0","0","0"
"*06ro9*","Kelvin Rosario","ARI","RP","8205","FA","19","0","0","0%","0%","0","0.00","0","0","0","0","0","0","0","0","0","0"
"*05ya7*","Aaron Rozek","MIN","RP","8233","FA","30","0","0","0%","0%","0","0.00","0","0","0","0","0","0","0","0","0","0"
"*06imj*","Harrison Ruiz","CLE","SP","8250","FA","22","0","0","0%","0%","0","0.00","0","0","0","0","0","0","0","0","0","0"
"*06j7p*","Mariano Salomon","NYY","SP,RP","8324","FA","23","0","0","0%","0%","0","0.00","0","0","0","0","0","0","0","0","0","0"
"*05rh1*","Bryan Sanchez","(N/A)","SP","8344","FA","23","0","0","0%","0%","0","0.00","0","0","0","0","0","0","0","0","0","0"
"*06zbg*","Julius Sanchez","TEX","SP","8370","FA","22","0","0","0%","0%","0","0.00","0","0","0","0","0","0","0","0","0","0"
"*06r55*","Kevin Santana","HOU","SP","8413","FA","19","0","0","0%","0%","0","0.00","0","0","0","0","0","0","0","0","0","0"
"*06o0v*","Victor Santos","BAL","SP","8444","FA","19","0","0","0%","0%","0","0.00","0","0","0","0","0","0","0","0","0","0"
"*06htf*","Kelena Sauer","TOR","SP","8457","FA","23","0","0","0%","0%","0","0.00","0","0","0","0","0","0","0","0","0","0"
"*064nk*","Eli Saul","(N/A)","RP","8459","FA","24","0","0","0%","0%","0","0.00","0","0","0","0","0","0","0","0","0","0"
"*072es*","Grayson Saunier","HOU","SP","8461","FA","22","0","0","0%","0%","0","0.00","0","0","0","0","0","0","0","0","0","0"
"*06qss*","Ryan Schiefer","CHW","SP","8486","FA","22","0","0","0%","0%","0","0.00","0","0","0","0","0","0","0","0","0","0"
"*04q1l*","Austin Schulfer","(N/A)","RP","8509","FA","30","0","0","0%","0%","0","0.00","0","0","0","0","0","0","0","0","0","0"
"*06htb*","Kyle Scott","CLE","RP","8522","FA","24","0","0","0%","0%","0","0.00","0","0","0","0","0","0","0","0","0","0"
"*072bj*","Andrew Sentlinger","CHW","RP","8559","FA","22","0","0","0%","0%","0","0.00","0","0","0","0","0","0","0","0","0","0"
"*06zbf*","Jake Shelagowski","STL","RP","8614","FA","22","0","0","0%","0%","0","0.00","0","0","0","0","0","0","0","0","0","0"
"*06qou*","Jake Shirk","PIT","RP","8628","FA","24","0","0","0%","0%","0","0.00","0","0","0","0","0","0","0","0","0","0"
"*06af8*","Anthony Simonelli","KC","RP","8693","FA","27","0","0","0%","0%","0","0.00","0","0","0","0","0","0","0","0","0","0"
"*05ogv*","Noah Skirrow","(N/A)","SP","8713","FA","28","0","0","0%","0%","0","0.00","0","0","0","0","0","0","0","0","0","0"
"*06qox*","Ryan Slater","SF","RP","8714","FA","24","0","0","0%","0%","0","0.00","0","0","0","0","0","0","0","0","0","0"
"*064o0*","Jackson Smeltz","SD","RP","8722","FA","27","0","0","0%","0%","0","0.00","0","0","0","0","0","0","0","0","0","0"
"*06qlq*","Jack Sokol","NYY","RP","8784","FA","24","0","0","0%","0%","0","0.00","0","0","0","0","0","0","0","0","0","0"
"*05yll*","Hunter Stanley","CLE","RP","8871","FA","28","0","0","0%","0%","0","0.00","0","0","0","0","0","0","0","0","0","0"
"*06hnd*","Peyton Stumbo","PIT","SP","8959","FA","24","0","0","0%","0%","0","0.00","0","0","0","0","0","0","0","0","0","0"
"*06hsx*","Jeicol Surumay","(N/A)","SP","9004","FA","20","0","0","0%","0%","0","0.00","0","0","0","0","0","0","0","0","0","0"
"*067zj*","Henry Tejada","BAL","RP","9109","FA","21","0","0","0%","0%","0","0.00","0","0","0","0","0","0","0","0","0","0"
"*04o0z*","Heitor Tokar","(N/A)","RP","9216","FA","25","0","0","0%","0%","0","0.00","0","0","0","0","0","0","0","0","0","0"
"*051hr*","Anders Tolhurst","(N/A)","RP","9223","FA","26","0","0","0%","0%","0","0.00","0","0","0","0","0","0","0","0","0","0"
"*05yfp*","Erik Tolman","WSH","SP,RP","9224","FA","27","0","0","0%","0%","0","0.00","0","0","0","0","0","0","0","0","0","0"
"*06r1n*","Erich Tovar","CLE","RP","9280","FA","19","0","0","0%","0%","0","0.00","0","0","0","0","0","0","0","0","0","0"
"*04pyq*","Nick Trogrlic-Iverson","(N/A)","RP","9310","FA","28","0","0","0%","0%","0","0.00","0","0","0","0","0","0","0","0","0","0"
"*06hoh*","Derek True","HOU","SP","9314","FA","25","0","0","0%","0%","0","0.00","0","0","0","0","0","0","0","0","0","0"
"*06ak5*","Jyun Yue Tseng","(N/A)","RP","9317","FA","24","0","0","0%","0%","0","0.00","0","0","0","0","0","0","0","0","0","0"
"*06r6l*","Pedro Tucent","(N/A)","RP","9319","FA","23","0","0","0%","0%","0","0.00","0","0","0","0","0","0","0","0","0","0"
"*06qf2*","Trent Turzenski","BAL","RP","9342","FA","25","0","0","0%","0%","0","0.00","0","0","0","0","0","0","0","0","0","0"
"*0731b*","Myles Upchurch","(N/A)","SP,RP","9363","FA","19","0","0","0%","0%","0","0.00","0","0","0","0","0","0","0","0","0","0"
"*04t98*","Manuel Urias","(N/A)","SP","9379","FA","25","0","0","0%","0%","0","0.00","0","0","0","0","0","0","0","0","0","0"
"*05ynl*","Tommy Ventimiglia","(N/A)","SP","9514","FA","22","0","0","0%","0%","0","0.00","0","0","0","0","0","0","0","0","0","0"
"*06r5v*","Yoandys Veraza","BOS","RP","9527","FA","19","0","0","0%","0%","0","0.00","0","0","0","0","0","0","0","0","0","0"
"*03qvc*","Cam Vieaux","(N/A)","SP,RP","9545","FA","32","0","0","0%","0%","0","0.00","0","0","0","0","0","0","0","0","0","0"
"*072g4*","Jose Vielma","NYM","SP","9547","FA","19","0","0","0%","0%","0","0.00","0","0","0","0","0","0","0","0","0","0"
"*0648m*","Chris Villaman","(N/A)","RP","9554","FA","25","0","0","0%","0%","0","0.00","0","0","0","0","0","0","0","0","0","0"
"*04q1b*","Ian Villers","(N/A)","RP","9565","FA","25","0","0","0%","0%","0","0.00","0","0","0","0","0","0","0","0","0","0"
"*05t7v*","Jake Walkinshaw","MIA","RP","9624","FA","30","0","0","0%","0%","0","0.00","0","0","0","0","0","0","0","0","0","0"
"*06qp9*","Kevin Warunek","PHI","RP","9663","FA","23","0","0","0%","0%","0","0.00","0","0","0","0","0","0","0","0","0","0"
"*02hkd*","Zack Weiss","(N/A)","RP","9707","FA","34","0","0","0%","0%","0","0.00","0","0","0","0","0","0","0","0","0","0"
"*03ztv*","Lachlan Wells","(N/A)","SP","9712","FA","29","0","0","0%","0%","0","0.00","0","0","0","0","0","0","0","0","0","0"
"*072bl*","Nick Weyrich","CHW","RP","9740","FA","23","0","0","0%","0%","0","0.00","0","0","0","0","0","0","0","0","0","0"
"*06pey*","Kyle Whitten","(N/A)","RP","9769","FA","27","0","0","0%","0%","0","0.00","0","0","0","0","0","0","0","0","0","0"
"*06qyp*","Jarret Whorff","ATL","RP","9770","FA","27","0","0","0%","0%","0","0.00","0","0","0","0","0","0","0","0","0","0"
"*06r5u*","Tejahari Wilson","(N/A)","RP","9841","FA","19","0","0","0%","0%","0","0.00","0","0","0","0","0","0","0","0","0","0"
"*067wu*","Justin Yeager","SD","RP","9932","FA","28","0","0","0%","0%","0","0.00","0","0","0","0","0","0","0","0","0","0"
"*05jpv*","Mario Zabala","SD","RP","9969","FA","24","0","0","0%","0%","0","0.00","0","0","0","0","0","0","0","0","0","0"
"*06ilg*","Charlie Zink","BOS","RP","10008","FA","20","0","0","0%","0%","0","0.00","0","0","0","0","0","0","0","0","0","0"
"*03mgf*","Jose Adames","(N/A)","RP","1224","FA","33","0","0","0%","0%","0","0.00","0","0","0","0","0","0","0","0","0","0"
"*06qzm*","Erlin Aguero","(N/A)","SP","1253","FA","21","0","0","0%","0%","0","0.00","0","0","0","0","0","0","0","0","0","0"
"*06l0s*","Damian Alcala","(N/A)","RP","1278","FA","21","0","0","0%","0%","0","0.00","0","0","0","0","0","0","0","0","0","0"
"*06u6m*","Eudry Alcantara","CLE","RP","1287","FA","21","0","0","0%","0%","0","0.00","0","0","0","0","0","0","0","0","0","0"
"*06o13*","Frailin Alejo","(N/A)","RP","1304","FA","19","0","0","0%","0%","0","0.00","0","0","0","0","0","0","0","0","0","0"
"*06ukk*","Jay Allmer","BOS","RP","1335","FA","24","0","0","0%","0%","0","0.00","0","0","0","0","0","0","0","0","0","0"
"*0586v*","Dayeison Arias","(N/A)","RP","1497","FA","29","0","0","0%","0%","0","0.00","0","0","0","0","0","0","0","0","0","0"
"*061yn*","Jordy Arias","(N/A)","RP","1507","FA","20","0","0","0%","0%","0","0.00","0","0","0","0","0","0","0","0","0","0"
"*06qlf*","Eldridge Armstrong III","(N/A)","RP","1529","FA","23","0","0","0%","0%","0","0.00","0","0","0","0","0","0","0","0","0","0"
"*05t91*","Ivan Armstrong","(N/A)","RP","1530","FA","26","0","0","0%","0%","0","0.00","0","0","0","0","0","0","0","0","0","0"
"*06v61*","Carson Bailey","(N/A)","SP","1629","FA","20","0","0","0%","0%","0","0.00","0","0","0","0","0","0","0","0","0","0"
"*06sb7*","Yorsua Balanta","DET","RP","1641","FA","20","0","0","0%","0%","0","0.00","0","0","0","0","0","0","0","0","0","0"
"*06hpr*","Zane Barnhart","BAL","RP","1690","FA","24","0","0","0%","0%","0","0.00","0","0","0","0","0","0","0","0","0","0"
"*02n0z*","Kyle Barraclough","(N/A)","RP","1696","FA","36","0","0","0%","0%","0","0.00","0","0","0","0","0","0","0","0","0","0"
"*06hnc*","Diego Barrera","ATH","RP","1700","FA","26","0","0","0%","0%","0","0.00","0","0","0","0","0","0","0","0","0","0"
"*06ukm*","Marco Barrios","CHW","RP","1714","FA","21","0","0","0%","0%","0","0.00","0","0","0","0","0","0","0","0","0","0"
"*04t99*","Austin Becker","(N/A)","RP","1789","FA","26","0","0","0%","0%","0","0.00","0","0","0","0","0","0","0","0","0","0"
"*068a5*","Matthew Becker","MIN","SP,RP","1792","FA","23","0","0","0%","0%","0","0.00","0","0","0","0","0","0","0","0","0","0"
"*06uh5*","Adrian Belen","KC","RP","1804","FA","21","0","0","0%","0%","0","0.00","0","0","0","0","0","0","0","0","0","0"
"*06rl6*","Jhostin Betances","LAA","SP","1892","FA","19","0","0","0%","0%","0","0.00","0","0","0","0","0","0","0","0","0","0"
"*070d5*","Denton Biller","BAL","RP","1917","FA","21","0","0","0%","0%","0","0.00","0","0","0","0","0","0","0","0","0","0"
"*041y9*","Nolan Blackwood","(N/A)","RP","1936","FA","31","0","0","0%","0%","0","0.00","0","0","0","0","0","0","0","0","0","0"
"*066qz*","Hader Blanco","(N/A)","RP","1947","FA","21","0","0","0%","0%","0","0.00","0","0","0","0","0","0","0","0","0","0"
"*06u79*","Miguelangel Boadas","MIN","SP","1962","FA","23","0","0","0%","0%","0","0.00","0","0","0","0","0","0","0","0","0","0"
"*06h1o*","Jake Bockenstedt","CHW","SP,RP","1964","FA","26","0","0","0%","0%","0","0.00","0","0","0","0","0","0","0","0","0","0"
"*06c85*","Andrew Bolivar","STL","RP","1979","FA","20","0","0","0%","0%","0","0.00","0","0","0","0","0","0","0","0","0","0"
"*070cf*","Tyler Bowen","PHI","RP","2034","FA","23","0","0","0%","0%","0","0.00","0","0","0","0","0","0","0","0","0","0"
"*06yzg*","Austin Breedlove","NYY","RP","2088","FA","22","0","0","0%","0%","0","0.00","0","0","0","0","0","0","0","0","0","0"
"*062zv*","Rhett Britt","(N/A)","SP","2129","FA","19","0","0","0%","0%","0","0.00","0","0","0","0","0","0","0","0","0","0"
"*06u6e*","Ricardo Brizuela","(N/A)","SP","2131","FA","23","0","0","0%","0%","0","0.00","0","0","0","0","0","0","0","0","0","0"
"*06ugq*","Jesus Broca","MIL","RP","2134","FA","22","0","0","0%","0%","0","0.00","0","0","0","0","0","0","0","0","0","0"
"*06z9z*","Luke Broderick","COL","RP","2137","FA","22","0","0","0%","0%","0","0.00","0","0","0","0","0","0","0","0","0","0"
"*05yc7*","Aaron Brown","(N/A)","SP,RP","2149","FA","27","0","0","0%","0%","0","0.00","0","0","0","0","0","0","0","0","0","0"
"*06qpa*","Grant Burleson","HOU","RP","2222","FA","23","0","0","0%","0%","0","0.00","0","0","0","0","0","0","0","0","0","0"
"*066aw*","Alex Bustamante","(N/A)","RP","2244","FA","26","0","0","0%","0%","0","0.00","0","0","0","0","0","0","0","0","0","0"
"*06qjh*","Myles Caba","LAD","RP","2254","FA","24","0","0","0%","0%","0","0.00","0","0","0","0","0","0","0","0","0","0"
"*06sb9*","Johan Cabeza","CIN","SP","2263","FA","20","0","0","0%","0%","0","0.00","0","0","0","0","0","0","0","0","0","0"
"*072cv*","Brandon Cain","PIT","RP","2297","FA","21","0","0","0%","0%","0","0.00","0","0","0","0","0","0","0","0","0","0"
"*06cqw*","Ryan Cardona","(N/A)","SP","2397","FA","26","0","0","0%","0%","0","0.00","0","0","0","0","0","0","0","0","0","0"
"*06r6y*","Enmanuel Carela","WSH","RP","2400","FA","19","0","0","0%","0%","0","0.00","0","0","0","0","0","0","0","0","0","0"
"*066lb*","D.J. Carpenter","STL","RP","2425","FA","26","0","0","0%","0%","0","0.00","0","0","0","0","0","0","0","0","0","0"
"*06mca*","Samuel Carpio","MIA","RP","2430","FA","23","0","0","0%","0%","0","0.00","0","0","0","0","0","0","0","0","0","0"
"*05h7i*","Luis Carrasco","ATH","SP,RP","2436","FA","24","0","0","0%","0%","0","0.00","0","0","0","0","0","0","0","0","0","0"
"*06r6r*","Kendry Castro","SF","SP,RP","2527","FA","19","0","0","0%","0%","0","0.00","0","0","0","0","0","0","0","0","0","0"
"*06u72*","Ricky Castro","MIN","SP,RP","2531","FA","26","0","0","0%","0%","0","0.00","0","0","0","0","0","0","0","0","0","0"
"*06mpn*","Edward Cedano","ATL","RP","2552","FA","20","0","0","0%","0%","0","0.00","0","0","0","0","0","0","0","0","0","0"
"*06v6e*","Luis Cepeda","ARI","SP","2574","FA","18","0","0","0%","0%","0","0.00","0","0","0","0","0","0","0","0","0","0"
"*064rq*","Luis Cesar","MIA","RP","2588","FA","22","0","0","0%","0%","0","0.00","0","0","0","0","0","0","0","0","0","0"
"*06sbg*","Paul Chacon","ATH","RP","2600","FA","20","0","0","0%","0%","0","0.00","0","0","0","0","0","0","0","0","0","0"
"*06yuv*","Gavin Chakar","(N/A)","SP","2604","FA","16","0","0","0%","0%","0","0.00","0","0","0","0","0","0","0","0","0","0"
"*06m60*","Emmanuel Chapman","PIT","SP,RP","2614","FA","27","0","0","0%","0%","0","0.00","0","0","0","0","0","0","0","0","0","0"
"*070es*","KK Clark","BAL","RP","2692","FA","21","0","0","0%","0%","0","0.00","0","0","0","0","0","0","0","0","0","0"
"*06za3*","Ethan Cole","COL","SP","2741","FA","22","0","0","0%","0%","0","0.00","0","0","0","0","0","0","0","0","0","0"
"*06uwy*","Jesus Colina","CIN","RP","2749","FA","21","0","0","0%","0%","0","0.00","0","0","0","0","0","0","0","0","0","0"
"*066qq*","Jeffrey Colon","(N/A)","RP","2776","FA","26","0","0","0%","0%","0","0.00","0","0","0","0","0","0","0","0","0","0"
"*06zch*","Thomas Conrad","MIL","SP","2799","FA","20","0","0","0%","0%","0","0.00","0","0","0","0","0","0","0","0","0","0"
"*06qor*","Kaleb Corbett","TB","RP","2830","FA","24","0","0","0%","0%","0","0.00","0","0","0","0","0","0","0","0","0","0"
"*065ir*","Billy Corcoran","ARI","SP","2831","FA","26","0","0","0%","0%","0","0.00","0","0","0","0","0","0","0","0","0","0"
"*03pdy*","Jimmy Cordero","(N/A)","RP","2837","FA","34","0","0","0%","0%","0","0.00","0","0","0","0","0","0","0","0","0","0"
"*06c7f*","Alex Cornwell","STL","SP,RP","2852","FA","27","0","0","0%","0%","0","0.00","0","0","0","0","0","0","0","0","0","0"
"*06c4y*","Eccel Correa","BAL","SP,RP","2860","FA","23","0","0","0%","0%","0","0.00","0","0","0","0","0","0","0","0","0","0"
"*06hot*","Yanzel Correa","COL","RP","2863","FA","21","0","0","0%","0%","0","0.00","0","0","0","0","0","0","0","0","0","0"
"*02bqp*","Kyle Crick","(N/A)","RP","2917","FA","33","0","0","0%","0%","0","0.00","0","0","0","0","0","0","0","0","0","0"
"*06cn3*","Angel Cruz","LAD","RP","2948","FA","21","0","0","0%","0%","0","0.00","0","0","0","0","0","0","0","0","0","0"
"*0509c*","Jesus Cruz","(N/A)","SP,RP","2956","FA","31","0","0","0%","0%","0","0.00","0","0","0","0","0","0","0","0","0","0"
"*06v6d*","Luis Cruz","CIN","RP","2962","FA","19","0","0","0%","0%","0","0.00","0","0","0","0","0","0","0","0","0","0"
"*06c4e*","Candido Cuevas","NYM","SP,RP","2981","FA","22","0","0","0%","0%","0","0.00","0","0","0","0","0","0","0","0","0","0"
"*06rgn*","Jackson Dannelley","WSH","RP","3051","FA","24","0","0","0%","0%","0","0.00","0","0","0","0","0","0","0","0","0","0"
"*06hwp*","Ernie Day","(N/A)","SP","3100","FA","24","0","0","0%","0%","0","0.00","0","0","0","0","0","0","0","0","0","0"
"*06ih4*","Alexis De La Cruz","(N/A)","RP","3121","FA","21","0","0","0%","0%","0","0.00","0","0","0","0","0","0","0","0","0","0"
"*06r6x*","Marlon De La Cruz","WSH","SP","3136","FA","20","0","0","0%","0%","0","0.00","0","0","0","0","0","0","0","0","0","0"
"*06l0t*","Misael De La Cruz","(N/A)","SP","3138","FA","21","0","0","0%","0%","0","0.00","0","0","0","0","0","0","0","0","0","0"
"*06rti*","David De Los Santos","BAL","SP","3184","FA","20","0","0","0%","0%","0","0.00","0","0","0","0","0","0","0","0","0","0"
"*06rwc*","Jesus Delgado","ATH","SP","3257","FA","20","0","0","0%","0%","0","0.00","0","0","0","0","0","0","0","0","0","0"
"*067ym*","Parker Detmers","(N/A)","SP","3279","FA","21","0","0","0%","0%","0","0.00","0","0","0","0","0","0","0","0","0","0"
"*06qt6*","Victor Diaz","CIN","RP","3328","FA","23","0","0","0%","0%","0","0.00","0","0","0","0","0","0","0","0","0","0"
"*0664q*","Liam Doolan","(N/A)","SP","3394","FA","27","0","0","0%","0%","0","0.00","0","0","0","0","0","0","0","0","0","0"
"*06ciy*","Brandon Dufault","(N/A)","SP,RP","3442","FA","27","0","0","0%","0%","0","0.00","0","0","0","0","0","0","0","0","0","0"
"*06o12*","Julian Duran","(N/A)","RP","3476","FA","20","0","0","0%","0%","0","0.00","0","0","0","0","0","0","0","0","0","0"
"*06ywf*","Reid Easterly","SEA","RP","3498","FA","24","0","0","0%","0%","0","0.00","0","0","0","0","0","0","0","0","0","0"
"*0629r*","Hunter Elliott","(N/A)","SP","3537","FA","23","0","0","0%","0%","0","0.00","0","0","0","0","0","0","0","0","0","0"
"*06hsa*","Austin Emener","COL","RP","3547","FA","24","0","0","0%","0%","0","0.00","0","0","0","0","0","0","0","0","0","0"
"*024nt*","Edwin Escobar","(N/A)","RP","3584","FA","34","0","0","0%","0%","0","0.00","0","0","0","0","0","0","0","0","0","0"
"*064vs*","Eiver Espinoza","(N/A)","RP","3602","FA","22","0","0","0%","0%","0","0.00","0","0","0","0","0","0","0","0","0","0"
"*06hsb*","Donye Evans","DET","RP","3634","FA","24","0","0","0%","0%","0","0.00","0","0","0","0","0","0","0","0","0","0"
"*06lta*","Richard Fernandez","(N/A)","RP","3730","FA","23","0","0","0%","0%","0","0.00","0","0","0","0","0","0","0","0","0","0"
"*06ux9*","Dariel Francia","PIT","RP","3871","FA","20","0","0","0%","0%","0","0.00","0","0","0","0","0","0","0","0","0","0"
"*06kli*","Estarlin Francisco","(N/A)","RP","3879","FA","19","0","0","0%","0%","0","0.00","0","0","0","0","0","0","0","0","0","0"
"*066ci*","Jason Franks","(N/A)","SP","3900","FA","27","0","0","0%","0%","0","0.00","0","0","0","0","0","0","0","0","0","0"
"*06y09*","Masahiro Fukuda","TEX","RP","3948","FA","25","0","0","0%","0%","0","0.00","0","0","0","0","0","0","0","0","0","0"
"*06idz*","Ruben Galindo","(N/A)","RP","3973","FA","25","0","0","0%","0%","0","0.00","0","0","0","0","0","0","0","0","0","0"
"*06r49*","Gilbel Galvan","BOS","RP","3992","FA","19","0","0","0%","0%","0","0.00","0","0","0","0","0","0","0","0","0","0"
"*059zm*","Natanael Garabitos","(N/A)","RP","4003","FA","25","0","0","0%","0%","0","0.00","0","0","0","0","0","0","0","0","0","0"
"*06g24*","Benito Garcia","(N/A)","RP","4019","FA","26","0","0","0%","0%","0","0.00","0","0","0","0","0","0","0","0","0","0"
"*06ax9*","Jordan Geber","NYM","SP,RP","4104","FA","26","0","0","0%","0%","0","0.00","0","0","0","0","0","0","0","0","0","0"
"*06v2w*","Jose Geraldo","SEA","RP","4124","FA","26","0","0","0%","0%","0","0.00","0","0","0","0","0","0","0","0","0","0"
"*072io*","Luis Ghisays","CHC","SP","4135","FA","20","0","0","0%","0%","0","0.00","0","0","0","0","0","0","0","0","0","0"
"*06cww*","Redinson Gomez","COL","RP","4220","FA","22","0","0","0%","0%","0","0.00","0","0","0","0","0","0","0","0","0","0"
"*060gj*","Angel Gonzalez","(N/A)","RP","4236","FA","23","0","0","0%","0%","0","0.00","0","0","0","0","0","0","0","0","0","0"
"*066qx*","Luis Gonzalez","PHI","SP","4285","FA","21","0","0","0%","0%","0","0.00","0","0","0","0","0","0","0","0","0","0"
"*06r3c*","Yohandry Gonzalez","(N/A)","RP","4305","FA","20","0","0","0%","0%","0","0.00","0","0","0","0","0","0","0","0","0","0"
"*06muw*","Evan Gray","SF","RP","4354","FA","25","0","0","0%","0%","0","0.00","0","0","0","0","0","0","0","0","0","0"
"*05ynr*","Mason Green","COL","SP,RP","4368","FA","27","0","0","0%","0%","0","0.00","0","0","0","0","0","0","0","0","0","0"
"*02c0c*","Robert Gsellman","(N/A)","RP","4396","FA","33","0","0","0%","0%","0","0.00","0","0","0","0","0","0","0","0","0","0"
"*05xmu*","Fernando Guanare","(N/A)","SP","4400","FA","23","0","0","0%","0%","0","0.00","0","0","0","0","0","0","0","0","0","0"
"*06uxd*","Anderson Guevara","SEA","RP","4430","FA","21","0","0","0%","0%","0","0.00","0","0","0","0","0","0","0","0","0","0"
"*06ifr*","Jean Gutierrez","(N/A)","RP","4458","FA","20","0","0","0%","0%","0","0.00","0","0","0","0","0","0","0","0","0","0"
"*06qvq*","Tyler Hampu","COL","RP","4546","FA","24","0","0","0%","0%","0","0.00","0","0","0","0","0","0","0","0","0","0"
"*04ptj*","Austin Hansen","(N/A)","SP,RP","4557","FA","29","0","0","0%","0%","0","0.00","0","0","0","0","0","0","0","0","0","0"
"*06hj0*","Dakota Hawkins","NYM","RP","4616","FA","26","0","0","0%","0%","0","0.00","0","0","0","0","0","0","0","0","0","0"
"*066jd*","Hunter Hayes","STL","RP","4621","FA","25","0","0","0%","0%","0","0.00","0","0","0","0","0","0","0","0","0","0"
"*072fv*","Jean Henriquez","(N/A)","RP","4664","FA","33","0","0","0%","0%","0","0.00","0","0","0","0","0","0","0","0","0","0"
"*042aw*","Henry Henry","(N/A)","RP","4669","FA","27","0","0","0%","0%","0","0.00","0","0","0","0","0","0","0","0","0","0"
"*06o0m*","Nathanael Heredia","(N/A)","RP","4685","FA","25","0","0","0%","0%","0","0.00","0","0","0","0","0","0","0","0","0","0"
"*072j1*","Christopher Hernandez","TEX","SP,RP","4708","FA","20","0","0","0%","0%","0","0.00","0","0","0","0","0","0","0","0","0","0"
"*064ok*","Diego Hernandez","(N/A)","SP","4715","FA","21","0","0","0%","0%","0","0.00","0","0","0","0","0","0","0","0","0","0"
"*04ess*","Jakob Hernandez","(N/A)","RP","4727","FA","30","0","0","0%","0%","0","0.00","0","0","0","0","0","0","0","0","0","0"
"*06bs2*","Maikel Hernandez","(N/A)","SP","4744","FA","21","0","0","0%","0%","0","0.00","0","0","0","0","0","0","0","0","0","0"
"*06m7e*","Adrian Herrera","(N/A)","SP,RP","4771","FA","21","0","0","0%","0%","0","0.00","0","0","0","0","0","0","0","0","0","0"
"*06r2x*","Angel Herrera","PIT","SP","4772","FA","19","0","0","0%","0%","0","0.00","0","0","0","0","0","0","0","0","0","0"
"*072fs*","Eli Herst","(N/A)","SP","4794","FA","18","0","0","0%","0%","0","0.00","0","0","0","0","0","0","0","0","0","0"
"*072bx*","Michael Hilker","MIN","SP","4828","FA","21","0","0","0%","0%","0","0.00","0","0","0","0","0","0","0","0","0","0"
"*06qpn*","Trent Hodgdon","CIN","RP","4861","FA","23","0","0","0%","0%","0","0.00","0","0","0","0","0","0","0","0","0","0"
"*06qlc*","Hunter Hodges","NYM","RP","4864","FA","23","0","0","0%","0%","0","0.00","0","0","0","0","0","0","0","0","0","0"
"*06ql6*","Hunter Hoopes","MIN","RP","4906","FA","26","0","0","0%","0%","0","0.00","0","0","0","0","0","0","0","0","0","0"
"*06qoz*","Gus Hughes","WSH","RP","4957","FA","24","0","0","0%","0%","0","0.00","0","0","0","0","0","0","0","0","0","0"
"*070d4*","Riely Hunsaker","CHC","SP","4972","FA","23","0","0","0%","0%","0","0.00","0","0","0","0","0","0","0","0","0","0"
"*06ky6*","Luis Ilarraza","NYY","RP","4998","FA","19","0","0","0%","0%","0","0.00","0","0","0","0","0","0","0","0","0","0"
"*06hp5*","Anthony Imhoff","(N/A)","SP","4999","FA","24","0","0","0%","0%","0","0.00","0","0","0","0","0","0","0","0","0","0"
"*06hpo*","Bryce Jenkins","NYM","RP","5077","FA","25","0","0","0%","0%","0","0.00","0","0","0","0","0","0","0","0","0","0"
"*072fx*","Chase Jessee","KC","RP","5090","FA","27","0","0","0%","0%","0","0.00","0","0","0","0","0","0","0","0","0","0"
"*06hsp*","Linbel Jimenez","(N/A)","RP","5119","FA","21","0","0","0%","0%","0","0.00","0","0","0","0","0","0","0","0","0","0"
"*06ulo*","Ronaldys Jimenez","PIT","RP","5123","FA","20","0","0","0%","0%","0","0.00","0","0","0","0","0","0","0","0","0","0"
"*05ycb*","Nick Jones","LAA","RP","5183","FA","27","0","0","0%","0%","0","0.00","0","0","0","0","0","0","0","0","0","0"
"*0518t*","Sebastian Keane","(N/A)","RP","5242","FA","25","0","0","0%","0%","0","0.00","0","0","0","0","0","0","0","0","0","0"
"*01fcp*","Casey Kelly","(N/A)","RP","5262","FA","36","0","0","0%","0%","0","0.00","0","0","0","0","0","0","0","0","0","0"
"*06riz*","Tanner Kiest","(N/A)","RP","5294","FA","31","0","0","0%","0%","0","0.00","0","0","0","0","0","0","0","0","0","0"
"*0519q*","Zach King","(N/A)","SP,RP","5324","FA","28","0","0","0%","0%","0","0.00","0","0","0","0","0","0","0","0","0","0"
"*070d2*","Connor Knox","CHC","SP","5368","FA","22","0","0","0%","0%","0","0.00","0","0","0","0","0","0","0","0","0","0"
"*066aa*","Ian Koenig","SD","SP","5373","FA","25","0","0","0%","0%","0","0.00","0","0","0","0","0","0","0","0","0","0"
"*06rn2*","Tyler LaPorte","ATL","RP","5427","FA","29","0","0","0%","0%","0","0.00","0","0","0","0","0","0","0","0","0","0"
"*06ul4*","P.J. Labriola","BOS","RP","5435","FA","25","0","0","0%","0%","0","0.00","0","0","0","0","0","0","0","0","0","0"
"*06mw8*","Jack Lafflam","(N/A)","C,SP","5439","FA","19","0","0","0%","0%","0","0.00","0","0","0","0","0","0","0","0","0","0"
"*03qlx*","Travis Lakins Sr.","(N/A)","RP","5443","FA","32","0","0","0%","0%","0","0.00","0","0","0","0","0","0","0","0","0","0"
"*06z48*","Garrett Langrell","SF","RP","5467","FA","25","0","0","0%","0%","0","0.00","0","0","0","0","0","0","0","0","0","0"
"*072by*","Matt Lanzendorfer","LAD","RP","5477","FA","24","0","0","0%","0%","0","0.00","0","0","0","0","0","0","0","0","0","0"
"*06s3b*","Johnathan Lavallee","CIN","RP","5512","FA","26","0","0","0%","0%","0","0.00","0","0","0","0","0","0","0","0","0","0"
"*06mi5*","Antawn Leal","(N/A)","RP","5533","FA","19","0","0","0%","0%","0","0.00","0","0","0","0","0","0","0","0","0","0"
"*05j8k*","David Leal","(N/A)","RP","5534","FA","29","0","0","0%","0%","0","0.00","0","0","0","0","0","0","0","0","0","0"
"*06ifx*","Justin Lee","PHI","SP","5560","FA","21","0","0","0%","0%","0","0.00","0","0","0","0","0","0","0","0","0","0"
"*06suk*","Klendy Leen","(N/A)","C,RP","5564","FA","19","0","0","0%","0%","0","0.00","0","0","0","0","0","0","0","0","0","0"
"*05nsn*","Pedro Lemos","SEA","RP","5577","FA","23","0","0","0%","0%","0","0.00","0","0","0","0","0","0","0","0","0","0"
"*06uxt*","Jecsua Liborius","LAD","RP","5620","FA","21","0","0","0%","0%","0","0.00","0","0","0","0","0","0","0","0","0","0"
"*06fu7*","Janderson Linares","(N/A)","RP","5636","FA","20","0","0","0%","0%","0","0.00","0","0","0","0","0","0","0","0","0","0"
"*06qro*","Jordan Little","CIN","RP","5665","FA","23","0","0","0%","0%","0","0.00","0","0","0","0","0","0","0","0","0","0"
"*067yg*","Bradley Loftin","(N/A)","SP","5689","FA","22","0","0","0%","0%","0","0.00","0","0","0","0","0","0","0","0","0","0"
"*06ux0*","Gerardo Lopez","PHI","SP","5727","FA","20","0","0","0%","0%","0","0.00","0","0","0","0","0","0","0","0","0","0"
"*04n0h*","Moises Lugo","(N/A)","RP","5789","FA","27","0","0","0%","0%","0","0.00","0","0","0","0","0","0","0","0","0","0"
"*060oi*","Chance Mako","(N/A)","SP","5885","FA","21","0","0","0%","0%","0","0.00","0","0","0","0","0","0","0","0","0","0"
"*05uwh*","Mikell Manzano","(N/A)","RP","5913","FA","23","0","0","0%","0%","0","0.00","0","0","0","0","0","0","0","0","0","0"
"*05tdm*","Rafael Marcano","(N/A)","RP","5921","FA","26","0","0","0%","0%","0","0.00","0","0","0","0","0","0","0","0","0","0"
"*02hiz*","Michael Mariot","(N/A)","SP,RP","5948","FA","37","0","0","0%","0%","0","0.00","0","0","0","0","0","0","0","0","0","0"
"*06idy*","Andrew Marrero","HOU","RP","5972","FA","26","0","0","0%","0%","0","0.00","0","0","0","0","0","0","0","0","0","0"
"*05y4l*","Alex Martinez","LAA","RP","6012","FA","23","0","0","0%","0%","0","0.00","0","0","0","0","0","0","0","0","0","0"
"*03mon*","Rodolfo Martinez","(N/A)","RP","6067","FA","32","0","0","0%","0%","0","0.00","0","0","0","0","0","0","0","0","0","0"
"*0662w*","Drew McDaniel","CHW","SP","6177","FA","25","0","0","0%","0%","0","0.00","0","0","0","0","0","0","0","0","0","0"
"*04pz8*","Tyler McKay","(N/A)","RP","6217","FA","28","0","0","0%","0%","0","0.00","0","0","0","0","0","0","0","0","0","0"
"*05170*","Hunter McMahon","(N/A)","SP,RP","6235","FA","28","0","0","0%","0%","0","0.00","0","0","0","0","0","0","0","0","0","0"
"*06kvq*","Amilcar Medina","ATH","RP","6259","FA","21","0","0","0%","0%","0","0.00","0","0","0","0","0","0","0","0","0","0"
"*06rot*","Jose Mejia","KC","SP","6291","FA","19","0","0","0%","0%","0","0.00","0","0","0","0","0","0","0","0","0","0"
"*06r1t*","Oscar Melgarejo","CLE","SP","6311","FA","20","0","0","0%","0%","0","0.00","0","0","0","0","0","0","0","0","0","0"
"*06l51*","Bryan Mena","PIT","SP,RP","6314","FA","22","0","0","0%","0%","0","0.00","0","0","0","0","0","0","0","0","0","0"
"*06bkx*","Walvin Mena","ARI","RP","6317","FA","20","0","0","0%","0%","0","0.00","0","0","0","0","0","0","0","0","0","0"
"*066r4*","Jesus Mendez","CHW","RP","6326","FA","21","0","0","0%","0%","0","0.00","0","0","0","0","0","0","0","0","0","0"
"*06hsi*","Lenin Mendez","(N/A)","RP","6332","FA","21","0","0","0%","0%","0","0.00","0","0","0","0","0","0","0","0","0","0"
"*03dav*","Daniel Mengden","(N/A)","SP","6354","FA","33","0","0","0%","0%","0","0.00","0","0","0","0","0","0","0","0","0","0"
"*060xw*","Andrew Misiaszek","(N/A)","RP","6478","FA","28","0","0","0%","0%","0","0.00","0","0","0","0","0","0","0","0","0","0"
"*05yo2*","Caden Monke","KC","RP","6527","FA","26","0","0","0%","0%","0","0.00","0","0","0","0","0","0","0","0","0","0"
"*071cs*","Hayden Morris","(N/A)","SP","6660","FA","21","0","0","0%","0%","0","0.00","0","0","0","0","0","0","0","0","0","0"
"*06r71*","Gary Morse","(N/A)","SP","6669","FA","19","0","0","0%","0%","0","0.00","0","0","0","0","0","0","0","0","0","0"
"*05ydj*","Hayden Murphy","ARI","RP","6732","FA","22","0","0","0%","0%","0","0.00","0","0","0","0","0","0","0","0","0","0"
"*06r3f*","Cesar Muzziotti","(N/A)","SP","6750","FA","19","0","0","0%","0%","0","0.00","0","0","0","0","0","0","0","0","0","0"
"*06fsk*","Mitch Neunborn","PHI","SP,RP","6808","FA","29","0","0","0%","0%","0","0.00","0","0","0","0","0","0","0","0","0","0"
"*06zcj*","Peyton Niksch","MIL","SP","6839","FA","22","0","0","0%","0%","0","0.00","0","0","0","0","0","0","0","0","0","0"
"*06zf4*","Jackson Nove","ATH","RP","6883","FA","23","0","0","0%","0%","0","0.00","0","0","0","0","0","0","0","0","0","0"
"*072yi*","Finnian O'Loughlin","(N/A)","OF,SP,RP","6927","FA","17","0","0","0%","0%","0","0.00","0","0","0","0","0","0","0","0","0","0"
"*06yw5*","Tommy O'Rourke","NYY","RP","6934","FA","24","0","0","0%","0%","0","0.00","0","0","0","0","0","0","0","0","0","0"
"*06c2e*","Shawndrick Oduber","(N/A)","RP","6953","FA","21","0","0","0%","0%","0","0.00","0","0","0","0","0","0","0","0","0","0"
"*06sbd*","Kleiber Olmedo","SD","SP,RP","6986","FA","21","0","0","0%","0%","0","0.00","0","0","0","0","0","0","0","0","0","0"
"*06l0g*","Orlando Ortiz-Mayr","MIA","SP","7048","FA","28","0","0","0%","0%","0","0.00","0","0","0","0","0","0","0","0","0","0"
"*06zi4*","Ryan Osinski","NYY","RP","7052","FA","22","0","0","0%","0%","0","0.00","0","0","0","0","0","0","0","0","0","0"
"*06rr4*","Taisei Ota","(N/A)","SP","7065","FA","27","0","0","0%","0%","0","0.00","0","0","0","0","0","0","0","0","0","0"
"*060p0*","Peniel Otano","(N/A)","SP","7068","FA","23","0","0","0%","0%","0","0.00","0","0","0","0","0","0","0","0","0","0"
"*06hp1*","Daniel Ouderkirk","SEA","RP","7074","FA","26","0","0","0%","0%","0","0.00","0","0","0","0","0","0","0","0","0","0"
"*06ulz*","Moises Palma","TB","RP","7142","FA","21","0","0","0%","0%","0","0.00","0","0","0","0","0","0","0","0","0","0"
"*04em0*","David Parkinson","(N/A)","SP,RP","7184","FA","30","0","0","0%","0%","0","0.00","0","0","0","0","0","0","0","0","0","0"
"*06mec*","Alain Pena","HOU","SP","7271","FA","23","0","0","0%","0%","0","0.00","0","0","0","0","0","0","0","0","0","0"
"*06ut3*","Emmanuel Pena","BAL","SP","7279","FA","18","0","0","0%","0%","0","0.00","0","0","0","0","0","0","0","0","0","0"
"*06yw6*","Dayne Pengelly","TOR","SP","7302","FA","23","0","0","0%","0%","0","0.00","0","0","0","0","0","0","0","0","0","0"
"*06if5*","Pedro Peralta","PHI","SP","7321","FA","20","0","0","0%","0%","0","0.00","0","0","0","0","0","0","0","0","0","0"
"*06cey*","Adonys Perez","ARI","SP,RP","7338","FA","22","0","0","0%","0%","0","0.00","0","0","0","0","0","0","0","0","0","0"
"*064ns*","Alfonso Perez","SF","RP","7340","FA","20","0","0","0%","0%","0","0.00","0","0","0","0","0","0","0","0","0","0"
"*05rcz*","Andrew Perez","(N/A)","RP","7341","FA","29","0","0","0%","0%","0","0.00","0","0","0","0","0","0","0","0","0","0"
"*06r80*","Axel Perez","BAL","SP","7346","FA","20","0","0","0%","0%","0","0.00","0","0","0","0","0","0","0","0","0","0"
"*06tn8*","Michael Perez","MIA","RP","7385","FA","23","0","0","0%","0%","0","0.00","0","0","0","0","0","0","0","0","0","0"
"*06qe4*","Roberto Perez","SEA","RP","7396","FA","22","0","0","0%","0%","0","0.00","0","0","0","0","0","0","0","0","0","0"
"*066lu*","Mathew Peters","(N/A)","RP","7421","FA","25","0","0","0%","0%","0","0.00","0","0","0","0","0","0","0","0","0","0"
"*06tn9*","Jorger Petri","DET","RP","7434","FA","21","0","0","0%","0%","0","0.00","0","0","0","0","0","0","0","0","0","0"
"*06ulx*","Jank Pichardo","HOU","RP","7460","FA","21","0","0","0%","0%","0","0.00","0","0","0","0","0","0","0","0","0","0"
"*064vw*","Yorvi Pirela","(N/A)","SP,RP","7521","FA","21","0","0","0%","0%","0","0.00","0","0","0","0","0","0","0","0","0","0"
"*066jf*","Blaze Pontes","ATH","RP","7568","FA","26","0","0","0%","0%","0","0.00","0","0","0","0","0","0","0","0","0","0"
"*06v60*","Roilan Portuondo","PIT","RP","7582","FA","27","0","0","0%","0%","0","0.00","0","0","0","0","0","0","0","0","0","0"
"*06uxh*","Owen Pote","CIN","SP","7583","FA","20","0","0","0%","0%","0","0.00","0","0","0","0","0","0","0","0","0","0"
"*06r48*","Abis Prado","(N/A)","RP","7594","FA","19","0","0","0%","0%","0","0.00","0","0","0","0","0","0","0","0","0","0"
"*062e1*","Blake Purnell","TOR","RP","7638","FA","24","0","0","0%","0%","0","0.00","0","0","0","0","0","0","0","0","0","0"
"*06rmz*","Kenyi Perez","CHC","RP","7641","FA","24","0","0","0%","0%","0","0.00","0","0","0","0","0","0","0","0","0","0"
"*05ylq*","Adrian Quintana","SEA","RP","7659","FA","23","0","0","0%","0%","0","0.00","0","0","0","0","0","0","0","0","0","0"
"*06r1s*","Marlon Quintana","PIT","SP","7661","FA","20","0","0","0%","0%","0","0.00","0","0","0","0","0","0","0","0","0","0"
"*05aap*","Adolfo Ramirez","(N/A)","RP","7693","FA","27","0","0","0%","0%","0","0.00","0","0","0","0","0","0","0","0","0","0"
"*072ip*","Efrailin Ramos","TB","SP,RP","7739","FA","20","0","0","0%","0%","0","0.00","0","0","0","0","0","0","0","0","0","0"
"*066f5*","Javier Ramos","(N/A)","SP","7744","FA","26","0","0","0%","0%","0","0.00","0","0","0","0","0","0","0","0","0","0"
"*05yoc*","Johnny Ray","(N/A)","SP","7772","FA","27","0","0","0%","0%","0","0.00","0","0","0","0","0","0","0","0","0","0"
"*05y2g*","Joe Record","(N/A)","RP","7778","FA","31","0","0","0%","0%","0","0.00","0","0","0","0","0","0","0","0","0","0"
"*0664u*","Nicholas Regalado","(N/A)","RP","7792","FA","24","0","0","0%","0%","0","0.00","0","0","0","0","0","0","0","0","0","0"
"*06gim*","Tom Reisinger","(N/A)","RP","7807","FA","25","0","0","0%","0%","0","0.00","0","0","0","0","0","0","0","0","0","0"
"*06umu*","Alan Reyes","STL","RP","7828","FA","22","0","0","0%","0%","0","0.00","0","0","0","0","0","0","0","0","0","0"
"*03mm1*","Gerardo Reyes","(N/A)","RP","7840","FA","33","0","0","0%","0%","0","0.00","0","0","0","0","0","0","0","0","0","0"
"*06v2k*","Jhon Reyes","KC","RP","7846","FA","22","0","0","0%","0%","0","0.00","0","0","0","0","0","0","0","0","0","0"
"*06cqc*","Juan Reynoso","MIA","RP","7868","FA","22","0","0","0%","0%","0","0.00","0","0","0","0","0","0","0","0","0","0"
"*05r5r*","Alonzo Richardson","(N/A)","RP","7880","FA","23","0","0","0%","0%","0","0.00","0","0","0","0","0","0","0","0","0","0"
"*06bse*","Raudy Rivera","(N/A)","RP","7938","FA","21","0","0","0%","0%","0","0.00","0","0","0","0","0","0","0","0","0","0"
"*06r6w*","Jean Robles","WSH","SP","7985","FA","19","0","0","0%","0%","0","0.00","0","0","0","0","0","0","0","0","0","0"
"*06ify*","Christian Rodriguez","(N/A)","SP","8016","FA","21","0","0","0%","0%","0","0.00","0","0","0","0","0","0","0","0","0","0"
"*066r7*","Darwin Rodriguez","MIA","RP","8022","FA","21","0","0","0%","0%","0","0.00","0","0","0","0","0","0","0","0","0","0"
"*06v2j*","Darwin Rodriguez","KC","SP","8023","FA","23","0","0","0%","0%","0","0.00","0","0","0","0","0","0","0","0","0","0"
"*05umz*","Dionys Rodriguez","(N/A)","RP","8025","FA","25","0","0","0%","0%","0","0.00","0","0","0","0","0","0","0","0","0","0"
"*070d0*","Freddy Rodriguez","CHC","RP","8034","FA","22","0","0","0%","0%","0","0.00","0","0","0","0","0","0","0","0","0","0"
"*06rly*","Leyvi Rodriguez","NYM","RP","8057","FA","20","0","0","0%","0%","0","0.00","0","0","0","0","0","0","0","0","0","0"
"*06r4a*","Maikel Rodriguez","MIA","RP","8066","FA","19","0","0","0%","0%","0","0.00","0","0","0","0","0","0","0","0","0","0"
"*060g0*","Pedro Rodriguez","NYY","RP","8081","FA","23","0","0","0%","0%","0","0.00","0","0","0","0","0","0","0","0","0","0"
"*06r2v*","Wuilliams Rodriguez","SEA","RP","8094","FA","22","0","0","0%","0%","0","0.00","0","0","0","0","0","0","0","0","0","0"
"*06qqz*","Jimmy Romano","CIN","RP","8141","FA","23","0","0","0%","0%","0","0.00","0","0","0","0","0","0","0","0","0","0"
"*06ql5*","Ivran Romero","MIN","RP","8152","FA","24","0","0","0%","0%","0","0.00","0","0","0","0","0","0","0","0","0","0"
"*06zfe*","Cory Ronan","KC","RP","8167","FA","24","0","0","0%","0%","0","0.00","0","0","0","0","0","0","0","0","0","0"
"*06z0t*","Collin Rothermel","ARI","SP","8227","FA","23","0","0","0%","0%","0","0.00","0","0","0","0","0","0","0","0","0","0"
"*064rt*","Xavier Ruiz","(N/A)","RP","8256","FA","23","0","0","0%","0%","0","0.00","0","0","0","0","0","0","0","0","0","0"
"*06asv*","Noah Samol","(N/A)","RP","8330","FA","22","0","0","0%","0%","0","0.00","0","0","0","0","0","0","0","0","0","0"
"*05j8f*","Rodolfo Sanchez","(N/A)","SP","8377","FA","26","0","0","0%","0%","0","0.00","0","0","0","0","0","0","0","0","0","0"
"*066n4*","Yehizon Sanchez","MIN","RP","8384","FA","25","0","0","0%","0%","0","0.00","0","0","0","0","0","0","0","0","0","0"
"*06l7a*","Yeriel Santos","HOU","SP,RP","8445","FA","22","0","0","0%","0%","0","0.00","0","0","0","0","0","0","0","0","0","0"
"*06z0s*","Joel Sarver","ARI","RP","8450","FA","24","0","0","0%","0%","0","0.00","0","0","0","0","0","0","0","0","0","0"
"*06qlm*","Parker Seay","NYY","RP","8537","FA","25","0","0","0%","0%","0","0.00","0","0","0","0","0","0","0","0","0","0"
"*060w0*","Gabriel Sequeira","(N/A)","RP","8561","FA","28","0","0","0%","0%","0","0.00","0","0","0","0","0","0","0","0","0","0"
"*04nur*","Florencio Serrano","(N/A)","RP","8570","FA","26","0","0","0%","0%","0","0.00","0","0","0","0","0","0","0","0","0","0"
"*06rss*","Lluveres Severino","TOR","RP","8586","FA","22","0","0","0%","0%","0","0.00","0","0","0","0","0","0","0","0","0","0"
"*0424b*","Sterling Sharp","(N/A)","SP","8602","FA","31","0","0","0%","0%","0","0.00","0","0","0","0","0","0","0","0","0","0"
"*02hkk*","Chasen Shreve","(N/A)","RP","8638","FA","36","0","0","0%","0%","0","0.00","0","0","0","0","0","0","0","0","0","0"
"*072ft*","Cooper Sides","(N/A)","SP","8648","FA","18","0","0","0%","0%","0","0.00","0","0","0","0","0","0","0","0","0","0"
"*06hwi*","Dylan Simmons","CIN","RP","8683","FA","25","0","0","0%","0%","0","0.00","0","0","0","0","0","0","0","0","0","0"
"*06rjn*","Jack Sinclair","WSH","RP","8701","FA","27","0","0","0%","0%","0","0.00","0","0","0","0","0","0","0","0","0","0"
"*05ygm*","Adam Smith","SEA","RP","8725","FA","26","0","0","0%","0%","0","0.00","0","0","0","0","0","0","0","0","0","0"
"*06zah*","Derrick Smith","COL","RP","8741","FA","22","0","0","0%","0%","0","0.00","0","0","0","0","0","0","0","0","0","0"
"*04q72*","Josh Smith","(N/A)","SP,RP","8748","FA","29","0","0","0%","0%","0","0.00","0","0","0","0","0","0","0","0","0","0"
"*06qud*","Ryan Smith","(N/A)","RP","8760","FA","23","0","0","0%","0%","0","0.00","0","0","0","0","0","0","0","0","0","0"
"*06r1a*","Angel Soriano","PIT","SP","8801","FA","19","0","0","0%","0%","0","0.00","0","0","0","0","0","0","0","0","0","0"
"*05iyi*","Listher Sosa","(N/A)","SP","8813","FA","24","0","0","0%","0%","0","0.00","0","0","0","0","0","0","0","0","0","0"
"*06rlu*","Raymond Sosa","BAL","RP","8815","FA","20","0","0","0%","0%","0","0.00","0","0","0","0","0","0","0","0","0","0"
"*06ro6*","Carter Spivey","CLE","RP","8851","FA","26","0","0","0%","0%","0","0.00","0","0","0","0","0","0","0","0","0","0"
"*02mx5*","Teddy Stankiewicz","(N/A)","SP,RP","8870","FA","32","0","0","0%","0%","0","0.00","0","0","0","0","0","0","0","0","0","0"
"*066as*","Kevin Stevens","NYY","SP,RP","8901","FA","28","0","0","0%","0%","0","0.00","0","0","0","0","0","0","0","0","0","0"
"*06hn3*","Owen Stevenson","(N/A)","SP","8908","FA","23","0","0","0%","0%","0","0.00","0","0","0","0","0","0","0","0","0","0"
"*03qw8*","Will Stewart","(N/A)","SP,RP","8914","FA","29","0","0","0%","0%","0","0.00","0","0","0","0","0","0","0","0","0","0"
"*072i3*","Aiden Stillman","(N/A)","SP","8918","FA","19","0","0","0%","0%","0","0.00","0","0","0","0","0","0","0","0","0","0"
"*06l0l*","Christian Suarez","LAD","RP","8966","FA","25","0","0","0%","0%","0","0.00","0","0","0","0","0","0","0","0","0","0"
"*06qs1*","Haruya Tanaka","(N/A)","SP","9049","FA","22","0","0","0%","0%","0","0.00","0","0","0","0","0","0","0","0","0","0"
"*072yn*","Taegen Tate","(N/A)","SP","9064","FA","16","0","0","0%","0%","0","0.00","0","0","0","0","0","0","0","0","0","0"
"*05j96*","Leonardo Taveras","(N/A)","RP","9085","FA","27","0","0","0%","0%","0","0.00","0","0","0","0","0","0","0","0","0","0"
"*06uhm*","Clevari Tejada","PIT","SP","9107","FA","21","0","0","0%","0%","0","0.00","0","0","0","0","0","0","0","0","0","0"
"*06sjp*","Ronald Tejada","NYY","RP","9115","FA","19","0","0","0%","0%","0","0.00","0","0","0","0","0","0","0","0","0","0"
"*06hwk*","Mikey Tepper","WSH","SP","9125","FA","24","0","0","0%","0%","0","0.00","0","0","0","0","0","0","0","0","0","0"
"*04ei4*","Tyler Thomas","(N/A)","RP","9159","FA","30","0","0","0%","0%","0","0.00","0","0","0","0","0","0","0","0","0","0"
"*06ywk*","Matthew Tippie","NYY","RP","9207","FA","23","0","0","0%","0%","0","0.00","0","0","0","0","0","0","0","0","0","0"
"*051bp*","Anthony Tomczak","(N/A)","RP","9229","FA","25","0","0","0%","0%","0","0.00","0","0","0","0","0","0","0","0","0","0"
"*06upu*","Miguel Toscano","TB","SP","9273","FA","20","0","0","0%","0%","0","0.00","0","0","0","0","0","0","0","0","0","0"
"*06qr9*","Eli Trop","(N/A)","RP","9312","FA","24","0","0","0%","0%","0","0.00","0","0","0","0","0","0","0","0","0","0"
"*048vd*","Tanner Tully","(N/A)","SP","9329","FA","31","0","0","0%","0%","0","0.00","0","0","0","0","0","0","0","0","0","0"
"*04elj*","Matt Turner","NYM","RP","9337","FA","26","0","0","0%","0%","0","0.00","0","0","0","0","0","0","0","0","0","0"
"*0518z*","Mitchell Tyranski","(N/A)","RP","9346","FA","28","0","0","0%","0%","0","0.00","0","0","0","0","0","0","0","0","0","0"
"*070e8*","Cooper Underwood","(N/A)","SP","9361","FA","19","0","0","0%","0%","0","0.00","0","0","0","0","0","0","0","0","0","0"
"*064ic*","Rayner Urbaez","(N/A)","SP","9366","FA","23","0","0","0%","0%","0","0.00","0","0","0","0","0","0","0","0","0","0"
"*06r1d*","Delni Uribe","(N/A)","SP","9380","FA","19","0","0","0%","0%","0","0.00","0","0","0","0","0","0","0","0","0","0"
"*06ms0*","Tommy Vail","CHW","SP,RP","9388","FA","27","0","0","0%","0%","0","0.00","0","0","0","0","0","0","0","0","0","0"
"*06tkj*","Jonawel Valdez","MIA","RP","9398","FA","22","0","0","0%","0%","0","0.00","0","0","0","0","0","0","0","0","0","0"
"*062yu*","Kevin Valdez","CHC","SP","9399","FA","24","0","0","0%","0%","0","0.00","0","0","0","0","0","0","0","0","0","0"
"*063c4*","Alexander Vallecillo","(N/A)","SP","9422","FA","24","0","0","0%","0%","0","0.00","0","0","0","0","0","0","0","0","0","0"
"*06akm*","Stijn Van Der Schaaf","(N/A)","SP","9428","FA","22","0","0","0%","0%","0","0.00","0","0","0","0","0","0","0","0","0","0"
"*06tlk*","Samuel Vasquez","MIA","RP","9475","FA","26","0","0","0%","0%","0","0.00","0","0","0","0","0","0","0","0","0","0"
"*06aqm*","Wardquelin Vasquez","(N/A)","RP","9476","FA","25","0","0","0%","0%","0","0.00","0","0","0","0","0","0","0","0","0","0"
"*04o62*","Alfred Vega","(N/A)","RP","9490","FA","25","0","0","0%","0%","0","0.00","0","0","0","0","0","0","0","0","0","0"
"*05itv*","Manuel Veloz","(N/A)","RP","9512","FA","25","0","0","0%","0%","0","0.00","0","0","0","0","0","0","0","0","0","0"
"*066pb*","Eli Villalobos","SD","RP","9552","FA","29","0","0","0%","0%","0","0.00","0","0","0","0","0","0","0","0","0","0"
"*06r13*","Elkyns Villarreal","SF","SP","9558","FA","19","0","0","0%","0%","0","0.00","0","0","0","0","0","0","0","0","0","0"
"*06h1t*","Ty Weatherly","(N/A)","SP","9686","FA","25","0","0","0%","0%","0","0.00","0","0","0","0","0","0","0","0","0","0"
"*02n4q*","J.B. Wendelken","(N/A)","RP","9714","FA","33","0","0","0%","0%","0","0.00","0","0","0","0","0","0","0","0","0","0"
"*06rsj*","Ethan Wheeler","(N/A)","SP","9744","FA","18","0","0","0%","0%","0","0.00","0","0","0","0","0","0","0","0","0","0"
"*06tll*","Jack White","SEA","RP","9754","FA","26","0","0","0%","0%","0","0.00","0","0","0","0","0","0","0","0","0","0"
"*06hq6*","Sam Whiting","SEA","SP,RP","9762","FA","25","0","0","0%","0%","0","0.00","0","0","0","0","0","0","0","0","0","0"
"*06qn9*","A.J. Wilson","(N/A)","RP","9828","FA","25","0","0","0%","0%","0","0.00","0","0","0","0","0","0","0","0","0","0"
"*072i4*","Michael Winter","(N/A)","SP","9861","FA","19","0","0","0%","0%","0","0.00","0","0","0","0","0","0","0","0","0","0"
"*06qrk*","Owen Woodward","NYM","RP","9892","FA","24","0","0","0%","0%","0","0.00","0","0","0","0","0","0","0","0","0","0"
"*058py*","Randy Wynne","(N/A)","RP","9916","FA","33","0","0","0%","0%","0","0.00","0","0","0","0","0","0","0","0","0","0"
"*06c3h*","Kai Wynyard","TEX","RP","9917","FA","24","0","0","0%","0%","0","0.00","0","0","0","0","0","0","0","0","0","0"
"*06tab*","Iori Yamasaki","(N/A)","SP","9921","FA","27","0","0","0%","0%","0","0.00","0","0","0","0","0","0","0","0","0","0"
"*06r1o*","Rene Yrish","PHI","RP","9962","FA","19","0","0","0%","0%","0","0.00","0","0","0","0","0","0","0","0","0","0"
"*06bsg*","Fabian Ysalla","CHW","SP","9963","FA","21","0","0","0%","0%","0","0.00","0","0","0","0","0","0","0","0","0","0"
"*06qln*","Cole Zaffiro","(N/A)","RP","9973","FA","24","0","0","0%","0%","0","0.00","0","0","0","0","0","0","0","0","0","0"
"*041m5*","T.J. Zeuch","(N/A)","RP","9999","FA","30","0","0","0%","0%","0","0.00","0","0","0","0","0","0","0","0","0","0"
"*06ht8*","Zac Addkison","(N/A)","SP","1240","FA","24","0","0","0%","0%","0","0.00","0","0","0","0","0","0","0","0","0","0"
"*06ukj*","Dawil Almonte","(N/A)","RP","1345","FA","24","0","0","0%","0%","0","0.00","0","0","0","0","0","0","0","0","0","0"
"*04q53*","Nelson Alvarez","(N/A)","RP","1380","FA","28","0","0","0%","0%","0","0.00","0","0","0","0","0","0","0","0","0","0"
"*06qva*","Luis Amoroso","(N/A)","RP","1398","FA","26","0","0","0%","0%","0","0.00","0","0","0","0","0","0","0","0","0","0"
"*06m5g*","Aidan Anderson","TEX","RP","1403","FA","29","0","0","0%","0%","0","0.00","0","0","0","0","0","0","0","0","0","0"
"*06ugt*","Luke Anderson","(N/A)","SP","1415","FA","27","0","0","0%","0%","0","0.00","0","0","0","0","0","0","0","0","0","0"
"*06rl1*","Kleyderve Andrade","PHI","RP","1422","FA","23","0","0","0%","0%","0","0.00","0","0","0","0","0","0","0","0","0","0"
"*04ug1*","Axel Andueza","(N/A)","RP","1427","FA","27","0","0","0%","0%","0","0.00","0","0","0","0","0","0","0","0","0","0"
"*06o0i*","Derek Arellan","(N/A)","RP","1481","FA","20","0","0","0%","0%","0","0.00","0","0","0","0","0","0","0","0","0","0"
"*06ru3*","Anthony Arguelles","(N/A)","RP","1488","FA","25","0","0","0%","0%","0","0.00","0","0","0","0","0","0","0","0","0","0"
"*06ukq*","Eligio Arias","PHI","RP","1499","FA","23","0","0","0%","0%","0","0.00","0","0","0","0","0","0","0","0","0","0"
"*05yee*","Jaime Arias","(N/A)","RP","1504","FA","0","0","0","0%","0%","0","0.00","0","0","0","0","0","0","0","0","0","0"
"*06uqe*","Yeimison Arias","(N/A)","RP","1519","FA","21","0","0","0%","0%","0","0.00","0","0","0","0","0","0","0","0","0","0"
"*06uko*","Rowell Arroyo","CHC","RP","1550","FA","21","0","0","0%","0%","0","0.00","0","0","0","0","0","0","0","0","0","0"
"*06tla*","Konnor Ash","(N/A)","RP","1562","FA","27","0","0","0%","0%","0","0.00","0","0","0","0","0","0","0","0","0","0"
"*06rpd*","Luis Avila","PHI","RP","1592","FA","23","0","0","0%","0%","0","0.00","0","0","0","0","0","0","0","0","0","0"
"*06ktp*","Katsuki Azuma","(N/A)","SP","1609","FA","30","0","0","0%","0%","0","0.00","0","0","0","0","0","0","0","0","0","0"
"*06ukn*","Jhoster Baez","HOU","RP","1618","FA","21","0","0","0%","0%","0","0.00","0","0","0","0","0","0","0","0","0","0"
"*06fqi*","Andrew Bash","ATH","RP","1728","FA","29","0","0","0%","0%","0","0.00","0","0","0","0","0","0","0","0","0","0"
"*066jn*","Nick Bautista III","(N/A)","SP","1764","FA","24","0","0","0%","0%","0","0.00","0","0","0","0","0","0","0","0","0","0"
"*06ek9*","Jorge Bautista","(N/A)","SP","1770","FA","25","0","0","0%","0%","0","0.00","0","0","0","0","0","0","0","0","0","0"
"*05uop*","Kelvin Bautista","(N/A)","RP","1771","FA","27","0","0","0%","0%","0","0.00","0","0","0","0","0","0","0","0","0","0"
"*06kx5*","Talan Bell","(N/A)","SP","1812","FA","21","0","0","0%","0%","0","0.00","0","0","0","0","0","0","0","0","0","0"
"*06uwb*","Angel Bello","CHW","SP","1817","FA","20","0","0","0%","0%","0","0.00","0","0","0","0","0","0","0","0","0","0"
"*06ukv*","Luis Beltran","BAL","RP","1825","FA","22","0","0","0%","0%","0","0.00","0","0","0","0","0","0","0","0","0","0"
"*06uwa*","Sthiven Benitez","KC","RP","1846","FA","21","0","0","0%","0%","0","0.00","0","0","0","0","0","0","0","0","0","0"
"*06uh4*","Logan Berrier","DET","RP","1877","FA","25","0","0","0%","0%","0","0.00","0","0","0","0","0","0","0","0","0","0"
"*04es4*","Osvaldo Berrios","BOS","RP","1879","FA","26","0","0","0%","0%","0","0.00","0","0","0","0","0","0","0","0","0","0"
"*06ib0*","Joswal Betancourt","(N/A)","RP","1896","FA","20","0","0","0%","0%","0","0.00","0","0","0","0","0","0","0","0","0","0"
"*05vyo*","Wilson Betemit Jr.","(N/A)","SP","1897","FA","23","0","0","0%","0%","0","0.00","0","0","0","0","0","0","0","0","0","0"
"*0425r*","Dylan Bice","(N/A)","SP,RP","1903","FA","28","0","0","0%","0%","0","0.00","0","0","0","0","0","0","0","0","0","0"
"*06r06*","Anderson Bido","(N/A)","RP","1907","FA","27","0","0","0%","0%","0","0.00","0","0","0","0","0","0","0","0","0","0"
"*0516u*","Jason Blanchard","(N/A)","SP,RP","1942","FA","29","0","0","0%","0%","0","0.00","0","0","0","0","0","0","0","0","0","0"
"*06ood*","Nathan Blasick","COL","RP","1955","FA","25","0","0","0%","0%","0","0.00","0","0","0","0","0","0","0","0","0","0"
"*04226*","Jacob Bosiokovic","(N/A)","RP","2016","FA","32","0","0","0%","0%","0","0.00","0","0","0","0","0","0","0","0","0","0"
"*06s3h*","Kaleb Bowman","MIL","RP","2040","FA","29","0","0","0%","0%","0","0.00","0","0","0","0","0","0","0","0","0","0"
"*05188*","Logan Boyer","(N/A)","RP","2048","FA","28","0","0","0%","0%","0","0.00","0","0","0","0","0","0","0","0","0","0"
"*03qqw*","Michael Boyle","(N/A)","RP","2050","FA","32","0","0","0%","0%","0","0.00","0","0","0","0","0","0","0","0","0","0"
"*05ogu*","Stevie Branche","(N/A)","RP","2067","FA","29","0","0","0%","0%","0","0.00","0","0","0","0","0","0","0","0","0","0"
"*06uo8*","Ayendy Bravo","MIL","RP","2077","FA","19","0","0","0%","0%","0","0.00","0","0","0","0","0","0","0","0","0","0"
"*06ugr*","Hunter Breault","(N/A)","RP","2084","FA","27","0","0","0%","0%","0","0.00","0","0","0","0","0","0","0","0","0","0"
"*06qla*","Hoss Brewer","NYM","RP","2098","FA","25","0","0","0%","0%","0","0.00","0","0","0","0","0","0","0","0","0","0"
"*056j9*","Michael Brewer","(N/A)","RP","2100","FA","25","0","0","0%","0%","0","0.00","0","0","0","0","0","0","0","0","0","0"
"*03amr*","Endrys Briceno","(N/A)","RP","2103","FA","34","0","0","0%","0%","0","0.00","0","0","0","0","0","0","0","0","0","0"
"*06am2*","Biembenido Brito","(N/A)","SP","2118","FA","23","0","0","0%","0%","0","0.00","0","0","0","0","0","0","0","0","0","0"
"*06hpx*","Logan Britt","(N/A)","SP","2128","FA","26","0","0","0%","0%","0","0.00","0","0","0","0","0","0","0","0","0","0"
"*05y9p*","Taylor Broadway","(N/A)","RP","2133","FA","29","0","0","0%","0%","0","0.00","0","0","0","0","0","0","0","0","0","0"
"*06qrb*","Dawson Brown","ARI","RP","2156","FA","25","0","0","0%","0%","0","0.00","0","0","0","0","0","0","0","0","0","0"
"*06hsf*","Ryan Brown","ATH","SP,RP","2170","FA","25","0","0","0%","0%","0","0.00","0","0","0","0","0","0","0","0","0","0"
"*06s3g*","Tyler Bryant","MIL","RP","2189","FA","27","0","0","0%","0%","0","0.00","0","0","0","0","0","0","0","0","0","0"
"*05rem*","Zach Bryant","TEX","RP","2190","FA","28","0","0","0%","0%","0","0.00","0","0","0","0","0","0","0","0","0","0"
"*02h9b*","David Buchanan","(N/A)","SP","2193","FA","37","0","0","0%","0%","0","0.00","0","0","0","0","0","0","0","0","0","0"
"*031hh*","Alan Busenitz","(N/A)","RP","2238","FA","35","0","0","0%","0%","0","0.00","0","0","0","0","0","0","0","0","0","0"
"*066fx*","Connor Butler","(N/A)","RP","2248","FA","26","0","0","0%","0%","0","0.00","0","0","0","0","0","0","0","0","0","0"
"*06qf1*","Ryan Cabarcas","BAL","RP","2258","FA","25","0","0","0%","0%","0","0.00","0","0","0","0","0","0","0","0","0","0"
"*072p6*","Evan Cabral","(N/A)","3B,SP","2267","FA","19","0","0","0%","0%","0","0.00","0","0","0","0","0","0","0","0","0","0"
"*06sbz*","Johan Calcano","ARI","RP","2304","FA","19","0","0","0%","0%","0","0.00","0","0","0","0","0","0","0","0","0","0"
"*06r05*","Augusto Calderon","(N/A)","SP","2310","FA","25","0","0","0%","0%","0","0.00","0","0","0","0","0","0","0","0","0","0"
"*06hig*","Gerson Calzadilla","(N/A)","SP","2324","FA","22","0","0","0%","0%","0","0.00","0","0","0","0","0","0","0","0","0","0"
"*06rgi*","Angel Camacho","(N/A)","RP","2326","FA","22","0","0","0%","0%","0","0.00","0","0","0","0","0","0","0","0","0","0"
"*02c65*","Daniel Camarena","(N/A)","SP,RP","2331","FA","33","0","0","0%","0%","0","0.00","0","0","0","0","0","0","0","0","0","0"
"*06r11*","Uilfe Caraballo","(N/A)","SP","2391","FA","21","0","0","0%","0%","0","0.00","0","0","0","0","0","0","0","0","0","0"
"*04q02*","Brad Case","(N/A)","RP","2464","FA","29","0","0","0%","0%","0","0.00","0","0","0","0","0","0","0","0","0","0"
"*05no0*","Jiorgeny Casimiri","(N/A)","RP","2470","FA","25","0","0","0%","0%","0","0.00","0","0","0","0","0","0","0","0","0","0"
"*06sbk*","Raymi Castillo","(N/A)","RP","2508","FA","20","0","0","0%","0%","0","0.00","0","0","0","0","0","0","0","0","0","0"
"*06ksb*","Ruben Castillo","(N/A)","SP","2510","FA","25","0","0","0%","0%","0","0.00","0","0","0","0","0","0","0","0","0","0"
"*06ugw*","Felix Castro","ATH","RP","2522","FA","22","0","0","0%","0%","0","0.00","0","0","0","0","0","0","0","0","0","0"
"*050nq*","Neraldo Catalina","(N/A)","SP","2535","FA","26","0","0","0%","0%","0","0.00","0","0","0","0","0","0","0","0","0","0"
"*06c37*","Keywill Cedeno","(N/A)","RP","2556","FA","21","0","0","0%","0%","0","0.00","0","0","0","0","0","0","0","0","0","0"
"*04pzg*","Chase Chaney","(N/A)","SP","2610","FA","26","0","0","0%","0%","0","0.00","0","0","0","0","0","0","0","0","0","0"
"*066dl*","Ryan Chasse","(N/A)","SP","2621","FA","26","0","0","0%","0%","0","0.00","0","0","0","0","0","0","0","0","0","0"
"*06ukx*","Yoelvin Chirino","BOS","SP","2645","FA","21","0","0","0%","0%","0","0.00","0","0","0","0","0","0","0","0","0","0"
"*06kzy*","Jordany Chirinos","CHW","SP","2650","FA","20","0","0","0%","0%","0","0.00","0","0","0","0","0","0","0","0","0","0"
"*072ec*","Drew Christo","ATL","RP","2672","FA","23","0","0","0%","0%","0","0.00","0","0","0","0","0","0","0","0","0","0"
"*066d7*","Ian Churchill","(N/A)","RP","2675","FA","27","0","0","0%","0%","0","0.00","0","0","0","0","0","0","0","0","0","0"
"*06r0l*","Miguel Cienfuegos","SD","SP,RP","2676","FA","29","0","0","0%","0%","0","0.00","0","0","0","0","0","0","0","0","0","0"
"*06uke*","AJ Ciscar","(N/A)","SP","2684","FA","20","0","0","0%","0%","0","0.00","0","0","0","0","0","0","0","0","0","0"
"*06r07*","Nolan Clenney","(N/A)","RP","2714","FA","30","0","0","0%","0%","0","0.00","0","0","0","0","0","0","0","0","0","0"
"*04yvy*","Franny Cobos","(N/A)","RP","2726","FA","25","0","0","0%","0%","0","0.00","0","0","0","0","0","0","0","0","0","0"
"*04ptq*","Chase Cohen","(N/A)","SP,RP","2733","FA","29","0","0","0%","0%","0","0.00","0","0","0","0","0","0","0","0","0","0"
"*06z0n*","Parker Coil","(N/A)","RP","2737","FA","22","0","0","0%","0%","0","0.00","0","0","0","0","0","0","0","0","0","0"
"*06jbj*","Greider Colina","(N/A)","SP","2748","FA","21","0","0","0%","0%","0","0.00","0","0","0","0","0","0","0","0","0","0"
"*06kk5*","Lazaro Collera","(N/A)","SP","2755","FA","20","0","0","0%","0%","0","0.00","0","0","0","0","0","0","0","0","0","0"
"*05y61*","Brendan Collins","(N/A)","RP","2759","FA","26","0","0","0%","0%","0","0.00","0","0","0","0","0","0","0","0","0","0"
"*06kzz*","Bryce Collins","HOU","RP","2760","FA","26","0","0","0%","0%","0","0.00","0","0","0","0","0","0","0","0","0","0"
"*05ynu*","Ty Collins","(N/A)","SP","2766","FA","24","0","0","0%","0%","0","0.00","0","0","0","0","0","0","0","0","0","0"
"*064we*","Ilmerson Colon","(N/A)","RP","2775","FA","21","0","0","0%","0%","0","0.00","0","0","0","0","0","0","0","0","0","0"
"*06zel*","Jonah Conradt","WSH","RP","2800","FA","21","0","0","0%","0%","0","0.00","0","0","0","0","0","0","0","0","0","0"
"*06r3x*","Bjay Cooke","ATH","RP","2819","FA","23","0","0","0%","0%","0","0.00","0","0","0","0","0","0","0","0","0","0"
"*06qxa*","Albert Cordero","TEX","RP","2832","FA","20","0","0","0%","0%","0","0.00","0","0","0","0","0","0","0","0","0","0"
"*04yua*","Danis Correa","NYM","RP","2859","FA","26","0","0","0%","0%","0","0.00","0","0","0","0","0","0","0","0","0","0"
"*06rpy*","Chase Costello","MIL","RP","2875","FA","26","0","0","0%","0%","0","0.00","0","0","0","0","0","0","0","0","0","0"
"*06upw*","Anthony Crespo","(N/A)","RP","2914","FA","22","0","0","0%","0%","0","0.00","0","0","0","0","0","0","0","0","0","0"
"*06r0f*","Aleiman Cruz","DET","SP,RP","2944","FA","0","0","0","0%","0%","0","0.00","0","0","0","0","0","0","0","0","0","0"
"*04q62*","Connor Curlis","(N/A)","SP,RP","3006","FA","29","0","0","0%","0%","0","0.00","0","0","0","0","0","0","0","0","0","0"
"*06umm*","Jake Curtis","CHW","RP","3009","FA","24","0","0","0%","0%","0","0.00","0","0","0","0","0","0","0","0","0","0"
"*065je*","T.J. Czyz","(N/A)","SP","3020","FA","25","0","0","0%","0%","0","0.00","0","0","0","0","0","0","0","0","0","0"
"*03qku*","Garrett Davila","(N/A)","RP","3075","FA","29","0","0","0%","0%","0","0.00","0","0","0","0","0","0","0","0","0","0"
"*06qre*","Tyler Davis","BOS","RP","3095","FA","24","0","0","0%","0%","0","0.00","0","0","0","0","0","0","0","0","0","0"
"*06rp0*","Luis De La Cruz","MIA","RP","3135","FA","23","0","0","0%","0%","0","0.00","0","0","0","0","0","0","0","0","0","0"
"*062zn*","Rodolfo De La Cruz","(N/A)","SP","3141","FA","22","0","0","0%","0%","0","0.00","0","0","0","0","0","0","0","0","0","0"
"*06l0j*","Franklin De La Paz","(N/A)","SP","3149","FA","27","0","0","0%","0%","0","0.00","0","0","0","0","0","0","0","0","0","0"
"*06v2x*","Jose De La Rosa","SF","RP","3159","FA","18","0","0","0%","0%","0","0.00","0","0","0","0","0","0","0","0","0","0"
"*05yl8*","Manuel De La Rosa","(N/A)","SP","3161","FA","23","0","0","0%","0%","0","0.00","0","0","0","0","0","0","0","0","0","0"
"*061bu*","Juan De Los Santos","(N/A)","SP","3191","FA","24","0","0","0%","0%","0","0.00","0","0","0","0","0","0","0","0","0","0"
"*060yr*","Jacob DeLabio","(N/A)","RP","3216","FA","28","0","0","0%","0%","0","0.00","0","0","0","0","0","0","0","0","0","0"
"*051h6*","Fineas Del Bonta-Smith","(N/A)","RP","3244","FA","29","0","0","0%","0%","0","0.00","0","0","0","0","0","0","0","0","0","0"
"*067zg*","Adrian Delgado","(N/A)","RP","3253","FA","21","0","0","0%","0%","0","0.00","0","0","0","0","0","0","0","0","0","0"
"*05155*","Brad Deppermann","SF","RP","3275","FA","30","0","0","0%","0%","0","0.00","0","0","0","0","0","0","0","0","0","0"
"*05rc0*","Jordan DiValerio","(N/A)","SP","3288","FA","28","0","0","0%","0%","0","0.00","0","0","0","0","0","0","0","0","0","0"
"*06ulb*","Reudis Diaz","CHW","RP","3325","FA","20","0","0","0%","0%","0","0.00","0","0","0","0","0","0","0","0","0","0"
"*05gvn*","Yoljeldriz Diaz","(N/A)","RP","3333","FA","25","0","0","0%","0%","0","0.00","0","0","0","0","0","0","0","0","0","0"
"*06uxk*","Sayer Diederich","(N/A)","RP","3346","FA","25","0","0","0%","0%","0","0.00","0","0","0","0","0","0","0","0","0","0"
"*06zg0*","Tyler Dietz","SD","RP","3348","FA","23","0","0","0%","0%","0","0.00","0","0","0","0","0","0","0","0","0","0"
"*04pzn*","Trey Dillard","(N/A)","RP","3353","FA","27","0","0","0%","0%","0","0.00","0","0","0","0","0","0","0","0","0","0"
"*06c83*","Diego Dominguez","TOR","RP","3378","FA","22","0","0","0%","0%","0","0.00","0","0","0","0","0","0","0","0","0","0"
"*06c59*","Eric Dominguez","(N/A)","SP,RP","3379","FA","23","0","0","0%","0%","0","0.00","0","0","0","0","0","0","0","0","0","0"
"*05uxw*","Johan Dominguez","(N/A)","SP","3380","FA","30","0","0","0%","0%","0","0.00","0","0","0","0","0","0","0","0","0","0"
"*06hh7*","Kevin Dowdell","(N/A)","RP","3411","FA","26","0","0","0%","0%","0","0.00","0","0","0","0","0","0","0","0","0","0"
"*06l50*","Brian Edgington","CIN","SP","3509","FA","27","0","0","0%","0%","0","0.00","0","0","0","0","0","0","0","0","0","0"
"*06ul8*","Jacob Edwards","CIN","RP","3515","FA","25","0","0","0%","0%","0","0.00","0","0","0","0","0","0","0","0","0","0"
"*06zej*","Will Eldridge","ATL","RP","3528","FA","22","0","0","0%","0%","0","0.00","0","0","0","0","0","0","0","0","0","0"
"*04205*","Scott Engler","(N/A)","SP,RP","3566","FA","29","0","0","0%","0%","0","0.00","0","0","0","0","0","0","0","0","0","0"
"*06fu3*","Haden Erbe","(N/A)","RP","3572","FA","27","0","0","0%","0%","0","0.00","0","0","0","0","0","0","0","0","0","0"
"*06ugv*","Cesar Espinal","MIL","RP","3590","FA","20","0","0","0%","0%","0","0.00","0","0","0","0","0","0","0","0","0","0"
"*0700w*","Claudio Estelie","PIT","RP","3615","FA","22","0","0","0%","0%","0","0.00","0","0","0","0","0","0","0","0","0","0"
"*06u6h*","Samuel Fabian","(N/A)","RP","3648","FA","23","0","0","0%","0%","0","0.00","0","0","0","0","0","0","0","0","0","0"
"*06zg5*","Nick Falter","SD","SP","3658","FA","23","0","0","0%","0%","0","0.00","0","0","0","0","0","0","0","0","0","0"
"*06hhe*","Connor Fenlong","DET","SP","3709","FA","26","0","0","0%","0%","0","0.00","0","0","0","0","0","0","0","0","0","0"
"*06r5n*","Jomar Fernandez","(N/A)","SP","3723","FA","21","0","0","0%","0%","0","0.00","0","0","0","0","0","0","0","0","0","0"
"*064ry*","Jose Fernandez","(N/A)","RP","3724","FA","22","0","0","0%","0%","0","0.00","0","0","0","0","0","0","0","0","0","0"
"*072g0*","Ricardo Fernandez","STL","SP","3729","FA","17","0","0","0%","0%","0","0.00","0","0","0","0","0","0","0","0","0","0"
"*072np*","Uli Fernsler","(N/A)","SP","3735","FA","18","0","0","0%","0%","0","0.00","0","0","0","0","0","0","0","0","0","0"
"*06rfv*","Jason Flores","(N/A)","RP","3805","FA","20","0","0","0%","0%","0","0.00","0","0","0","0","0","0","0","0","0","0"
"*06s3q*","Luis Flores","CLE","RP","3810","FA","22","0","0","0%","0%","0","0.00","0","0","0","0","0","0","0","0","0","0"
"*06qje*","Bennett Flynn","(N/A)","SP","3829","FA","25","0","0","0%","0%","0","0.00","0","0","0","0","0","0","0","0","0","0"
"*0514b*","Grant Ford","(N/A)","SP,RP","3839","FA","28","0","0","0%","0%","0","0.00","0","0","0","0","0","0","0","0","0","0"
"*06zzc*","Michael Fowler","MIL","RP","3859","FA","24","0","0","0%","0%","0","0.00","0","0","0","0","0","0","0","0","0","0"
"*05ya6*","Arij Fransen","(N/A)","RP","3901","FA","25","0","0","0%","0%","0","0.00","0","0","0","0","0","0","0","0","0","0"
"*06kxo*","Dominic Freeberger","STL","SP","3908","FA","26","0","0","0%","0%","0","0.00","0","0","0","0","0","0","0","0","0","0"
"*06zg4*","Colby Frieda","WSH","RP","3926","FA","24","0","0","0%","0%","0","0.00","0","0","0","0","0","0","0","0","0","0"
"*031ez*","Paul Fry","(N/A)","RP","3939","FA","34","0","0","0%","0%","0","0.00","0","0","0","0","0","0","0","0","0","0"
"*064vo*","Johandry Fuente","(N/A)","RP","3942","FA","23","0","0","0%","0%","0","0.00","0","0","0","0","0","0","0","0","0","0"
"*06qyj*","Ray Gaither","(N/A)","RP","3965","FA","28","0","0","0%","0%","0","0.00","0","0","0","0","0","0","0","0","0","0"
"*066qj*","Jovi Galvez","STL","RP","3994","FA","22","0","0","0%","0%","0","0.00","0","0","0","0","0","0","0","0","0","0"
"*03c8u*","John Gant","(N/A)","SP","4001","FA","33","0","0","0%","0%","0","0.00","0","0","0","0","0","0","0","0","0","0"
"*066b4*","Roel Garcia III","TB","RP","4010","FA","27","0","0","0%","0%","0","0.00","0","0","0","0","0","0","0","0","0","0"
"*06hp7*","Hector Garcia Jr.","(N/A)","SP","4011","FA","24","0","0","0%","0%","0","0.00","0","0","0","0","0","0","0","0","0","0"
"*06ux6*","Jaiker Garcia","PIT","RP","4042","FA","21","0","0","0%","0%","0","0.00","0","0","0","0","0","0","0","0","0","0"
"*06ilw*","Tristan Garnett","PHI","RP","4080","FA","28","0","0","0%","0%","0","0.00","0","0","0","0","0","0","0","0","0","0"
"*066fb*","Drew Garrett","(N/A)","SP","4082","FA","26","0","0","0%","0%","0","0.00","0","0","0","0","0","0","0","0","0","0"
"*06u76*","Igor Gil","SD","RP","4144","FA","25","0","0","0%","0%","0","0.00","0","0","0","0","0","0","0","0","0","0"
"*06qyk*","Cesar Gomez","(N/A)","SP,RP","4200","FA","28","0","0","0%","0%","0","0.00","0","0","0","0","0","0","0","0","0","0"
"*06qk2*","Jacob Gomez","(N/A)","RP","4206","FA","24","0","0","0%","0%","0","0.00","0","0","0","0","0","0","0","0","0","0"
"*06tlv*","Miguel Gomez","(N/A)","RP","4213","FA","24","0","0","0%","0%","0","0.00","0","0","0","0","0","0","0","0","0","0"
"*04ydf*","Ofreidy Gomez","NYM","RP","4215","FA","31","0","0","0%","0%","0","0.00","0","0","0","0","0","0","0","0","0","0"
"*072hq*","Yendy Gomez","DET","RP","4226","FA","22","0","0","0%","0%","0","0.00","0","0","0","0","0","0","0","0","0","0"
"*06ux5*","Javier Gonzalez","BAL","RP","4268","FA","20","0","0","0%","0%","0","0.00","0","0","0","0","0","0","0","0","0","0"
"*06rh7*","Joangel Gonzalez","ARI","RP","4271","FA","22","0","0","0%","0%","0","0.00","0","0","0","0","0","0","0","0","0","0"
"*04ao0*","Luis Gonzalez","(N/A)","RP","4282","FA","34","0","0","0%","0%","0","0.00","0","0","0","0","0","0","0","0","0","0"
"*062zo*","Yoendris Gonzalez","CHC","RP","4304","FA","23","0","0","0%","0%","0","0.00","0","0","0","0","0","0","0","0","0","0"
"*06qr1*","Christian Gordon","CHC","SP,RP","4312","FA","25","0","0","0%","0%","0","0.00","0","0","0","0","0","0","0","0","0","0"
"*0516d*","Logan Gragg","(N/A)","RP","4333","FA","27","0","0","0%","0%","0","0.00","0","0","0","0","0","0","0","0","0","0"
"*06ppv*","Tanner Gresham","PHI","SP","4383","FA","24","0","0","0%","0%","0","0.00","0","0","0","0","0","0","0","0","0","0"
"*06tli*","Rob Griswold","(N/A)","RP","4390","FA","28","0","0","0%","0%","0","0.00","0","0","0","0","0","0","0","0","0","0"
"*06uxe*","Xiomer Guacache","DET","RP","4398","FA","22","0","0","0%","0%","0","0.00","0","0","0","0","0","0","0","0","0","0"
"*060mw*","Wander Guante","(N/A)","RP","4404","FA","26","0","0","0%","0%","0","0.00","0","0","0","0","0","0","0","0","0","0"
"*06lp7*","Gerardo Gutierrez","(N/A)","RP","4457","FA","27","0","0","0%","0%","0","0.00","0","0","0","0","0","0","0","0","0","0"
"*020dj*","Jesse Hahn","(N/A)","RP","4502","FA","36","0","0","0%","0%","0","0.00","0","0","0","0","0","0","0","0","0","0"
"*0648s*","Cade Halemanu","(N/A)","RP","4509","FA","25","0","0","0%","0%","0","0.00","0","0","0","0","0","0","0","0","0","0"
"*06hwx*","Xander Hamilton","(N/A)","RP","4534","FA","25","0","0","0%","0%","0","0.00","0","0","0","0","0","0","0","0","0","0"
"*066fz*","Ethan Hammerberg","(N/A)","RP","4540","FA","25","0","0","0%","0%","0","0.00","0","0","0","0","0","0","0","0","0","0"
"*06iev*","Brendan Hardy","(N/A)","RP","4566","FA","26","0","0","0%","0%","0","0.00","0","0","0","0","0","0","0","0","0","0"
"*072no*","Easton Hawk","(N/A)","RP","4614","FA","20","0","0","0%","0%","0","0.00","0","0","0","0","0","0","0","0","0","0"
"*06ywc*","Brayden Heidel","TOR","RP","4641","FA","24","0","0","0%","0%","0","0.00","0","0","0","0","0","0","0","0","0","0"
"*06ulm*","Juan Henriquez","(N/A)","SP","4665","FA","20","0","0","0%","0%","0","0.00","0","0","0","0","0","0","0","0","0","0"
"*06qjz*","Christian Herberholz","BAL","RP","4681","FA","25","0","0","0%","0%","0","0.00","0","0","0","0","0","0","0","0","0","0"
"*0519g*","Allan Hernandez","(N/A)","RP","4702","FA","25","0","0","0%","0%","0","0.00","0","0","0","0","0","0","0","0","0","0"
"*06r6v*","Edinson Hernandez","WSH","RP","4718","FA","20","0","0","0%","0%","0","0.00","0","0","0","0","0","0","0","0","0","0"
"*06ull*","Jommy Hernandez","CHW","RP","4730","FA","20","0","0","0%","0%","0","0.00","0","0","0","0","0","0","0","0","0","0"
"*060o8*","Luigi Hernandez","(N/A)","SP","4741","FA","22","0","0","0%","0%","0","0.00","0","0","0","0","0","0","0","0","0","0"
"*06qjq*","Stone Hewlett","(N/A)","RP","4803","FA","24","0","0","0%","0%","0","0.00","0","0","0","0","0","0","0","0","0","0"
"*051d2*","Connor Housley","(N/A)","SP,RP","4929","FA","24","0","0","0%","0%","0","0.00","0","0","0","0","0","0","0","0","0","0"
"*06v2v*","Grif Hughes","COL","RP","4956","FA","24","0","0","0%","0%","0","0.00","0","0","0","0","0","0","0","0","0","0"
"*025kq*","Drew Hutchison","(N/A)","RP","4988","FA","35","0","0","0%","0%","0","0.00","0","0","0","0","0","0","0","0","0","0"
"*06rrb*","Jun Seo Hwang","(N/A)","SP","4989","FA","20","0","0","0%","0%","0","0.00","0","0","0","0","0","0","0","0","0","0"
"*065v6*","Braxton Hyde","COL","RP","4990","FA","25","0","0","0%","0%","0","0.00","0","0","0","0","0","0","0","0","0","0"
"*072wl*","Daichi Ishii","(N/A)","RP","5016","FA","28","0","0","0%","0%","0","0.00","0","0","0","0","0","0","0","0","0","0"
"*06s35*","Zach Jacobs","CLE","RP","5039","FA","24","0","0","0%","0%","0","0.00","0","0","0","0","0","0","0","0","0","0"
"*04sy2*","Odalvi Javier","(N/A)","SP","5061","FA","29","0","0","0%","0%","0","0.00","0","0","0","0","0","0","0","0","0","0"
"*06o07*","Robinson Javier","(N/A)","RP","5062","FA","20","0","0","0%","0%","0","0.00","0","0","0","0","0","0","0","0","0","0"
"*06r01*","Chris Jefferson","(N/A)","SP","5073","FA","29","0","0","0%","0%","0","0.00","0","0","0","0","0","0","0","0","0","0"
"*06sby*","Yaury Jimenez","ARI","SP","5124","FA","20","0","0","0%","0%","0","0.00","0","0","0","0","0","0","0","0","0","0"
"*04ylx*","Woo-Young Jin","(N/A)","SP","5127","FA","25","0","0","0%","0%","0","0.00","0","0","0","0","0","0","0","0","0","0"
"*06qpq*","Ben Johnson","CHC","SP,RP","5133","FA","24","0","0","0%","0%","0","0.00","0","0","0","0","0","0","0","0","0","0"
"*04ehy*","Kyle Johnston","(N/A)","SP,RP","5160","FA","30","0","0","0%","0%","0","0.00","0","0","0","0","0","0","0","0","0","0"
"*060ug*","Holt Jones","MIA","RP","5174","FA","27","0","0","0%","0%","0","0.00","0","0","0","0","0","0","0","0","0","0"
"*06agq*","Daniel Juarez","(N/A)","RP","5206","FA","25","0","0","0%","0%","0","0.00","0","0","0","0","0","0","0","0","0","0"
"*06rra*","Hyeong Jun So","(N/A)","SP","5212","FA","24","0","0","0%","0%","0","0.00","0","0","0","0","0","0","0","0","0","0"
"*06eku*","Tommy Kane","(N/A)","RP","5226","FA","24","0","0","0%","0%","0","0.00","0","0","0","0","0","0","0","0","0","0"
"*02n4l*","Keone Kela","(N/A)","RP","5252","FA","33","0","0","0%","0%","0","0.00","0","0","0","0","0","0","0","0","0","0"
"*06uxw*","Justin Kelly","(N/A)","RP","5265","FA","27","0","0","0%","0%","0","0.00","0","0","0","0","0","0","0","0","0","0"
"*06hog*","Tyler Kennedy","(N/A)","SP","5276","FA","24","0","0","0%","0%","0","0.00","0","0","0","0","0","0","0","0","0","0"
"*06kk0*","William Kirk","(N/A)","SP","5330","FA","20","0","0","0%","0%","0","0.00","0","0","0","0","0","0","0","0","0","0"
"*06qls*","Brady Kirtner","NYY","RP","5335","FA","24","0","0","0%","0%","0","0.00","0","0","0","0","0","0","0","0","0","0"
"*03dww*","Gabe Klobosits","CHC","RP","5344","FA","31","0","0","0%","0%","0","0.00","0","0","0","0","0","0","0","0","0","0"
"*072zu*","Robbie Knowles","STL","RP","5366","FA","25","0","0","0%","0%","0","0.00","0","0","0","0","0","0","0","0","0","0"
"*05xkw*","Nick Krauth","(N/A)","RP","5400","FA","26","0","0","0%","0%","0","0.00","0","0","0","0","0","0","0","0","0","0"
"*06qwe*","Robert Kwiatkowski","(N/A)","RP","5425","FA","29","0","0","0%","0%","0","0.00","0","0","0","0","0","0","0","0","0","0"
"*04epx*","A.J. Labas","(N/A)","SP,RP","5431","FA","27","0","0","0%","0%","0","0.00","0","0","0","0","0","0","0","0","0","0"
"*066jt*","Nathan Landry","(N/A)","SP","5457","FA","27","0","0","0%","0%","0","0.00","0","0","0","0","0","0","0","0","0","0"
"*06ql1*","Miles Langhorne","(N/A)","RP","5465","FA","23","0","0","0%","0%","0","0.00","0","0","0","0","0","0","0","0","0","0"
"*06zgd*","Brandon Langley","SD","RP","5466","FA","21","0","0","0%","0%","0","0.00","0","0","0","0","0","0","0","0","0","0"
"*05y5n*","Mac Lardner","(N/A)","SP","5493","FA","28","0","0","0%","0%","0","0.00","0","0","0","0","0","0","0","0","0","0"
"*06huq*","Colson Lawrence","(N/A)","RP","5519","FA","24","0","0","0%","0%","0","0.00","0","0","0","0","0","0","0","0","0","0"
"*06uxv*","Jose Ledesma","NYY","RP","5547","FA","23","0","0","0%","0%","0","0.00","0","0","0","0","0","0","0","0","0","0"
"*05y09*","Luis Ledo","(N/A)","RP","5549","FA","31","0","0","0%","0%","0","0.00","0","0","0","0","0","0","0","0","0","0"
"*06ul3*","David Lee","(N/A)","RP","5555","FA","26","0","0","0%","0%","0","0.00","0","0","0","0","0","0","0","0","0","0"
"*06uxu*","Edgar Leon","(N/A)","RP","5578","FA","21","0","0","0%","0%","0","0.00","0","0","0","0","0","0","0","0","0","0"
"*06hiv*","Carlos Lequerica","DET","RP","5592","FA","25","0","0","0%","0%","0","0.00","0","0","0","0","0","0","0","0","0","0"
"*03dru*","Justin Lewis","(N/A)","SP,RP","5608","FA","30","0","0","0%","0%","0","0.00","0","0","0","0","0","0","0","0","0","0"
"*0518f*","Nick Lockhart","(N/A)","RP","5681","FA","25","0","0","0%","0%","0","0.00","0","0","0","0","0","0","0","0","0","0"
"*06yud*","Sean Loggie","(N/A)","SP","5693","FA","18","0","0","0%","0%","0","0.00","0","0","0","0","0","0","0","0","0","0"
"*066ji*","Jimmy Loper","(N/A)","SP","5715","FA","26","0","0","0%","0%","0","0.00","0","0","0","0","0","0","0","0","0","0"
"*06rp7*","Carlos Lopez","CLE","RP","5718","FA","20","0","0","0%","0%","0","0.00","0","0","0","0","0","0","0","0","0","0"
"*06sb4*","Jesus Lopez","SF","SP","5732","FA","21","0","0","0%","0%","0","0.00","0","0","0","0","0","0","0","0","0","0"
"*06rlc*","Josue Lopez","(N/A)","RP","5740","FA","24","0","0","0%","0%","0","0.00","0","0","0","0","0","0","0","0","0","0"
"*06z5m*","Juan Lopez","WSH","RP","5741","FA","21","0","0","0%","0%","0","0.00","0","0","0","0","0","0","0","0","0","0"
"*05yfn*","Gil Luna Jr.","(N/A)","SP","5799","FA","26","0","0","0%","0%","0","0.00","0","0","0","0","0","0","0","0","0","0"
"*06zew*","Coleman MacRae","HOU","SP","5827","FA","22","0","0","0%","0%","0","0.00","0","0","0","0","0","0","0","0","0","0"
"*06bpu*","Emannoel Madeira","(N/A)","SP","5856","FA","19","0","0","0%","0%","0","0.00","0","0","0","0","0","0","0","0","0","0"
"*04ptu*","Ben Madison","(N/A)","SP,RP","5858","FA","28","0","0","0%","0%","0","0.00","0","0","0","0","0","0","0","0","0","0"
"*06uy0*","Jack Mahoney","ATH","RP","5877","FA","27","0","0","0%","0%","0","0.00","0","0","0","0","0","0","0","0","0","0"
"*06hx0*","Hunter Mann","COL","RP","5904","FA","24","0","0","0%","0%","0","0.00","0","0","0","0","0","0","0","0","0","0"
"*06r50*","Anyel Manzueta","WSH","RP","5914","FA","19","0","0","0%","0%","0","0.00","0","0","0","0","0","0","0","0","0","0"
"*06yaq*","Jake Marciano","(N/A)","SP","5928","FA","20","0","0","0%","0%","0","0.00","0","0","0","0","0","0","0","0","0","0"
"*06r32*","Alexis Marin","(N/A)","SP","5938","FA","21","0","0","0%","0%","0","0.00","0","0","0","0","0","0","0","0","0","0"
"*06za9*","Easton Marks","COL","SP","5951","FA","22","0","0","0%","0%","0","0.00","0","0","0","0","0","0","0","0","0","0"
"*0730e*","Ryan Marohn","PIT","SP","5956","FA","21","0","0","0%","0%","0","0.00","0","0","0","0","0","0","0","0","0","0"
"*0669w*","Austin Marozas","TOR","RP","5958","FA","27","0","0","0%","0%","0","0.00","0","0","0","0","0","0","0","0","0","0"
"*06r5t*","Noslen Marquez","(N/A)","SP","5968","FA","21","0","0","0%","0%","0","0.00","0","0","0","0","0","0","0","0","0","0"
"*06bl3*","Francis Marte","(N/A)","SP","5984","FA","20","0","0","0%","0%","0","0.00","0","0","0","0","0","0","0","0","0","0"
"*06s3o*","Jose Martinez","NYY","RP","6043","FA","21","0","0","0%","0%","0","0.00","0","0","0","0","0","0","0","0","0","0"
"*04n0g*","Raidel Martinez","(N/A)","SP","6062","FA","29","0","0","0%","0%","0","0.00","0","0","0","0","0","0","0","0","0","0"
"*06qsy*","Ryan Mathiesen","HOU","RP","6103","FA","23","0","0","0%","0%","0","0.00","0","0","0","0","0","0","0","0","0","0"
"*06hj4*","Zac McCleve","(N/A)","RP","6158","FA","25","0","0","0%","0%","0","0.00","0","0","0","0","0","0","0","0","0","0"
"*06yzt*","Rylan McMahan","(N/A)","SP","6233","FA","18","0","0","0%","0%","0","0.00","0","0","0","0","0","0","0","0","0","0"
"*068jh*","Luke McNeillie","NYM","SP","6240","FA","21","0","0","0%","0%","0","0.00","0","0","0","0","0","0","0","0","0","0"
"*06c38*","Jhon Medina","COL","SP","6263","FA","20","0","0","0%","0%","0","0.00","0","0","0","0","0","0","0","0","0","0"
"*05upb*","James Meeker","(N/A)","RP","6275","FA","31","0","0","0%","0%","0","0.00","0","0","0","0","0","0","0","0","0","0"
"*06zf6*","Adiel Melendez","ATL","SP","6303","FA","24","0","0","0%","0%","0","0.00","0","0","0","0","0","0","0","0","0","0"
"*06qf0*","Chipper Menard","(N/A)","SP,RP","6318","FA","24","0","0","0%","0%","0","0.00","0","0","0","0","0","0","0","0","0","0"
"*06rm0*","Wuilberth Mendez","DET","SP","6339","FA","22","0","0","0%","0%","0","0.00","0","0","0","0","0","0","0","0","0","0"
"*06qxk*","Abdiel Mendoza","(N/A)","RP","6341","FA","27","0","0","0%","0%","0","0.00","0","0","0","0","0","0","0","0","0","0"
"*066fu*","Joseph Menefee","CIN","RP","6351","FA","26","0","0","0%","0%","0","0.00","0","0","0","0","0","0","0","0","0","0"
"*06uxq*","Logan Mercado","ARI","SP,RP","6362","FA","24","0","0","0%","0%","0","0.00","0","0","0","0","0","0","0","0","0","0"
"*06v62*","LJ Mercurius","ARI","SP","6375","FA","21","0","0","0%","0%","0","0.00","0","0","0","0","0","0","0","0","0","0"
"*06um0*","Miguel Mesa","BAL","RP","6386","FA","23","0","0","0%","0%","0","0.00","0","0","0","0","0","0","0","0","0","0"
"*072h1*","Sam Mettert","CHC","RP","6394","FA","23","0","0","0%","0%","0","0.00","0","0","0","0","0","0","0","0","0","0"
"*06ifa*","Chase Meyer","CHC","RP","6396","FA","21","0","0","0%","0%","0","0.00","0","0","0","0","0","0","0","0","0","0"
"*05ylf*","Bobby Milacki","(N/A)","RP","6425","FA","29","0","0","0%","0%","0","0.00","0","0","0","0","0","0","0","0","0","0"
"*06qzg*","Abrahan Milan","CLE","RP","6427","FA","20","0","0","0%","0%","0","0.00","0","0","0","0","0","0","0","0","0","0"
"*021ue*","Tommy Milone","(N/A)","SP,RP","6464","FA","39","0","0","0%","0%","0","0.00","0","0","0","0","0","0","0","0","0","0"
"*055ce*","Jeremy Molero","(N/A)","RP","6507","FA","26","0","0","0%","0%","0","0.00","0","0","0","0","0","0","0","0","0","0"
"*06sc1*","Miguel Molina","DET","SP","6513","FA","18","0","0","0%","0%","0","0.00","0","0","0","0","0","0","0","0","0","0"
"*06uod*","Angel Montero","NYM","SP","6534","FA","18","0","0","0%","0%","0","0.00","0","0","0","0","0","0","0","0","0","0"
"*06muv*","Luis Morellis","(N/A)","SP","6622","FA","22","0","0","0%","0%","0","0.00","0","0","0","0","0","0","0","0","0","0"
"*06v2p*","Johan Moreno","SD","RP","6626","FA","23","0","0","0%","0%","0","0.00","0","0","0","0","0","0","0","0","0","0"
"*06mq7*","Dariel Morillo","DET","SP","6645","FA","19","0","0","0%","0%","0","0.00","0","0","0","0","0","0","0","0","0","0"
"*066au*","Hueston Morrill","NYY","RP","6658","FA","26","0","0","0%","0%","0","0.00","0","0","0","0","0","0","0","0","0","0"
"*067zi*","Elias Moscoso","(N/A)","RP","6673","FA","21","0","0","0%","0%","0","0.00","0","0","0","0","0","0","0","0","0","0"
"*06qj7*","Christian Mracna","(N/A)","RP","6697","FA","26","0","0","0%","0%","0","0.00","0","0","0","0","0","0","0","0","0","0"
"*04epi*","Chris Muller","(N/A)","RP","6706","FA","30","0","0","0%","0%","0","0.00","0","0","0","0","0","0","0","0","0","0"
"*066qu*","Mitch Myers","ATH","RP","6756","FA","27","0","0","0%","0%","0","0.00","0","0","0","0","0","0","0","0","0","0"
"*06uw5*","Anderson Nance","(N/A)","RP","6766","FA","20","0","0","0%","0%","0","0.00","0","0","0","0","0","0","0","0","0","0"
"*06rfu*","Bryce Navarre","(N/A)","SP","6779","FA","20","0","0","0%","0%","0","0.00","0","0","0","0","0","0","0","0","0","0"
"*06r59*","Cristian Navarro","(N/A)","SP","6780","FA","18","0","0","0%","0%","0","0.00","0","0","0","0","0","0","0","0","0","0"
"*06hf4*","Aaron Nixon","NYY","RP","6850","FA","25","0","0","0%","0%","0","0.00","0","0","0","0","0","0","0","0","0","0"
"*062jy*","Yordan Nodal","(N/A)","RP","6853","FA","24","0","0","0%","0%","0","0.00","0","0","0","0","0","0","0","0","0","0"
"*06zgp*","Cameron Nohos","(N/A)","RP","6856","FA","23","0","0","0%","0%","0","0.00","0","0","0","0","0","0","0","0","0","0"
"*061jb*","Yohemy Nolasco","(N/A)","RP","6861","FA","23","0","0","0%","0%","0","0.00","0","0","0","0","0","0","0","0","0","0"
"*02hia*","Sean Nolin","(N/A)","RP","6863","FA","36","0","0","0%","0%","0","0.00","0","0","0","0","0","0","0","0","0","0"
"*06r8i*","Daniel Nunez","ARI","SP,RP","6893","FA","23","0","0","0%","0%","0","0.00","0","0","0","0","0","0","0","0","0","0"
"*03xla*","Darien Nunez","(N/A)","RP","6894","FA","33","0","0","0%","0%","0","0.00","0","0","0","0","0","0","0","0","0","0"
"*06c82*","Ronny Oliver","(N/A)","SP","6980","FA","22","0","0","0%","0%","0","0.00","0","0","0","0","0","0","0","0","0","0"
"*06qoi*","Hunter Omlid","COL","RP","6998","FA","26","0","0","0%","0%","0","0.00","0","0","0","0","0","0","0","0","0","0"
"*03dpe*","Benjamin Onyshko","(N/A)","SP,RP","7002","FA","29","0","0","0%","0%","0","0.00","0","0","0","0","0","0","0","0","0","0"
"*051cp*","Johzan Oquendo","(N/A)","RP","7006","FA","25","0","0","0%","0%","0","0.00","0","0","0","0","0","0","0","0","0","0"
"*06sc2*","Manuel Osorio","CLE","SP","7059","FA","20","0","0","0%","0%","0","0.00","0","0","0","0","0","0","0","0","0","0"
"*060qc*","Noah Owen","(N/A)","SP","7087","FA","25","0","0","0%","0%","0","0.00","0","0","0","0","0","0","0","0","0","0"
"*06zf7*","Jaylen Paden","ATL","RP","7116","FA","24","0","0","0%","0%","0","0.00","0","0","0","0","0","0","0","0","0","0"
"*06xzz*","Abraham Parra","SD","SP,RP","7187","FA","20","0","0","0%","0%","0","0.00","0","0","0","0","0","0","0","0","0","0"
"*06v2h*","Wilmis Paulino","COL","RP","7224","FA","20","0","0","0%","0%","0","0.00","0","0","0","0","0","0","0","0","0","0"
"*06v2g*","Ayendy Pena","CIN","RP","7272","FA","22","0","0","0%","0%","0","0.00","0","0","0","0","0","0","0","0","0","0"
"*0637p*","Wilfredo Pereira","(N/A)","SP","7335","FA","27","0","0","0%","0%","0","0.00","0","0","0","0","0","0","0","0","0","0"
"*06rlh*","Darling Perez","NYM","SP","7354","FA","19","0","0","0%","0%","0","0.00","0","0","0","0","0","0","0","0","0","0"
"*0515c*","Todd Peterson","(N/A)","RP","7431","FA","28","0","0","0%","0%","0","0.00","0","0","0","0","0","0","0","0","0","0"
"*065jh*","Roman Phansalkar","(N/A)","RP","7446","FA","28","0","0","0%","0%","0","0.00","0","0","0","0","0","0","0","0","0","0"
"*06exo*","Starlyn Pichardo","(N/A)","RP","7462","FA","22","0","0","0%","0%","0","0.00","0","0","0","0","0","0","0","0","0","0"
"*06v69*","Domenic Picone","STL","SP,RP","7465","FA","25","0","0","0%","0%","0","0.00","0","0","0","0","0","0","0","0","0","0"
"*066q6*","Darlin Pinales","ATH","RP","7481","FA","23","0","0","0%","0%","0","0.00","0","0","0","0","0","0","0","0","0","0"
"*06ooe*","Nick Pinto","CHW","SP","7511","FA","26","0","0","0%","0%","0","0.00","0","0","0","0","0","0","0","0","0","0"
"*06zh6*","Andrew Pogue","DET","RP","7541","FA","25","0","0","0%","0%","0","0.00","0","0","0","0","0","0","0","0","0","0"
"*066o1*","Albert Polanco","MIA","RP","7544","FA","21","0","0","0%","0%","0","0.00","0","0","0","0","0","0","0","0","0","0"
"*06tme*","Dariel Polanco","SD","RP","7550","FA","20","0","0","0%","0%","0","0.00","0","0","0","0","0","0","0","0","0","0"
"*072hj*","Eybersson Polanco","LAA","RP","7551","FA","22","0","0","0%","0%","0","0.00","0","0","0","0","0","0","0","0","0","0"
"*06mdb*","Leuris Portorreal","WSH","SP","7581","FA","20","0","0","0%","0%","0","0.00","0","0","0","0","0","0","0","0","0","0"
"*060qs*","Miguel Pozo","(N/A)","SP","7593","FA","24","0","0","0%","0%","0","0.00","0","0","0","0","0","0","0","0","0","0"
"*065v9*","Patrick Pridgen","(N/A)","RP","7613","FA","27","0","0","0%","0%","0","0.00","0","0","0","0","0","0","0","0","0","0"
"*072fy*","Nick Putnam","LAD","RP","7639","FA","23","0","0","0%","0%","0","0.00","0","0","0","0","0","0","0","0","0","0"
"*06qx1*","Felix Ramires","(N/A)","RP","7690","FA","26","0","0","0%","0%","0","0.00","0","0","0","0","0","0","0","0","0","0"
"*06zaq*","Randy Ramnarace","KC","RP","7732","FA","21","0","0","0%","0%","0","0.00","0","0","0","0","0","0","0","0","0","0"
"*06uv9*","Albert Ramos","DET","SP","7735","FA","20","0","0","0%","0%","0","0.00","0","0","0","0","0","0","0","0","0","0"
"*06qk0*","Alex Ramos","BAL","SP","7736","FA","19","0","0","0%","0%","0","0.00","0","0","0","0","0","0","0","0","0","0"
"*06v2l*","Anderson Ramos","MIN","RP","7737","FA","20","0","0","0%","0%","0","0.00","0","0","0","0","0","0","0","0","0","0"
"*05ybm*","Eury Ramos","(N/A)","RP","7740","FA","28","0","0","0%","0%","0","0.00","0","0","0","0","0","0","0","0","0","0"
"*06umo*","Fernando Ramos","(N/A)","RP","7741","FA","23","0","0","0%","0%","0","0.00","0","0","0","0","0","0","0","0","0","0"
"*060ot*","Lenerd Ramos","(N/A)","RP","7748","FA","22","0","0","0%","0%","0","0.00","0","0","0","0","0","0","0","0","0","0"
"*06umn*","Renil Ramos","CLE","RP","7751","FA","20","0","0","0%","0%","0","0.00","0","0","0","0","0","0","0","0","0","0"
"*06sc0*","Reynell Ramos","KC","SP","7752","FA","19","0","0","0%","0%","0","0.00","0","0","0","0","0","0","0","0","0","0"
"*066fs*","Shawn Rapp","(N/A)","SP","7763","FA","26","0","0","0%","0%","0","0.00","0","0","0","0","0","0","0","0","0","0"
"*06qok*","Zachary Redner","LAA","RP","7782","FA","21","0","0","0%","0%","0","0.00","0","0","0","0","0","0","0","0","0","0"
"*06qry*","Rocco Reid","ARI","RP","7795","FA","23","0","0","0%","0%","0","0.00","0","0","0","0","0","0","0","0","0","0"
"*06r4t*","Drew Rerick","(N/A)","SP","7821","FA","20","0","0","0%","0%","0","0.00","0","0","0","0","0","0","0","0","0","0"
"*05j8x*","Carlo Reyes","(N/A)","SP","7831","FA","28","0","0","0%","0%","0","0.00","0","0","0","0","0","0","0","0","0","0"
"*03bv8*","Luis Reyes","(N/A)","RP","7850","FA","31","0","0","0%","0%","0","0.00","0","0","0","0","0","0","0","0","0","0"
"*06r53*","Franniel Reynoso","WSH","SP","7867","FA","19","0","0","0%","0%","0","0.00","0","0","0","0","0","0","0","0","0","0"
"*05y6p*","Sulivan Ribeiro","(N/A)","SP","7872","FA","22","0","0","0%","0%","0","0.00","0","0","0","0","0","0","0","0","0","0"
"*04elv*","Josh Roberson","(N/A)","RP","7955","FA","30","0","0","0%","0%","0","0.00","0","0","0","0","0","0","0","0","0","0"
"*04eik*","Max Roberts","(N/A)","RP","7965","FA","29","0","0","0%","0%","0","0.00","0","0","0","0","0","0","0","0","0","0"
"*060o6*","Benony Robles","(N/A)","RP","7983","FA","25","0","0","0%","0%","0","0.00","0","0","0","0","0","0","0","0","0","0"
"*06uxy*","Sam Rochard","MIN","RP","7991","FA","26","0","0","0%","0%","0","0.00","0","0","0","0","0","0","0","0","0","0"
"*06man*","Aneuris Rodriguez","(N/A)","RP","8007","FA","22","0","0","0%","0%","0","0.00","0","0","0","0","0","0","0","0","0","0"
"*06qhr*","Christian Rodriguez","NYM","RP","8017","FA","21","0","0","0%","0%","0","0.00","0","0","0","0","0","0","0","0","0","0"
"*06v2i*","Geury Rodriguez","TEX","RP","8040","FA","21","0","0","0%","0%","0","0.00","0","0","0","0","0","0","0","0","0","0"
"*06l3k*","Louis Rodriguez","(N/A)","SP,RP","8059","FA","22","0","0","0%","0%","0","0.00","0","0","0","0","0","0","0","0","0","0"
"*06c80*","Stiveen Rojas","MIA","RP","8133","FA","19","0","0","0%","0%","0","0.00","0","0","0","0","0","0","0","0","0","0"
"*02j2m*","Sal Romano","(N/A)","RP","8142","FA","32","0","0","0%","0%","0","0.00","0","0","0","0","0","0","0","0","0","0"
"*06rny*","Brayan Romero","(N/A)","SP","8147","FA","24","0","0","0%","0%","0","0.00","0","0","0","0","0","0","0","0","0","0"
"*06r18*","Rubens Romero","PIT","RP","8163","FA","19","0","0","0%","0%","0","0.00","0","0","0","0","0","0","0","0","0","0"
"*06qxi*","Yadiel Roquez","TEX","RP","8179","FA","19","0","0","0%","0%","0","0.00","0","0","0","0","0","0","0","0","0","0"
"*06mv9*","Jonathan Rosario","MIA","RP","8202","FA","19","0","0","0%","0%","0","0.00","0","0","0","0","0","0","0","0","0","0"
"*060q1*","Ethan Routzahn","SD","RP","8230","FA","28","0","0","0%","0%","0","0.00","0","0","0","0","0","0","0","0","0","0"
"*06mq4*","Reykelly Rubi","(N/A)","RP","8235","FA","20","0","0","0%","0%","0","0.00","0","0","0","0","0","0","0","0","0","0"
"*072bf*","Joe Ruzicka","DET","SP","8275","FA","22","0","0","0%","0%","0","0.00","0","0","0","0","0","0","0","0","0","0"
"*05199*","Sam Ryan","(N/A)","RP","8278","FA","27","0","0","0%","0%","0","0.00","0","0","0","0","0","0","0","0","0","0"
"*06uy7*","Edinson Salgado","KC","RP","8315","FA","21","0","0","0%","0%","0","0.00","0","0","0","0","0","0","0","0","0","0"
"*06qpw*","Iziah Salinas","BAL","SP","8317","FA","21","0","0","0%","0%","0","0.00","0","0","0","0","0","0","0","0","0","0"
"*06r30*","Javier Salomon","(N/A)","SP","8323","FA","19","0","0","0%","0%","0","0.00","0","0","0","0","0","0","0","0","0","0"
"*06k7p*","Brett Sanchez","(N/A)","SP","8342","FA","26","0","0","0%","0%","0","0.00","0","0","0","0","0","0","0","0","0","0"
"*06rgs*","Dikember Sanchez","(N/A)","RP","8348","FA","22","0","0","0%","0%","0","0.00","0","0","0","0","0","0","0","0","0","0"
"*061a7*","Edgar Sanchez","ATH","RP","8349","FA","25","0","0","0%","0%","0","0.00","0","0","0","0","0","0","0","0","0","0"
"*066r3*","Enger Sanchez","(N/A)","SP","8352","FA","23","0","0","0%","0%","0","0.00","0","0","0","0","0","0","0","0","0","0"
"*06am7*","Juan Sanchez","(N/A)","RP","8368","FA","23","0","0","0%","0%","0","0.00","0","0","0","0","0","0","0","0","0","0"
"*066ds*","Justin Sanchez","(N/A)","RP","8373","FA","22","0","0","0%","0%","0","0.00","0","0","0","0","0","0","0","0","0","0"
"*06tn5*","Steven Sanchez","(N/A)","RP","8381","FA","22","0","0","0%","0%","0","0.00","0","0","0","0","0","0","0","0","0","0"
"*060w4*","Yanquiel Sanchez","(N/A)","RP","8383","FA","25","0","0","0%","0%","0","0.00","0","0","0","0","0","0","0","0","0","0"
"*05u9k*","Jackson Sanders","(N/A)","SP","8390","FA","20","0","0","0%","0%","0","0.00","0","0","0","0","0","0","0","0","0","0"
"*06qyr*","Tyler Santana","CHC","RP","8420","FA","28","0","0","0%","0%","0","0.00","0","0","0","0","0","0","0","0","0","0"
"*06hts*","Luke Savage","TEX","RP","8464","FA","24","0","0","0%","0%","0","0.00","0","0","0","0","0","0","0","0","0","0"
"*06cq6*","Tyler Schoff","ATL","RP","8497","FA","27","0","0","0%","0%","0","0.00","0","0","0","0","0","0","0","0","0","0"
"*06qja*","Jay Schueler","TOR","RP","8507","FA","25","0","0","0%","0%","0","0.00","0","0","0","0","0","0","0","0","0","0"
"*04pqn*","Adam Scott","(N/A)","SP,RP","8520","FA","30","0","0","0%","0%","0","0.00","0","0","0","0","0","0","0","0","0","0"
"*06ql4*","Zander Sechrist","(N/A)","RP","8538","FA","24","0","0","0%","0%","0","0.00","0","0","0","0","0","0","0","0","0","0"
"*05rjc*","Jhoniel Serrano","(N/A)","SP","8571","FA","22","0","0","0%","0%","0","0.00","0","0","0","0","0","0","0","0","0","0"
"*06uy8*","Bryce Shaffer","TB","RP","8597","FA","24","0","0","0%","0%","0","0.00","0","0","0","0","0","0","0","0","0","0"
"*06umi*","Tommy Sheehan","CHW","SP","8611","FA","27","0","0","0%","0%","0","0.00","0","0","0","0","0","0","0","0","0","0"
"*06qoc*","Blake Shepardson","CHW","RP","8620","FA","23","0","0","0%","0%","0","0.00","0","0","0","0","0","0","0","0","0","0"
"*072yv*","Reo Shibata","(N/A)","SP","8623","FA","20","0","0","0%","0%","0","0.00","0","0","0","0","0","0","0","0","0","0"
"*051cf*","Ryan Shreve","(N/A)","RP","8639","FA","28","0","0","0%","0%","0","0.00","0","0","0","0","0","0","0","0","0","0"
"*06tlj*","Victor Simeon","TEX","RP","8682","FA","25","0","0","0%","0%","0","0.00","0","0","0","0","0","0","0","0","0","0"
"*06yxo*","Angelo Smith","LAA","RP","8727","FA","22","0","0","0%","0%","0","0.00","0","0","0","0","0","0","0","0","0","0"
"*070ef*","Aubrey Smith","HOU","RP","8728","FA","22","0","0","0%","0%","0","0.00","0","0","0","0","0","0","0","0","0","0"
"*03176*","D.J. Snelten","(N/A)","RP","8775","FA","34","0","0","0%","0%","0","0.00","0","0","0","0","0","0","0","0","0","0"
"*06rlx*","Gabriel Sosa","SEA","RP","8808","FA","25","0","0","0%","0%","0","0.00","0","0","0","0","0","0","0","0","0","0"
"*06rlt*","Yenfri Sosa","MIA","RP","8817","FA","22","0","0","0%","0%","0","0.00","0","0","0","0","0","0","0","0","0","0"
"*06r8l*","Ryuhei Sotani","(N/A)","SP","8818","FA","25","0","0","0%","0%","0","0.00","0","0","0","0","0","0","0","0","0","0"
"*05xpy*","Dylan Spain","(N/A)","RP","8836","FA","28","0","0","0%","0%","0","0.00","0","0","0","0","0","0","0","0","0","0"
"*072pt*","Cole Stasio","TEX","SP","8877","FA","24","0","0","0%","0%","0","0.00","0","0","0","0","0","0","0","0","0","0"
"*04eri*","Adam Stauffer","(N/A)","RP","8880","FA","27","0","0","0%","0%","0","0.00","0","0","0","0","0","0","0","0","0","0"
"*06uhh*","Conor Steinbaugh","HOU","RP","8888","FA","27","0","0","0%","0%","0","0.00","0","0","0","0","0","0","0","0","0","0"
"*0665z*","Tristan Stevens","MIA","RP","8902","FA","28","0","0","0%","0%","0","0.00","0","0","0","0","0","0","0","0","0","0"
"*06htg*","Will Stevens","(N/A)","RP","8903","FA","25","0","0","0%","0%","0","0.00","0","0","0","0","0","0","0","0","0","0"
"*051g4*","Matt Stil","(N/A)","RP","8917","FA","26","0","0","0%","0%","0","0.00","0","0","0","0","0","0","0","0","0","0"
"*06hix*","Luke Stofel","DET","SP,RP","8924","FA","24","0","0","0%","0%","0","0.00","0","0","0","0","0","0","0","0","0","0"
"*06ig6*","Cole Stokes","TB","SP","8925","FA","21","0","0","0%","0%","0","0.00","0","0","0","0","0","0","0","0","0","0"
"*05ybl*","Michael Stryffeler","(N/A)","SP","8951","FA","30","0","0","0%","0%","0","0.00","0","0","0","0","0","0","0","0","0","0"
"*066ar*","Baron Stuart","WSH","RP","8953","FA","27","0","0","0%","0%","0","0.00","0","0","0","0","0","0","0","0","0","0"
"*06uh3*","Eston Stull","MIN","RP","8958","FA","27","0","0","0%","0%","0","0.00","0","0","0","0","0","0","0","0","0","0"
"*06umv*","Josdanner Suarez","ARI","SP,RP","8971","FA","21","0","0","0%","0%","0","0.00","0","0","0","0","0","0","0","0","0","0"
"*06um7*","Ramon Suarez","TOR","RP","8974","FA","22","0","0","0%","0%","0","0.00","0","0","0","0","0","0","0","0","0","0"
"*04egc*","John Swanda","(N/A)","SP","9013","FA","27","0","0","0%","0%","0","0.00","0","0","0","0","0","0","0","0","0","0"
"*06qih*","Carson Swilling","SD","RP","9020","FA","24","0","0","0%","0%","0","0.00","0","0","0","0","0","0","0","0","0","0"
"*06ajz*","Roiber Talavera","(N/A)","RP","9042","FA","22","0","0","0%","0%","0","0.00","0","0","0","0","0","0","0","0","0","0"
"*06sjv*","Nico Tellache","SEA","SP,RP","9121","FA","28","0","0","0%","0%","0","0.00","0","0","0","0","0","0","0","0","0","0"
"*06tm7*","Robert Terrero","ARI","SP","9135","FA","19","0","0","0%","0%","0","0.00","0","0","0","0","0","0","0","0","0","0"
"*06tm8*","Grayson Thurman","(N/A)","RP","9184","FA","27","0","0","0%","0%","0","0.00","0","0","0","0","0","0","0","0","0","0"
"*060w8*","Vin Timpanelli","(N/A)","RP","9199","FA","27","0","0","0%","0%","0","0.00","0","0","0","0","0","0","0","0","0","0"
"*06tn6*","Riskiel Tineo","(N/A)","RP","9203","FA","23","0","0","0%","0%","0","0.00","0","0","0","0","0","0","0","0","0","0"
"*06mv7*","Jonfreider Torrealba","(N/A)","RP","9243","FA","19","0","0","0%","0%","0","0.00","0","0","0","0","0","0","0","0","0","0"
"*06206*","Ervin Torres","(N/A)","RP","9255","FA","21","0","0","0%","0%","0","0.00","0","0","0","0","0","0","0","0","0","0"
"*06gzz*","Javi Torres","CLE","RP","9257","FA","21","0","0","0%","0%","0","0.00","0","0","0","0","0","0","0","0","0","0"
"*06v68*","Luis Torres","TOR","RP","9263","FA","21","0","0","0%","0%","0","0.00","0","0","0","0","0","0","0","0","0","0"
"*04apk*","Cristhian Tortosa","PIT","RP","9272","FA","27","0","0","0%","0%","0","0.00","0","0","0","0","0","0","0","0","0","0"
"*06tm9*","Geison Urbaez","(N/A)","RP","9365","FA","26","0","0","0%","0%","0","0.00","0","0","0","0","0","0","0","0","0","0"
"*06uqj*","Roberto Urdaneta","ATH","RP","9373","FA","20","0","0","0%","0%","0","0.00","0","0","0","0","0","0","0","0","0","0"
"*06ak6*","Isaias Uribe","PIT","RP","9381","FA","23","0","0","0%","0%","0","0.00","0","0","0","0","0","0","0","0","0","0"
"*06sbx*","Miguel Valdez","ARI","RP","9405","FA","19","0","0","0%","0%","0","0.00","0","0","0","0","0","0","0","0","0","0"
"*064oe*","Yoan Valdez","DET","RP","9407","FA","20","0","0","0%","0%","0","0.00","0","0","0","0","0","0","0","0","0","0"
"*04etk*","Alex Valverde","(N/A)","SP,RP","9425","FA","29","0","0","0%","0%","0","0.00","0","0","0","0","0","0","0","0","0","0"
"*06sjq*","Mauricio Vargas","NYY","RP","9456","FA","19","0","0","0%","0%","0","0.00","0","0","0","0","0","0","0","0","0","0"
"*06hei*","Will Varmette","SD","SP,RP","9459","FA","23","0","0","0%","0%","0","0.00","0","0","0","0","0","0","0","0","0","0"
"*06sbp*","Keivan Vasquez","ARI","SP","9473","FA","18","0","0","0%","0%","0","0.00","0","0","0","0","0","0","0","0","0","0"
"*06ytr*","Giussepe Velasquez","PHI","SP","9501","FA","23","0","0","0%","0%","0","0.00","0","0","0","0","0","0","0","0","0","0"
"*06u7d*","Ricardo Velez","(N/A)","RP","9509","FA","27","0","0","0%","0%","0","0.00","0","0","0","0","0","0","0","0","0","0"
"*06qzq*","Aiberson Ventura","(N/A)","RP","9515","FA","20","0","0","0%","0%","0","0.00","0","0","0","0","0","0","0","0","0","0"
"*06u6g*","Brayan Vergara","LAA","SP,RP","9534","FA","20","0","0","0%","0%","0","0.00","0","0","0","0","0","0","0","0","0","0"
"*05ydl*","Landon Victorian","(N/A)","SP","9543","FA","20","0","0","0%","0%","0","0.00","0","0","0","0","0","0","0","0","0","0"
"*05r6c*","Michael Vilchez","(N/A)","RP","9550","FA","22","0","0","0%","0%","0","0.00","0","0","0","0","0","0","0","0","0","0"
"*06riy*","Diego Viloria","(N/A)","RP","9567","FA","23","0","0","0%","0%","0","0.00","0","0","0","0","0","0","0","0","0","0"
"*05y7o*","Kyle Virbitsky","(N/A)","RP","9577","FA","27","0","0","0%","0%","0","0.00","0","0","0","0","0","0","0","0","0","0"
"*04oc7*","Raffi Vizcaino","(N/A)","RP","9582","FA","30","0","0","0%","0%","0","0.00","0","0","0","0","0","0","0","0","0","0"
"*06mhx*","Dominic Voegele","BAL","SP","9585","FA","21","0","0","0%","0%","0","0.00","0","0","0","0","0","0","0","0","0","0"
"*066af*","Andrew Walling","PHI","RP","9634","FA","26","0","0","0%","0%","0","0.00","0","0","0","0","0","0","0","0","0","0"
"*03qk8*","Nash Walters","(N/A)","RP","9646","FA","29","0","0","0%","0%","0","0.00","0","0","0","0","0","0","0","0","0","0"
"*06qjl*","Jaren Warwick","LAA","RP","9664","FA","24","0","0","0%","0%","0","0.00","0","0","0","0","0","0","0","0","0","0"
"*04evn*","Mark Washington","(N/A)","RP","9667","FA","30","0","0","0%","0%","0","0.00","0","0","0","0","0","0","0","0","0","0"
"*04aqj*","Nate Webb","(N/A)","SP","9689","FA","28","0","0","0%","0%","0","0.00","0","0","0","0","0","0","0","0","0","0"
"*04ej8*","Blake Weiman","LAA","RP","9701","FA","30","0","0","0%","0%","0","0.00","0","0","0","0","0","0","0","0","0","0"
"*06zfl*","Jackson Wells","HOU","SP","9710","FA","23","0","0","0%","0%","0","0.00","0","0","0","0","0","0","0","0","0","0"
"*06qrl*","Conner Whittaker","CLE","RP","9768","FA","23","0","0","0%","0%","0","0.00","0","0","0","0","0","0","0","0","0","0"
"*06fu4*","Danny Wilkinson","(N/A)","RP","9792","FA","25","0","0","0%","0%","0","0.00","0","0","0","0","0","0","0","0","0","0"
"*04eqx*","Zach Willeman","(N/A)","SP","9795","FA","30","0","0","0%","0%","0","0.00","0","0","0","0","0","0","0","0","0","0"
"*03742*","Taylor Williams","(N/A)","RP","9816","FA","35","0","0","0%","0%","0","0.00","0","0","0","0","0","0","0","0","0","0"
"*05jpp*","Nate Wohlgemuth","(N/A)","RP","9874","FA","25","0","0","0%","0%","0","0.00","0","0","0","0","0","0","0","0","0","0"
"*06rr3*","Tae In Won","(N/A)","SP","9881","FA","26","0","0","0%","0%","0","0.00","0","0","0","0","0","0","0","0","0","0"
"*06v67*","Zeke Wood","STL","RP","9886","FA","26","0","0","0%","0%","0","0.00","0","0","0","0","0","0","0","0","0","0"
"*06zha*","Caden Wooster","NYM","RP","9895","FA","21","0","0","0%","0%","0","0.00","0","0","0","0","0","0","0","0","0","0"
"*06u7c*","Jacob Wosinski","(N/A)","RP","9900","FA","27","0","0","0%","0%","0","0.00","0","0","0","0","0","0","0","0","0","0"
"*06av6*","Gabriel Yanez","(N/A)","RP","9927","FA","27","0","0","0%","0%","0","0.00","0","0","0","0","0","0","0","0","0","0"
"*06r9p*","Ariel Yean","(N/A)","RP","9935","FA","20","0","0","0%","0%","0","0.00","0","0","0","0","0","0","0","0","0","0"
"*05y7g*","Kenyon Yovan","LAA","RP","9961","FA","28","0","0","0%","0%","0","0.00","0","0","0","0","0","0","0","0","0","0"
"*06umg*","Deyer Zapata","ARI","RP","9980","FA","22","0","0","0%","0%","0","0.00","0","0","0","0","0","0","0","0","0","0"
"*06zfj*","Draven Zeigler","PIT","RP","9997","FA","25","0","0","0%","0%","0","0.00","0","0","0","0","0","0","0","0","0","0"
"*06c8y*","Eli Zielinski","(N/A)","SP","10005","FA","22","0","0","0%","0%","0","0.00","0","0","0","0","0","0","0","0","0","0"
"*0554y*","Adrian Alcantara","(N/A)","SP","1284","FA","26","0","0","0%","0%","0","0.00","0","0","0","0","0","0","0","0","0","0"
"*064wf*","Genderson Almonte","(N/A)","SP","1346","FA","22","0","0","0%","0%","0","0.00","0","0","0","0","0","0","0","0","0","0"
"*060yv*","Garvin Alston","(N/A)","RP","1358","FA","29","0","0","0%","0%","0","0.00","0","0","0","0","0","0","0","0","0","0"
"*05ybn*","Cesar Alvarez","(N/A)","SP","1370","FA","23","0","0","0%","0%","0","0.00","0","0","0","0","0","0","0","0","0","0"
"*06kj3*","Frank Alvarez","(N/A)","RP","1374","FA","27","0","0","0%","0%","0","0.00","0","0","0","0","0","0","0","0","0","0"
"*050ii*","Luis Amaya","(N/A)","RP","1393","FA","27","0","0","0%","0%","0","0.00","0","0","0","0","0","0","0","0","0","0"
"*02bsc*","Matt Andriese","(N/A)","RP","1426","FA","36","0","0","0%","0%","0","0.00","0","0","0","0","0","0","0","0","0","0"
"*04nat*","Nick Anello","(N/A)","RP","1431","FA","0","0","0","0%","0%","0","0.00","0","0","0","0","0","0","0","0","0","0"
"*06r19*","Adrian Aray","(N/A)","SP","1470","FA","19","0","0","0%","0%","0","0.00","0","0","0","0","0","0","0","0","0","0"
"*06o0q*","Wander Arias","(N/A)","RP","1518","FA","26","0","0","0%","0%","0","0.00","0","0","0","0","0","0","0","0","0","0"
"*06ukp*","Will Armbruester","SEA","RP","1526","FA","25","0","0","0%","0%","0","0.00","0","0","0","0","0","0","0","0","0","0"
"*066lo*","Chandler Arnold","(N/A)","SP","1533","FA","26","0","0","0%","0%","0","0.00","0","0","0","0","0","0","0","0","0","0"
"*060xx*","Reny Artiles","(N/A)","RP","1556","FA","24","0","0","0%","0%","0","0.00","0","0","0","0","0","0","0","0","0","0"
"*060mg*","Javier Atencio","(N/A)","SP","1571","FA","24","0","0","0%","0%","0","0.00","0","0","0","0","0","0","0","0","0","0"
"*06qwm*","Cesar Avila","(N/A)","SP","1591","FA","24","0","0","0%","0%","0","0.00","0","0","0","0","0","0","0","0","0","0"
"*05y69*","Alex Ayala Jr.","(N/A)","SP","1599","FA","24","0","0","0%","0%","0","0.00","0","0","0","0","0","0","0","0","0","0"
"*06qw3*","Cole Ayers","(N/A)","RP","1603","FA","26","0","0","0%","0%","0","0.00","0","0","0","0","0","0","0","0","0","0"
"*06sj5*","Smith Bailey","(N/A)","SP","1631","FA","20","0","0","0%","0%","0","0.00","0","0","0","0","0","0","0","0","0","0"
"*05rfd*","Max Bain","(N/A)","RP","1633","FA","28","0","0","0%","0%","0","0.00","0","0","0","0","0","0","0","0","0","0"
"*064oh*","Gerson Balbino","(N/A)","SP","1643","FA","21","0","0","0%","0%","0","0.00","0","0","0","0","0","0","0","0","0","0"
"*05yeo*","Luis Baldiris","(N/A)","SP","1647","FA","22","0","0","0%","0%","0","0.00","0","0","0","0","0","0","0","0","0","0"
"*05t6s*","Alec Barger","(N/A)","SP","1677","FA","28","0","0","0%","0%","0","0.00","0","0","0","0","0","0","0","0","0","0"
"*05gdr*","Luke Barker","(N/A)","RP","1679","FA","34","0","0","0%","0%","0","0.00","0","0","0","0","0","0","0","0","0","0"
"*06s3l*","Zach Barnes","(N/A)","RP","1686","FA","27","0","0","0%","0%","0","0.00","0","0","0","0","0","0","0","0","0","0"
"*060oa*","Malik Barrington","(N/A)","SP","1710","FA","28","0","0","0%","0%","0","0.00","0","0","0","0","0","0","0","0","0","0"
"*06zct*","Keegan Batka","PHI","SP","1752","FA","24","0","0","0%","0%","0","0.00","0","0","0","0","0","0","0","0","0","0"
"*06v4z*","Max Bayles","MIN","SP","1774","FA","21","0","0","0%","0%","0","0.00","0","0","0","0","0","0","0","0","0","0"
"*051di*","Jeff Belge","(N/A)","SP","1806","FA","28","0","0","0%","0%","0","0.00","0","0","0","0","0","0","0","0","0","0"
"*06tlg*","Ethan Bell","CHC","RP","1809","FA","24","0","0","0%","0%","0","0.00","0","0","0","0","0","0","0","0","0","0"
"*06ukw*","Jeiki Beltran","(N/A)","RP","1824","FA","22","0","0","0%","0%","0","0.00","0","0","0","0","0","0","0","0","0","0"
"*051b9*","Trey Benton","(N/A)","RP","1857","FA","28","0","0","0%","0%","0","0.00","0","0","0","0","0","0","0","0","0","0"
"*04vem*","Carlos Betancourt","(N/A)","SP","1895","FA","25","0","0","0%","0%","0","0.00","0","0","0","0","0","0","0","0","0","0"
"*06647*","Ben Beutel","(N/A)","SP","1901","FA","26","0","0","0%","0%","0","0.00","0","0","0","0","0","0","0","0","0","0"
"*04250*","Dante Biasi","(N/A)","SP,RP","1902","FA","28","0","0","0%","0%","0","0.00","0","0","0","0","0","0","0","0","0","0"
"*06r25*","Frediry Bierd","(N/A)","RP","1911","FA","22","0","0","0%","0%","0","0.00","0","0","0","0","0","0","0","0","0","0"
"*05yo3*","Malik Binns","(N/A)","SP","1922","FA","27","0","0","0%","0%","0","0.00","0","0","0","0","0","0","0","0","0","0"
"*06r0k*","Reid Birlingmair","(N/A)","SP","1926","FA","29","0","0","0%","0%","0","0.00","0","0","0","0","0","0","0","0","0","0"
"*06umf*","Wilmer Blanco","PHI","SP","1951","FA","22","0","0","0%","0%","0","0.00","0","0","0","0","0","0","0","0","0","0"
"*06qis*","Gage Boehm","SEA","RP","1967","FA","24","0","0","0%","0%","0","0.00","0","0","0","0","0","0","0","0","0","0"
"*06sbh*","Angel Bolivar","(N/A)","SP","1980","FA","20","0","0","0%","0%","0","0.00","0","0","0","0","0","0","0","0","0","0"
"*06hiq*","Matthew Bollenbacher","(N/A)","RP","1985","FA","26","0","0","0%","0%","0","0.00","0","0","0","0","0","0","0","0","0","0"
"*0689p*","Ezequiel Bonilla","(N/A)","SP","1997","FA","20","0","0","0%","0%","0","0.00","0","0","0","0","0","0","0","0","0","0"
"*066jh*","Josh Bortka","(N/A)","SP","2013","FA","27","0","0","0%","0%","0","0.00","0","0","0","0","0","0","0","0","0","0"
"*072zt*","Ty Bothwell","WSH","SP","2020","FA","26","0","0","0%","0%","0","0.00","0","0","0","0","0","0","0","0","0","0"
"*066la*","Kristofer Bow","(N/A)","SP","2029","FA","25","0","0","0%","0%","0","0.00","0","0","0","0","0","0","0","0","0","0"
"*072wi*","Jack Bowery","SEA","SP","2037","FA","23","0","0","0%","0%","0","0.00","0","0","0","0","0","0","0","0","0","0"
"*05yas*","Nicholas Bradley","(N/A)","SP","2059","FA","18","0","0","0%","0%","0","0.00","0","0","0","0","0","0","0","0","0","0"
"*0668j*","Ryan Brady","(N/A)","RP","2062","FA","27","0","0","0%","0%","0","0.00","0","0","0","0","0","0","0","0","0","0"
"*066jg*","Trey Braithwaite","(N/A)","SP","2065","FA","28","0","0","0%","0%","0","0.00","0","0","0","0","0","0","0","0","0","0"
"*06ukr*","Victor Brea","(N/A)","RP","2083","FA","23","0","0","0%","0%","0","0.00","0","0","0","0","0","0","0","0","0","0"
"*04ehe*","Noah Bremer","(N/A)","SP,RP","2090","FA","30","0","0","0%","0%","0","0.00","0","0","0","0","0","0","0","0","0","0"
"*04psf*","Tim Brennan","(N/A)","SP,RP","2093","FA","29","0","0","0%","0%","0","0.00","0","0","0","0","0","0","0","0","0","0"
"*06s36*","Raul Brito","MIN","RP","2126","FA","29","0","0","0%","0%","0","0.00","0","0","0","0","0","0","0","0","0","0"
"*06tlc*","Cam Brown","(N/A)","RP","2153","FA","28","0","0","0%","0%","0","0.00","0","0","0","0","0","0","0","0","0","0"
"*06r12*","Ismauri Bueno","(N/A)","RP","2197","FA","19","0","0","0%","0%","0","0.00","0","0","0","0","0","0","0","0","0","0"
"*05uk0*","Tyler Burch","(N/A)","RP","2204","FA","28","0","0","0%","0%","0","0.00","0","0","0","0","0","0","0","0","0","0"
"*06rn5*","David Burgos","(N/A)","RP","2208","FA","20","0","0","0%","0%","0","0.00","0","0","0","0","0","0","0","0","0","0"
"*06rtr*","Roberto Burgos","(N/A)","RP","2214","FA","22","0","0","0%","0%","0","0.00","0","0","0","0","0","0","0","0","0","0"
"*06heo*","Langston Burkett","(N/A)","RP","2219","FA","21","0","0","0%","0%","0","0.00","0","0","0","0","0","0","0","0","0","0"
"*05y0x*","Nathan Burns","(N/A)","RP","2228","FA","27","0","0","0%","0%","0","0.00","0","0","0","0","0","0","0","0","0","0"
"*06hty*","Logan Bursick-Harrington","(N/A)","SP","2236","FA","25","0","0","0%","0%","0","0.00","0","0","0","0","0","0","0","0","0","0"
"*04pxh*","Michael Byrne","(N/A)","RP","2253","FA","29","0","0","0%","0%","0","0.00","0","0","0","0","0","0","0","0","0","0"
"*06sb5*","Brayan Cabello","SF","RP","2261","FA","22","0","0","0%","0%","0","0.00","0","0","0","0","0","0","0","0","0","0"
"*06rky*","Ismael Cabral","TB","SP","2268","FA","22","0","0","0%","0%","0","0.00","0","0","0","0","0","0","0","0","0","0"
"*06ul1*","Baldemix Cabrera","(N/A)","SP","2272","FA","23","0","0","0%","0%","0","0.00","0","0","0","0","0","0","0","0","0","0"
"*06rpb*","Jan Cabrera","STL","SP","2276","FA","21","0","0","0%","0%","0","0.00","0","0","0","0","0","0","0","0","0","0"
"*06suu*","Yovanny Cabrera","(N/A)","RP","2289","FA","25","0","0","0%","0%","0","0.00","0","0","0","0","0","0","0","0","0","0"
"*06r28*","Justin Caceres","(N/A)","RP","2291","FA","21","0","0","0%","0%","0","0.00","0","0","0","0","0","0","0","0","0","0"
"*06ugx*","Jesus Camejo","(N/A)","RP","2334","FA","25","0","0","0%","0%","0","0.00","0","0","0","0","0","0","0","0","0","0"
"*06id3*","Kayden Campbell","(N/A)","RP","2347","FA","22","0","0","0%","0%","0","0.00","0","0","0","0","0","0","0","0","0","0"
"*060ob*","Logan Campbell","(N/A)","RP","2349","FA","27","0","0","0%","0%","0","0.00","0","0","0","0","0","0","0","0","0","0"
"*06rtw*","Alexander Campos","TB","RP","2354","FA","23","0","0","0%","0%","0","0.00","0","0","0","0","0","0","0","0","0","0"
"*06rtx*","Ulices Campos","(N/A)","SP","2362","FA","24","0","0","0%","0%","0","0.00","0","0","0","0","0","0","0","0","0","0"
"*05yge*","Francesco Capocci","(N/A)","RP","2383","FA","22","0","0","0%","0%","0","0.00","0","0","0","0","0","0","0","0","0","0"
"*06r3z*","Jan Caraballo","DET","RP","2389","FA","22","0","0","0%","0%","0","0.00","0","0","0","0","0","0","0","0","0","0"
"*06uw3*","Tate Carey","(N/A)","SP","2405","FA","20","0","0","0%","0%","0","0.00","0","0","0","0","0","0","0","0","0","0"
"*05g32*","Drew Carlton","(N/A)","RP","2416","FA","30","0","0","0%","0%","0","0.00","0","0","0","0","0","0","0","0","0","0"
"*06c5m*","Kyler Carmack","PHI","RP","2417","FA","23","0","0","0%","0%","0","0.00","0","0","0","0","0","0","0","0","0","0"
"*06rqx*","Kelvin Carmona","(N/A)","RP","2420","FA","19","0","0","0%","0%","0","0.00","0","0","0","0","0","0","0","0","0","0"
"*06v6f*","Luis Carrasco","ARI","RP","2437","FA","21","0","0","0%","0%","0","0.00","0","0","0","0","0","0","0","0","0","0"
"*06c86*","Emisael Carrera","(N/A)","SP","2442","FA","20","0","0","0%","0%","0","0.00","0","0","0","0","0","0","0","0","0","0"
"*06tl4*","Alvaro Carrillo","(N/A)","RP","2448","FA","21","0","0","0%","0%","0","0.00","0","0","0","0","0","0","0","0","0","0"
"*06ro0*","Andrew Carson","(N/A)","RP","2450","FA","26","0","0","0%","0%","0","0.00","0","0","0","0","0","0","0","0","0","0"
"*05ai6*","Victor Castaneda","(N/A)","RP","2477","FA","27","0","0","0%","0%","0","0.00","0","0","0","0","0","0","0","0","0","0"
"*06rjk*","Wilkelma Castillo","(N/A)","RP","2514","FA","26","0","0","0%","0%","0","0.00","0","0","0","0","0","0","0","0","0","0"
"*05t5j*","Wilton Castillo","(N/A)","SP","2515","FA","26","0","0","0%","0%","0","0.00","0","0","0","0","0","0","0","0","0","0"
"*06r42*","Deybi Castro","(N/A)","SP","2521","FA","20","0","0","0%","0%","0","0.00","0","0","0","0","0","0","0","0","0","0"
"*06ba7*","Yon Castro","(N/A)","SP","2534","FA","27","0","0","0%","0%","0","0.00","0","0","0","0","0","0","0","0","0","0"
"*066nb*","Manuel Cazorla","(N/A)","SP","2548","FA","21","0","0","0%","0%","0","0.00","0","0","0","0","0","0","0","0","0","0"
"*06u73*","Joel Cesar","(N/A)","RP","2587","FA","30","0","0","0%","0%","0","0.00","0","0","0","0","0","0","0","0","0","0"
"*05reh*","Jose Chacin","(N/A)","SP,RP","2596","FA","29","0","0","0%","0%","0","0.00","0","0","0","0","0","0","0","0","0","0"
"*06z9y*","Tyrelle Chadwick","COL","SP","2602","FA","23","0","0","0%","0%","0","0.00","0","0","0","0","0","0","0","0","0","0"
"*05iyq*","Sandi Charle","(N/A)","RP","2616","FA","23","0","0","0%","0%","0","0.00","0","0","0","0","0","0","0","0","0","0"
"*06hj3*","Seth Chavez","(N/A)","RP","2630","FA","26","0","0","0%","0%","0","0.00","0","0","0","0","0","0","0","0","0","0"
"*066cy*","Wyatt Cheney","(N/A)","SP","2635","FA","25","0","0","0%","0%","0","0.00","0","0","0","0","0","0","0","0","0","0"
"*06rrc*","Young Cheol Yoon","(N/A)","SP","2636","FA","22","0","0","0%","0%","0","0.00","0","0","0","0","0","0","0","0","0","0"
"*06qj4*","Grant Cherry","(N/A)","RP","2637","FA","23","0","0","0%","0%","0","0.00","0","0","0","0","0","0","0","0","0","0"
"*06in0*","Bryan Chi","(N/A)","RP","2640","FA","27","0","0","0%","0%","0","0.00","0","0","0","0","0","0","0","0","0","0"
"*06uw9*","Alejandro Chiquillo","TEX","RP","2643","FA","23","0","0","0%","0%","0","0.00","0","0","0","0","0","0","0","0","0","0"
"*06bdd*","Harold Chirino","(N/A)","RP","2644","FA","28","0","0","0%","0%","0","0.00","0","0","0","0","0","0","0","0","0","0"
"*064s1*","Jhosep Chirinos","(N/A)","SP","2649","FA","22","0","0","0%","0%","0","0.00","0","0","0","0","0","0","0","0","0","0"
"*0689n*","Junior Chirinos","(N/A)","RP","2652","FA","21","0","0","0%","0%","0","0.00","0","0","0","0","0","0","0","0","0","0"
"*066jp*","Jake Christianson","(N/A)","RP","2671","FA","26","0","0","0%","0%","0","0.00","0","0","0","0","0","0","0","0","0","0"
"*06hh8*","Will Christophersen","(N/A)","SP","2673","FA","26","0","0","0%","0%","0","0.00","0","0","0","0","0","0","0","0","0","0"
"*0669n*","Christian Ciuffetelli","(N/A)","SP","2688","FA","26","0","0","0%","0%","0","0.00","0","0","0","0","0","0","0","0","0","0"
"*0669v*","Seth Clark","(N/A)","RP","2697","FA","26","0","0","0%","0%","0","0.00","0","0","0","0","0","0","0","0","0","0"
"*06ulg*","Jharold Clemente","(N/A)","SP","2710","FA","23","0","0","0%","0%","0","0.00","0","0","0","0","0","0","0","0","0","0"
"*06tlw*","Jesus Clode","(N/A)","RP","2720","FA","24","0","0","0%","0%","0","0.00","0","0","0","0","0","0","0","0","0","0"
"*06r47*","Daniel Colina","(N/A)","RP","2746","FA","19","0","0","0%","0%","0","0.00","0","0","0","0","0","0","0","0","0","0"
"*0510g*","Robert Colina","(N/A)","SP","2752","FA","25","0","0","0%","0%","0","0.00","0","0","0","0","0","0","0","0","0","0"
"*06uww*","Mauricio Colmenares","(N/A)","SP","2769","FA","22","0","0","0%","0%","0","0.00","0","0","0","0","0","0","0","0","0","0"
"*064s3*","Willian Colmenares","(N/A)","SP","2771","FA","21","0","0","0%","0%","0","0.00","0","0","0","0","0","0","0","0","0","0"
"*04o65*","Jol Concepcion","(N/A)","RP","2785","FA","27","0","0","0%","0%","0","0.00","0","0","0","0","0","0","0","0","0","0"
"*04etl*","Bryce Conley","NYM","SP","2789","FA","31","0","0","0%","0%","0","0.00","0","0","0","0","0","0","0","0","0","0"
"*06qik*","Adam Conrad","(N/A)","RP","2796","FA","23","0","0","0%","0%","0","0.00","0","0","0","0","0","0","0","0","0","0"
"*06uxm*","Teague Conrad","(N/A)","SP","2798","FA","25","0","0","0%","0%","0","0.00","0","0","0","0","0","0","0","0","0","0"
"*06qvc*","Wilfredo Cordero","TOR","RP","2841","FA","23","0","0","0%","0%","0","0.00","0","0","0","0","0","0","0","0","0","0"
"*064p4*","Derek Corro","(N/A)","RP","2864","FA","21","0","0","0%","0%","0","0.00","0","0","0","0","0","0","0","0","0","0"
"*06r03*","Cameron Cotter","CIN","SP","2881","FA","27","0","0","0%","0%","0","0.00","0","0","0","0","0","0","0","0","0","0"
"*06aww*","Josimar Cousin","(N/A)","RP","2888","FA","28","0","0","0%","0%","0","0.00","0","0","0","0","0","0","0","0","0","0"
"*06pqs*","Andres Cova","LAA","RP","2891","FA","21","0","0","0%","0%","0","0.00","0","0","0","0","0","0","0","0","0","0"
"*059c3*","Brooks Crawford","(N/A)","RP","2908","FA","29","0","0","0%","0%","0","0.00","0","0","0","0","0","0","0","0","0","0"
"*06kj2*","Alejandro Crisostomo","(N/A)","RP","2922","FA","25","0","0","0%","0%","0","0.00","0","0","0","0","0","0","0","0","0","0"
"*06bsd*","Yatner Crisostomo","CLE","RP","2923","FA","23","0","0","0%","0%","0","0.00","0","0","0","0","0","0","0","0","0","0"
"*06rrp*","Jack Cropper","(N/A)","RP","2932","FA","21","0","0","0%","0%","0","0.00","0","0","0","0","0","0","0","0","0","0"
"*06kuf*","Naykel Cruz","(N/A)","RP","2965","FA","26","0","0","0%","0%","0","0.00","0","0","0","0","0","0","0","0","0","0"
"*06su4*","Melvin Cuevas","(N/A)","RP","2985","FA","21","0","0","0%","0%","0","0.00","0","0","0","0","0","0","0","0","0","0"
"*05y80*","Wilson Cunningham","(N/A)","SP","2999","FA","23","0","0","0%","0%","0","0.00","0","0","0","0","0","0","0","0","0","0"
"*066ll*","Nate Dahle","(N/A)","SP","3024","FA","28","0","0","0%","0%","0","0.00","0","0","0","0","0","0","0","0","0","0"
"*066ap*","Jack Dallas","PHI","RP","3032","FA","27","0","0","0%","0%","0","0.00","0","0","0","0","0","0","0","0","0","0"
"*06imu*","Engel Daniel Peralta","(N/A)","RP","3042","FA","22","0","0","0%","0%","0","0.00","0","0","0","0","0","0","0","0","0","0"
"*06ywh*","Mason Davenport","TOR","SP,RP","3068","FA","22","0","0","0%","0%","0","0.00","0","0","0","0","0","0","0","0","0","0"
"*05ynf*","Marc Davis","(N/A)","SP","3091","FA","26","0","0","0%","0%","0","0.00","0","0","0","0","0","0","0","0","0","0"
"*06ulf*","Cesar De Jesus","TB","RP","3112","FA","22","0","0","0%","0%","0","0.00","0","0","0","0","0","0","0","0","0","0"
"*06imx*","Dairon De Jesus","(N/A)","RP","3113","FA","22","0","0","0%","0%","0","0.00","0","0","0","0","0","0","0","0","0","0"
"*06qjk*","Rolando De La Cruz","(N/A)","SP","3142","FA","25","0","0","0%","0%","0","0.00","0","0","0","0","0","0","0","0","0","0"
"*06r3y*","Jarlen De La Paz","(N/A)","SP","3151","FA","21","0","0","0%","0%","0","0.00","0","0","0","0","0","0","0","0","0","0"
"*06r0c*","Franck De La Rosa","(N/A)","RP","3156","FA","0","0","0","0%","0%","0","0.00","0","0","0","0","0","0","0","0","0","0"
"*06r14*","Jose De La Rosa","(N/A)","SP","3158","FA","21","0","0","0%","0%","0","0.00","0","0","0","0","0","0","0","0","0","0"
"*066n5*","Carlos De Los Santos","(N/A)","RP","3182","FA","25","0","0","0%","0%","0","0.00","0","0","0","0","0","0","0","0","0","0"
"*06rth*","Eliazar De Los Santos","(N/A)","RP","3185","FA","23","0","0","0%","0%","0","0.00","0","0","0","0","0","0","0","0","0","0"
"*06rsk*","Greudis De Los Santos","ARI","SP","3187","FA","20","0","0","0%","0%","0","0.00","0","0","0","0","0","0","0","0","0","0"
"*06rsm*","Joldelanio De Los Santos","LAD","RP","3190","FA","22","0","0","0%","0%","0","0.00","0","0","0","0","0","0","0","0","0","0"
"*06rsp*","Weslin De Los Santos","(N/A)","RP","3198","FA","20","0","0","0%","0%","0","0.00","0","0","0","0","0","0","0","0","0","0"
"*05y0p*","Brayan De Paula","(N/A)","SP","3202","FA","27","0","0","0%","0%","0","0.00","0","0","0","0","0","0","0","0","0","0"
"*06v2s*","Nick DeCarlo","(N/A)","RP","3211","FA","24","0","0","0%","0%","0","0.00","0","0","0","0","0","0","0","0","0","0"
"*06ukf*","Tate DeRias","(N/A)","SP","3222","FA","20","0","0","0%","0%","0","0.00","0","0","0","0","0","0","0","0","0","0"
"*04zak*","Hayden Deal","(N/A)","RP","3229","FA","31","0","0","0%","0%","0","0.00","0","0","0","0","0","0","0","0","0","0"
"*03mny*","Miguel Del Pozo","(N/A)","RP","3246","FA","33","0","0","0%","0%","0","0.00","0","0","0","0","0","0","0","0","0","0"
"*06imy*","Joelvis Del Rosario","(N/A)","SP","3249","FA","25","0","0","0%","0%","0","0.00","0","0","0","0","0","0","0","0","0","0"
"*06mht*","Jesus Delgado","(N/A)","RP","3256","FA","22","0","0","0%","0%","0","0.00","0","0","0","0","0","0","0","0","0","0"
"*06r1p*","Geremi Delpino","(N/A)","RP","3261","FA","22","0","0","0%","0%","0","0.00","0","0","0","0","0","0","0","0","0","0"
"*060vb*","Eddy Demurias","(N/A)","RP","3265","FA","28","0","0","0%","0%","0","0.00","0","0","0","0","0","0","0","0","0","0"
"*06ume*","Jacob Denner","SEA","RP","3271","FA","25","0","0","0%","0%","0","0.00","0","0","0","0","0","0","0","0","0","0"
"*06ht0*","Bryan Diaz","(N/A)","RP","3297","FA","22","0","0","0%","0%","0","0.00","0","0","0","0","0","0","0","0","0","0"
"*06ulc*","Norbis Diaz","(N/A)","RP","3321","FA","21","0","0","0%","0%","0","0.00","0","0","0","0","0","0","0","0","0","0"
"*06gu6*","Jonah Dipoto","(N/A)","RP","3358","FA","29","0","0","0%","0%","0","0.00","0","0","0","0","0","0","0","0","0","0"
"*06zek*","Ryan Dollar","NYM","RP","3372","FA","22","0","0","0%","0%","0","0.00","0","0","0","0","0","0","0","0","0","0"
"*0635i*","Yonael Dominguez","(N/A)","SP","3385","FA","24","0","0","0%","0%","0","0.00","0","0","0","0","0","0","0","0","0","0"
"*03qql*","Kyle Dowdy","(N/A)","RP","3412","FA","33","0","0","0%","0%","0","0.00","0","0","0","0","0","0","0","0","0","0"
"*041t1*","Cole Duensing","(N/A)","RP","3440","FA","28","0","0","0%","0%","0","0.00","0","0","0","0","0","0","0","0","0","0"
"*01sil*","Danny Duffy","(N/A)","RP","3444","FA","37","0","0","0%","0%","0","0.00","0","0","0","0","0","0","0","0","0","0"
"*05u6i*","Nick Dugan","(N/A)","SP","3447","FA","21","0","0","0%","0%","0","0.00","0","0","0","0","0","0","0","0","0","0"
"*06kwm*","Hunter Dula","(N/A)","RP","3450","FA","27","0","0","0%","0%","0","0.00","0","0","0","0","0","0","0","0","0","0"
"*06rnd*","Juan Duran","BAL","RP","3475","FA","22","0","0","0%","0%","0","0.00","0","0","0","0","0","0","0","0","0","0"
"*04q5k*","Josh Dye","(N/A)","SP,RP","3489","FA","29","0","0","0%","0%","0","0.00","0","0","0","0","0","0","0","0","0","0"
"*06qj2*","J'Briell Easley","TEX","SP","3496","FA","24","0","0","0%","0%","0","0.00","0","0","0","0","0","0","0","0","0","0"
"*05yo8*","Christian Edwards","(N/A)","SP","3512","FA","27","0","0","0%","0%","0","0.00","0","0","0","0","0","0","0","0","0","0"
"*05yd4*","Zach Edwards","(N/A)","SP","3516","FA","21","0","0","0%","0%","0","0.00","0","0","0","0","0","0","0","0","0","0"
"*06suz*","Lorenzo Encarnacion","(N/A)","SP","3561","FA","24","0","0","0%","0%","0","0.00","0","0","0","0","0","0","0","0","0","0"
"*01ub5*","Robbie Erlin","(N/A)","RP","3576","FA","35","0","0","0%","0%","0","0.00","0","0","0","0","0","0","0","0","0","0"
"*06u6l*","Estarlin Escalante","(N/A)","RP","3577","FA","22","0","0","0%","0%","0","0.00","0","0","0","0","0","0","0","0","0","0"
"*05tjl*","Manuel Espinoza","(N/A)","SP","3608","FA","25","0","0","0%","0%","0","0.00","0","0","0","0","0","0","0","0","0","0"
"*06cna*","Wilson Esterlin","(N/A)","SP","3616","FA","21","0","0","0%","0%","0","0.00","0","0","0","0","0","0","0","0","0","0"
"*066k4*","Ben Ethridge","(N/A)","SP","3629","FA","25","0","0","0%","0%","0","0.00","0","0","0","0","0","0","0","0","0","0"
"*066it*","Wyatt Evans","(N/A)","RP","3639","FA","23","0","0","0%","0%","0","0.00","0","0","0","0","0","0","0","0","0","0"
"*06uli*","Fred Fajardo","(N/A)","RP","3654","FA","21","0","0","0%","0%","0","0.00","0","0","0","0","0","0","0","0","0","0"
"*031bk*","Luke Farrell","(N/A)","RP","3677","FA","35","0","0","0%","0%","0","0.00","0","0","0","0","0","0","0","0","0","0"
"*062ja*","Ryan Feczko","(N/A)","SP","3685","FA","25","0","0","0%","0%","0","0.00","0","0","0","0","0","0","0","0","0","0"
"*06bmz*","Daniel Federman","(N/A)","RP","3686","FA","27","0","0","0%","0%","0","0.00","0","0","0","0","0","0","0","0","0","0"
"*06hul*","Cade Feeney","(N/A)","RP","3687","FA","24","0","0","0%","0%","0","0.00","0","0","0","0","0","0","0","0","0","0"
"*04anh*","Brady Feigl","(N/A)","RP","3688","FA","35","0","0","0%","0%","0","0.00","0","0","0","0","0","0","0","0","0","0"
"*06ugu*","Mervin Fell","ARI","SP","3704","FA","23","0","0","0%","0%","0","0.00","0","0","0","0","0","0","0","0","0","0"
"*03qmw*","Gray Fenter","(N/A)","SP","3710","FA","30","0","0","0%","0%","0","0.00","0","0","0","0","0","0","0","0","0","0"
"*061qs*","Christian Fernandez","(N/A)","RP","3716","FA","26","0","0","0%","0%","0","0.00","0","0","0","0","0","0","0","0","0","0"
"*06c8t*","Andinson Ferrer","(N/A)","SP","3739","FA","22","0","0","0%","0%","0","0.00","0","0","0","0","0","0","0","0","0","0"
"*0665l*","Colin Fields","DET","RP","3748","FA","26","0","0","0%","0%","0","0.00","0","0","0","0","0","0","0","0","0","0"
"*06mib*","Colin Fisher","SF","SP","3771","FA","21","0","0","0%","0%","0","0.00","0","0","0","0","0","0","0","0","0","0"
"*05jqr*","Hugh Fisher","(N/A)","RP","3772","FA","27","0","0","0%","0%","0","0.00","0","0","0","0","0","0","0","0","0","0"
"*0642k*","Nate Fisher","(N/A)","RP","3774","FA","30","0","0","0%","0%","0","0.00","0","0","0","0","0","0","0","0","0","0"
"*06ulh*","Junior Flores","PIT","RP","3809","FA","24","0","0","0%","0%","0","0.00","0","0","0","0","0","0","0","0","0","0"
"*05y5i*","Jordan Fowler","(N/A)","SP","3858","FA","27","0","0","0%","0%","0","0.00","0","0","0","0","0","0","0","0","0","0"
"*06s3f*","Carlos Francisco","(N/A)","RP","3878","FA","27","0","0","0%","0%","0","0.00","0","0","0","0","0","0","0","0","0","0"
"*06ux8*","Marlon Franco","SF","SP,RP","3886","FA","23","0","0","0%","0%","0","0.00","0","0","0","0","0","0","0","0","0","0"
"*06uwc*","Oliver Franco","(N/A)","SP","3888","FA","19","0","0","0%","0%","0","0.00","0","0","0","0","0","0","0","0","0","0"
"*05y9a*","Jack Frankel","(N/A)","SP","3892","FA","21","0","0","0%","0%","0","0.00","0","0","0","0","0","0","0","0","0","0"
"*065jg*","Caleb Franzen","SEA","SP","3902","FA","25","0","0","0%","0%","0","0.00","0","0","0","0","0","0","0","0","0","0"
"*06qxp*","Geronimo Franzua","(N/A)","SP","3903","FA","32","0","0","0%","0%","0","0.00","0","0","0","0","0","0","0","0","0","0"
"*06ul6*","Dariel Fregio","DET","RP","3912","FA","26","0","0","0%","0%","0","0.00","0","0","0","0","0","0","0","0","0","0"
"*06rq0*","Yonathan Frias","(N/A)","RP","3924","FA","20","0","0","0%","0%","0","0.00","0","0","0","0","0","0","0","0","0","0"
"*06u77*","Matt Gabbert","(N/A)","SP,RP","3957","FA","24","0","0","0%","0%","0","0.00","0","0","0","0","0","0","0","0","0","0"
"*06her*","Ronaldo Gallo","PIT","RP","3989","FA","25","0","0","0%","0%","0","0.00","0","0","0","0","0","0","0","0","0","0"
"*06r2a*","Anhuar Garcia","CHC","SP","4016","FA","22","0","0","0%","0%","0","0.00","0","0","0","0","0","0","0","0","0","0"
"*06uh1*","Anthony Garcia","(N/A)","RP","4017","FA","24","0","0","0%","0%","0","0.00","0","0","0","0","0","0","0","0","0","0"
"*06v2r*","Brett Garcia","(N/A)","RP","4020","FA","26","0","0","0%","0%","0","0.00","0","0","0","0","0","0","0","0","0","0"
"*06r09*","Darvin Garcia","(N/A)","SP","4028","FA","27","0","0","0%","0%","0","0.00","0","0","0","0","0","0","0","0","0","0"
"*05itc*","Elvis Garcia","(N/A)","RP","4037","FA","23","0","0","0%","0%","0","0.00","0","0","0","0","0","0","0","0","0","0"
"*06u6k*","Engert Garcia","(N/A)","SP","4038","FA","26","0","0","0%","0%","0","0.00","0","0","0","0","0","0","0","0","0","0"
"*06qyi*","Pedro Garcia","(N/A)","SP","4060","FA","31","0","0","0%","0%","0","0.00","0","0","0","0","0","0","0","0","0","0"
"*06upz*","Pedro Garcia","DET","RP","4061","FA","24","0","0","0%","0%","0","0.00","0","0","0","0","0","0","0","0","0","0"
"*06ahs*","Roy Garcia","(N/A)","RP","4067","FA","25","0","0","0%","0%","0","0.00","0","0","0","0","0","0","0","0","0","0"
"*06ilv*","Claudio Gatier","(N/A)","RP","4096","FA","24","0","0","0%","0%","0","0.00","0","0","0","0","0","0","0","0","0","0"
"*066ac*","Will Geerdes","(N/A)","SP","4105","FA","26","0","0","0%","0%","0","0.00","0","0","0","0","0","0","0","0","0","0"
"*072ps*","Michael Gemma","(N/A)","SP","4109","FA","24","0","0","0%","0%","0","0.00","0","0","0","0","0","0","0","0","0","0"
"*06tlo*","Jose Geraldo","(N/A)","RP","4123","FA","27","0","0","0%","0%","0","0.00","0","0","0","0","0","0","0","0","0","0"
"*06qqu*","Will Gervase","LAA","RP","4134","FA","24","0","0","0%","0%","0","0.00","0","0","0","0","0","0","0","0","0","0"
"*05y4f*","Adrian Gil","(N/A)","RP","4140","FA","22","0","0","0%","0%","0","0.00","0","0","0","0","0","0","0","0","0","0"
"*06fi9*","Franklin Gil","(N/A)","SP","4143","FA","23","0","0","0%","0%","0","0.00","0","0","0","0","0","0","0","0","0","0"
"*06tx7*","Jake Gilbert","(N/A)","RP","4151","FA","29","0","0","0%","0%","0","0.00","0","0","0","0","0","0","0","0","0","0"
"*06qgx*","Greyson Gimenez","WSH","RP","4166","FA","21","0","0","0%","0%","0","0.00","0","0","0","0","0","0","0","0","0","0"
"*06h1q*","Landon Ginn","(N/A)","RP","4168","FA","25","0","0","0%","0%","0","0.00","0","0","0","0","0","0","0","0","0","0"
"*06uh0*","Peyton Glavine","(N/A)","RP","4178","FA","27","0","0","0%","0%","0","0.00","0","0","0","0","0","0","0","0","0","0"
"*0665r*","Connor Godwin","(N/A)","RP","4189","FA","24","0","0","0%","0%","0","0.00","0","0","0","0","0","0","0","0","0","0"
"*06rst*","Jordan Goldmann","(N/A)","OF,SP","4191","FA","24","0","0","0%","0%","0","0.00","0","0","0","0","0","0","0","0","0","0"
"*05m6i*","Blake Goldsberry","(N/A)","RP","4192","FA","29","0","0","0%","0%","0","0.00","0","0","0","0","0","0","0","0","0","0"
"*064vu*","Carlos Gomez","(N/A)","RP","4199","FA","21","0","0","0%","0%","0","0.00","0","0","0","0","0","0","0","0","0","0"
"*06r0d*","Henry Gomez","(N/A)","RP","4205","FA","24","0","0","0%","0%","0","0.00","0","0","0","0","0","0","0","0","0","0"
"*06qvb*","Michael Gomez","(N/A)","RP","4212","FA","29","0","0","0%","0%","0","0.00","0","0","0","0","0","0","0","0","0","0"
"*04ll6*","Hai-Cheng Gong","(N/A)","RP","4228","FA","27","0","0","0%","0%","0","0.00","0","0","0","0","0","0","0","0","0","0"
"*03dal*","Brian Gonzalez","(N/A)","SP","4240","FA","30","0","0","0%","0%","0","0.00","0","0","0","0","0","0","0","0","0","0"
"*062y0*","Cristhofer Gonzalez","(N/A)","SP","4246","FA","21","0","0","0%","0%","0","0.00","0","0","0","0","0","0","0","0","0","0"
"*06ytq*","Diomar Gonzalez","ATH","SP","4256","FA","21","0","0","0%","0%","0","0.00","0","0","0","0","0","0","0","0","0","0"
"*064oz*","Edwin Gonzalez","(N/A)","SP","4258","FA","22","0","0","0%","0%","0","0.00","0","0","0","0","0","0","0","0","0","0"
"*051z3*","Jesus Gonzalez","(N/A)","SP,RP","4269","FA","25","0","0","0%","0%","0","0.00","0","0","0","0","0","0","0","0","0","0"
"*06hel*","Joan Gonzalez","(N/A)","SP","4270","FA","28","0","0","0%","0%","0","0.00","0","0","0","0","0","0","0","0","0","0"
"*06l4p*","Jorge Gonzalez","(N/A)","SP","4273","FA","23","0","0","0%","0%","0","0.00","0","0","0","0","0","0","0","0","0","0"
"*06ugz*","Joseilyn Gonzalez","LAD","RP","4277","FA","24","0","0","0%","0%","0","0.00","0","0","0","0","0","0","0","0","0","0"
"*06umd*","Orlando Gonzalez","PHI","RP","4290","FA","23","0","0","0%","0%","0","0.00","0","0","0","0","0","0","0","0","0","0"
"*04rhi*","Pedro Gonzalez","(N/A)","RP","4292","FA","26","0","0","0%","0%","0","0.00","0","0","0","0","0","0","0","0","0","0"
"*04q59*","Saul Gonzalez","(N/A)","SP,RP","4299","FA","26","0","0","0%","0%","0","0.00","0","0","0","0","0","0","0","0","0","0"
"*06rll*","Yeferson Gonzalez","(N/A)","SP","4303","FA","19","0","0","0%","0%","0","0.00","0","0","0","0","0","0","0","0","0","0"
"*06ih6*","Lucas Gordillo","(N/A)","SP","4310","FA","24","0","0","0%","0%","0","0.00","0","0","0","0","0","0","0","0","0","0"
"*05xs9*","Brooks Gosswein","(N/A)","SP","4319","FA","27","0","0","0%","0%","0","0.00","0","0","0","0","0","0","0","0","0","0"
"*06rp5*","Frenny Grant","DET","SP","4344","FA","22","0","0","0%","0%","0","0.00","0","0","0","0","0","0","0","0","0","0"
"*06654*","Shane Gray","(N/A)","SP","4360","FA","26","0","0","0%","0%","0","0.00","0","0","0","0","0","0","0","0","0","0"
"*072bn*","Griffin Green","(N/A)","RP","4365","FA","25","0","0","0%","0%","0","0.00","0","0","0","0","0","0","0","0","0","0"
"*02hds*","Shane Greene","(N/A)","RP","4375","FA","37","0","0","0%","0%","0","0.00","0","0","0","0","0","0","0","0","0","0"
"*05ylr*","David Griffin","(N/A)","SP,RP","4385","FA","30","0","0","0%","0%","0","0.00","0","0","0","0","0","0","0","0","0","0"
"*06rr9*","Ruei Yang Gu Lin","(N/A)","SP","4397","FA","26","0","0","0%","0%","0","0.00","0","0","0","0","0","0","0","0","0","0"
"*072ed*","Jakob Guardado","LAA","SP","4405","FA","24","0","0","0%","0%","0","0.00","0","0","0","0","0","0","0","0","0","0"
"*066jk*","Quinn Gudaitis","(N/A)","SP","4408","FA","27","0","0","0%","0%","0","0.00","0","0","0","0","0","0","0","0","0","0"
"*05ygv*","Pablo Guillen","(N/A)","SP","4439","FA","28","0","0","0%","0%","0","0.00","0","0","0","0","0","0","0","0","0","0"
"*05yau*","Shawn Guilliams","(N/A)","SP","4441","FA","24","0","0","0%","0%","0","0.00","0","0","0","0","0","0","0","0","0","0"
"*06aoq*","Emilker Guzman","(N/A)","RP","4474","FA","27","0","0","0%","0%","0","0.00","0","0","0","0","0","0","0","0","0","0"
"*056j8*","Ronaldo Guzman","(N/A)","SP","4482","FA","23","0","0","0%","0%","0","0.00","0","0","0","0","0","0","0","0","0","0"
"*06rr1*","Been Gwak","(N/A)","SP","4484","FA","27","0","0","0%","0%","0","0.00","0","0","0","0","0","0","0","0","0","0"
"*061yj*","Aaron Haase","(N/A)","RP","4488","FA","26","0","0","0%","0%","0","0.00","0","0","0","0","0","0","0","0","0","0"
"*05lq5*","Jake Haberer","(N/A)","RP","4489","FA","31","0","0","0%","0%","0","0.00","0","0","0","0","0","0","0","0","0","0"
"*05jr9*","Ryan Hagenow","(N/A)","SP","4501","FA","24","0","0","0%","0%","0","0.00","0","0","0","0","0","0","0","0","0","0"
"*0669l*","Bubba Hall","(N/A)","RP","4515","FA","26","0","0","0%","0%","0","0.00","0","0","0","0","0","0","0","0","0","0"
"*0425z*","JD Hammer","(N/A)","RP","4538","FA","32","0","0","0%","0%","0","0.00","0","0","0","0","0","0","0","0","0","0"
"*04q3s*","Zach Hammer","(N/A)","SP,RP","4539","FA","26","0","0","0%","0%","0","0.00","0","0","0","0","0","0","0","0","0","0"
"*05y9t*","Mo Hanley","(N/A)","RP","4553","FA","27","0","0","0%","0%","0","0.00","0","0","0","0","0","0","0","0","0","0"
"*06r23*","Houston Harding","LAA","RP","4564","FA","28","0","0","0%","0%","0","0.00","0","0","0","0","0","0","0","0","0","0"
"*06ig4*","Colton Hartman","(N/A)","SP","4596","FA","21","0","0","0%","0%","0","0.00","0","0","0","0","0","0","0","0","0","0"
"*06htv*","Karl Hartman","(N/A)","SP","4599","FA","23","0","0","0%","0%","0","0.00","0","0","0","0","0","0","0","0","0","0"
"*06qk9*","Clete Hartzog","CHW","RP","4602","FA","25","0","0","0%","0%","0","0.00","0","0","0","0","0","0","0","0","0","0"
"*06zer*","Peyton Havard","PHI","RP","4613","FA","24","0","0","0%","0%","0","0.00","0","0","0","0","0","0","0","0","0","0"
"*061lo*","Josh Hejka","MIA","RP","4643","FA","29","0","0","0%","0%","0","0.00","0","0","0","0","0","0","0","0","0","0"
"*02hhu*","Heath Hembree","(N/A)","RP","4649","FA","37","0","0","0%","0%","0","0.00","0","0","0","0","0","0","0","0","0","0"
"*06zgf*","J.D. Hennen","BAL","SP","4662","FA","23","0","0","0%","0%","0","0.00","0","0","0","0","0","0","0","0","0","0"
"*067wx*","Ryan Hennen","(N/A)","RP","4663","FA","28","0","0","0%","0%","0","0.00","0","0","0","0","0","0","0","0","0","0"
"*066ct*","Rob Hensey","KC","SP","4674","FA","26","0","0","0%","0%","0","0.00","0","0","0","0","0","0","0","0","0","0"
"*02jmr*","Tyler Herb","(N/A)","SP","4680","FA","34","0","0","0%","0%","0","0.00","0","0","0","0","0","0","0","0","0","0"
"*06tls*","Jholbran Herder","LAD","RP","4682","FA","21","0","0","0%","0%","0","0.00","0","0","0","0","0","0","0","0","0","0"
"*06imd*","Joel Heredia","(N/A)","RP","4684","FA","22","0","0","0%","0%","0","0.00","0","0","0","0","0","0","0","0","0","0"
"*05t6t*","Roblin Heredia","(N/A)","RP","4688","FA","24","0","0","0%","0%","0","0.00","0","0","0","0","0","0","0","0","0","0"
"*04ppv*","Aaron Hernandez","(N/A)","RP","4693","FA","29","0","0","0%","0%","0","0.00","0","0","0","0","0","0","0","0","0","0"
"*06c8p*","Justin Hernandez","(N/A)","RP","4738","FA","21","0","0","0%","0%","0","0.00","0","0","0","0","0","0","0","0","0","0"
"*06u6j*","Leandro Hernandez","(N/A)","RP","4740","FA","24","0","0","0%","0%","0","0.00","0","0","0","0","0","0","0","0","0","0"
"*06uxa*","Jorge Herrera","(N/A)","RP","4778","FA","23","0","0","0%","0%","0","0.00","0","0","0","0","0","0","0","0","0","0"
"*064rx*","Keider Herrera","(N/A)","RP","4780","FA","21","0","0","0%","0%","0","0.00","0","0","0","0","0","0","0","0","0","0"
"*051wx*","Martin Herrera","(N/A)","SP","4783","FA","25","0","0","0%","0%","0","0.00","0","0","0","0","0","0","0","0","0","0"
"*03bdz*","Ronald Herrera","(N/A)","RP","4785","FA","31","0","0","0%","0%","0","0.00","0","0","0","0","0","0","0","0","0","0"
"*066jv*","Matt Hickey","(N/A)","SP","4806","FA","28","0","0","0%","0%","0","0.00","0","0","0","0","0","0","0","0","0","0"
"*06ih8*","Atsumi Hidaka","(N/A)","SP","4812","FA","21","0","0","0%","0%","0","0.00","0","0","0","0","0","0","0","0","0","0"
"*04pv2*","Jake Higginbotham","(N/A)","RP","4819","FA","30","0","0","0%","0%","0","0.00","0","0","0","0","0","0","0","0","0","0"
"*05u6o*","Sam Highfill","PHI","SP","4824","FA","25","0","0","0%","0%","0","0.00","0","0","0","0","0","0","0","0","0","0"
"*0517r*","Kyle Hill","(N/A)","SP,RP","4836","FA","29","0","0","0%","0%","0","0.00","0","0","0","0","0","0","0","0","0","0"
"*05yfz*","Carlos Hinestroza","(N/A)","SP","4845","FA","23","0","0","0%","0%","0","0.00","0","0","0","0","0","0","0","0","0","0"
"*04als*","Colton Hock","(N/A)","SP","4860","FA","30","0","0","0%","0%","0","0.00","0","0","0","0","0","0","0","0","0","0"
"*06awg*","Graham Hoffman","(N/A)","RP","4870","FA","27","0","0","0%","0%","0","0.00","0","0","0","0","0","0","0","0","0","0"
"*0665k*","Connor Holden","(N/A)","SP","4878","FA","28","0","0","0%","0%","0","0.00","0","0","0","0","0","0","0","0","0","0"
"*061tm*","Aaron Holiday","(N/A)","RP","4881","FA","26","0","0","0%","0%","0","0.00","0","0","0","0","0","0","0","0","0","0"
"*05yo4*","Owen Holt","(N/A)","RP","4896","FA","27","0","0","0%","0%","0","0.00","0","0","0","0","0","0","0","0","0","0"
"*06hev*","Chase Hopewell","(N/A)","SP","4910","FA","25","0","0","0%","0%","0","0.00","0","0","0","0","0","0","0","0","0","0"
"*06zge*","Luke Hoskins","DET","RP","4922","FA","23","0","0","0%","0%","0","0.00","0","0","0","0","0","0","0","0","0","0"
"*041w9*","Zac Houston","(N/A)","RP","4931","FA","31","0","0","0%","0%","0","0.00","0","0","0","0","0","0","0","0","0","0"
"*06rs5*","Pao Lo Huang","(N/A)","SP","4943","FA","22","0","0","0%","0%","0","0.00","0","0","0","0","0","0","0","0","0","0"
"*03pp4*","Jonathan Hughes","(N/A)","RP","4958","FA","29","0","0","0%","0%","0","0.00","0","0","0","0","0","0","0","0","0","0"
"*06q34*","Edgar Isea","(N/A)","RP","5015","FA","23","0","0","0%","0%","0","0.00","0","0","0","0","0","0","0","0","0","0"
"*06suv*","Gabriel Jackson","(N/A)","RP","5029","FA","24","0","0","0%","0%","0","0.00","0","0","0","0","0","0","0","0","0","0"
"*06mw9*","Niko Janssens","(N/A)","SP","5053","FA","20","0","0","0%","0%","0","0.00","0","0","0","0","0","0","0","0","0","0"
"*05r5w*","Sebastian Javier","(N/A)","RP","5063","FA","22","0","0","0%","0%","0","0.00","0","0","0","0","0","0","0","0","0","0"
"*06ilu*","Enderson Jean","(N/A)","RP","5068","FA","21","0","0","0%","0%","0","0.00","0","0","0","0","0","0","0","0","0","0"
"*06rpf*","Sean Jenkins","(N/A)","SP","5079","FA","19","0","0","0%","0%","0","0.00","0","0","0","0","0","0","0","0","0","0"
"*072h3*","Woo Joo Jeong","(N/A)","RP","5086","FA","19","0","0","0%","0%","0","0.00","0","0","0","0","0","0","0","0","0","0"
"*066qv*","Cesar Jimenez","(N/A)","SP","5102","FA","21","0","0","0%","0%","0","0.00","0","0","0","0","0","0","0","0","0","0"
"*06872*","Cristian Jimenez","(N/A)","RP","5103","FA","22","0","0","0%","0%","0","0.00","0","0","0","0","0","0","0","0","0","0"
"*06rq1*","Damian Jimenez","(N/A)","SP","5104","FA","21","0","0","0%","0%","0","0.00","0","0","0","0","0","0","0","0","0","0"
"*066r2*","Federik Jimenez","(N/A)","RP","5111","FA","22","0","0","0%","0%","0","0.00","0","0","0","0","0","0","0","0","0","0"
"*06r1x*","Ibrahyn Jimenez","(N/A)","SP","5115","FA","19","0","0","0%","0%","0","0.00","0","0","0","0","0","0","0","0","0","0"
"*06ifn*","Jhomber Jimenez","(N/A)","SP","5116","FA","20","0","0","0%","0%","0","0.00","0","0","0","0","0","0","0","0","0","0"
"*05r65*","Jhonny Jimenez","LAD","RP","5117","FA","22","0","0","0%","0%","0","0.00","0","0","0","0","0","0","0","0","0","0"
"*06umc*","Onias Jimenez","(N/A)","RP","5122","FA","22","0","0","0%","0%","0","0.00","0","0","0","0","0","0","0","0","0","0"
"*06sux*","Colton Johnson","(N/A)","RP","5139","FA","28","0","0","0%","0%","0","0.00","0","0","0","0","0","0","0","0","0","0"
"*0637r*","Reid Johnston","(N/A)","SP,RP","5161","FA","27","0","0","0%","0%","0","0.00","0","0","0","0","0","0","0","0","0","0"
"*051cn*","Jordan Jones","(N/A)","SP","5177","FA","28","0","0","0%","0%","0","0.00","0","0","0","0","0","0","0","0","0","0"
"*06tln*","Bernard Jose","SD","RP","5193","FA","23","0","0","0%","0%","0","0.00","0","0","0","0","0","0","0","0","0","0"
"*060u4*","Chandler Jozwiak","(N/A)","RP","5202","FA","27","0","0","0%","0%","0","0.00","0","0","0","0","0","0","0","0","0","0"
"*06ib3*","Deok Ju Ham","(N/A)","RP","5203","FA","31","0","0","0%","0%","0","0.00","0","0","0","0","0","0","0","0","0","0"
"*06ibe*","Woo Young Jung","(N/A)","RP","5214","FA","26","0","0","0%","0%","0","0.00","0","0","0","0","0","0","0","0","0","0"
"*072dl*","Landry Jurecka","SD","SP","5215","FA","23","0","0","0%","0%","0","0.00","0","0","0","0","0","0","0","0","0","0"
"*06qys*","Chris Kachmar","BAL","SP","5218","FA","29","0","0","0%","0%","0","0.00","0","0","0","0","0","0","0","0","0","0"
"*066ft*","Nathan Karaffa","(N/A)","RP","5229","FA","25","0","0","0%","0%","0","0.00","0","0","0","0","0","0","0","0","0","0"
"*04pmz*","Mitchell Kilkenny","(N/A)","RP","5298","FA","29","0","0","0%","0%","0","0.00","0","0","0","0","0","0","0","0","0","0"
"*04pzx*","Keylan Killgore","(N/A)","RP","5299","FA","29","0","0","0%","0%","0","0.00","0","0","0","0","0","0","0","0","0","0"
"*06hgx*","Jacob King","(N/A)","SP","5312","FA","24","0","0","0%","0%","0","0.00","0","0","0","0","0","0","0","0","0","0"
"*06qf3*","Devin Kirby","ATH","SP","5329","FA","26","0","0","0%","0%","0","0.00","0","0","0","0","0","0","0","0","0","0"
"*06hhc*","Doug Kirkland","(N/A)","SP","5331","FA","25","0","0","0%","0%","0","0.00","0","0","0","0","0","0","0","0","0","0"
"*064n9*","Cole Kirschsieper","(N/A)","SP","5334","FA","25","0","0","0%","0%","0","0.00","0","0","0","0","0","0","0","0","0","0"
"*06alc*","Kole Klecker","MIN","SP","5341","FA","21","0","0","0%","0%","0","0.00","0","0","0","0","0","0","0","0","0","0"
"*06zcr*","Todd Kniebbe","BAL","RP","5353","FA","22","0","0","0%","0%","0","0.00","0","0","0","0","0","0","0","0","0","0"
"*066a9*","Jared Kollar","(N/A)","SP,RP","5383","FA","28","0","0","0%","0%","0","0.00","0","0","0","0","0","0","0","0","0","0"
"*0519w*","Brandon Komar","(N/A)","SP","5386","FA","27","0","0","0%","0%","0","0.00","0","0","0","0","0","0","0","0","0","0"
"*05m68*","Chang-mo Koo","(N/A)","SP","5387","FA","29","0","0","0%","0%","0","0.00","0","0","0","0","0","0","0","0","0","0"
"*0516f*","Jacob Kostyshock","(N/A)","SP,RP","5394","FA","28","0","0","0%","0%","0","0.00","0","0","0","0","0","0","0","0","0","0"
"*06ywb*","Dan Kubiuk","(N/A)","RP","5410","FA","30","0","0","0%","0%","0","0.00","0","0","0","0","0","0","0","0","0","0"
"*051ja*","Nate LaRue","(N/A)","RP","5429","FA","25","0","0","0%","0%","0","0.00","0","0","0","0","0","0","0","0","0","0"
"*06ksf*","Randy Labaut","(N/A)","RP","5432","FA","29","0","0","0%","0%","0","0.00","0","0","0","0","0","0","0","0","0","0"
"*06r22*","Ryan Langford","(N/A)","RP","5464","FA","26","0","0","0%","0%","0","0.00","0","0","0","0","0","0","0","0","0","0"
"*06hwu*","Cale Lansville","(N/A)","SP","5469","FA","23","0","0","0%","0%","0","0.00","0","0","0","0","0","0","0","0","0","0"
"*0403r*","Janser Lara","TEX","RP","5487","FA","29","0","0","0%","0%","0","0.00","0","0","0","0","0","0","0","0","0","0"
"*05y9d*","John Lash","(N/A)","SP","5502","FA","19","0","0","0%","0%","0","0.00","0","0","0","0","0","0","0","0","0","0"
"*04pze*","Holden Laws","(N/A)","SP,RP","5522","FA","26","0","0","0%","0%","0","0.00","0","0","0","0","0","0","0","0","0","0"
"*06htd*","Justin Lawson","(N/A)","RP","5525","FA","25","0","0","0%","0%","0","0.00","0","0","0","0","0","0","0","0","0","0"
"*06qpe*","Aidan Layton","(N/A)","RP","5528","FA","24","0","0","0%","0%","0","0.00","0","0","0","0","0","0","0","0","0","0"
"*05y6y*","Jackson Leath","(N/A)","SP","5539","FA","27","0","0","0%","0%","0","0.00","0","0","0","0","0","0","0","0","0","0"
"*06dtk*","Chansol Lee","(N/A)","SP","5553","FA","21","0","0","0%","0%","0","0.00","0","0","0","0","0","0","0","0","0","0"
"*06ibd*","Eui Lee Lee","(N/A)","SP","5556","FA","24","0","0","0%","0%","0","0.00","0","0","0","0","0","0","0","0","0","0"
"*04pyc*","Evan Lee","(N/A)","RP","5557","FA","29","0","0","0%","0%","0","0.00","0","0","0","0","0","0","0","0","0","0"
"*06qxf*","Taylor Lehman","(N/A)","RP","5570","FA","30","0","0","0%","0%","0","0.00","0","0","0","0","0","0","0","0","0","0"
"*062cd*","Aldo Leija","(N/A)","SP","5572","FA","22","0","0","0%","0%","0","0.00","0","0","0","0","0","0","0","0","0","0"
"*06qex*","Kenny Leiner","BAL","RP","5573","FA","25","0","0","0%","0%","0","0.00","0","0","0","0","0","0","0","0","0","0"
"*060od*","Keiner Leon","(N/A)","RP","5580","FA","22","0","0","0%","0%","0","0.00","0","0","0","0","0","0","0","0","0","0"
"*02n7j*","Dominic Leone","(N/A)","RP","5588","FA","34","0","0","0%","0%","0","0.00","0","0","0","0","0","0","0","0","0","0"
"*06mpy*","Christian Lim","(N/A)","SP","5626","FA","21","0","0","0%","0%","0","0.00","0","0","0","0","0","0","0","0","0","0"
"*06mek*","Denny Lima","CHW","SP","5627","FA","21","0","0","0%","0%","0","0.00","0","0","0","0","0","0","0","0","0","0"
"*05r5g*","Carter Loewen","(N/A)","RP","5688","FA","27","0","0","0%","0%","0","0.00","0","0","0","0","0","0","0","0","0","0"
"*0665s*","Carter Lohman","(N/A)","SP","5696","FA","26","0","0","0%","0%","0","0.00","0","0","0","0","0","0","0","0","0","0"
"*05ubm*","Dylan Lonergan","(N/A)","SP","5702","FA","22","0","0","0%","0%","0","0.00","0","0","0","0","0","0","0","0","0","0"
"*06qir*","Trevor Long","(N/A)","RP","5709","FA","25","0","0","0%","0%","0","0.00","0","0","0","0","0","0","0","0","0","0"
"*06sb6*","Jesus Lopez","(N/A)","SP","5733","FA","20","0","0","0%","0%","0","0.00","0","0","0","0","0","0","0","0","0","0"
"*06mdn*","Jose Lopez","(N/A)","RP","5738","FA","20","0","0","0%","0%","0","0.00","0","0","0","0","0","0","0","0","0","0"
"*06rld*","Jose Lopez","NYM","SP","5739","FA","22","0","0","0%","0%","0","0.00","0","0","0","0","0","0","0","0","0","0"
"*06ulv*","Ronny Lopez","(N/A)","SP","5748","FA","23","0","0","0%","0%","0","0.00","0","0","0","0","0","0","0","0","0","0"
"*0665w*","Collin Lowe","(N/A)","RP","5767","FA","27","0","0","0%","0%","0","0.00","0","0","0","0","0","0","0","0","0","0"
"*066qh*","Jordy Luciano","(N/A)","SP","5775","FA","25","0","0","0%","0%","0","0.00","0","0","0","0","0","0","0","0","0","0"
"*06tlm*","Alejandro Lugo","(N/A)","RP","5782","FA","23","0","0","0%","0%","0","0.00","0","0","0","0","0","0","0","0","0","0"
"*06upy*","Jesus Luna","(N/A)","RP","5803","FA","25","0","0","0%","0%","0","0.00","0","0","0","0","0","0","0","0","0","0"
"*066f2*","John Lynch","(N/A)","SP","5812","FA","25","0","0","0%","0%","0","0.00","0","0","0","0","0","0","0","0","0","0"
"*04yb9*","Joel Machado","(N/A)","SP","5838","FA","24","0","0","0%","0%","0","0.00","0","0","0","0","0","0","0","0","0","0"
"*06c7v*","Bernard Mack","(N/A)","SP","5847","FA","20","0","0","0%","0%","0","0.00","0","0","0","0","0","0","0","0","0","0"
"*06ulu*","Fermin Magallanes","BAL","RP","5866","FA","24","0","0","0%","0%","0","0.00","0","0","0","0","0","0","0","0","0","0"
"*06hyx*","Dalton Mall","(N/A)","SP","5893","FA","26","0","0","0%","0%","0","0.00","0","0","0","0","0","0","0","0","0","0"
"*06umb*","Noah Manning","(N/A)","RP","5908","FA","24","0","0","0%","0%","0","0.00","0","0","0","0","0","0","0","0","0","0"
"*05jq4*","Timmy Manning","(N/A)","RP","5909","FA","24","0","0","0%","0%","0","0.00","0","0","0","0","0","0","0","0","0","0"
"*06aju*","Hansel Marcelino","(N/A)","RP","5924","FA","24","0","0","0%","0%","0","0.00","0","0","0","0","0","0","0","0","0","0"
"*06uxs*","Diovel Mariano","CLE","RP","5934","FA","22","0","0","0%","0%","0","0.00","0","0","0","0","0","0","0","0","0","0"
"*06zev*","Louis Marinaro","TEX","RP","5944","FA","21","0","0","0%","0%","0","0.00","0","0","0","0","0","0","0","0","0","0"
"*05l1l*","Franklin Marquez","(N/A)","SP","5964","FA","23","0","0","0%","0%","0","0.00","0","0","0","0","0","0","0","0","0","0"
"*06ult*","Clarence Martina","WSH","RP","6010","FA","21","0","0","0%","0%","0","0.00","0","0","0","0","0","0","0","0","0","0"
"*06qy7*","Anel Martinez","(N/A)","SP","6015","FA","21","0","0","0%","0%","0","0.00","0","0","0","0","0","0","0","0","0","0"
"*04q3u*","Daniel Martinez","(N/A)","SP,RP","6023","FA","28","0","0","0%","0%","0","0.00","0","0","0","0","0","0","0","0","0","0"
"*06sui*","Felix Martinez","(N/A)","RP","6028","FA","24","0","0","0%","0%","0","0.00","0","0","0","0","0","0","0","0","0","0"
"*06bl4*","Frank Martinez","TEX","RP","6029","FA","24","0","0","0%","0%","0","0.00","0","0","0","0","0","0","0","0","0","0"
"*0657u*","Henry Martinez","(N/A)","SP","6031","FA","22","0","0","0%","0%","0","0.00","0","0","0","0","0","0","0","0","0","0"
"*064w8*","Jhonny Martinez","(N/A)","RP","6039","FA","21","0","0","0%","0%","0","0.00","0","0","0","0","0","0","0","0","0","0"
"*05rgd*","Jordi Martinez","(N/A)","RP","6041","FA","26","0","0","0%","0%","0","0.00","0","0","0","0","0","0","0","0","0","0"
"*06u6p*","Juan Martinez","(N/A)","SP","6046","FA","23","0","0","0%","0%","0","0.00","0","0","0","0","0","0","0","0","0","0"
"*06qyf*","Michael Martinez","(N/A)","RP","6055","FA","27","0","0","0%","0%","0","0.00","0","0","0","0","0","0","0","0","0","0"
"*041r3*","Nolan Martinez","(N/A)","SP,RP","6057","FA","28","0","0","0%","0%","0","0.00","0","0","0","0","0","0","0","0","0","0"
"*0664m*","Quinton Martinez","(N/A)","SP","6061","FA","27","0","0","0%","0%","0","0.00","0","0","0","0","0","0","0","0","0","0"
"*06r16*","Randol Martinez","(N/A)","RP","6063","FA","19","0","0","0%","0%","0","0.00","0","0","0","0","0","0","0","0","0","0"
"*06qtd*","Robinson Martinez","(N/A)","RP","6066","FA","28","0","0","0%","0%","0","0.00","0","0","0","0","0","0","0","0","0","0"
"*06qk7*","Xavier Martinez","CLE","RP","6072","FA","23","0","0","0%","0%","0","0.00","0","0","0","0","0","0","0","0","0","0"
"*06h1u*","Jack Maruskin","(N/A)","SP","6084","FA","26","0","0","0%","0%","0","0.00","0","0","0","0","0","0","0","0","0","0"
"*06bj0*","Carlos Mateo","(N/A)","SP","6093","FA","22","0","0","0%","0%","0","0.00","0","0","0","0","0","0","0","0","0","0"
"*0669u*","Jacob Maton","(N/A)","SP","6110","FA","26","0","0","0%","0%","0","0.00","0","0","0","0","0","0","0","0","0","0"
"*06v2q*","Dwayne Matos","(N/A)","SP","6113","FA","25","0","0","0%","0%","0","0.00","0","0","0","0","0","0","0","0","0","0"
"*072wm*","Haru Matsumoto","(N/A)","RP","6117","FA","25","0","0","0%","0%","0","0.00","0","0","0","0","0","0","0","0","0","0"
"*0516a*","John Matthews","(N/A)","RP","6122","FA","28","0","0","0%","0%","0","0.00","0","0","0","0","0","0","0","0","0","0"
"*05oh8*","Zack Matthews","(N/A)","RP","6124","FA","27","0","0","0%","0%","0","0.00","0","0","0","0","0","0","0","0","0","0"
"*06l3j*","Connor Mattison","MIN","SP","6125","FA","21","0","0","0%","0%","0","0.00","0","0","0","0","0","0","0","0","0","0"
"*06ahc*","Alex Mauricio","(N/A)","RP","6128","FA","29","0","0","0%","0%","0","0.00","0","0","0","0","0","0","0","0","0","0"
"*059c2*","Seth Mayberry","(N/A)","RP","6131","FA","26","0","0","0%","0%","0","0.00","0","0","0","0","0","0","0","0","0","0"
"*0316b*","Mike Mayers","(N/A)","RP","6136","FA","34","0","0","0%","0%","0","0.00","0","0","0","0","0","0","0","0","0","0"
"*06twb*","Aric McAtee","CHW","RP","6143","FA","26","0","0","0%","0%","0","0.00","0","0","0","0","0","0","0","0","0","0"
"*072nq*","Caden McDonald","(N/A)","RP","6181","FA","21","0","0","0%","0%","0","0.00","0","0","0","0","0","0","0","0","0","0"
"*06uvx*","Walker McDuffie","(N/A)","RP","6187","FA","20","0","0","0%","0%","0","0.00","0","0","0","0","0","0","0","0","0","0"
"*04env*","Aaron McGarity","(N/A)","RP","6192","FA","31","0","0","0%","0%","0","0.00","0","0","0","0","0","0","0","0","0","0"
"*031be*","Kyle McGowin","(N/A)","SP","6203","FA","34","0","0","0%","0%","0","0.00","0","0","0","0","0","0","0","0","0","0"
"*06z4a*","Cooper McGrath","SF","RP","6204","FA","25","0","0","0%","0%","0","0.00","0","0","0","0","0","0","0","0","0","0"
"*06suw*","Jake McSteen","(N/A)","RP","6244","FA","30","0","0","0%","0%","0","0.00","0","0","0","0","0","0","0","0","0","0"
"*061zd*","Nomar Medina","(N/A)","SP","6268","FA","23","0","0","0%","0%","0","0.00","0","0","0","0","0","0","0","0","0","0"
"*06r0i*","Ruben Medina","TEX","SP","6273","FA","21","0","0","0%","0%","0","0.00","0","0","0","0","0","0","0","0","0","0"
"*06uls*","Naoel Mejia","PHI","RP","6292","FA","24","0","0","0%","0%","0","0.00","0","0","0","0","0","0","0","0","0","0"
"*06aws*","Christian Mejias","(N/A)","SP","6297","FA","27","0","0","0%","0%","0","0.00","0","0","0","0","0","0","0","0","0","0"
"*06lfw*","Ubert Mejias","SF","RP","6300","FA","25","0","0","0%","0%","0","0.00","0","0","0","0","0","0","0","0","0","0"
"*06rht*","Anderson Melendez","(N/A)","RP","6304","FA","23","0","0","0%","0%","0","0.00","0","0","0","0","0","0","0","0","0","0"
"*06pfl*","Cristofer Melendez","(N/A)","RP","6305","FA","28","0","0","0%","0%","0","0.00","0","0","0","0","0","0","0","0","0","0"
"*06um1*","Edwardo Melendez","CHC","SP,RP","6306","FA","22","0","0","0%","0%","0","0.00","0","0","0","0","0","0","0","0","0","0"
"*06rm2*","Juan Mendez","(N/A)","RP","6329","FA","27","0","0","0%","0%","0","0.00","0","0","0","0","0","0","0","0","0","0"
"*066ok*","Leam Mendez","(N/A)","SP","6331","FA","26","0","0","0%","0%","0","0.00","0","0","0","0","0","0","0","0","0","0"
"*06u75*","Jorge Mercedes","(N/A)","RP","6369","FA","26","0","0","0%","0%","0","0.00","0","0","0","0","0","0","0","0","0","0"
"*06tlq*","Juan Mercedes","(N/A)","RP","6371","FA","24","0","0","0%","0%","0","0.00","0","0","0","0","0","0","0","0","0","0"
"*06tlu*","Matt Merrill","(N/A)","RP","6380","FA","28","0","0","0%","0%","0","0.00","0","0","0","0","0","0","0","0","0","0"
"*06qvi*","Danery Meyer","SEA","RP","6397","FA","19","0","0","0%","0%","0","0.00","0","0","0","0","0","0","0","0","0","0"
"*06v2b*","Moises Meza","COL","SP","6405","FA","20","0","0","0%","0%","0","0.00","0","0","0","0","0","0","0","0","0","0"
"*066cb*","Ryan Middendorf","(N/A)","RP","6411","FA","28","0","0","0%","0%","0","0.00","0","0","0","0","0","0","0","0","0","0"
"*06qx7*","Jordan Mikel","(N/A)","RP","6421","FA","27","0","0","0%","0%","0","0.00","0","0","0","0","0","0","0","0","0","0"
"*061ab*","Deylen Miley","(N/A)","SP","6429","FA","28","0","0","0%","0%","0","0.00","0","0","0","0","0","0","0","0","0","0"
"*03yvx*","Juan Minaya","(N/A)","RP","6466","FA","35","0","0","0%","0%","0","0.00","0","0","0","0","0","0","0","0","0","0"
"*06suy*","Jorge Minyety","(N/A)","RP","6472","FA","23","0","0","0%","0%","0","0.00","0","0","0","0","0","0","0","0","0","0"
"*066oc*","Osbriel Mogollon","(N/A)","SP","6500","FA","22","0","0","0%","0%","0","0.00","0","0","0","0","0","0","0","0","0","0"
"*06uxz*","Augie Mojica","ARI","RP","6503","FA","21","0","0","0%","0%","0","0.00","0","0","0","0","0","0","0","0","0","0"
"*05195*","Chris Mokma","(N/A)","SP,RP","6505","FA","25","0","0","0%","0%","0","0.00","0","0","0","0","0","0","0","0","0","0"
"*06foc*","Carlos Molina","(N/A)","RP","6509","FA","21","0","0","0%","0%","0","0.00","0","0","0","0","0","0","0","0","0","0"
"*06rsb*","Keito Mombetsu","(N/A)","SP","6518","FA","22","0","0","0%","0%","0","0.00","0","0","0","0","0","0","0","0","0","0"
"*06uq3*","Euri Montero","WSH","RP","6540","FA","24","0","0","0%","0%","0","0.00","0","0","0","0","0","0","0","0","0","0"
"*06bkw*","Ricardo Montero","LAD","RP","6549","FA","22","0","0","0%","0%","0","0.00","0","0","0","0","0","0","0","0","0","0"
"*01s9g*","Mike Montgomery","(N/A)","RP","6562","FA","37","0","0","0%","0%","0","0.00","0","0","0","0","0","0","0","0","0","0"
"*06rtl*","Christopher Montilla","(N/A)","RP","6566","FA","19","0","0","0%","0%","0","0.00","0","0","0","0","0","0","0","0","0","0"
"*06ih5*","Wesley Moore","PHI","RP","6590","FA","26","0","0","0%","0%","0","0.00","0","0","0","0","0","0","0","0","0","0"
"*05j6y*","Gabe Morales","(N/A)","SP","6601","FA","27","0","0","0%","0%","0","0.00","0","0","0","0","0","0","0","0","0","0"
"*04qng*","Yohanse Morel","(N/A)","SP","6621","FA","25","0","0","0%","0%","0","0.00","0","0","0","0","0","0","0","0","0","0"
"*06tl2*","Johan Moreno","(N/A)","SP","6625","FA","21","0","0","0%","0%","0","0.00","0","0","0","0","0","0","0","0","0","0"
"*04zb0*","Luis Moreno","(N/A)","RP","6628","FA","27","0","0","0%","0%","0","0.00","0","0","0","0","0","0","0","0","0","0"
"*06l4x*","Chase Morgan","(N/A)","SP","6636","FA","21","0","0","0%","0%","0","0.00","0","0","0","0","0","0","0","0","0","0"
"*051a5*","Reid Morgan","(N/A)","SP,RP","6639","FA","29","0","0","0%","0%","0","0.00","0","0","0","0","0","0","0","0","0","0"
"*06hwn*","Tyler Morgan","SD","RP","6641","FA","25","0","0","0%","0%","0","0.00","0","0","0","0","0","0","0","0","0","0"
"*05rzw*","Sergio Morillo","(N/A)","RP","6648","FA","26","0","0","0%","0%","0","0.00","0","0","0","0","0","0","0","0","0","0"
"*05rcl*","Wilny Moron","(N/A)","RP","6655","FA","25","0","0","0%","0%","0","0.00","0","0","0","0","0","0","0","0","0","0"
"*06uxi*","Zack Morris","COL","RP","6662","FA","25","0","0","0%","0%","0","0.00","0","0","0","0","0","0","0","0","0","0"
"*072hs*","MT Morrissey","PHI","RP","6664","FA","24","0","0","0%","0%","0","0.00","0","0","0","0","0","0","0","0","0","0"
"*06yug*","Cooper Moss","(N/A)","SP","6680","FA","19","0","0","0%","0%","0","0.00","0","0","0","0","0","0","0","0","0","0"
"*06rtk*","Alberto Mota","TEX","RP","6685","FA","23","0","0","0%","0%","0","0.00","0","0","0","0","0","0","0","0","0","0"
"*06r45*","Eddy Mota","(N/A)","RP","6686","FA","22","0","0","0%","0%","0","0.00","0","0","0","0","0","0","0","0","0","0"
"*06rtj*","Eliseo Mota","DET","RP","6688","FA","23","0","0","0%","0%","0","0.00","0","0","0","0","0","0","0","0","0","0"
"*041wa*","Zach Muckenhirn","(N/A)","SP,RP","6699","FA","31","0","0","0%","0%","0","0.00","0","0","0","0","0","0","0","0","0","0"
"*06ibg*","Ren Mukunoki","(N/A)","SP","6704","FA","26","0","0","0%","0%","0","0.00","0","0","0","0","0","0","0","0","0","0"
"*059zb*","Victor Munoz","(N/A)","RP","6721","FA","25","0","0","0%","0%","0","0.00","0","0","0","0","0","0","0","0","0","0"
"*06cn2*","John Murphy","(N/A)","RP","6733","FA","29","0","0","0%","0%","0","0.00","0","0","0","0","0","0","0","0","0","0"
"*06ul2*","Zach Murray","(N/A)","SP","6744","FA","24","0","0","0%","0%","0","0.00","0","0","0","0","0","0","0","0","0","0"
"*066r5*","Tyler Myrick","(N/A)","RP","6758","FA","28","0","0","0%","0%","0","0.00","0","0","0","0","0","0","0","0","0","0"
"*06u6o*","Alejandro Mendez","(N/A)","RP","6759","FA","25","0","0","0%","0%","0","0.00","0","0","0","0","0","0","0","0","0","0"
"*05t29*","Joe Nahas","(N/A)","RP","6762","FA","26","0","0","0%","0%","0","0.00","0","0","0","0","0","0","0","0","0","0"
"*06qe3*","Raisei Nakamura","(N/A)","RP","6764","FA","23","0","0","0%","0%","0","0.00","0","0","0","0","0","0","0","0","0","0"
"*060ve*","Tim Naughton","(N/A)","RP","6777","FA","30","0","0","0%","0%","0","0.00","0","0","0","0","0","0","0","0","0","0"
"*05xnu*","Diego Navarro","(N/A)","RP","6782","FA","23","0","0","0%","0%","0","0.00","0","0","0","0","0","0","0","0","0","0"
"*06avu*","Edgar Navarro","(N/A)","RP","6783","FA","28","0","0","0%","0%","0","0.00","0","0","0","0","0","0","0","0","0","0"
"*067z3*","Vaughn Necker","(N/A)","SP","6791","FA","19","0","0","0%","0%","0","0.00","0","0","0","0","0","0","0","0","0","0"
"*0664a*","Hayden Nierman","BAL","RP","6835","FA","26","0","0","0%","0%","0","0.00","0","0","0","0","0","0","0","0","0","0"
"*06u6i*","Jack Noble","(N/A)","RP","6851","FA","26","0","0","0%","0%","0","0.00","0","0","0","0","0","0","0","0","0","0"
"*06su6*","Chance Nolan","(N/A)","RP","6858","FA","26","0","0","0%","0%","0","0.00","0","0","0","0","0","0","0","0","0","0"
"*06649*","Trey Nordmann","BAL","RP","6868","FA","25","0","0","0%","0%","0","0.00","0","0","0","0","0","0","0","0","0","0"
"*06s34*","Cruz Noriega","(N/A)","RP","6872","FA","28","0","0","0%","0%","0","0.00","0","0","0","0","0","0","0","0","0","0"
"*03xu8*","Takahiro Norimoto","(N/A)","SP","6873","FA","35","0","0","0%","0%","0","0.00","0","0","0","0","0","0","0","0","0","0"
"*06um5*","Jose Nova","MIL","RP","6881","FA","24","0","0","0%","0%","0","0.00","0","0","0","0","0","0","0","0","0","0"
"*05rhz*","Ellian Nunez","(N/A)","SP","6899","FA","22","0","0","0%","0%","0","0.00","0","0","0","0","0","0","0","0","0","0"
"*06phu*","German Nunez","(N/A)","SP","6900","FA","24","0","0","0%","0%","0","0.00","0","0","0","0","0","0","0","0","0","0"
"*05r5n*","Henry Nunez","(N/A)","RP","6901","FA","25","0","0","0%","0%","0","0.00","0","0","0","0","0","0","0","0","0","0"
"*072bu*","Connor O'Hara","TEX","RP","6925","FA","25","0","0","0%","0%","0","0.00","0","0","0","0","0","0","0","0","0","0"
"*06r21*","John O'Reilly","(N/A)","RP","6933","FA","30","0","0","0%","0%","0","0.00","0","0","0","0","0","0","0","0","0","0"
"*05yem*","Nelvis Ochoa","(N/A)","SP","6948","FA","23","0","0","0%","0%","0","0.00","0","0","0","0","0","0","0","0","0","0"
"*06ak7*","Adrian Ogando","(N/A)","RP","6954","FA","22","0","0","0%","0%","0","0.00","0","0","0","0","0","0","0","0","0","0"
"*06ktq*","Shuto Ogata","(N/A)","SP","6961","FA","27","0","0","0%","0%","0","0.00","0","0","0","0","0","0","0","0","0","0"
"*0722o*","Ryosuke Ohtsu","(N/A)","SP","6967","FA","27","0","0","0%","0%","0","0.00","0","0","0","0","0","0","0","0","0","0"
"*060z3*","Yasunobu Okugawa","(N/A)","SP","6970","FA","25","0","0","0%","0%","0","0.00","0","0","0","0","0","0","0","0","0","0"
"*06sbb*","Billy Oldham","MIN","SP","6971","FA","25","0","0","0%","0%","0","0.00","0","0","0","0","0","0","0","0","0","0"
"*06r4h*","Eliezer Orbe","(N/A)","RP","7007","FA","20","0","0","0%","0%","0","0.00","0","0","0","0","0","0","0","0","0","0"
"*06ra8*","Jose Ortega","SD","RP","7022","FA","21","0","0","0%","0%","0","0.00","0","0","0","0","0","0","0","0","0","0"
"*060qo*","Yojeiry Osoria","(N/A)","SP","7055","FA","23","0","0","0%","0%","0","0.00","0","0","0","0","0","0","0","0","0","0"
"*072g7*","Johan Otanez","(N/A)","RP","7066","FA","24","0","0","0%","0%","0","0.00","0","0","0","0","0","0","0","0","0","0"
"*05ymx*","Ivan Oviedo","(N/A)","RP","7082","FA","23","0","0","0%","0%","0","0.00","0","0","0","0","0","0","0","0","0","0"
"*06umj*","Brennen Oxford","(N/A)","RP","7093","FA","26","0","0","0%","0%","0","0.00","0","0","0","0","0","0","0","0","0","0"
"*06su7*","Luis Pacheco","(N/A)","RP","7109","FA","27","0","0","0%","0%","0","0.00","0","0","0","0","0","0","0","0","0","0"
"*066ta*","Simon Pacheco","(N/A)","RP","7111","FA","24","0","0","0%","0%","0","0.00","0","0","0","0","0","0","0","0","0","0"
"*051ep*","Kanoa Pagan","(N/A)","SP,RP","7124","FA","27","0","0","0%","0%","0","0.00","0","0","0","0","0","0","0","0","0","0"
"*06qye*","Isaac Palacio","(N/A)","RP","7128","FA","20","0","0","0%","0%","0","0.00","0","0","0","0","0","0","0","0","0","0"
"*06c30*","Johan Palacios","(N/A)","RP","7131","FA","21","0","0","0%","0%","0","0.00","0","0","0","0","0","0","0","0","0","0"
"*06v6a*","Luis Paredes","(N/A)","RP","7167","FA","20","0","0","0%","0%","0","0.00","0","0","0","0","0","0","0","0","0","0"
"*067yi*","Andres Parra","(N/A)","RP","7188","FA","21","0","0","0%","0%","0","0.00","0","0","0","0","0","0","0","0","0","0"
"*051eb*","Hunter Parsons","(N/A)","RP","7193","FA","29","0","0","0%","0%","0","0.00","0","0","0","0","0","0","0","0","0","0"
"*03ao4*","Wes Parsons","(N/A)","RP","7194","FA","33","0","0","0%","0%","0","0.00","0","0","0","0","0","0","0","0","0","0"
"*06rs4*","Marco Patino","(N/A)","SP","7203","FA","21","0","0","0%","0%","0","0.00","0","0","0","0","0","0","0","0","0","0"
"*066j5*","Cole Patten","(N/A)","SP","7208","FA","26","0","0","0%","0%","0","0.00","0","0","0","0","0","0","0","0","0","0"
"*03jvx*","Spencer Patton","(N/A)","RP","7211","FA","38","0","0","0%","0%","0","0.00","0","0","0","0","0","0","0","0","0","0"
"*06v2e*","Alexis Paulino","(N/A)","RP","7215","FA","23","0","0","0%","0%","0","0.00","0","0","0","0","0","0","0","0","0","0"
"*06tad*","Anderson Paulino","(N/A)","RP","7216","FA","27","0","0","0%","0%","0","0.00","0","0","0","0","0","0","0","0","0","0"
"*06c81*","Brailyn Paulino","STL","RP","7217","FA","20","0","0","0%","0%","0","0.00","0","0","0","0","0","0","0","0","0","0"
"*04euc*","Matt Peacock","(N/A)","RP","7241","FA","32","0","0","0%","0%","0","0.00","0","0","0","0","0","0","0","0","0","0"
"*06sud*","Esmerlin Peguero","(N/A)","SP","7253","FA","21","0","0","0%","0%","0","0.00","0","0","0","0","0","0","0","0","0","0"
"*060mj*","Francis Peguero","(N/A)","RP","7255","FA","28","0","0","0%","0%","0","0.00","0","0","0","0","0","0","0","0","0","0"
"*06su5*","Jeremy Peguero","(N/A)","RP","7256","FA","24","0","0","0%","0%","0","0.00","0","0","0","0","0","0","0","0","0","0"
"*05oh9*","Connor Pellerin","(N/A)","RP","7267","FA","27","0","0","0%","0%","0","0.00","0","0","0","0","0","0","0","0","0","0"
"*06c39*","Eliezer Pena","COL","SP","7278","FA","20","0","0","0%","0%","0","0.00","0","0","0","0","0","0","0","0","0","0"
"*04yj6*","Malvin Pena","(N/A)","SP","7290","FA","29","0","0","0%","0%","0","0.00","0","0","0","0","0","0","0","0","0","0"
"*02n7o*","Ronald Pena","(N/A)","SP,RP","7293","FA","34","0","0","0%","0%","0","0.00","0","0","0","0","0","0","0","0","0","0"
"*066t7*","Victor Pena","(N/A)","RP","7296","FA","23","0","0","0%","0%","0","0.00","0","0","0","0","0","0","0","0","0","0"
"*061li*","Cole Percival","(N/A)","RP","7325","FA","27","0","0","0%","0%","0","0.00","0","0","0","0","0","0","0","0","0","0"
"*0510h*","Alan Perdomo","(N/A)","RP","7326","FA","24","0","0","0%","0%","0","0.00","0","0","0","0","0","0","0","0","0","0"
"*064ox*","Doilin Perez","(N/A)","SP","7356","FA","21","0","0","0%","0%","0","0.00","0","0","0","0","0","0","0","0","0","0"
"*05y6m*","Doimil Perez","(N/A)","SP","7357","FA","22","0","0","0%","0%","0","0.00","0","0","0","0","0","0","0","0","0","0"
"*06c7m*","Kener Perez","(N/A)","SP","7379","FA","21","0","0","0%","0%","0","0.00","0","0","0","0","0","0","0","0","0","0"
"*064qa*","Marlon Perez","(N/A)","RP","7383","FA","26","0","0","0%","0%","0","0.00","0","0","0","0","0","0","0","0","0","0"
"*060w1*","Samuel Perez","(N/A)","RP","7397","FA","26","0","0","0%","0%","0","0.00","0","0","0","0","0","0","0","0","0","0"
"*04eno*","Aaron Perry","(N/A)","SP,RP","7408","FA","27","0","0","0%","0%","0","0.00","0","0","0","0","0","0","0","0","0","0"
"*06zck*","Tanner Perry","MIL","SP","7412","FA","23","0","0","0%","0%","0","0.00","0","0","0","0","0","0","0","0","0","0"
"*06zcq*","Treyson Peters","PIT","SP,RP","7422","FA","23","0","0","0%","0%","0","0.00","0","0","0","0","0","0","0","0","0","0"
"*06qil*","Ben Peterson","SF","RP","7426","FA","24","0","0","0%","0%","0","0.00","0","0","0","0","0","0","0","0","0","0"
"*05oga*","Robbie Peto","(N/A)","SP","7433","FA","28","0","0","0%","0%","0","0.00","0","0","0","0","0","0","0","0","0","0"
"*06hhi*","Ben Petschke","(N/A)","RP","7437","FA","24","0","0","0%","0%","0","0.00","0","0","0","0","0","0","0","0","0","0"
"*05riv*","Zach Pettway","(N/A)","SP","7440","FA","27","0","0","0%","0%","0","0.00","0","0","0","0","0","0","0","0","0","0"
"*065nq*","Jake Pfennigs","(N/A)","RP","7443","FA","26","0","0","0%","0%","0","0.00","0","0","0","0","0","0","0","0","0","0"
"*06qim*","Cam Pferrer","(N/A)","RP","7444","FA","27","0","0","0%","0%","0","0.00","0","0","0","0","0","0","0","0","0","0"
"*06yjr*","Alex Philpott","(N/A)","RP","7455","FA","21","0","0","0%","0%","0","0.00","0","0","0","0","0","0","0","0","0","0"
"*06ru7*","Rudit Pina","(N/A)","SP","7480","FA","20","0","0","0%","0%","0","0.00","0","0","0","0","0","0","0","0","0","0"
"*06rh5*","Euri Pineda","(N/A)","RP","7490","FA","20","0","0","0%","0%","0","0.00","0","0","0","0","0","0","0","0","0","0"
"*06ru8*","Jose Pinto","(N/A)","SP","7509","FA","23","0","0","0%","0%","0","0.00","0","0","0","0","0","0","0","0","0","0"
"*06l5e*","Tyler Pitzer","(N/A)","SP","7528","FA","21","0","0","0%","0%","0","0.00","0","0","0","0","0","0","0","0","0","0"
"*06hof*","Blake Pivaroff","(N/A)","RP","7529","FA","25","0","0","0%","0%","0","0.00","0","0","0","0","0","0","0","0","0","0"
"*02hi4*","Adam Plutko","(N/A)","SP","7537","FA","34","0","0","0%","0%","0","0.00","0","0","0","0","0","0","0","0","0","0"
"*06qx8*","Chase Plymell","CHW","RP","7538","FA","28","0","0","0%","0%","0","0.00","0","0","0","0","0","0","0","0","0","0"
"*06r7s*","Marcos Pol","(N/A)","SP","7542","FA","21","0","0","0%","0%","0","0.00","0","0","0","0","0","0","0","0","0","0"
"*06tma*","Brandison Polanco","(N/A)","RP","7546","FA","23","0","0","0%","0%","0","0.00","0","0","0","0","0","0","0","0","0","0"
"*06tmb*","Brayan Polanco","(N/A)","RP","7547","FA","21","0","0","0%","0%","0","0.00","0","0","0","0","0","0","0","0","0","0"
"*060go*","Bryan Polanco","WSH","SP","7548","FA","24","0","0","0%","0%","0","0.00","0","0","0","0","0","0","0","0","0","0"
"*06r33*","Julio Polanco","(N/A)","RP","7552","FA","19","0","0","0%","0%","0","0.00","0","0","0","0","0","0","0","0","0","0"
"*06tmc*","Natanael Polanco","MIA","RP","7555","FA","23","0","0","0%","0%","0","0.00","0","0","0","0","0","0","0","0","0","0"
"*064o5*","Jared Poland","(N/A)","SP","7558","FA","26","0","0","0%","0%","0","0.00","0","0","0","0","0","0","0","0","0","0"
"*04pvy*","Thomas Ponticelli","(N/A)","SP,RP","7569","FA","29","0","0","0%","0%","0","0.00","0","0","0","0","0","0","0","0","0","0"
"*0626s*","Bryan Pope","(N/A)","SP","7572","FA","27","0","0","0%","0%","0","0.00","0","0","0","0","0","0","0","0","0","0"
"*06rto*","Danny Portel","NYM","RP","7576","FA","21","0","0","0%","0%","0","0.00","0","0","0","0","0","0","0","0","0","0"
"*072dp*","Matt Potok","PHI","RP","7586","FA","23","0","0","0%","0%","0","0.00","0","0","0","0","0","0","0","0","0","0"
"*06421*","Walker Powell","(N/A)","SP","7592","FA","30","0","0","0%","0%","0","0.00","0","0","0","0","0","0","0","0","0","0"
"*06bn2*","Yoniel Prats","(N/A)","RP","7601","FA","21","0","0","0%","0%","0","0.00","0","0","0","0","0","0","0","0","0","0"
"*06qom*","Dawson Price","DET","RP","7612","FA","21","0","0","0%","0%","0","0.00","0","0","0","0","0","0","0","0","0","0"
"*06c3l*","Connor Prins","(N/A)","SP","7617","FA","22","0","0","0%","0%","0","0.00","0","0","0","0","0","0","0","0","0","0"
"*0315n*","Austin Pruitt","(N/A)","RP","7623","FA","36","0","0","0%","0%","0","0.00","0","0","0","0","0","0","0","0","0","0"
"*04enu*","Brady Puckett","(N/A)","SP,RP","7627","FA","30","0","0","0%","0%","0","0.00","0","0","0","0","0","0","0","0","0","0"
"*04vep*","Israel Puello","(N/A)","SP","7628","FA","25","0","0","0%","0%","0","0.00","0","0","0","0","0","0","0","0","0","0"
"*06v2n*","Sebastian Pulido","(N/A)","RP","7635","FA","20","0","0","0%","0%","0","0.00","0","0","0","0","0","0","0","0","0","0"
"*06qk8*","Stephen Quigley","CIN","RP","7652","FA","26","0","0","0%","0%","0","0.00","0","0","0","0","0","0","0","0","0","0"
"*06uq1*","Yulian Quintana","PIT","RP","7665","FA","26","0","0","0%","0%","0","0.00","0","0","0","0","0","0","0","0","0","0"
"*06qx9*","Jose Ramirez","(N/A)","RP","7709","FA","25","0","0","0%","0%","0","0.00","0","0","0","0","0","0","0","0","0","0"
"*05r6e*","Kelvin Ramirez","LAD","RP","7714","FA","25","0","0","0%","0%","0","0.00","0","0","0","0","0","0","0","0","0","0"
"*06v2m*","Ruben Ramirez","SEA","RP","7728","FA","21","0","0","0%","0%","0","0.00","0","0","0","0","0","0","0","0","0","0"
"*06ump*","Wanmer Ramirez","(N/A)","RP","7729","FA","22","0","0","0%","0%","0","0.00","0","0","0","0","0","0","0","0","0","0"
"*06c2f*","Wilmer Ramirez","(N/A)","SP","7730","FA","22","0","0","0%","0%","0","0.00","0","0","0","0","0","0","0","0","0","0"
"*06uma*","Porfirio Ramos","HOU","RP","7749","FA","22","0","0","0%","0%","0","0.00","0","0","0","0","0","0","0","0","0","0"
"*05iyo*","Raul Rangel","(N/A)","RP","7759","FA","23","0","0","0%","0%","0","0.00","0","0","0","0","0","0","0","0","0","0"
"*064na*","Alex Rao","(N/A)","RP","7761","FA","26","0","0","0%","0%","0","0.00","0","0","0","0","0","0","0","0","0","0"
"*04q0c*","Jake Reindl","(N/A)","SP,RP","7802","FA","29","0","0","0%","0%","0","0.00","0","0","0","0","0","0","0","0","0","0"
"*04ehw*","Marcel Renteria","(N/A)","SP,RP","7816","FA","31","0","0","0%","0%","0","0.00","0","0","0","0","0","0","0","0","0","0"
"*06qyt*","Angel Reyes","(N/A)","SP","7830","FA","28","0","0","0%","0%","0","0.00","0","0","0","0","0","0","0","0","0","0"
"*06mf9*","Elvis Reyes","(N/A)","RP","7835","FA","23","0","0","0%","0%","0","0.00","0","0","0","0","0","0","0","0","0","0"
"*06tl7*","Jean Reyes","(N/A)","RP","7843","FA","23","0","0","0%","0%","0","0.00","0","0","0","0","0","0","0","0","0","0"
"*06uh6*","Jimmy Reyes","(N/A)","RP","7847","FA","20","0","0","0%","0%","0","0.00","0","0","0","0","0","0","0","0","0","0"
"*061yh*","Jose Luis Reyes","(N/A)","SP","7848","FA","23","0","0","0%","0%","0","0.00","0","0","0","0","0","0","0","0","0","0"
"*06umt*","Yokelvin Reyes","LAA","SP,RP","7861","FA","22","0","0","0%","0%","0","0.00","0","0","0","0","0","0","0","0","0","0"
"*06rsu*","Cole Reynolds","CHC","RP","7864","FA","24","0","0","0%","0%","0","0.00","0","0","0","0","0","0","0","0","0","0"
"*06qoj*","Owen Rice","(N/A)","SP","7876","FA","23","0","0","0%","0%","0","0.00","0","0","0","0","0","0","0","0","0","0"
"*06s33*","Nick Richmond","(N/A)","RP","7885","FA","28","0","0","0%","0%","0","0.00","0","0","0","0","0","0","0","0","0","0"
"*06zh5*","Cal Riehl","SD","RP","7888","FA","23","0","0","0%","0%","0","0.00","0","0","0","0","0","0","0","0","0","0"
"*05tij*","Gustavo Rivas","(N/A)","RP","7919","FA","22","0","0","0%","0%","0","0.00","0","0","0","0","0","0","0","0","0","0"
"*04pq8*","Blake Rivera","(N/A)","SP,RP","7930","FA","28","0","0","0%","0%","0","0.00","0","0","0","0","0","0","0","0","0","0"
"*06rlz*","Gabriel Rivero","HOU","RP","7943","FA","21","0","0","0%","0%","0","0.00","0","0","0","0","0","0","0","0","0","0"
"*06cee*","Jesus Rivero","(N/A)","SP,RP","7944","FA","23","0","0","0%","0%","0","0.00","0","0","0","0","0","0","0","0","0","0"
"*05u39*","Ethan Robinson","(N/A)","SP","7976","FA","21","0","0","0%","0%","0","0.00","0","0","0","0","0","0","0","0","0","0"
"*06hgw*","Liam Rocha","(N/A)","SP","7990","FA","24","0","0","0%","0%","0","0.00","0","0","0","0","0","0","0","0","0","0"
"*06qjm*","Kyle Roche","LAA","RP","7992","FA","24","0","0","0%","0%","0","0.00","0","0","0","0","0","0","0","0","0","0"
"*04emy*","Brody Rodning","(N/A)","RP","7996","FA","30","0","0","0%","0%","0","0.00","0","0","0","0","0","0","0","0","0","0"
"*06mwf*","Andy Rodriguez","(N/A)","RP","8006","FA","27","0","0","0%","0%","0","0.00","0","0","0","0","0","0","0","0","0","0"
"*06ahq*","Estarlin Rodriguez","(N/A)","RP","8032","FA","26","0","0","0%","0%","0","0.00","0","0","0","0","0","0","0","0","0","0"
"*05tih*","Juan Rodriguez","(N/A)","RP","8052","FA","24","0","0","0%","0%","0","0.00","0","0","0","0","0","0","0","0","0","0"
"*06r27*","Luis Rodriguez","(N/A)","SP","8064","FA","23","0","0","0%","0%","0","0.00","0","0","0","0","0","0","0","0","0","0"
"*06hp4*","Michael Rodriguez","(N/A)","SP","8072","FA","26","0","0","0%","0%","0","0.00","0","0","0","0","0","0","0","0","0","0"
"*01srp*","Wilking Rodriguez","(N/A)","RP","8091","FA","36","0","0","0%","0%","0","0.00","0","0","0","0","0","0","0","0","0","0"
"*03qpd*","Josh Rogers","(N/A)","RP","8111","FA","32","0","0","0%","0%","0","0.00","0","0","0","0","0","0","0","0","0","0"
"*06uxx*","Cesar Rojas","WSH","RP","8115","FA","24","0","0","0%","0%","0","0.00","0","0","0","0","0","0","0","0","0","0"
"*06ru2*","Angel Roman","(N/A)","SP,RP","8138","FA","22","0","0","0%","0%","0","0.00","0","0","0","0","0","0","0","0","0","0"
"*052hw*","Carlos Romero","(N/A)","RP","8148","FA","27","0","0","0%","0%","0","0.00","0","0","0","0","0","0","0","0","0","0"
"*03aqg*","Fernando Romero","(N/A)","RP","8151","FA","31","0","0","0%","0%","0","0.00","0","0","0","0","0","0","0","0","0","0"
"*06um9*","Jose Romero","CHC","RP","8154","FA","25","0","0","0%","0%","0","0.00","0","0","0","0","0","0","0","0","0","0"
"*064zj*","Luciano Romero","(N/A)","RP","8157","FA","21","0","0","0%","0%","0","0.00","0","0","0","0","0","0","0","0","0","0"
"*06umr*","Luifer Romero","(N/A)","SP","8158","FA","21","0","0","0%","0%","0","0.00","0","0","0","0","0","0","0","0","0","0"
"*06rh3*","Leonardo Rondon","(N/A)","SP","8171","FA","19","0","0","0%","0%","0","0.00","0","0","0","0","0","0","0","0","0","0"
"*06hh0*","Bayden Root","(N/A)","RP","8174","FA","27","0","0","0%","0%","0","0.00","0","0","0","0","0","0","0","0","0","0"
"*067xu*","Jonney Rosario","(N/A)","RP","8203","FA","22","0","0","0%","0%","0","0.00","0","0","0","0","0","0","0","0","0","0"
"*06uhi*","Raymon Rosario","(N/A)","RP","8208","FA","21","0","0","0%","0%","0","0.00","0","0","0","0","0","0","0","0","0","0"
"*06hvb*","Brady Rose","(N/A)","SP","8213","FA","25","0","0","0%","0%","0","0.00","0","0","0","0","0","0","0","0","0","0"
"*072fz*","Brad Rudis","MIN","RP","8241","FA","23","0","0","0%","0%","0","0.00","0","0","0","0","0","0","0","0","0","0"
"*0665u*","Christian Ruebeck","LAD","RP","8243","FA","25","0","0","0%","0%","0","0.00","0","0","0","0","0","0","0","0","0","0"
"*0518a*","Mike Ruff","(N/A)","SP,RP","8245","FA","28","0","0","0%","0%","0","0.00","0","0","0","0","0","0","0","0","0","0"
"*05ymc*","Cesar Ruiz","(N/A)","RP","8249","FA","23","0","0","0%","0%","0","0.00","0","0","0","0","0","0","0","0","0","0"
"*03p9u*","Norge Ruiz","(N/A)","RP","8253","FA","32","0","0","0%","0%","0","0.00","0","0","0","0","0","0","0","0","0","0"
"*060gc*","Yarison Ruiz","(N/A)","RP","8257","FA","26","0","0","0%","0%","0","0.00","0","0","0","0","0","0","0","0","0","0"
"*06um8*","Aaron Rund","(N/A)","RP","8263","FA","27","0","0","0%","0%","0","0.00","0","0","0","0","0","0","0","0","0","0"
"*064p3*","Reynaldo Saa","(N/A)","RP","8280","FA","21","0","0","0%","0%","0","0.00","0","0","0","0","0","0","0","0","0","0"
"*06r0h*","Yuhi Sako","(N/A)","RP","8296","FA","26","0","0","0%","0%","0","0.00","0","0","0","0","0","0","0","0","0","0"
"*06sjt*","Grabiel Salazar","BAL","RP","8307","FA","25","0","0","0%","0%","0","0.00","0","0","0","0","0","0","0","0","0","0"
"*04ykf*","Jose Salvador","(N/A)","SP","8327","FA","26","0","0","0%","0%","0","0.00","0","0","0","0","0","0","0","0","0","0"
"*03qvk*","Mike Salvatore","(N/A)","SP,RP","8328","FA","29","0","0","0%","0%","0","0.00","0","0","0","0","0","0","0","0","0","0"
"*06sue*","Angel Sanchez","(N/A)","RP","8340","FA","20","0","0","0%","0%","0","0.00","0","0","0","0","0","0","0","0","0","0"
"*06r0m*","Fernando Sanchez","SD","RP","8355","FA","25","0","0","0%","0%","0","0.00","0","0","0","0","0","0","0","0","0","0"
"*03hfi*","Jake Sanchez","(N/A)","RP","8362","FA","36","0","0","0%","0%","0","0.00","0","0","0","0","0","0","0","0","0","0"
"*06r2t*","Jose Sanchez","WSH","RP","8366","FA","20","0","0","0%","0%","0","0.00","0","0","0","0","0","0","0","0","0","0"
"*06qj5*","Josh Sanders","TEX","RP","8391","FA","24","0","0","0%","0%","0","0.00","0","0","0","0","0","0","0","0","0","0"
"*068ny*","Schuyler Sandford","(N/A)","SP","8393","FA","20","0","0","0%","0%","0","0.00","0","0","0","0","0","0","0","0","0","0"
"*06f8v*","Will Sandy","(N/A)","SP","8400","FA","26","0","0","0%","0%","0","0.00","0","0","0","0","0","0","0","0","0","0"
"*05r6b*","Pedro Santillan","(N/A)","RP","8428","FA","25","0","0","0%","0%","0","0.00","0","0","0","0","0","0","0","0","0","0"
"*06kvn*","Pedro Santos","(N/A)","RP","8440","FA","26","0","0","0%","0%","0","0.00","0","0","0","0","0","0","0","0","0","0"
"*066f1*","Brandon Schaeffer","(N/A)","SP","8475","FA","26","0","0","0%","0%","0","0.00","0","0","0","0","0","0","0","0","0","0"
"*0662s*","Jonah Scolaro","(N/A)","SP","8519","FA","27","0","0","0%","0%","0","0.00","0","0","0","0","0","0","0","0","0","0"
"*066cg*","Wesley Scott","(N/A)","SP","8527","FA","25","0","0","0%","0%","0","0.00","0","0","0","0","0","0","0","0","0","0"
"*05178*","Cody Scroggins","(N/A)","RP","8528","FA","29","0","0","0%","0%","0","0.00","0","0","0","0","0","0","0","0","0","0"
"*05l1m*","Eduar Segovia","(N/A)","SP","8541","FA","25","0","0","0%","0%","0","0.00","0","0","0","0","0","0","0","0","0","0"
"*066js*","Billy Seidl","(N/A)","SP","8544","FA","26","0","0","0%","0%","0","0.00","0","0","0","0","0","0","0","0","0","0"
"*06l45*","Hayden Seig","LAA","RP","8545","FA","27","0","0","0%","0%","0","0.00","0","0","0","0","0","0","0","0","0","0"
"*060gm*","Montana Semmel","(N/A)","RP","8555","FA","24","0","0","0%","0%","0","0.00","0","0","0","0","0","0","0","0","0","0"
"*04elc*","Shawn Semple","(N/A)","SP","8556","FA","30","0","0","0%","0%","0","0.00","0","0","0","0","0","0","0","0","0","0"
"*06umy*","Jose Serrano","HOU","RP","8573","FA","22","0","0","0%","0%","0","0.00","0","0","0","0","0","0","0","0","0","0"
"*05r0t*","Anderson Severino","(N/A)","RP","8580","FA","31","0","0","0%","0%","0","0","0","0","0","0","0","0","0","0","0","0"
"*06c8s*","Juan Severino","(N/A)","RP","8585","FA","22","0","0","0%","0%","0","0.00","0","0","0","0","0","0","0","0","0","0"
"*066fl*","Reese Sharp","(N/A)","SP","8601","FA","25","0","0","0%","0%","0","0.00","0","0","0","0","0","0","0","0","0","0"
"*06dvt*","Tanner Shears","(N/A)","SP","8610","FA","27","0","0","0%","0%","0","0.00","0","0","0","0","0","0","0","0","0","0"
"*04z97*","Diomede Sierra","(N/A)","SP","8650","FA","24","0","0","0%","0%","0","0.00","0","0","0","0","0","0","0","0","0","0"
"*066dg*","Easton Sikorski","(N/A)","RP","8655","FA","26","0","0","0%","0%","0","0.00","0","0","0","0","0","0","0","0","0","0"
"*066jx*","William Silva","(N/A)","SP","8667","FA","24","0","0","0%","0%","0","0.00","0","0","0","0","0","0","0","0","0","0"
"*06uy9*","Yeferson Silva","(N/A)","RP","8668","FA","21","0","0","0%","0%","0","0.00","0","0","0","0","0","0","0","0","0","0"
"*06hs6*","Anthony Silvas","(N/A)","SP,RP","8669","FA","23","0","0","0%","0%","0","0.00","0","0","0","0","0","0","0","0","0","0"
"*05yei*","Yoelvin Silven","(N/A)","SP","8670","FA","27","0","0","0%","0%","0","0.00","0","0","0","0","0","0","0","0","0","0"
"*06awl*","Freilyn Silverio","(N/A)","SP","8673","FA","21","0","0","0%","0%","0","0.00","0","0","0","0","0","0","0","0","0","0"
"*060qq*","Jesus Silverio","(N/A)","SP","8675","FA","24","0","0","0%","0%","0","0.00","0","0","0","0","0","0","0","0","0","0"
"*06rjm*","Engel Silvestre","(N/A)","RP","8676","FA","20","0","0","0%","0%","0","0.00","0","0","0","0","0","0","0","0","0","0"
"*06uy6*","Yoryi Simarra","(N/A)","RP","8678","FA","21","0","0","0%","0%","0","0.00","0","0","0","0","0","0","0","0","0","0"
"*06u7e*","Hale Sims","(N/A)","RP","8697","FA","26","0","0","0%","0%","0","0.00","0","0","0","0","0","0","0","0","0","0"
"*06byh*","Saul Siri","(N/A)","RP","8707","FA","21","0","0","0%","0%","0","0.00","0","0","0","0","0","0","0","0","0","0"
"*066ly*","Carson Skipper","(N/A)","RP","8712","FA","26","0","0","0%","0%","0","0.00","0","0","0","0","0","0","0","0","0","0"
"*05rd5*","Chad Smith","(N/A)","RP","8737","FA","31","0","0","0%","0%","0","0.00","0","0","0","0","0","0","0","0","0","0"
"*04q3q*","Jake Smith","(N/A)","RP","8747","FA","26","0","0","0%","0%","0","0.00","0","0","0","0","0","0","0","0","0","0"
"*04pyw*","Julian Smith","(N/A)","SP,RP","8749","FA","29","0","0","0%","0%","0","0.00","0","0","0","0","0","0","0","0","0","0"
"*05tp9*","Peyton Smith","(N/A)","SP","8757","FA","23","0","0","0%","0%","0","0.00","0","0","0","0","0","0","0","0","0","0"
"*06r2z*","Shurland Smith","(N/A)","SP","8761","FA","19","0","0","0%","0%","0","0.00","0","0","0","0","0","0","0","0","0","0"
"*06tl8*","Jack Snyder","(N/A)","RP","8779","FA","27","0","0","0%","0%","0","0.00","0","0","0","0","0","0","0","0","0","0"
"*06uqh*","Mendry Solano","(N/A)","RP","8787","FA","22","0","0","0%","0%","0","0.00","0","0","0","0","0","0","0","0","0","0"
"*06umh*","Kaleb Sophy","(N/A)","SP","8800","FA","25","0","0","0%","0%","0","0.00","0","0","0","0","0","0","0","0","0","0"
"*05tif*","Jeromy Sosa","(N/A)","RP","8812","FA","23","0","0","0%","0%","0","0.00","0","0","0","0","0","0","0","0","0","0"
"*051gl*","Dylan Spacke","(N/A)","SP,RP","8835","FA","28","0","0","0%","0%","0","0.00","0","0","0","0","0","0","0","0","0","0"
"*06sba*","Brayden Spears","CHC","RP","8841","FA","25","0","0","0%","0%","0","0.00","0","0","0","0","0","0","0","0","0","0"
"*04q0f*","Fitz Stadler","(N/A)","RP","8860","FA","29","0","0","0%","0%","0","0.00","0","0","0","0","0","0","0","0","0","0"
"*06umw*","Gant Starling","(N/A)","RP","8874","FA","25","0","0","0%","0%","0","0.00","0","0","0","0","0","0","0","0","0","0"
"*04q19*","Nick Starr","(N/A)","RP","8875","FA","29","0","0","0%","0%","0","0.00","0","0","0","0","0","0","0","0","0","0"
"*06ql9*","Tyler Stasiowski","(N/A)","RP","8878","FA","24","0","0","0%","0%","0","0.00","0","0","0","0","0","0","0","0","0","0"
"*0517i*","Jake Stevenson","(N/A)","RP","8906","FA","29","0","0","0%","0%","0","0.00","0","0","0","0","0","0","0","0","0","0"
"*05tqp*","Joshua Stewart","(N/A)","SP","8913","FA","23","0","0","0%","0%","0","0.00","0","0","0","0","0","0","0","0","0","0"
"*066jb*","Tristan Stivors","(N/A)","SP","8921","FA","27","0","0","0%","0%","0","0.00","0","0","0","0","0","0","0","0","0","0"
"*06pue*","Jacob Stretch","TEX","RP","8939","FA","23","0","0","0%","0%","0","0.00","0","0","0","0","0","0","0","0","0","0"
"*05yhc*","Mitchell Stumpo","(N/A)","RP","8960","FA","30","0","0","0%","0%","0","0.00","0","0","0","0","0","0","0","0","0","0"
"*02bxb*","Andrew Suarez","(N/A)","RP","8965","FA","33","0","0","0%","0%","0","0.00","0","0","0","0","0","0","0","0","0","0"
"*05nmx*","Billy Sullivan","(N/A)","RP","8987","FA","27","0","0","0%","0%","0","0.00","0","0","0","0","0","0","0","0","0","0"
"*04ekm*","Beau Sulser","(N/A)","SP","8993","FA","32","0","0","0%","0%","0","0.00","0","0","0","0","0","0","0","0","0","0"
"*06c7z*","Jose Suriel","(N/A)","SP","9001","FA","21","0","0","0%","0%","0","0.00","0","0","0","0","0","0","0","0","0","0"
"*05ycd*","Josh Swales","(N/A)","RP","9011","FA","24","0","0","0%","0%","0","0.00","0","0","0","0","0","0","0","0","0","0"
"*06sju*","Luke Taggart","DET","RP","9030","FA","28","0","0","0%","0%","0","0.00","0","0","0","0","0","0","0","0","0","0"
"*06heq*","Noah Takacs","PIT","RP","9034","FA","24","0","0","0%","0%","0","0.00","0","0","0","0","0","0","0","0","0","0"
"*06rie*","Keiji Takahashi","(N/A)","SP","9037","FA","29","0","0","0%","0%","0","0.00","0","0","0","0","0","0","0","0","0","0"
"*06r17*","Jesus Tapia","(N/A)","RP","9055","FA","19","0","0","0%","0%","0","0.00","0","0","0","0","0","0","0","0","0","0"
"*06pff*","Bryce Tassin","(N/A)","RP","9060","FA","29","0","0","0%","0%","0","0.00","0","0","0","0","0","0","0","0","0","0"
"*061zh*","Sammy Tavarez","(N/A)","RP","9074","FA","27","0","0","0%","0%","0","0.00","0","0","0","0","0","0","0","0","0","0"
"*05r9g*","Diosmerky Taveras","(N/A)","RP","9080","FA","26","0","0","0%","0%","0","0.00","0","0","0","0","0","0","0","0","0","0"
"*043pf*","Josh Taylor","(N/A)","RP","9097","FA","33","0","0","0%","0%","0","0.00","0","0","0","0","0","0","0","0","0","0"
"*06ahr*","Abrahan Tejada","(N/A)","SP","9105","FA","21","0","0","0%","0%","0","0.00","0","0","0","0","0","0","0","0","0","0"
"*04pup*","Leury Tejada","(N/A)","SP,RP","9112","FA","26","0","0","0%","0%","0","0.00","0","0","0","0","0","0","0","0","0","0"
"*06qkb*","Gray Thomas","(N/A)","RP","9151","FA","23","0","0","0%","0%","0","0.00","0","0","0","0","0","0","0","0","0","0"
"*06cgf*","Darrell Thompson","(N/A)","RP","9166","FA","32","0","0","0%","0%","0","0.00","0","0","0","0","0","0","0","0","0","0"
"*06tl9*","Paxton Thompson","(N/A)","RP","9174","FA","26","0","0","0%","0%","0","0.00","0","0","0","0","0","0","0","0","0","0"
"*04aqh*","Tyree Thompson","(N/A)","RP","9177","FA","29","0","0","0%","0%","0","0.00","0","0","0","0","0","0","0","0","0","0"
"*0310l*","Andrew Thurman","SD","SP","9183","FA","34","0","0","0%","0%","0","0.00","0","0","0","0","0","0","0","0","0","0"
"*04ep6*","Ty Tice","(N/A)","RP","9190","FA","30","0","0","0%","0%","0","0.00","0","0","0","0","0","0","0","0","0","0"
"*06qk5*","Shay Timmer","DET","RP","9197","FA","24","0","0","0%","0%","0","0.00","0","0","0","0","0","0","0","0","0","0"
"*064p2*","Rodolfo Toledano","(N/A)","SP","9218","FA","21","0","0","0%","0%","0","0.00","0","0","0","0","0","0","0","0","0","0"
"*066fp*","Carlos Torres","COL","RP","9249","FA","25","0","0","0%","0%","0","0.00","0","0","0","0","0","0","0","0","0","0"
"*072g8*","Jose Gabriel Torres","SEA","SP","9259","FA","25","0","0","0%","0%","0","0.00","0","0","0","0","0","0","0","0","0","0"
"*064vy*","Eduardo Tovar","(N/A)","RP","9279","FA","22","0","0","0%","0%","0","0.00","0","0","0","0","0","0","0","0","0","0"
"*06rnb*","Geremy Tovar","(N/A)","RP","9281","FA","20","0","0","0%","0%","0","0.00","0","0","0","0","0","0","0","0","0","0"
"*06rna*","Jhemiangel Tovar","(N/A)","RP","9282","FA","23","0","0","0%","0%","0","0.00","0","0","0","0","0","0","0","0","0","0"
"*06uxo*","Nick Trabacchi","MIN","RP","9290","FA","27","0","0","0%","0%","0","0.00","0","0","0","0","0","0","0","0","0","0"
"*06qjy*","Danny Trehey","(N/A)","RP","9297","FA","25","0","0","0%","0%","0","0.00","0","0","0","0","0","0","0","0","0","0"
"*06hu7*","Cody Tucker","(N/A)","SP","9322","FA","27","0","0","0%","0%","0","0.00","0","0","0","0","0","0","0","0","0","0"
"*06ppr*","Zack Tukis","PHI","RP","9327","FA","23","0","0","0%","0%","0","0.00","0","0","0","0","0","0","0","0","0","0"
"*04nrs*","Dauris Valdez","(N/A)","RP","9393","FA","30","0","0","0%","0%","0","0.00","0","0","0","0","0","0","0","0","0","0"
"*05y16*","Joel Valdez","(N/A)","RP","9397","FA","26","0","0","0%","0%","0","0.00","0","0","0","0","0","0","0","0","0","0"
"*06sbe*","Miguel Valdez","(N/A)","RP","9404","FA","22","0","0","0%","0%","0","0.00","0","0","0","0","0","0","0","0","0","0"
"*06mt0*","Alexandre Valdiviezo","(N/A)","RP","9408","FA","19","0","0","0%","0%","0","0.00","0","0","0","0","0","0","0","0","0","0"
"*05keg*","Samuel Valerio","(N/A)","SP","9418","FA","24","0","0","0%","0%","0","0.00","0","0","0","0","0","0","0","0","0","0"
"*06uxf*","Bryson Van Sickle","COL","RP","9432","FA","25","0","0","0%","0%","0","0.00","0","0","0","0","0","0","0","0","0","0"
"*06ups*","Vince Vannelle","(N/A)","RP","9439","FA","28","0","0","0%","0%","0","0.00","0","0","0","0","0","0","0","0","0","0"
"*061wx*","Cesar Vargas","(N/A)","SP","9444","FA","21","0","0","0%","0%","0","0.00","0","0","0","0","0","0","0","0","0","0"
"*06ula*","Geovanny Vasquez","CHC","RP","9470","FA","22","0","0","0%","0%","0","0.00","0","0","0","0","0","0","0","0","0","0"
"*06hs9*","Kevin Vaupel","(N/A)","SP","9480","FA","24","0","0","0%","0%","0","0.00","0","0","0","0","0","0","0","0","0","0"
"*02jh4*","Felipe Vazquez","(N/A)","RP","9484","FA","35","0","0","0%","0%","0","0.00","0","0","0","0","0","0","0","0","0","0"
"*05rcn*","Luis Vega","(N/A)","RP","9491","FA","24","0","0","0%","0%","0","0.00","0","0","0","0","0","0","0","0","0","0"
"*066r0*","Marco Vega","LAA","RP","9492","FA","21","0","0","0%","0%","0","0.00","0","0","0","0","0","0","0","0","0","0"
"*060um*","Noel Vela","(N/A)","SP","9495","FA","27","0","0","0%","0%","0","0.00","0","0","0","0","0","0","0","0","0","0"
"*06rou*","Ezequiel Ventura","(N/A)","RP","9518","FA","24","0","0","0%","0%","0","0.00","0","0","0","0","0","0","0","0","0","0"
"*06qh0*","Alejandro Vera","(N/A)","SP","9522","FA","20","0","0","0%","0%","0","0.00","0","0","0","0","0","0","0","0","0","0"
"*06684*","Zebulon Vermillion","(N/A)","RP","9535","FA","27","0","0","0%","0%","0","0.00","0","0","0","0","0","0","0","0","0","0"
"*06qey*","Ben Vespi","BAL","RP","9538","FA","25","0","0","0%","0%","0","0.00","0","0","0","0","0","0","0","0","0","0"
"*06ig1*","Hugo Villalobos","(N/A)","RP","9553","FA","25","0","0","0%","0%","0","0.00","0","0","0","0","0","0","0","0","0","0"
"*06uva*","Varis Villarreal","NYY","RP","9559","FA","21","0","0","0%","0%","0","0.00","0","0","0","0","0","0","0","0","0","0"
"*05xyr*","Luis Viloria","(N/A)","RP","9568","FA","22","0","0","0%","0%","0","0.00","0","0","0","0","0","0","0","0","0","0"
"*05gvy*","Anthony Vizcaya","(N/A)","RP","9583","FA","32","0","0","0%","0%","0","0.00","0","0","0","0","0","0","0","0","0","0"
"*06s3d*","Jesse Wainscott","(N/A)","RP","9612","FA","26","0","0","0%","0%","0","0.00","0","0","0","0","0","0","0","0","0","0"
"*03c8t*","Marcus Walden","(N/A)","RP","9618","FA","37","0","0","0%","0%","0","0.00","0","0","0","0","0","0","0","0","0","0"
"*06zh8*","Charlie Walker","(N/A)","RP","9620","FA","22","0","0","0%","0%","0","0.00","0","0","0","0","0","0","0","0","0","0"
"*04ptp*","Jake Walters","(N/A)","SP","9644","FA","30","0","0","0%","0%","0","0.00","0","0","0","0","0","0","0","0","0","0"
"*04ov2*","Austin Warner","(N/A)","SP","9659","FA","32","0","0","0%","0%","0","0.00","0","0","0","0","0","0","0","0","0","0"
"*05yn9*","Chase Watkins","(N/A)","RP","9670","FA","26","0","0","0%","0%","0","0.00","0","0","0","0","0","0","0","0","0","0"
"*05r9c*","Spenser Watkins","(N/A)","SP","9671","FA","33","0","0","0%","0%","0","0.00","0","0","0","0","0","0","0","0","0","0"
"*03pjj*","Nolan Watson","(N/A)","SP","9677","FA","29","0","0","0%","0%","0","0.00","0","0","0","0","0","0","0","0","0","0"
"*02hux*","Ryan Weber","(N/A)","RP","9692","FA","35","0","0","0%","0%","0","0.00","0","0","0","0","0","0","0","0","0","0"
"*06s3n*","Robert Wegielnik","(N/A)","RP","9696","FA","24","0","0","0%","0%","0","0.00","0","0","0","0","0","0","0","0","0","0"
"*0668f*","Tyler Wehrle","(N/A)","SP","9698","FA","26","0","0","0%","0%","0","0.00","0","0","0","0","0","0","0","0","0","0"
"*06heg*","Ryan Wentz","(N/A)","SP","9722","FA","24","0","0","0%","0%","0","0.00","0","0","0","0","0","0","0","0","0","0"
"*06r0n*","Luke Westphal","(N/A)","SP","9737","FA","37","0","0","0%","0%","0","0.00","0","0","0","0","0","0","0","0","0","0"
"*04q6i*","Blake Whitney","(N/A)","SP,RP","9766","FA","30","0","0","0%","0%","0","0.00","0","0","0","0","0","0","0","0","0","0"
"*06qvy*","C.J. Widger","(N/A)","RP","9778","FA","27","0","0","0%","0%","0","0.00","0","0","0","0","0","0","0","0","0","0"
"*03dfo*","Brad Wieck","(N/A)","RP","9779","FA","34","0","0","0%","0%","0","0.00","0","0","0","0","0","0","0","0","0","0"
"*03qlv*","Kyle Wilcox","(N/A)","RP","9785","FA","32","0","0","0%","0%","0","0.00","0","0","0","0","0","0","0","0","0","0"
"*03see*","Aaron Wilkerson","(N/A)","SP","9790","FA","37","0","0","0%","0%","0","0.00","0","0","0","0","0","0","0","0","0","0"
"*066ex*","Chris Williams Jr.","(N/A)","RP","9799","FA","26","0","0","0%","0%","0","0.00","0","0","0","0","0","0","0","0","0","0"
"*05yh5*","Coleman Willis","(N/A)","SP","9823","FA","23","0","0","0%","0%","0","0.00","0","0","0","0","0","0","0","0","0","0"
"*04eql*","Marlin Willis","(N/A)","RP","9825","FA","28","0","0","0%","0%","0","0.00","0","0","0","0","0","0","0","0","0","0"
"*051jj*","Danny Wirchansky","(N/A)","SP,RP","9862","FA","29","0","0","0%","0%","0","0.00","0","0","0","0","0","0","0","0","0","0"
"*04ppp*","Jake Wong","(N/A)","SP","9882","FA","29","0","0","0%","0%","0","0.00","0","0","0","0","0","0","0","0","0","0"
"*04q5a*","William Woods","(N/A)","RP","9890","FA","27","0","0","0%","0%","0","0.00","0","0","0","0","0","0","0","0","0","0"
"*067xq*","Cam Wynne","(N/A)","RP","9915","FA","27","0","0","0%","0%","0","0.00","0","0","0","0","0","0","0","0","0","0"
"*0425f*","Christian Young","(N/A)","SP,RP","9951","FA","30","0","0","0%","0%","0","0.00","0","0","0","0","0","0","0","0","0","0"
"*06ul9*","Daury Zapata","(N/A)","RP","9979","FA","23","0","0","0%","0%","0","0.00","0","0","0","0","0","0","0","0","0","0"
"*060ov*","Genderson Zapata","(N/A)","SP","9981","FA","22","0","0","0%","0%","0","0.00","0","0","0","0","0","0","0","0","0","0"
"*06qxn*","Juan Zapata","(N/A)","SP","9983","FA","27","0","0","0%","0%","0","0.00","0","0","0","0","0","0","0","0","0","0"
"*06s3m*","Julio Zapata","(N/A)","RP","9984","FA","23","0","0","0%","0%","0","0.00","0","0","0","0","0","0","0","0","0","0"
"*06c7j*","Alan Zhang Carter","(N/A)","RP","10000","FA","28","0","0","0%","0%","0","0.00","0","0","0","0","0","0","0","0","0","0"
"*060ow*","Christian Avendano","(N/A)","RP","1589","FA","22","0","0","-","-","0","0.00","0","0","0","0","0","0","0","0","0","0"
"*072qv*","Jeremiah Ball","(N/A)","RP","1651","FA","26","0","0","-","-","0","0.00","0","0","0","0","0","0","0","0","0","0"
"*06hir*","Collin Baumgartner","(N/A)","RP","1763","FA","27","0","0","-","-","0","0.00","0","0","0","0","0","0","0","0","0","0"
"*06h1p*","Luke Bell","(N/A)","RP","1811","FA","25","0","0","-","-","0","0.00","0","0","0","0","0","0","0","0","0","0"
"*05t65*","John Beller","(N/A)","SP","1815","FA","27","0","0","-","-","0","0.00","0","0","0","0","0","0","0","0","0","0"
"*05nss*","Erick Bello","(N/A)","RP","1819","FA","23","0","0","-","-","0","0.00","0","0","0","0","0","0","0","0","0","0"
"*05t93*","Edwuin Bencomo","(N/A)","RP","1835","FA","27","0","0","-","-","0","0.00","0","0","0","0","0","0","0","0","0","0"
"*06r24*","Alendry Benua","(N/A)","RP","1858","FA","20","0","0","-","-","0","0.00","0","0","0","0","0","0","0","0","0","0"
"*06hx9*","Jake Berry","(N/A)","RP","1885","FA","25","0","0","-","-","0","0.00","0","0","0","0","0","0","0","0","0","0"
"*0426s*","Trevor Bettencourt","(N/A)","SP,RP","1900","FA","32","0","0","-","-","0","0.00","0","0","0","0","0","0","0","0","0","0"
"*051i7*","Michael Bienlien","(N/A)","RP","1910","FA","28","0","0","-","-","0","0.00","0","0","0","0","0","0","0","0","0","0"
"*068ng*","Grant Black","(N/A)","RP","1933","FA","32","0","0","-","-","0","0.00","0","0","0","0","0","0","0","0","0","0"
"*06ugs*","Dennis Boatman","(N/A)","RP","1963","FA","26","0","0","-","-","0","0.00","0","0","0","0","0","0","0","0","0","0"
"*06mt2*","Jeziel Boekhoudt","(N/A)","RP","1968","FA","19","0","0","-","-","0","0.00","0","0","0","0","0","0","0","0","0","0"
"*060qr*","Jorge Boyer","(N/A)","RP","2047","FA","23","0","0","-","-","0","0.00","0","0","0","0","0","0","0","0","0","0"
"*04z3u*","Austin Briggs","(N/A)","RP","2110","FA","30","0","0","-","-","0","0.00","0","0","0","0","0","0","0","0","0","0"
"*066ce*","Matt Brosky","(N/A)","SP","2146","FA","26","0","0","-","-","0","0.00","0","0","0","0","0","0","0","0","0","0"
"*066e9*","Garrett Brown","(N/A)","SP","2161","FA","26","0","0","-","-","0","0.00","0","0","0","0","0","0","0","0","0","0"
"*051iz*","Chad Bryant","(N/A)","SP,RP","2187","FA","26","0","0","-","-","0","0.00","0","0","0","0","0","0","0","0","0","0"
"*06cqv*","Anel Cabrera","(N/A)","SP","2271","FA","23","0","0","-","-","0","0.00","0","0","0","0","0","0","0","0","0","0"
"*060ut*","Carlos Calderon","(N/A)","RP","2311","FA","24","0","0","-","-","0","0.00","0","0","0","0","0","0","0","0","0","0"
"*02bvl*","Ryan Carpenter","(N/A)","SP","2427","FA","35","0","0","-","-","0","0.00","0","0","0","0","0","0","0","0","0","0"
"*048tz*","Jean Casanova","(N/A)","RP","2459","FA","29","0","0","-","-","0","0.00","0","0","0","0","0","0","0","0","0","0"
"*06uky*","Milleran Cedano","(N/A)","SP","2553","FA","23","0","0","-","-","0","0.00","0","0","0","0","0","0","0","0","0","0"
"*054p7*","Luis Cepeda","(N/A)","SP","2573","FA","25","0","0","-","-","0","0.00","0","0","0","0","0","0","0","0","0","0"
"*01sfa*","Tyler Chatwood","(N/A)","RP","2623","FA","36","0","0","-","-","0","0.00","0","0","0","0","0","0","0","0","0","0"
"*04pyj*","Calvin Coker","(N/A)","RP","2738","FA","30","0","0","-","-","0","0.00","0","0","0","0","0","0","0","0","0","0"
"*06qld*","Hayden Cooper","(N/A)","SP,RP","2824","FA","24","0","0","-","-","0","0.00","0","0","0","0","0","0","0","0","0","0"
"*06r31*","Rafael De Jesus","(N/A)","SP","3115","FA","21","0","0","-","-","0","0.00","0","0","0","0","0","0","0","0","0","0"
"*051ch*","Dakota Donovan","(N/A)","SP,RP","3393","FA","29","0","0","-","-","0","0.00","0","0","0","0","0","0","0","0","0","0"
"*06hen*","Breck Eichelberger","(N/A)","SP","3523","FA","26","0","0","-","-","0","0.00","0","0","0","0","0","0","0","0","0","0"
"*04q1h*","Justin Evans","(N/A)","SP,RP","3635","FA","29","0","0","-","-","0","0.00","0","0","0","0","0","0","0","0","0","0"
"*061wk*","Alvaro Figueroa","(N/A)","SP","3754","FA","24","0","0","-","-","0","0.00","0","0","0","0","0","0","0","0","0","0"
"*05ym1*","Kasey Ford","(N/A)","SP","3841","FA","28","0","0","-","-","0","0.00","0","0","0","0","0","0","0","0","0","0"
"*05rcr*","Mason Fox","(N/A)","SP","3863","FA","29","0","0","-","-","0","0.00","0","0","0","0","0","0","0","0","0","0"
"*0657k*","Miguel Fulgencio","(N/A)","SP","3949","FA","27","0","0","-","-","0","0.00","0","0","0","0","0","0","0","0","0","0"
"*061t6*","Nick Gallagher","(N/A)","RP","3976","FA","30","0","0","-","-","0","0.00","0","0","0","0","0","0","0","0","0","0"
"*06agb*","Over Galue","(N/A)","SP","3990","FA","24","0","0","-","-","0","0.00","0","0","0","0","0","0","0","0","0","0"
"*066am*","Eric Garcia","(N/A)","RP","4039","FA","26","0","0","-","-","0","0.00","0","0","0","0","0","0","0","0","0","0"
"*04vsq*","Misael Garcia","(N/A)","SP","4058","FA","25","0","0","-","-","0","0.00","0","0","0","0","0","0","0","0","0","0"
"*05j95*","Roelmy Garcia","(N/A)","RP","4064","FA","23","0","0","-","-","0","0.00","0","0","0","0","0","0","0","0","0","0"
"*04pxi*","Chris Gau","(N/A)","SP,RP","4098","FA","29","0","0","-","-","0","0.00","0","0","0","0","0","0","0","0","0","0"
"*0312u*","Zack Godley","(N/A)","SP","4187","FA","36","0","0","-","-","0","0.00","0","0","0","0","0","0","0","0","0","0"
"*04vel*","Orceli Gomez","(N/A)","SP","4216","FA","25","0","0","-","-","0","0.00","0","0","0","0","0","0","0","0","0","0"
"*06af7*","Joseph Gonzalez","(N/A)","SP","4278","FA","24","0","0","-","-","0","0.00","0","0","0","0","0","0","0","0","0","0"
"*06c3n*","Oscar Hernandez","(N/A)","RP","4755","FA","20","0","0","-","-","0","0.00","0","0","0","0","0","0","0","0","0","0"
"*06r83*","Wilfrre Hernandez","(N/A)","SP","4763","FA","19","0","0","-","-","0","0.00","0","0","0","0","0","0","0","0","0","0"
"*06ugy*","Nick Herold","(N/A)","RP","4770","FA","27","0","0","-","-","0","0.00","0","0","0","0","0","0","0","0","0","0"
"*06mew*","Grant Judkins","(N/A)","SP","5209","FA","28","0","0","-","-","0","0.00","0","0","0","0","0","0","0","0","0","0"
"*03zuu*","Jake Kalish","(N/A)","SP","5221","FA","35","0","0","-","-","0","0.00","0","0","0","0","0","0","0","0","0","0"
"*06hou*","Dalton Kendrick","(N/A)","RP","5273","FA","25","0","0","-","-","0","0.00","0","0","0","0","0","0","0","0","0","0"
"*05ng1*","Collin Kober","(N/A)","RP","5370","FA","31","0","0","-","-","0","0.00","0","0","0","0","0","0","0","0","0","0"
"*05xai*","Scott Kobos","(N/A)","RP","5371","FA","28","0","0","-","-","0","0.00","0","0","0","0","0","0","0","0","0","0"
"*02hky*","Adam Kolarek","(N/A)","RP","5381","FA","37","0","0","-","-","0","0.00","0","0","0","0","0","0","0","0","0","0"
"*06aq0*","Nick Kuzia","(N/A)","RP","5424","FA","30","0","0","-","-","0","0.00","0","0","0","0","0","0","0","0","0","0"
"*066tc*","Jose Linares","(N/A)","RP","5638","FA","24","0","0","-","-","0","0.00","0","0","0","0","0","0","0","0","0","0"
"*04q25*","Conner Loeprich","(N/A)","SP,RP","5685","FA","28","0","0","-","-","0","0.00","0","0","0","0","0","0","0","0","0","0"
"*067x2*","Darcy Longstaff","(N/A)","RP","5711","FA","22","0","0","-","-","0","0.00","0","0","0","0","0","0","0","0","0","0"
"*06r1q*","Celso Lopez","(N/A)","RP","5719","FA","22","0","0","-","-","0","0.00","0","0","0","0","0","0","0","0","0","0"
"*06heu*","Hunter Loyd","(N/A)","SP","5769","FA","26","0","0","-","-","0","0.00","0","0","0","0","0","0","0","0","0","0"
"*05t6o*","Carlos Luna","(N/A)","SP","5800","FA","29","0","0","-","-","0","0.00","0","0","0","0","0","0","0","0","0","0"
"*04etj*","Jake Lyons","(N/A)","SP,RP","5815","FA","27","0","0","-","-","0","0.00","0","0","0","0","0","0","0","0","0","0"
"*06r02*","Bernie Martinez","(N/A)","SP","6017","FA","29","0","0","-","-","0","0.00","0","0","0","0","0","0","0","0","0","0"
"*0734a*","Daniel Martinez","(N/A)","SP","6024","FA","26","0","0","-","-","0","0.00","0","0","0","0","0","0","0","0","0","0"
"*05r3h*","Jose Martinez","(N/A)","SP","6042","FA","27","0","0","-","-","0","0.00","0","0","0","0","0","0","0","0","0","0"
"*0424k*","Alejandro Mateo","(N/A)","SP,RP","6091","FA","32","0","0","-","-","0","0.00","0","0","0","0","0","0","0","0","0","0"
"*01sfu*","Zach McAllister","(N/A)","RP","6141","FA","38","0","0","-","-","0","0.00","0","0","0","0","0","0","0","0","0","0"
"*06qkf*","Colton McIntosh","(N/A)","RP","6212","FA","25","0","0","-","-","0","0.00","0","0","0","0","0","0","0","0","0","0"
"*065no*","Cooper McKeehan","(N/A)","SP","6218","FA","25","0","0","-","-","0","0.00","0","0","0","0","0","0","0","0","0","0"
"*03qpx*","Ryan Meisinger","(N/A)","RP","6279","FA","32","0","0","-","-","0","0.00","0","0","0","0","0","0","0","0","0","0"
"*04em9*","Dante Mendoza","(N/A)","SP,RP","6345","FA","27","0","0","-","-","0","0.00","0","0","0","0","0","0","0","0","0","0"
"*066o5*","Jose Mendoza","(N/A)","SP","6348","FA","22","0","0","-","-","0","0.00","0","0","0","0","0","0","0","0","0","0"
"*051he*","Matt Minnick","(N/A)","SP,RP","6469","FA","30","0","0","-","-","0","0.00","0","0","0","0","0","0","0","0","0","0"
"*041yu*","Dalton Moats","(N/A)","SP,RP","6494","FA","31","0","0","-","-","0","0.00","0","0","0","0","0","0","0","0","0","0"
"*061bt*","Ryne Moore","(N/A)","SP","6589","FA","27","0","0","-","-","0","0.00","0","0","0","0","0","0","0","0","0","0"
"*04evu*","Karlos Morales","(N/A)","SP,RP","6605","FA","26","0","0","-","-","0","0.00","0","0","0","0","0","0","0","0","0","0"
"*02n4y*","Mike Morin","(N/A)","RP","6649","FA","35","0","0","-","-","0","0.00","0","0","0","0","0","0","0","0","0","0"
"*06hos*","Brendan Morse","(N/A)","SP,RP","6667","FA","22","0","0","-","-","0","0.00","0","0","0","0","0","0","0","0","0","0"
"*06qiy*","Adam Mrakitsch","(N/A)","SP","6698","FA","23","0","0","-","-","0","0.00","0","0","0","0","0","0","0","0","0","0"
"*067wv*","Alan Mundo","(N/A)","RP","6711","FA","26","0","0","-","-","0","0.00","0","0","0","0","0","0","0","0","0","0"
"*05t26*","Anderson Munoz","(N/A)","SP","6716","FA","27","0","0","-","-","0","0.00","0","0","0","0","0","0","0","0","0","0"
"*068vv*","Lester Nin","(N/A)","SP","6842","FA","22","0","0","-","-","0","0.00","0","0","0","0","0","0","0","0","0","0"
"*04en1*","Seth Nordlin","(N/A)","SP,RP","6867","FA","28","0","0","-","-","0","0.00","0","0","0","0","0","0","0","0","0","0"
"*0630q*","Andres Nunez","(N/A)","SP","6892","FA","30","0","0","-","-","0","0.00","0","0","0","0","0","0","0","0","0","0"
"*066f9*","Albert Oliva","(N/A)","RP","6974","FA","23","0","0","-","-","0","0.00","0","0","0","0","0","0","0","0","0","0"
"*04ekl*","JB Olson","(N/A)","SP,RP","6994","FA","31","0","0","-","-","0","0.00","0","0","0","0","0","0","0","0","0","0"
"*05r3j*","Teodoro Ortega","(N/A)","SP","7027","FA","26","0","0","-","-","0","0.00","0","0","0","0","0","0","0","0","0","0"
"*06hbo*","Matt Osterberg","(N/A)","SP","7063","FA","27","0","0","-","-","0","0.00","0","0","0","0","0","0","0","0","0","0"
"*06awc*","Anthony Perez","(N/A)","SP","7345","FA","24","0","0","-","-","0","0.00","0","0","0","0","0","0","0","0","0","0"
"*051gi*","Andrew Peters","(N/A)","SP,RP","7417","FA","27","0","0","-","-","0","0.00","0","0","0","0","0","0","0","0","0","0"
"*0570w*","Peyton Plumlee","(N/A)","RP","7536","FA","29","0","0","-","-","0","0.00","0","0","0","0","0","0","0","0","0","0"
"*041wi*","Jake Polancic","(N/A)","RP","7543","FA","28","0","0","-","-","0","0.00","0","0","0","0","0","0","0","0","0","0"
"*060vd*","Triston Polley","(N/A)","RP","7562","FA","29","0","0","-","-","0","0.00","0","0","0","0","0","0","0","0","0","0"
"*06mvc*","Robert Puente","(N/A)","RP","7630","FA","19","0","0","-","-","0","0.00","0","0","0","0","0","0","0","0","0","0"
"*05t9a*","Pedro Quintana","(N/A)","SP","7662","FA","22","0","0","-","-","0","0.00","0","0","0","0","0","0","0","0","0","0"
"*05xzw*","Welington Quintero","(N/A)","RP","7672","FA","25","0","0","-","-","0","0.00","0","0","0","0","0","0","0","0","0","0"
"*0662t*","Kole Ramage","(N/A)","SP","7688","FA","27","0","0","-","-","0","0.00","0","0","0","0","0","0","0","0","0","0"
"*05yfc*","Kobe Robinson","(N/A)","SP","7978","FA","25","0","0","-","-","0","0.00","0","0","0","0","0","0","0","0","0","0"
"*06689*","Wilber Rodriguez","(N/A)","RP","8090","FA","26","0","0","-","-","0","0.00","0","0","0","0","0","0","0","0","0","0"
"*0484f*","Pat Ruotolo","(N/A)","RP","8264","FA","31","0","0","-","-","0","0.00","0","0","0","0","0","0","0","0","0","0"
"*04epc*","Matthew Ruppenthal","(N/A)","SP,RP","8265","FA","30","0","0","-","-","0","0.00","0","0","0","0","0","0","0","0","0","0"
"*06umz*","Allan Saathoff","(N/A)","RP","8282","FA","26","0","0","-","-","0","0.00","0","0","0","0","0","0","0","0","0","0"
"*067yj*","Logan Sawyer","(N/A)","RP","8468","FA","33","0","0","-","-","0","0.00","0","0","0","0","0","0","0","0","0","0"
"*05yda*","Jake Schrand","(N/A)","SP","8501","FA","26","0","0","-","-","0","0.00","0","0","0","0","0","0","0","0","0","0"
"*05r3m*","Spencer Stockton","(N/A)","RP","8923","FA","30","0","0","-","-","0","0.00","0","0","0","0","0","0","0","0","0","0"
"*066lt*","Cole Stupp","(N/A)","RP","8961","FA","25","0","0","-","-","0","0.00","0","0","0","0","0","0","0","0","0","0"
"*064rs*","Jefren Tejeda","(N/A)","RP","9118","FA","23","0","0","-","-","0","0.00","0","0","0","0","0","0","0","0","0","0"
"*06r0p*","Reagan Todd","(N/A)","SP","9213","FA","30","0","0","-","-","0","0.00","0","0","0","0","0","0","0","0","0","0"
"*06pfb*","Boris Vecerka","(N/A)","RP","9487","FA","22","0","0","-","-","0","0.00","0","0","0","0","0","0","0","0","0","0"
"*06ekt*","Marlon Vega","(N/A)","RP","9493","FA","23","0","0","-","-","0","0.00","0","0","0","0","0","0","0","0","0","0"
"*05r5c*","Chase Wallace","(N/A)","RP","9629","FA","27","0","0","-","-","0","0.00","0","0","0","0","0","0","0","0","0","0"
"*065iu*","Wyatt Wendell","(N/A)","SP,RP","9715","FA","26","0","0","-","-","0","0.00","0","0","0","0","0","0","0","0","0","0"
"*04yk6*","Geoff Hartlieb","ATH","RP","10024","FA","32","-0","-0","0%","0%","13.1","6.08","6","1","9","17","9","0","1","0","0","8"
"*0513y*","Ken Waldichuk","WSH","SP,RP","10025","FA","28","-0","-0","2%","0%","9.1","6.75","8","0","7","8","6","0","0","0","1","5"
"*064ny*","Zach Agnos","COL","RP","10026","FA","25","-0","-0","3%","0%","61.2","6.42","39","0","44","74","24","2","0","0","4","27"
"*0516v*","Zak Kent","WSH","RP","10033","FA","28","-1","-0.1","1%","0%","14.1","6.28","11","0","10","18","7","0","0","0","0","10"
"*051e5*","Matt Waldron","SD","SP,RP","10034","FA","29","-1","-0.1","4%","0%","32.2","7.16","28","1","26","43","8","0","0","0","2","10"
"*062ho*","Javier Sanoja","MIA","3B,OF,RP","270","FA","23","-1","-0.01","33%","-3%","3","6.00","1","0","2","3","1","0","0","0","1","89"
"*062q0*","Brycen Mautz","STL","SP","10039","FA","25","-1","-1","6%","0%","3","6.00","2","0","2","4","2","0","0","0","0","1"
"*05koh*","Luke Little","CHC","RP","10038","FA","25","-1","-1","2%","0%","1","9.00","1","0","1","2","0","0","0","0","0","1"
"*05uws*","Chayce McDermott","LAD","RP","10042","FA","27","-1","-0.5","5%","0%","2.1","7.71","1","0","2","3","0","0","0","0","0","2"
"*02i31*","Chris Devenski","PIT","RP","10041","FA","35","-1","-0.33","0%","0%","2.1","7.71","3","0","2","5","0","0","0","0","0","3"
"*051cl*","Joey Estes","ATH","SP","10043","FA","24","-1","-1","3%","0%","4.1","8.31","4","0","4","5","1","0","0","0","0","1"
"*03pol*","Jake Woodford","CHC","RP","10045","FA","29","-1","-0.06","1%","0%","25.1","7.46","23","1","21","39","7","1","0","0","0","17"
"*05xsv*","Hayden Juenger","ATH","RP","10044","FA","25","-1","-0.2","1%","0%","6.1","5.68","2","0","4","6","3","0","0","0","1","5"
"*01as6*","Carlos Carrasco","(N/A)","SP,RP","10049","FA","39","-2","-0.25","1%","0%","16.2","5.94","7","0","11","21","3","0","0","0","2","8"
"*061lj*","Winston Santos","TEX","SP","10054","FA","24","-2","-2","10%","0%","2","9.00","1","0","2","2","1","0","0","0","0","1"
"*06i08*","Woo-Suk Go","MIN","RP","10051","FA","27","-2","-0.5","2%","0%","4","9.00","5","0","4","8","2","0","1","0","0","4"
"*03qtv*","Brett Sullivan","COL","C,RP","646","FA","32","-2","-0.04","2%","0%","7","5.14","1","0","4","10","2","0","0","0","0","54"
"*051dm*","Joe La Sorsa","BOS","RP","10055","FA","28","-2","-2","0%","0%","0.1","27.00","1","0","1","1","0","0","0","0","0","1"
"*05uab*","Philip Abner","ARI","RP","10056","FA","24","-2","-0.4","1%","0%","9.1","6.75","5","0","7","8","6","0","0","0","0","5"
"*03dqv*","Tanner Banks","PHI","RP","10057","FA","34","-2","-0.07","2%","0%","29","7.14","32","0","23","45","13","0","2","0","0","28"
"*045kb*","Cristian Javier","HOU","SP","10058","FA","29","-3","-0.37","32%","-2%","21.1","7.17","21","1","17","24","15","0","0","0","2","8"
"*05jp5*","Christian Roa","HOU","RP","10059","FA","27","-3","-0.43","1%","0%","8.2","5.19","6","0","5","10","7","0","0","0","3","7"
"*04efo*","Nick Raquet","BAL","RP","10060","FA","30","-3","-0.75","0%","0%","3.2","7.36","1","0","3","3","2","0","0","0","1","4"
"*041w8*","Ian Hamilton","ATL","RP","10061","FA","31","-3","-0.75","2%","0%","4.2","7.71","4","0","4","6","3","0","0","0","0","4"
"*05192*","Kade Strowd","ARI","RP","10063","FA","28","-3","-3","3%","0%","1","9.00","1","0","1","1","3","0","0","0","0","1"
"*0614b*","Josh Simpson","SEA","RP","10062","FA","28","-3","-0.75","1%","0%","3","9.00","3","0","3","4","2","0","0","0","0","4"
"*0420t*","Wyatt Mills","LAD","RP","10064","FA","31","-3","-0.6","0%","0%","4.1","6.23","4","0","3","3","7","0","0","0","1","5"
"*051dq*","Sammy Peralta","LAA","RP","10065","FA","28","-4","-2","0%","0%","2.2","10.13","4","0","3","3","2","0","0","0","2","2"
"*04afj*","Corbin Martin","CHC","RP","10066","FA","30","-4","-0.57","1%","0%","5","10.80","4","0","6","5","5","1","0","0","0","7"
"*04erh*","CJ Van Eyk","TOR","SP","10069","FA","27","-4","-2","2%","0%","2.1","7.71","1","0","2","5","0","0","0","0","1","2"
"*05xpv*","Chase Lee","TOR","RP","10067","FA","27","-4","-1.33","2%","0%","3.1","8.10","1","0","3","2","4","0","0","0","0","3"
"*05lb8*","Zach McCambley","CIN","SP,RP","10068","FA","27","-4","-1","1%","0%","4.1","6.23","4","0","3","6","5","0","0","0","1","4"
"*05y29*","Andrew Hoffmann","ARI","RP","10070","FA","26","-4","-0.5","2%","0%","11.2","7.71","12","1","10","16","8","0","0","0","1","8"
"*05uo4*","Emiliano Teodo","TEX","SP,RP","10072","FA","25","-5","-5","9%","-1%","1.2","10.80","1","0","2","3","2","0","0","0","0","1"
"*05l9f*","Landon Knack","LAD","SP","10073","FA","29","-5","-2.5","7%","-1%","5","9.00","4","0","5","6","2","0","0","0","1","2"
"*05ymh*","Luis Curvelo","TEX","RP","10075","FA","25","-5","-0.63","1%","0%","8.1","7.56","4","0","7","13","3","0","1","0","0","8"
"*03ca3*","Kyle Freeland","COL","SP","10076","FA","33","-5","-0.25","16%","0%","99.1","7.34","85","2","81","133","21","0","0","2","5","20"
"*0440h*","Jose Urquidy","CHW","RP","10077","FA","31","-5","-1","3%","0%","6.1","8.53","6","0","6","15","2","1","0","0","0","5"
"*052c7*","Valente Bellozo","COL","SP,RP","10078","FA","26","-5","-1.67","3%","0%","10.2","7.59","8","0","9","10","7","0","0","0","1","3"
"*04674*","Johan Oviedo","BOS","SP","10082","FA","28","-6","-6","21%","0%","3.2","9.82","3","0","4","6","1","0","0","0","1","1"
"*02hir*","Michael Lorenzen","COL","SP","10081","FA","34","-6","-0.27","16%","-1%","100.2","6.53","78","3","73","141","39","0","0","2","5","22"
"*04py3*","J.P. France","HOU","RP","10079","FA","31","-6","-2","2%","0%","6.2","8.10","4","0","6","6","5","0","0","0","1","3"
"*0429r*","Max Kranick","WSH","RP","10080","FA","29","-6","-1.5","1%","0%","3.2","12.27","3","0","5","5","3","0","1","0","0","4"
"*05t66*","TJ Shook","COL","RP","10083","FA","28","-6","-1.5","0%","0%","5.2","9.53","6","0","6","10","1","0","0","0","0","4"
"*05rb2*","Jonathan Cannon","CHW","SP","10084","FA","26","-6","-6","5%","0%","0","99.99","0","0","1","0","3","0","0","0","0","1"
"*06kv1*","Rolddy Munoz","ATL","RP","10085","FA","26","-6","-6","1%","0%","2","13.50","3","0","3","5","1","0","0","0","0","1"
"*04efn*","Keegan Thompson","COL","RP","10088","FA","31","-7","-1.4","1%","0%","12","8.25","11","0","11","19","2","0","0","0","0","5"
"*05y4k*","Ben Casparius","LAD","RP","10089","FA","27","-7","-1.4","8%","0%","4.2","9.64","4","0","5","6","4","0","0","0","0","5"
"*05gs4*","Cole Henry","WSH","RP","10090","FA","27","-7","-0.64","4%","0%","13.2","7.90","15","0","12","17","7","0","0","0","3","11"
"*03dew*","Brandon Leibrandt","CIN","SP","10091","FA","33","-7","-7","0%","0%","6","7.50","3","0","5","10","3","0","0","0","0","1"
"*06at1*","Yariel Rodriguez","TOR","RP","10093","FA","29","-7","-0.7","4%","0%","9.1","7.71","6","0","8","12","7","0","1","0","1","10"
"*03xmd*","John Brebbia","COL","RP","10092","FA","36","-7","-2.33","1%","0%","4.1","10.38","2","0","5","7","0","0","0","0","0","3"
"*05xq2*","Mitch Bratt","ARI","SP","10094","FA","23","-8","-2","18%","-1%","15.2","6.32","10","0","11","20","11","0","0","0","1","4"
"*05r1d*","Jordan Wicks","CHC","RP","10095","FA","26","-8","-2","4%","0%","10.1","10.45","8","0","12","18","2","2","0","0","1","4"
"*05l9g*","Kyle Nicolas","WSH","RP","10096","FA","27","-9","-1.29","1%","0%","7.1","8.59","7","1","7","8","13","0","0","0","0","7"
"*05uce*","Brendan Beck","NYY","SP","10097","FA","27","-9","-4.5","4%","0%","6.2","9.45","4","0","7","7","5","0","0","0","0","2"
"*04nb5*","Hunter Barco","PIT","RP","10098","FA","25","-9","-1.8","23%","0%","11.2","7.71","8","0","10","14","9","0","1","0","2","5"
"*04pwx*","Jonathan Heasley","TB","SP,RP","10099","FA","29","-9","-9","0%","0%","4","11.25","2","0","5","8","0","0","0","0","0","1"
"*06bpq*","Antwone Kelly","PIT","SP","10101","FA","22","-9","-4.5","8%","0%","4.1","10.38","1","0","5","6","2","0","0","0","0","2"
"*05r1e*","Eric Cerantola","SF","SP,RP","10100","FA","26","-9","-2.25","1%","0%","5.1","10.13","7","0","6","4","10","0","0","0","0","4"
"*05ybw*","Carson Palmquist","WSH","SP","10102","FA","25","-9","-1","2%","0%","14","8.36","15","0","13","18","6","0","0","0","3","9"
"*05ylp*","Jared Koenig","MIL","RP","10105","FA","32","-10","-1.11","9%","-3%","7","9.00","7","0","7","12","7","0","1","0","1","9"
"*0648f*","Zach Maxwell","CIN","RP","10106","FA","25","-10","-1","4%","0%","10","9.90","9","0","11","14","10","1","1","0","0","10"
"*02ccf*","Tommy Kahnle","BOS","RP","10104","FA","36","-10","-1.25","2%","0%","9","8.00","5","0","8","12","6","0","0","0","0","8"
"*04eg2*","Charlie Barnes","LAD","SP,RP","10103","FA","30","-10","-2","0%","0%","13","6.92","6","0","10","17","7","0","0","0","1","5"
"*000dp*","Justin Verlander","DET","SP","10108","FA","43","-11","-11","25%","-1%","3.2","12.27","1","0","5","6","2","0","0","0","0","1"
"*03mgq*","Jonathan Hernandez","LAD","RP","10107","FA","30","-11","-0.92","1%","0%","17.2","8.15","15","0","16","19","12","0","0","0","0","12"
"*0321h*","Luis Garcia","(N/A)","RP","10110","FA","39","-11","-0.73","1%","0%","15","9.00","6","0","15","23","6","2","1","0","1","15"
"*04egq*","Josh Fleming","CHC","RP","10109","FA","30","-11","-11","0%","0%","3","12.00","1","0","4","6","2","0","0","0","1","1"
"*05xze*","Jason Alexander","HOU","SP","10111","FA","33","-11","-2.75","2%","0%","18.1","9.33","14","1","19","21","8","0","0","1","1","4"
"*02bwv*","Aaron Brooks","TB","SP,RP","10112","FA","36","-11","-11","0%","0%","0.1","81.00","0","0","3","1","2","0","0","0","0","1"
"*03qne*","Chris Paddack","(N/A)","SP","10114","FA","30","-12","-0.92","6%","0%","57","6.79","40","0","43","76","19","0","0","1","2","13"
"*06mc1*","Trey Gibson","BAL","SP","10115","FA","24","-12","-1.5","22%","0%","33","7.36","30","1","27","38","25","0","0","0","1","8"
"*04pmo*","Lyon Richardson","MIL","RP","10116","FA","26","-12","-6","1%","0%","1.2","27.00","3","0","5","2","2","0","0","0","1","2"
"*041rn*","Joey Lucchesi","(N/A)","RP","10117","FA","33","-12","-3","1%","0%","3.1","13.50","4","0","5","7","6","0","1","0","1","4"
"*061pi*","Yaramil Hiraldo","BAL","RP","10118","FA","30","-12","-4","1%","0%","1.2","21.60","2","0","4","3","4","0","0","0","0","3"
"*02j77*","Chris Martin","TEX","RP","10119","FA","40","-12","-0.75","6%","0%","14","9.00","9","1","14","25","2","0","1","0","1","16"
"*02bq6*","Joe Ross","TEX","RP","10120","FA","33","-13","-1.62","1%","0%","11.2","9.26","7","0","12","16","6","0","1","0","0","8"
"*04pq7*","Ryan Weiss","HOU","SP,RP","10122","FA","29","-13","-1.44","6%","0%","26","7.62","30","0","22","35","20","0","0","0","0","9"
"*05jp2*","Jared Shuster","STL","RP","10121","FA","27","-13","-2.6","2%","0%","9","9.00","4","0","9","11","6","0","0","0","0","5"
"*04yfw*","Alek Manoah","LAA","SP","10123","FA","28","-13","-4.33","7%","0%","7.1","9.82","5","0","8","8","8","0","0","0","0","3"
"*05oz7*","Jose Butto","SF","RP","10124","FA","28","-14","-4.67","4%","0%","2","22.50","5","0","5","6","4","0","0","0","0","3"
"*067xm*","George Klassen","LAA","SP","10126","FA","24","-15","-7.5","25%","0%","4.2","11.57","6","0","6","7","10","0","0","0","0","2"
"*04pmp*","Simeon Woods-Richardson","TOR","SP,RP","10128","FA","25","-15","-1","15%","0%","57.2","6.40","31","1","41","69","32","0","0","1","2","15"
"*03nqg*","Kolby Allard","PHI","RP","10125","FA","28","-15","-3.75","1%","0%","8.2","10.38","9","0","10","16","3","0","0","0","1","4"
"*04psq*","Andrew Wantz","CHC","RP","10127","FA","30","-15","-15","0%","0%","1.2","27.00","1","0","5","2","2","0","0","0","2","1"
"*0310j*","Matt Krook","WSH","RP","10129","FA","31","-15","-1.36","0%","0%","8.1","11.88","9","0","11","10","10","0","2","0","2","11"
"*03yxa*","Yunior Marte","(N/A)","RP","10130","FA","31","-15","-15","0%","0%","0.1","108.00","1","0","4","3","1","0","0","0","1","1"
"*06lqo*","Chris Roycroft","TB","RP","10131","FA","29","-15","-1.15","0%","0%","18.1","8.35","15","0","17","27","11","1","0","0","1","13"
"*06dqb*","Shane Smith","CHW","SP","10132","FA","26","-16","-5.33","39%","0%","8.1","10.80","11","0","10","12","9","0","0","0","1","3"
"*05ss9*","Roddery Munoz","HOU","RP","10134","FA","26","-16","-5.33","1%","0%","4","15.75","6","0","7","7","6","0","0","0","0","3"
"*066lh*","Cameron Foster","BAL","RP","10133","FA","27","-16","-2.67","0%","0%","9","9.00","9","0","9","17","8","0","0","0","0","6"
"*05jqk*","Carson Seymour","SF","RP","10135","FA","27","-16","-8","2%","0%","4.1","14.54","2","0","7","11","2","0","1","0","0","2"
"*05xzr*","Jedixson Paez","BOS","SP","10136","FA","22","-16","-5.33","5%","0%","3","18.00","0","0","6","4","3","0","0","0","0","3"
"*04yk8*","Wilkin Ramos","SF","RP","10137","FA","25","-17","-8.5","0%","0%","2","22.50","1","0","5","5","4","0","0","0","0","2"
"*05zyb*","Josh White","MIA","SP,RP","10139","FA","25","-18","-18","3%","0%","0.2","67.50","1","0","5","1","4","0","0","0","1","1"
"*03qm3*","Tyler Gilbert","CHW","SP,RP","10138","FA","32","-18","-4.5","1%","0%","3.2","17.18","3","0","7","7","4","0","0","0","0","4"
"*0423c*","Carlos Cortes","ATH","OF,RP","346","FA","29","-18","-0.23","22%","-1%","6","10.50","1","0","7","11","5","0","0","0","0","80"
"*041e3*","Braxton Garrett","MIA","SP","10140","FA","28","-18","-9","28%","0%","4.1","14.54","5","0","7","7","8","0","0","0","0","2"
"*04pmm*","Nick Sandlin","DET","RP","10141","FA","29","-18","-2.25","1%","0%","8.2","11.42","6","0","11","9","5","0","0","0","3","8"
"*06alu*","Andre Granillo","DET","RP","10142","FA","26","-21","-2.62","1%","0%","9.1","9.64","3","0","10","13","8","0","0","0","1","8"
"*05yfi*","Colton Gordon","MIL","SP","10143","FA","27","-22","-5.5","4%","0%","9.1","11.57","11","0","12","21","3","0","0","0","1","4"
"*06tae*","Matt Seelinger","NYM","RP","10144","FA","31","-22","-22","0%","0%","2","31.50","2","0","7","5","4","0","0","0","0","1"
"*051i0*","Jayden Murray","CHC","RP","10145","FA","29","-22","-2.2","1%","0%","16.1","9.37","14","0","17","25","9","0","0","0","0","10"
"*004ee*","Max Scherzer","TOR","SP","10146","FA","42","-22","-3.14","24%","+3%","24.2","9.49","18","1","26","31","14","0","0","2","1","7"
"*04a2t*","Kodai Senga","NYM","SP,RP","10147","FA","33","-23","-1.92","40%","-1%","40.2","8.85","49","0","40","45","30","0","0","1","2","12"
"*031d9*","Lou Trivino","PHI","RP","10148","FA","34","-23","-4.6","0%","0%","6","15.00","7","0","10","10","7","0","0","0","1","5"
"*03mnq*","Carlos Estevez","KC","RP","10149","FA","33","-23","-23","58%","-1%","0.1","162.00","0","0","6","4","2","0","0","0","0","1"
"*04yte*","Jackson Rutledge","PHI","RP","10150","FA","27","-23","-23","2%","0%","1.1","47.25","2","0","7","6","2","0","0","0","0","1"
"*02bqn*","Michael Kelly","(N/A)","RP","10151","FA","33","-24","-4.8","2%","0%","5","16.20","6","0","9","12","6","0","0","0","0","5"
"*0316l*","Austin Voth","(N/A)","SP,RP","10152","FA","34","-25","-8.33","0%","0%","10","9.90","3","0","11","19","6","0","0","0","0","3"
"*04pko*","Grayson Rodriguez","LAA","SP","10153","FA","26","-26","-2.89","56%","-3%","39","8.54","30","3","37","51","19","0","0","0","4","9"
"*06agh*","Yilber Diaz","DET","RP","10154","FA","25","-27","-27","5%","0%","0.2","94.50","0","0","7","7","1","0","0","0","0","1"
"*04eoi*","Ricky Vanasco","DET","SP,RP","10155","FA","27","-27","-5.4","1%","0%","6.1","15.63","4","0","11","14","6","0","1","0","0","5"
"*025dq*","Taijuan Walker","(N/A)","SP,RP","10156","FA","33","-28","-5.6","3%","0%","22.2","9.13","17","1","23","36","11","0","0","0","1","5"
"*06dqg*","Kade Morris","ATH","SP","10157","FA","24","-28","-9.33","4%","0%","10","11.70","6","0","13","19","6","0","0","0","0","3"
"*05gx5*","Jose Corniell","TEX","RP","10158","FA","23","-28","-14","10%","0%","4.1","20.77","4","0","10","11","4","0","0","0","0","2"
"*06ahu*","Sean Sullivan","COL","SP","10159","FA","24","-31","-6.2","6%","0%","22.1","8.87","16","0","22","34","11","0","0","0","3","5"
"*0662m*","Luis Morales","ATH","SP","10160","FA","23","-32","-8","25%","0%","14","10.93","12","0","17","21","13","0","0","0","1","4"
"*04afl*","Brendon Little","TOR","RP","10161","FA","29","-39","-4.33","5%","0%","8.1","17.28","10","0","16","18","8","0","0","0","0","9"
"*03ql8*","Bailey Falter","KC","SP","10162","FA","29","-40","-8","4%","0%","9.2","13.97","6","0","15","24","6","0","0","0","0","5"
"*0513x*","Connor Thomas","ATL","RP","10163","FA","28","-43","-21.5","1%","0%","6.1","21.32","4","0","15","15","6","0","0","0","0","2"
"*0519u*","Tyler Tolbert","KC","OF,RP","656","FA","28","-46","-1.07","17%","-4%","4.2","25.07","0","0","13","17","3","0","0","0","1","43"
"*06jbm*","Yunior Tur","ATH","SP","10164","FA","26","-47","-23.5","1%","0%","2.2","47.25","3","0","14","12","4","0","0","0","0","2"
"*0517z*","Mitch Spence","KC","SP,RP","10165","FA","28","-60","-20","2%","0%","9.1","21.21","6","0","22","19","9","0","0","0","0","3"
